
*** Running vivado
    with args -log design_1_HW_accel_0_0.vds -m64 -product Vivado -mode batch -messageDb vivado.pb -notrace -source design_1_HW_accel_0_0.tcl



****** Vivado v2022.1 (64-bit)
  **** SW Build 3526262 on Mon Apr 18 15:48:16 MDT 2022
  **** IP Build 3524634 on Mon Apr 18 20:55:01 MDT 2022
    ** Copyright 1986-2022 Xilinx, Inc. All Rights Reserved.

source design_1_HW_accel_0_0.tcl -notrace
INFO: [IP_Flow 19-234] Refreshing IP repositories
INFO: [IP_Flow 19-1700] Loaded user IP repository 'c:/Users/exam2/Desktop/Day_5_final_Boss/Day_5_final_boss'.
INFO: [IP_Flow 19-2313] Loaded Vivado IP repository 'C:/Xilinx/Vivado/2022.1/data/ip'.
Command: synth_design -top design_1_HW_accel_0_0 -part xc7z020clg400-1 -incremental_mode off -mode out_of_context
Starting synth_design
Attempting to get a license for feature 'Synthesis' and/or device 'xc7z020'
INFO: [Common 17-349] Got license for feature 'Synthesis' and/or device 'xc7z020'
INFO: [Device 21-403] Loading part xc7z020clg400-1
INFO: [Synth 8-7079] Multithreading enabled for synth_design using a maximum of 2 processes.
INFO: [Synth 8-7078] Launching helper process for spawning children vivado processes
INFO: [Synth 8-7075] Helper process launched with PID 18840
WARNING: [Synth 8-9501] generate block is allowed only inside loop and conditional generate in SystemVerilog mode [C:/Xilinx/Vivado/2022.1/data/ip/xpm/xpm_fifo/hdl/xpm_fifo.sv:4023]
---------------------------------------------------------------------------------
Starting RTL Elaboration : Time (s): cpu = 00:00:08 ; elapsed = 00:00:10 . Memory (MB): peak = 1427.508 ; gain = 0.000
---------------------------------------------------------------------------------
INFO: [Synth 8-6157] synthesizing module 'design_1_HW_accel_0_0' [c:/Users/exam2/Desktop/Day_5_final_Boss/project_1/project_1.gen/sources_1/bd/design_1/ip/design_1_HW_accel_0_0/synth/design_1_HW_accel_0_0.v:53]
INFO: [Synth 8-6157] synthesizing module 'HW_accel' [c:/Users/exam2/Desktop/Day_5_final_Boss/project_1/project_1.gen/sources_1/bd/design_1/ipshared/1889/hdl/verilog/HW_accel.v:10]
INFO: [Synth 8-6157] synthesizing module 'HW_accel_mem_1_0_RAM_AUTO_1R1W' [c:/Users/exam2/Desktop/Day_5_final_Boss/project_1/project_1.gen/sources_1/bd/design_1/ipshared/1889/hdl/verilog/HW_accel_mem_1_0_RAM_AUTO_1R1W.v:9]
INFO: [Synth 8-6157] synthesizing module 'HW_accel_mem_1_0_RAM_AUTO_1R1W_memcore' [c:/Users/exam2/Desktop/Day_5_final_Boss/project_1/project_1.gen/sources_1/bd/design_1/ipshared/1889/hdl/verilog/HW_accel_mem_1_0_RAM_AUTO_1R1W_memcore.v:7]
INFO: [Synth 8-6155] done synthesizing module 'HW_accel_mem_1_0_RAM_AUTO_1R1W_memcore' (0#1) [c:/Users/exam2/Desktop/Day_5_final_Boss/project_1/project_1.gen/sources_1/bd/design_1/ipshared/1889/hdl/verilog/HW_accel_mem_1_0_RAM_AUTO_1R1W_memcore.v:7]
INFO: [Synth 8-6155] done synthesizing module 'HW_accel_mem_1_0_RAM_AUTO_1R1W' (0#1) [c:/Users/exam2/Desktop/Day_5_final_Boss/project_1/project_1.gen/sources_1/bd/design_1/ipshared/1889/hdl/verilog/HW_accel_mem_1_0_RAM_AUTO_1R1W.v:9]
INFO: [Synth 8-6157] synthesizing module 'HW_accel_mem_2_RAM_AUTO_1R1W' [c:/Users/exam2/Desktop/Day_5_final_Boss/project_1/project_1.gen/sources_1/bd/design_1/ipshared/1889/hdl/verilog/HW_accel_mem_2_RAM_AUTO_1R1W.v:9]
INFO: [Synth 8-6157] synthesizing module 'HW_accel_mem_2_RAM_AUTO_1R1W_memcore' [c:/Users/exam2/Desktop/Day_5_final_Boss/project_1/project_1.gen/sources_1/bd/design_1/ipshared/1889/hdl/verilog/HW_accel_mem_2_RAM_AUTO_1R1W_memcore.v:7]
INFO: [Synth 8-6155] done synthesizing module 'HW_accel_mem_2_RAM_AUTO_1R1W_memcore' (0#1) [c:/Users/exam2/Desktop/Day_5_final_Boss/project_1/project_1.gen/sources_1/bd/design_1/ipshared/1889/hdl/verilog/HW_accel_mem_2_RAM_AUTO_1R1W_memcore.v:7]
INFO: [Synth 8-6155] done synthesizing module 'HW_accel_mem_2_RAM_AUTO_1R1W' (0#1) [c:/Users/exam2/Desktop/Day_5_final_Boss/project_1/project_1.gen/sources_1/bd/design_1/ipshared/1889/hdl/verilog/HW_accel_mem_2_RAM_AUTO_1R1W.v:9]
INFO: [Synth 8-6157] synthesizing module 'HW_accel_mem_3_RAM_AUTO_1R1W' [c:/Users/exam2/Desktop/Day_5_final_Boss/project_1/project_1.gen/sources_1/bd/design_1/ipshared/1889/hdl/verilog/HW_accel_mem_3_RAM_AUTO_1R1W.v:9]
INFO: [Synth 8-6157] synthesizing module 'HW_accel_mem_3_RAM_AUTO_1R1W_memcore' [c:/Users/exam2/Desktop/Day_5_final_Boss/project_1/project_1.gen/sources_1/bd/design_1/ipshared/1889/hdl/verilog/HW_accel_mem_3_RAM_AUTO_1R1W_memcore.v:7]
INFO: [Synth 8-6155] done synthesizing module 'HW_accel_mem_3_RAM_AUTO_1R1W_memcore' (0#1) [c:/Users/exam2/Desktop/Day_5_final_Boss/project_1/project_1.gen/sources_1/bd/design_1/ipshared/1889/hdl/verilog/HW_accel_mem_3_RAM_AUTO_1R1W_memcore.v:7]
INFO: [Synth 8-6155] done synthesizing module 'HW_accel_mem_3_RAM_AUTO_1R1W' (0#1) [c:/Users/exam2/Desktop/Day_5_final_Boss/project_1/project_1.gen/sources_1/bd/design_1/ipshared/1889/hdl/verilog/HW_accel_mem_3_RAM_AUTO_1R1W.v:9]
INFO: [Synth 8-6157] synthesizing module 'HW_accel_mem_4_RAM_AUTO_1R1W' [c:/Users/exam2/Desktop/Day_5_final_Boss/project_1/project_1.gen/sources_1/bd/design_1/ipshared/1889/hdl/verilog/HW_accel_mem_4_RAM_AUTO_1R1W.v:9]
INFO: [Synth 8-6157] synthesizing module 'HW_accel_mem_4_RAM_AUTO_1R1W_memcore' [c:/Users/exam2/Desktop/Day_5_final_Boss/project_1/project_1.gen/sources_1/bd/design_1/ipshared/1889/hdl/verilog/HW_accel_mem_4_RAM_AUTO_1R1W_memcore.v:7]
INFO: [Synth 8-6155] done synthesizing module 'HW_accel_mem_4_RAM_AUTO_1R1W_memcore' (0#1) [c:/Users/exam2/Desktop/Day_5_final_Boss/project_1/project_1.gen/sources_1/bd/design_1/ipshared/1889/hdl/verilog/HW_accel_mem_4_RAM_AUTO_1R1W_memcore.v:7]
INFO: [Synth 8-6155] done synthesizing module 'HW_accel_mem_4_RAM_AUTO_1R1W' (0#1) [c:/Users/exam2/Desktop/Day_5_final_Boss/project_1/project_1.gen/sources_1/bd/design_1/ipshared/1889/hdl/verilog/HW_accel_mem_4_RAM_AUTO_1R1W.v:9]
INFO: [Synth 8-6157] synthesizing module 'HW_accel_mem_5_RAM_AUTO_1R1W' [c:/Users/exam2/Desktop/Day_5_final_Boss/project_1/project_1.gen/sources_1/bd/design_1/ipshared/1889/hdl/verilog/HW_accel_mem_5_RAM_AUTO_1R1W.v:9]
INFO: [Synth 8-6157] synthesizing module 'HW_accel_mem_5_RAM_AUTO_1R1W_memcore' [c:/Users/exam2/Desktop/Day_5_final_Boss/project_1/project_1.gen/sources_1/bd/design_1/ipshared/1889/hdl/verilog/HW_accel_mem_5_RAM_AUTO_1R1W_memcore.v:7]
INFO: [Synth 8-6155] done synthesizing module 'HW_accel_mem_5_RAM_AUTO_1R1W_memcore' (0#1) [c:/Users/exam2/Desktop/Day_5_final_Boss/project_1/project_1.gen/sources_1/bd/design_1/ipshared/1889/hdl/verilog/HW_accel_mem_5_RAM_AUTO_1R1W_memcore.v:7]
INFO: [Synth 8-6155] done synthesizing module 'HW_accel_mem_5_RAM_AUTO_1R1W' (0#1) [c:/Users/exam2/Desktop/Day_5_final_Boss/project_1/project_1.gen/sources_1/bd/design_1/ipshared/1889/hdl/verilog/HW_accel_mem_5_RAM_AUTO_1R1W.v:9]
INFO: [Synth 8-6157] synthesizing module 'HW_accel_mem_6_RAM_AUTO_1R1W' [c:/Users/exam2/Desktop/Day_5_final_Boss/project_1/project_1.gen/sources_1/bd/design_1/ipshared/1889/hdl/verilog/HW_accel_mem_6_RAM_AUTO_1R1W.v:9]
INFO: [Synth 8-6157] synthesizing module 'HW_accel_mem_6_RAM_AUTO_1R1W_memcore' [c:/Users/exam2/Desktop/Day_5_final_Boss/project_1/project_1.gen/sources_1/bd/design_1/ipshared/1889/hdl/verilog/HW_accel_mem_6_RAM_AUTO_1R1W_memcore.v:7]
INFO: [Synth 8-6155] done synthesizing module 'HW_accel_mem_6_RAM_AUTO_1R1W_memcore' (0#1) [c:/Users/exam2/Desktop/Day_5_final_Boss/project_1/project_1.gen/sources_1/bd/design_1/ipshared/1889/hdl/verilog/HW_accel_mem_6_RAM_AUTO_1R1W_memcore.v:7]
INFO: [Synth 8-6155] done synthesizing module 'HW_accel_mem_6_RAM_AUTO_1R1W' (0#1) [c:/Users/exam2/Desktop/Day_5_final_Boss/project_1/project_1.gen/sources_1/bd/design_1/ipshared/1889/hdl/verilog/HW_accel_mem_6_RAM_AUTO_1R1W.v:9]
INFO: [Synth 8-6157] synthesizing module 'HW_accel_fc2_output_RAM_AUTO_1R1W' [c:/Users/exam2/Desktop/Day_5_final_Boss/project_1/project_1.gen/sources_1/bd/design_1/ipshared/1889/hdl/verilog/HW_accel_fc2_output_RAM_AUTO_1R1W.v:9]
INFO: [Synth 8-6157] synthesizing module 'HW_accel_fc2_output_RAM_AUTO_1R1W_memcore' [c:/Users/exam2/Desktop/Day_5_final_Boss/project_1/project_1.gen/sources_1/bd/design_1/ipshared/1889/hdl/verilog/HW_accel_fc2_output_RAM_AUTO_1R1W_memcore.v:7]
INFO: [Synth 8-6155] done synthesizing module 'HW_accel_fc2_output_RAM_AUTO_1R1W_memcore' (0#1) [c:/Users/exam2/Desktop/Day_5_final_Boss/project_1/project_1.gen/sources_1/bd/design_1/ipshared/1889/hdl/verilog/HW_accel_fc2_output_RAM_AUTO_1R1W_memcore.v:7]
INFO: [Synth 8-6155] done synthesizing module 'HW_accel_fc2_output_RAM_AUTO_1R1W' (0#1) [c:/Users/exam2/Desktop/Day_5_final_Boss/project_1/project_1.gen/sources_1/bd/design_1/ipshared/1889/hdl/verilog/HW_accel_fc2_output_RAM_AUTO_1R1W.v:9]
INFO: [Synth 8-6157] synthesizing module 'HW_accel_read_input' [c:/Users/exam2/Desktop/Day_5_final_Boss/project_1/project_1.gen/sources_1/bd/design_1/ipshared/1889/hdl/verilog/HW_accel_read_input.v:10]
INFO: [Synth 8-6157] synthesizing module 'HW_accel_flow_control_loop_pipe' [c:/Users/exam2/Desktop/Day_5_final_Boss/project_1/project_1.gen/sources_1/bd/design_1/ipshared/1889/hdl/verilog/HW_accel_flow_control_loop_pipe.v:9]
INFO: [Synth 8-6155] done synthesizing module 'HW_accel_flow_control_loop_pipe' (0#1) [c:/Users/exam2/Desktop/Day_5_final_Boss/project_1/project_1.gen/sources_1/bd/design_1/ipshared/1889/hdl/verilog/HW_accel_flow_control_loop_pipe.v:9]
INFO: [Synth 8-6157] synthesizing module 'HW_accel_regslice_both' [c:/Users/exam2/Desktop/Day_5_final_Boss/project_1/project_1.gen/sources_1/bd/design_1/ipshared/1889/hdl/verilog/HW_accel_regslice_both.v:9]
INFO: [Synth 8-6155] done synthesizing module 'HW_accel_regslice_both' (0#1) [c:/Users/exam2/Desktop/Day_5_final_Boss/project_1/project_1.gen/sources_1/bd/design_1/ipshared/1889/hdl/verilog/HW_accel_regslice_both.v:9]
INFO: [Synth 8-6157] synthesizing module 'HW_accel_regslice_both__parameterized0' [c:/Users/exam2/Desktop/Day_5_final_Boss/project_1/project_1.gen/sources_1/bd/design_1/ipshared/1889/hdl/verilog/HW_accel_regslice_both.v:9]
INFO: [Synth 8-6155] done synthesizing module 'HW_accel_regslice_both__parameterized0' (0#1) [c:/Users/exam2/Desktop/Day_5_final_Boss/project_1/project_1.gen/sources_1/bd/design_1/ipshared/1889/hdl/verilog/HW_accel_regslice_both.v:9]
INFO: [Synth 8-6157] synthesizing module 'HW_accel_regslice_both__parameterized1' [c:/Users/exam2/Desktop/Day_5_final_Boss/project_1/project_1.gen/sources_1/bd/design_1/ipshared/1889/hdl/verilog/HW_accel_regslice_both.v:9]
INFO: [Synth 8-6155] done synthesizing module 'HW_accel_regslice_both__parameterized1' (0#1) [c:/Users/exam2/Desktop/Day_5_final_Boss/project_1/project_1.gen/sources_1/bd/design_1/ipshared/1889/hdl/verilog/HW_accel_regslice_both.v:9]
INFO: [Synth 8-6155] done synthesizing module 'HW_accel_read_input' (0#1) [c:/Users/exam2/Desktop/Day_5_final_Boss/project_1/project_1.gen/sources_1/bd/design_1/ipshared/1889/hdl/verilog/HW_accel_read_input.v:10]
INFO: [Synth 8-6157] synthesizing module 'HW_accel_conv1' [c:/Users/exam2/Desktop/Day_5_final_Boss/project_1/project_1.gen/sources_1/bd/design_1/ipshared/1889/hdl/verilog/HW_accel_conv1.v:10]
INFO: [Synth 8-6157] synthesizing module 'HW_accel_conv1_conv1_bias_ROM_AUTO_1R' [c:/Users/exam2/Desktop/Day_5_final_Boss/project_1/project_1.gen/sources_1/bd/design_1/ipshared/1889/hdl/verilog/HW_accel_conv1_conv1_bias_ROM_AUTO_1R.v:7]
INFO: [Synth 8-3876] $readmem data file './HW_accel_conv1_conv1_bias_ROM_AUTO_1R.dat' is read successfully [c:/Users/exam2/Desktop/Day_5_final_Boss/project_1/project_1.gen/sources_1/bd/design_1/ipshared/1889/hdl/verilog/HW_accel_conv1_conv1_bias_ROM_AUTO_1R.v:23]
INFO: [Synth 8-6155] done synthesizing module 'HW_accel_conv1_conv1_bias_ROM_AUTO_1R' (0#1) [c:/Users/exam2/Desktop/Day_5_final_Boss/project_1/project_1.gen/sources_1/bd/design_1/ipshared/1889/hdl/verilog/HW_accel_conv1_conv1_bias_ROM_AUTO_1R.v:7]
INFO: [Synth 8-6157] synthesizing module 'HW_accel_conv1_Pipeline_Fil_load_r_Fil_load_c' [c:/Users/exam2/Desktop/Day_5_final_Boss/project_1/project_1.gen/sources_1/bd/design_1/ipshared/1889/hdl/verilog/HW_accel_conv1_Pipeline_Fil_load_r_Fil_load_c.v:10]
INFO: [Synth 8-6157] synthesizing module 'HW_accel_conv1_Pipeline_Fil_load_r_Fil_load_c_conv1_weight_ROM_AUTO_1R' [c:/Users/exam2/Desktop/Day_5_final_Boss/project_1/project_1.gen/sources_1/bd/design_1/ipshared/1889/hdl/verilog/HW_accel_conv1_Pipeline_Fil_load_r_Fil_load_c_conv1_weight_ROM_AUTO_1R.v:7]
INFO: [Synth 8-3876] $readmem data file './HW_accel_conv1_Pipeline_Fil_load_r_Fil_load_c_conv1_weight_ROM_AUTO_1R.dat' is read successfully [c:/Users/exam2/Desktop/Day_5_final_Boss/project_1/project_1.gen/sources_1/bd/design_1/ipshared/1889/hdl/verilog/HW_accel_conv1_Pipeline_Fil_load_r_Fil_load_c_conv1_weight_ROM_AUTO_1R.v:23]
INFO: [Synth 8-6155] done synthesizing module 'HW_accel_conv1_Pipeline_Fil_load_r_Fil_load_c_conv1_weight_ROM_AUTO_1R' (0#1) [c:/Users/exam2/Desktop/Day_5_final_Boss/project_1/project_1.gen/sources_1/bd/design_1/ipshared/1889/hdl/verilog/HW_accel_conv1_Pipeline_Fil_load_r_Fil_load_c_conv1_weight_ROM_AUTO_1R.v:7]
INFO: [Synth 8-6157] synthesizing module 'HW_accel_flow_control_loop_pipe_sequential_init' [c:/Users/exam2/Desktop/Day_5_final_Boss/project_1/project_1.gen/sources_1/bd/design_1/ipshared/1889/hdl/verilog/HW_accel_flow_control_loop_pipe_sequential_init.v:9]
INFO: [Synth 8-6155] done synthesizing module 'HW_accel_flow_control_loop_pipe_sequential_init' (0#1) [c:/Users/exam2/Desktop/Day_5_final_Boss/project_1/project_1.gen/sources_1/bd/design_1/ipshared/1889/hdl/verilog/HW_accel_flow_control_loop_pipe_sequential_init.v:9]
INFO: [Synth 8-6155] done synthesizing module 'HW_accel_conv1_Pipeline_Fil_load_r_Fil_load_c' (0#1) [c:/Users/exam2/Desktop/Day_5_final_Boss/project_1/project_1.gen/sources_1/bd/design_1/ipshared/1889/hdl/verilog/HW_accel_conv1_Pipeline_Fil_load_r_Fil_load_c.v:10]
INFO: [Synth 8-6157] synthesizing module 'HW_accel_conv1_Pipeline_loadWin1_VITIS_LOOP_50_1' [c:/Users/exam2/Desktop/Day_5_final_Boss/project_1/project_1.gen/sources_1/bd/design_1/ipshared/1889/hdl/verilog/HW_accel_conv1_Pipeline_loadWin1_VITIS_LOOP_50_1.v:10]
INFO: [Synth 8-6155] done synthesizing module 'HW_accel_conv1_Pipeline_loadWin1_VITIS_LOOP_50_1' (0#1) [c:/Users/exam2/Desktop/Day_5_final_Boss/project_1/project_1.gen/sources_1/bd/design_1/ipshared/1889/hdl/verilog/HW_accel_conv1_Pipeline_loadWin1_VITIS_LOOP_50_1.v:10]
INFO: [Synth 8-6157] synthesizing module 'HW_accel_conv2D_1_s' [c:/Users/exam2/Desktop/Day_5_final_Boss/project_1/project_1.gen/sources_1/bd/design_1/ipshared/1889/hdl/verilog/HW_accel_conv2D_1_s.v:10]
INFO: [Synth 8-6157] synthesizing module 'HW_accel_fadd_32ns_32ns_32_5_full_dsp_1' [c:/Users/exam2/Desktop/Day_5_final_Boss/project_1/project_1.gen/sources_1/bd/design_1/ipshared/1889/hdl/verilog/HW_accel_fadd_32ns_32ns_32_5_full_dsp_1.v:9]
INFO: [Synth 8-6157] synthesizing module 'HW_accel_fadd_32ns_32ns_32_5_full_dsp_1_ip' [c:/Users/exam2/Desktop/Day_5_final_Boss/project_1/project_1.gen/sources_1/bd/design_1/ipshared/1889/hdl/ip/HW_accel_fadd_32ns_32ns_32_5_full_dsp_1_ip.v:53]
INFO: [Synth 8-6157] synthesizing module 'LUT1' [C:/Xilinx/Vivado/2022.1/scripts/rt/data/unisim_comp.v:62648]
INFO: [Synth 8-6155] done synthesizing module 'LUT1' (0#1) [C:/Xilinx/Vivado/2022.1/scripts/rt/data/unisim_comp.v:62648]
INFO: [Synth 8-6155] done synthesizing module 'HW_accel_fadd_32ns_32ns_32_5_full_dsp_1_ip' (0#1) [c:/Users/exam2/Desktop/Day_5_final_Boss/project_1/project_1.gen/sources_1/bd/design_1/ipshared/1889/hdl/ip/HW_accel_fadd_32ns_32ns_32_5_full_dsp_1_ip.v:53]
INFO: [Synth 8-6155] done synthesizing module 'HW_accel_fadd_32ns_32ns_32_5_full_dsp_1' (0#1) [c:/Users/exam2/Desktop/Day_5_final_Boss/project_1/project_1.gen/sources_1/bd/design_1/ipshared/1889/hdl/verilog/HW_accel_fadd_32ns_32ns_32_5_full_dsp_1.v:9]
INFO: [Synth 8-6157] synthesizing module 'HW_accel_fmul_32ns_32ns_32_4_max_dsp_1' [c:/Users/exam2/Desktop/Day_5_final_Boss/project_1/project_1.gen/sources_1/bd/design_1/ipshared/1889/hdl/verilog/HW_accel_fmul_32ns_32ns_32_4_max_dsp_1.v:9]
INFO: [Synth 8-6157] synthesizing module 'HW_accel_fmul_32ns_32ns_32_4_max_dsp_1_ip' [c:/Users/exam2/Desktop/Day_5_final_Boss/project_1/project_1.gen/sources_1/bd/design_1/ipshared/1889/hdl/ip/HW_accel_fmul_32ns_32ns_32_4_max_dsp_1_ip.v:53]
INFO: [Synth 8-6155] done synthesizing module 'HW_accel_fmul_32ns_32ns_32_4_max_dsp_1_ip' (0#1) [c:/Users/exam2/Desktop/Day_5_final_Boss/project_1/project_1.gen/sources_1/bd/design_1/ipshared/1889/hdl/ip/HW_accel_fmul_32ns_32ns_32_4_max_dsp_1_ip.v:53]
INFO: [Synth 8-6155] done synthesizing module 'HW_accel_fmul_32ns_32ns_32_4_max_dsp_1' (0#1) [c:/Users/exam2/Desktop/Day_5_final_Boss/project_1/project_1.gen/sources_1/bd/design_1/ipshared/1889/hdl/verilog/HW_accel_fmul_32ns_32ns_32_4_max_dsp_1.v:9]
INFO: [Synth 8-6155] done synthesizing module 'HW_accel_conv2D_1_s' (0#1) [c:/Users/exam2/Desktop/Day_5_final_Boss/project_1/project_1.gen/sources_1/bd/design_1/ipshared/1889/hdl/verilog/HW_accel_conv2D_1_s.v:10]
INFO: [Synth 8-6157] synthesizing module 'HW_accel_fcmp_32ns_32ns_1_2_no_dsp_1' [c:/Users/exam2/Desktop/Day_5_final_Boss/project_1/project_1.gen/sources_1/bd/design_1/ipshared/1889/hdl/verilog/HW_accel_fcmp_32ns_32ns_1_2_no_dsp_1.v:9]
INFO: [Synth 8-6157] synthesizing module 'HW_accel_fcmp_32ns_32ns_1_2_no_dsp_1_ip' [c:/Users/exam2/Desktop/Day_5_final_Boss/project_1/project_1.gen/sources_1/bd/design_1/ipshared/1889/hdl/ip/HW_accel_fcmp_32ns_32ns_1_2_no_dsp_1_ip.v:53]
INFO: [Synth 8-6155] done synthesizing module 'HW_accel_fcmp_32ns_32ns_1_2_no_dsp_1_ip' (0#1) [c:/Users/exam2/Desktop/Day_5_final_Boss/project_1/project_1.gen/sources_1/bd/design_1/ipshared/1889/hdl/ip/HW_accel_fcmp_32ns_32ns_1_2_no_dsp_1_ip.v:53]
INFO: [Synth 8-6155] done synthesizing module 'HW_accel_fcmp_32ns_32ns_1_2_no_dsp_1' (0#1) [c:/Users/exam2/Desktop/Day_5_final_Boss/project_1/project_1.gen/sources_1/bd/design_1/ipshared/1889/hdl/verilog/HW_accel_fcmp_32ns_32ns_1_2_no_dsp_1.v:9]
INFO: [Synth 8-6157] synthesizing module 'HW_accel_ama_addmuladd_7ns_5ns_5ns_5ns_12_4_1' [c:/Users/exam2/Desktop/Day_5_final_Boss/project_1/project_1.gen/sources_1/bd/design_1/ipshared/1889/hdl/verilog/HW_accel_ama_addmuladd_7ns_5ns_5ns_5ns_12_4_1.v:53]
INFO: [Synth 8-6157] synthesizing module 'HW_accel_ama_addmuladd_7ns_5ns_5ns_5ns_12_4_1_DSP48_0' [c:/Users/exam2/Desktop/Day_5_final_Boss/project_1/project_1.gen/sources_1/bd/design_1/ipshared/1889/hdl/verilog/HW_accel_ama_addmuladd_7ns_5ns_5ns_5ns_12_4_1.v:8]
INFO: [Synth 8-6155] done synthesizing module 'HW_accel_ama_addmuladd_7ns_5ns_5ns_5ns_12_4_1_DSP48_0' (0#1) [c:/Users/exam2/Desktop/Day_5_final_Boss/project_1/project_1.gen/sources_1/bd/design_1/ipshared/1889/hdl/verilog/HW_accel_ama_addmuladd_7ns_5ns_5ns_5ns_12_4_1.v:8]
INFO: [Synth 8-6155] done synthesizing module 'HW_accel_ama_addmuladd_7ns_5ns_5ns_5ns_12_4_1' (0#1) [c:/Users/exam2/Desktop/Day_5_final_Boss/project_1/project_1.gen/sources_1/bd/design_1/ipshared/1889/hdl/verilog/HW_accel_ama_addmuladd_7ns_5ns_5ns_5ns_12_4_1.v:53]
INFO: [Synth 8-6155] done synthesizing module 'HW_accel_conv1' (0#1) [c:/Users/exam2/Desktop/Day_5_final_Boss/project_1/project_1.gen/sources_1/bd/design_1/ipshared/1889/hdl/verilog/HW_accel_conv1.v:10]
INFO: [Synth 8-6157] synthesizing module 'HW_accel_conv2' [c:/Users/exam2/Desktop/Day_5_final_Boss/project_1/project_1.gen/sources_1/bd/design_1/ipshared/1889/hdl/verilog/HW_accel_conv2.v:10]
INFO: [Synth 8-6157] synthesizing module 'HW_accel_conv2_conv2_bias_ROM_AUTO_1R' [c:/Users/exam2/Desktop/Day_5_final_Boss/project_1/project_1.gen/sources_1/bd/design_1/ipshared/1889/hdl/verilog/HW_accel_conv2_conv2_bias_ROM_AUTO_1R.v:7]
INFO: [Synth 8-3876] $readmem data file './HW_accel_conv2_conv2_bias_ROM_AUTO_1R.dat' is read successfully [c:/Users/exam2/Desktop/Day_5_final_Boss/project_1/project_1.gen/sources_1/bd/design_1/ipshared/1889/hdl/verilog/HW_accel_conv2_conv2_bias_ROM_AUTO_1R.v:23]
INFO: [Synth 8-6155] done synthesizing module 'HW_accel_conv2_conv2_bias_ROM_AUTO_1R' (0#1) [c:/Users/exam2/Desktop/Day_5_final_Boss/project_1/project_1.gen/sources_1/bd/design_1/ipshared/1889/hdl/verilog/HW_accel_conv2_conv2_bias_ROM_AUTO_1R.v:7]
INFO: [Synth 8-6157] synthesizing module 'HW_accel_conv2_Pipeline_Fil_load_ch_Fil_load_r_Fil_load_c' [c:/Users/exam2/Desktop/Day_5_final_Boss/project_1/project_1.gen/sources_1/bd/design_1/ipshared/1889/hdl/verilog/HW_accel_conv2_Pipeline_Fil_load_ch_Fil_load_r_Fil_load_c.v:10]
INFO: [Synth 8-6157] synthesizing module 'HW_accel_conv2_Pipeline_Fil_load_ch_Fil_load_r_Fil_load_c_conv2_weight_ROM_AUTO_1R' [c:/Users/exam2/Desktop/Day_5_final_Boss/project_1/project_1.gen/sources_1/bd/design_1/ipshared/1889/hdl/verilog/HW_accel_conv2_Pipeline_Fil_load_ch_Fil_load_r_Fil_load_c_conv2_weight_ROM_AUTO_1R.v:7]
INFO: [Synth 8-3876] $readmem data file './HW_accel_conv2_Pipeline_Fil_load_ch_Fil_load_r_Fil_load_c_conv2_weight_ROM_AUTO_1R.dat' is read successfully [c:/Users/exam2/Desktop/Day_5_final_Boss/project_1/project_1.gen/sources_1/bd/design_1/ipshared/1889/hdl/verilog/HW_accel_conv2_Pipeline_Fil_load_ch_Fil_load_r_Fil_load_c_conv2_weight_ROM_AUTO_1R.v:23]
INFO: [Synth 8-6155] done synthesizing module 'HW_accel_conv2_Pipeline_Fil_load_ch_Fil_load_r_Fil_load_c_conv2_weight_ROM_AUTO_1R' (0#1) [c:/Users/exam2/Desktop/Day_5_final_Boss/project_1/project_1.gen/sources_1/bd/design_1/ipshared/1889/hdl/verilog/HW_accel_conv2_Pipeline_Fil_load_ch_Fil_load_r_Fil_load_c_conv2_weight_ROM_AUTO_1R.v:7]
INFO: [Synth 8-6155] done synthesizing module 'HW_accel_conv2_Pipeline_Fil_load_ch_Fil_load_r_Fil_load_c' (0#1) [c:/Users/exam2/Desktop/Day_5_final_Boss/project_1/project_1.gen/sources_1/bd/design_1/ipshared/1889/hdl/verilog/HW_accel_conv2_Pipeline_Fil_load_ch_Fil_load_r_Fil_load_c.v:10]
INFO: [Synth 8-6157] synthesizing module 'HW_accel_conv2_Pipeline_loadWin1_VITIS_LOOP_50_1' [c:/Users/exam2/Desktop/Day_5_final_Boss/project_1/project_1.gen/sources_1/bd/design_1/ipshared/1889/hdl/verilog/HW_accel_conv2_Pipeline_loadWin1_VITIS_LOOP_50_1.v:10]
INFO: [Synth 8-6157] synthesizing module 'HW_accel_ama_addmuladd_8ns_5ns_5ns_5ns_12_4_1' [c:/Users/exam2/Desktop/Day_5_final_Boss/project_1/project_1.gen/sources_1/bd/design_1/ipshared/1889/hdl/verilog/HW_accel_ama_addmuladd_8ns_5ns_5ns_5ns_12_4_1.v:53]
INFO: [Synth 8-6157] synthesizing module 'HW_accel_ama_addmuladd_8ns_5ns_5ns_5ns_12_4_1_DSP48_1' [c:/Users/exam2/Desktop/Day_5_final_Boss/project_1/project_1.gen/sources_1/bd/design_1/ipshared/1889/hdl/verilog/HW_accel_ama_addmuladd_8ns_5ns_5ns_5ns_12_4_1.v:8]
INFO: [Synth 8-6155] done synthesizing module 'HW_accel_ama_addmuladd_8ns_5ns_5ns_5ns_12_4_1_DSP48_1' (0#1) [c:/Users/exam2/Desktop/Day_5_final_Boss/project_1/project_1.gen/sources_1/bd/design_1/ipshared/1889/hdl/verilog/HW_accel_ama_addmuladd_8ns_5ns_5ns_5ns_12_4_1.v:8]
INFO: [Synth 8-6155] done synthesizing module 'HW_accel_ama_addmuladd_8ns_5ns_5ns_5ns_12_4_1' (0#1) [c:/Users/exam2/Desktop/Day_5_final_Boss/project_1/project_1.gen/sources_1/bd/design_1/ipshared/1889/hdl/verilog/HW_accel_ama_addmuladd_8ns_5ns_5ns_5ns_12_4_1.v:53]
INFO: [Synth 8-6155] done synthesizing module 'HW_accel_conv2_Pipeline_loadWin1_VITIS_LOOP_50_1' (0#1) [c:/Users/exam2/Desktop/Day_5_final_Boss/project_1/project_1.gen/sources_1/bd/design_1/ipshared/1889/hdl/verilog/HW_accel_conv2_Pipeline_loadWin1_VITIS_LOOP_50_1.v:10]
INFO: [Synth 8-6157] synthesizing module 'HW_accel_conv2D_4_s' [c:/Users/exam2/Desktop/Day_5_final_Boss/project_1/project_1.gen/sources_1/bd/design_1/ipshared/1889/hdl/verilog/HW_accel_conv2D_4_s.v:10]
INFO: [Synth 8-6157] synthesizing module 'HW_accel_mux_42_32_1_1' [c:/Users/exam2/Desktop/Day_5_final_Boss/project_1/project_1.gen/sources_1/bd/design_1/ipshared/1889/hdl/verilog/HW_accel_mux_42_32_1_1.v:9]
INFO: [Synth 8-6155] done synthesizing module 'HW_accel_mux_42_32_1_1' (0#1) [c:/Users/exam2/Desktop/Day_5_final_Boss/project_1/project_1.gen/sources_1/bd/design_1/ipshared/1889/hdl/verilog/HW_accel_mux_42_32_1_1.v:9]
INFO: [Synth 8-6155] done synthesizing module 'HW_accel_conv2D_4_s' (0#1) [c:/Users/exam2/Desktop/Day_5_final_Boss/project_1/project_1.gen/sources_1/bd/design_1/ipshared/1889/hdl/verilog/HW_accel_conv2D_4_s.v:10]
INFO: [Synth 8-6157] synthesizing module 'HW_accel_mul_3ns_6ns_8_1_1' [c:/Users/exam2/Desktop/Day_5_final_Boss/project_1/project_1.gen/sources_1/bd/design_1/ipshared/1889/hdl/verilog/HW_accel_mul_3ns_6ns_8_1_1.v:9]
INFO: [Synth 8-6155] done synthesizing module 'HW_accel_mul_3ns_6ns_8_1_1' (0#1) [c:/Users/exam2/Desktop/Day_5_final_Boss/project_1/project_1.gen/sources_1/bd/design_1/ipshared/1889/hdl/verilog/HW_accel_mul_3ns_6ns_8_1_1.v:9]
INFO: [Synth 8-6157] synthesizing module 'HW_accel_mux_21_32_1_1' [c:/Users/exam2/Desktop/Day_5_final_Boss/project_1/project_1.gen/sources_1/bd/design_1/ipshared/1889/hdl/verilog/HW_accel_mux_21_32_1_1.v:9]
INFO: [Synth 8-6155] done synthesizing module 'HW_accel_mux_21_32_1_1' (0#1) [c:/Users/exam2/Desktop/Day_5_final_Boss/project_1/project_1.gen/sources_1/bd/design_1/ipshared/1889/hdl/verilog/HW_accel_mux_21_32_1_1.v:9]
INFO: [Synth 8-6155] done synthesizing module 'HW_accel_conv2' (0#1) [c:/Users/exam2/Desktop/Day_5_final_Boss/project_1/project_1.gen/sources_1/bd/design_1/ipshared/1889/hdl/verilog/HW_accel_conv2.v:10]
INFO: [Synth 8-6157] synthesizing module 'HW_accel_maxPool_4_24_12_s' [c:/Users/exam2/Desktop/Day_5_final_Boss/project_1/project_1.gen/sources_1/bd/design_1/ipshared/1889/hdl/verilog/HW_accel_maxPool_4_24_12_s.v:10]
INFO: [Synth 8-6155] done synthesizing module 'HW_accel_maxPool_4_24_12_s' (0#1) [c:/Users/exam2/Desktop/Day_5_final_Boss/project_1/project_1.gen/sources_1/bd/design_1/ipshared/1889/hdl/verilog/HW_accel_maxPool_4_24_12_s.v:10]
INFO: [Synth 8-6157] synthesizing module 'HW_accel_conv3' [c:/Users/exam2/Desktop/Day_5_final_Boss/project_1/project_1.gen/sources_1/bd/design_1/ipshared/1889/hdl/verilog/HW_accel_conv3.v:10]
INFO: [Synth 8-6157] synthesizing module 'HW_accel_conv3_conv3_bias_ROM_AUTO_1R' [c:/Users/exam2/Desktop/Day_5_final_Boss/project_1/project_1.gen/sources_1/bd/design_1/ipshared/1889/hdl/verilog/HW_accel_conv3_conv3_bias_ROM_AUTO_1R.v:7]
INFO: [Synth 8-3876] $readmem data file './HW_accel_conv3_conv3_bias_ROM_AUTO_1R.dat' is read successfully [c:/Users/exam2/Desktop/Day_5_final_Boss/project_1/project_1.gen/sources_1/bd/design_1/ipshared/1889/hdl/verilog/HW_accel_conv3_conv3_bias_ROM_AUTO_1R.v:23]
INFO: [Synth 8-6155] done synthesizing module 'HW_accel_conv3_conv3_bias_ROM_AUTO_1R' (0#1) [c:/Users/exam2/Desktop/Day_5_final_Boss/project_1/project_1.gen/sources_1/bd/design_1/ipshared/1889/hdl/verilog/HW_accel_conv3_conv3_bias_ROM_AUTO_1R.v:7]
INFO: [Synth 8-6157] synthesizing module 'HW_accel_conv3_Pipeline_Fil_load_ch_Fil_load_r_Fil_load_c' [c:/Users/exam2/Desktop/Day_5_final_Boss/project_1/project_1.gen/sources_1/bd/design_1/ipshared/1889/hdl/verilog/HW_accel_conv3_Pipeline_Fil_load_ch_Fil_load_r_Fil_load_c.v:10]
INFO: [Synth 8-6157] synthesizing module 'HW_accel_conv3_Pipeline_Fil_load_ch_Fil_load_r_Fil_load_c_conv3_weight_ROM_AUTO_1R' [c:/Users/exam2/Desktop/Day_5_final_Boss/project_1/project_1.gen/sources_1/bd/design_1/ipshared/1889/hdl/verilog/HW_accel_conv3_Pipeline_Fil_load_ch_Fil_load_r_Fil_load_c_conv3_weight_ROM_AUTO_1R.v:7]
INFO: [Synth 8-3876] $readmem data file './HW_accel_conv3_Pipeline_Fil_load_ch_Fil_load_r_Fil_load_c_conv3_weight_ROM_AUTO_1R.dat' is read successfully [c:/Users/exam2/Desktop/Day_5_final_Boss/project_1/project_1.gen/sources_1/bd/design_1/ipshared/1889/hdl/verilog/HW_accel_conv3_Pipeline_Fil_load_ch_Fil_load_r_Fil_load_c_conv3_weight_ROM_AUTO_1R.v:23]
INFO: [Synth 8-6155] done synthesizing module 'HW_accel_conv3_Pipeline_Fil_load_ch_Fil_load_r_Fil_load_c_conv3_weight_ROM_AUTO_1R' (0#1) [c:/Users/exam2/Desktop/Day_5_final_Boss/project_1/project_1.gen/sources_1/bd/design_1/ipshared/1889/hdl/verilog/HW_accel_conv3_Pipeline_Fil_load_ch_Fil_load_r_Fil_load_c_conv3_weight_ROM_AUTO_1R.v:7]
INFO: [Synth 8-6155] done synthesizing module 'HW_accel_conv3_Pipeline_Fil_load_ch_Fil_load_r_Fil_load_c' (0#1) [c:/Users/exam2/Desktop/Day_5_final_Boss/project_1/project_1.gen/sources_1/bd/design_1/ipshared/1889/hdl/verilog/HW_accel_conv3_Pipeline_Fil_load_ch_Fil_load_r_Fil_load_c.v:10]
INFO: [Synth 8-6157] synthesizing module 'HW_accel_conv3_Pipeline_loadWin1_VITIS_LOOP_50_1' [c:/Users/exam2/Desktop/Day_5_final_Boss/project_1/project_1.gen/sources_1/bd/design_1/ipshared/1889/hdl/verilog/HW_accel_conv3_Pipeline_loadWin1_VITIS_LOOP_50_1.v:10]
INFO: [Synth 8-6155] done synthesizing module 'HW_accel_conv3_Pipeline_loadWin1_VITIS_LOOP_50_1' (0#1) [c:/Users/exam2/Desktop/Day_5_final_Boss/project_1/project_1.gen/sources_1/bd/design_1/ipshared/1889/hdl/verilog/HW_accel_conv3_Pipeline_loadWin1_VITIS_LOOP_50_1.v:10]
INFO: [Synth 8-6155] done synthesizing module 'HW_accel_conv3' (0#1) [c:/Users/exam2/Desktop/Day_5_final_Boss/project_1/project_1.gen/sources_1/bd/design_1/ipshared/1889/hdl/verilog/HW_accel_conv3.v:10]
INFO: [Synth 8-6157] synthesizing module 'HW_accel_maxPool_4_10_5_s' [c:/Users/exam2/Desktop/Day_5_final_Boss/project_1/project_1.gen/sources_1/bd/design_1/ipshared/1889/hdl/verilog/HW_accel_maxPool_4_10_5_s.v:10]
INFO: [Synth 8-6155] done synthesizing module 'HW_accel_maxPool_4_10_5_s' (0#1) [c:/Users/exam2/Desktop/Day_5_final_Boss/project_1/project_1.gen/sources_1/bd/design_1/ipshared/1889/hdl/verilog/HW_accel_maxPool_4_10_5_s.v:10]
INFO: [Synth 8-6157] synthesizing module 'HW_accel_fc_layer117' [c:/Users/exam2/Desktop/Day_5_final_Boss/project_1/project_1.gen/sources_1/bd/design_1/ipshared/1889/hdl/verilog/HW_accel_fc_layer117.v:10]
INFO: [Synth 8-6157] synthesizing module 'HW_accel_FC_layer_100_16_true_s' [c:/Users/exam2/Desktop/Day_5_final_Boss/project_1/project_1.gen/sources_1/bd/design_1/ipshared/1889/hdl/verilog/HW_accel_FC_layer_100_16_true_s.v:10]
INFO: [Synth 8-6157] synthesizing module 'HW_accel_FC_layer_100_16_true_s_fc1_bias_ROM_AUTO_1R' [c:/Users/exam2/Desktop/Day_5_final_Boss/project_1/project_1.gen/sources_1/bd/design_1/ipshared/1889/hdl/verilog/HW_accel_FC_layer_100_16_true_s_fc1_bias_ROM_AUTO_1R.v:7]
INFO: [Synth 8-3876] $readmem data file './HW_accel_FC_layer_100_16_true_s_fc1_bias_ROM_AUTO_1R.dat' is read successfully [c:/Users/exam2/Desktop/Day_5_final_Boss/project_1/project_1.gen/sources_1/bd/design_1/ipshared/1889/hdl/verilog/HW_accel_FC_layer_100_16_true_s_fc1_bias_ROM_AUTO_1R.v:47]
INFO: [Synth 8-3876] $readmem data file './HW_accel_FC_layer_100_16_true_s_fc1_bias_ROM_AUTO_1R.dat' is read successfully [c:/Users/exam2/Desktop/Day_5_final_Boss/project_1/project_1.gen/sources_1/bd/design_1/ipshared/1889/hdl/verilog/HW_accel_FC_layer_100_16_true_s_fc1_bias_ROM_AUTO_1R.v:48]
INFO: [Synth 8-3876] $readmem data file './HW_accel_FC_layer_100_16_true_s_fc1_bias_ROM_AUTO_1R.dat' is read successfully [c:/Users/exam2/Desktop/Day_5_final_Boss/project_1/project_1.gen/sources_1/bd/design_1/ipshared/1889/hdl/verilog/HW_accel_FC_layer_100_16_true_s_fc1_bias_ROM_AUTO_1R.v:49]
INFO: [Synth 8-3876] $readmem data file './HW_accel_FC_layer_100_16_true_s_fc1_bias_ROM_AUTO_1R.dat' is read successfully [c:/Users/exam2/Desktop/Day_5_final_Boss/project_1/project_1.gen/sources_1/bd/design_1/ipshared/1889/hdl/verilog/HW_accel_FC_layer_100_16_true_s_fc1_bias_ROM_AUTO_1R.v:50]
INFO: [Synth 8-6155] done synthesizing module 'HW_accel_FC_layer_100_16_true_s_fc1_bias_ROM_AUTO_1R' (0#1) [c:/Users/exam2/Desktop/Day_5_final_Boss/project_1/project_1.gen/sources_1/bd/design_1/ipshared/1889/hdl/verilog/HW_accel_FC_layer_100_16_true_s_fc1_bias_ROM_AUTO_1R.v:7]
INFO: [Synth 8-6157] synthesizing module 'HW_accel_FC_layer_100_16_true_s_fc1_weight_ROM_AUTO_1R' [c:/Users/exam2/Desktop/Day_5_final_Boss/project_1/project_1.gen/sources_1/bd/design_1/ipshared/1889/hdl/verilog/HW_accel_FC_layer_100_16_true_s_fc1_weight_ROM_AUTO_1R.v:7]
INFO: [Synth 8-3876] $readmem data file './HW_accel_FC_layer_100_16_true_s_fc1_weight_ROM_AUTO_1R.dat' is read successfully [c:/Users/exam2/Desktop/Day_5_final_Boss/project_1/project_1.gen/sources_1/bd/design_1/ipshared/1889/hdl/verilog/HW_accel_FC_layer_100_16_true_s_fc1_weight_ROM_AUTO_1R.v:47]
INFO: [Synth 8-3876] $readmem data file './HW_accel_FC_layer_100_16_true_s_fc1_weight_ROM_AUTO_1R.dat' is read successfully [c:/Users/exam2/Desktop/Day_5_final_Boss/project_1/project_1.gen/sources_1/bd/design_1/ipshared/1889/hdl/verilog/HW_accel_FC_layer_100_16_true_s_fc1_weight_ROM_AUTO_1R.v:48]
INFO: [Synth 8-3876] $readmem data file './HW_accel_FC_layer_100_16_true_s_fc1_weight_ROM_AUTO_1R.dat' is read successfully [c:/Users/exam2/Desktop/Day_5_final_Boss/project_1/project_1.gen/sources_1/bd/design_1/ipshared/1889/hdl/verilog/HW_accel_FC_layer_100_16_true_s_fc1_weight_ROM_AUTO_1R.v:49]
INFO: [Synth 8-3876] $readmem data file './HW_accel_FC_layer_100_16_true_s_fc1_weight_ROM_AUTO_1R.dat' is read successfully [c:/Users/exam2/Desktop/Day_5_final_Boss/project_1/project_1.gen/sources_1/bd/design_1/ipshared/1889/hdl/verilog/HW_accel_FC_layer_100_16_true_s_fc1_weight_ROM_AUTO_1R.v:50]
INFO: [Synth 8-6155] done synthesizing module 'HW_accel_FC_layer_100_16_true_s_fc1_weight_ROM_AUTO_1R' (0#1) [c:/Users/exam2/Desktop/Day_5_final_Boss/project_1/project_1.gen/sources_1/bd/design_1/ipshared/1889/hdl/verilog/HW_accel_FC_layer_100_16_true_s_fc1_weight_ROM_AUTO_1R.v:7]
INFO: [Synth 8-6157] synthesizing module 'HW_accel_mul_4ns_8ns_11_1_1' [c:/Users/exam2/Desktop/Day_5_final_Boss/project_1/project_1.gen/sources_1/bd/design_1/ipshared/1889/hdl/verilog/HW_accel_mul_4ns_8ns_11_1_1.v:9]
INFO: [Synth 8-6155] done synthesizing module 'HW_accel_mul_4ns_8ns_11_1_1' (0#1) [c:/Users/exam2/Desktop/Day_5_final_Boss/project_1/project_1.gen/sources_1/bd/design_1/ipshared/1889/hdl/verilog/HW_accel_mul_4ns_8ns_11_1_1.v:9]
INFO: [Synth 8-6155] done synthesizing module 'HW_accel_FC_layer_100_16_true_s' (0#1) [c:/Users/exam2/Desktop/Day_5_final_Boss/project_1/project_1.gen/sources_1/bd/design_1/ipshared/1889/hdl/verilog/HW_accel_FC_layer_100_16_true_s.v:10]
INFO: [Synth 8-6155] done synthesizing module 'HW_accel_fc_layer117' (0#1) [c:/Users/exam2/Desktop/Day_5_final_Boss/project_1/project_1.gen/sources_1/bd/design_1/ipshared/1889/hdl/verilog/HW_accel_fc_layer117.v:10]
INFO: [Synth 8-6157] synthesizing module 'HW_accel_fc_layer2' [c:/Users/exam2/Desktop/Day_5_final_Boss/project_1/project_1.gen/sources_1/bd/design_1/ipshared/1889/hdl/verilog/HW_accel_fc_layer2.v:10]
INFO: [Synth 8-6157] synthesizing module 'HW_accel_fc_layer2_fc2_bias_ROM_AUTO_1R' [c:/Users/exam2/Desktop/Day_5_final_Boss/project_1/project_1.gen/sources_1/bd/design_1/ipshared/1889/hdl/verilog/HW_accel_fc_layer2_fc2_bias_ROM_AUTO_1R.v:7]
INFO: [Synth 8-3876] $readmem data file './HW_accel_fc_layer2_fc2_bias_ROM_AUTO_1R.dat' is read successfully [c:/Users/exam2/Desktop/Day_5_final_Boss/project_1/project_1.gen/sources_1/bd/design_1/ipshared/1889/hdl/verilog/HW_accel_fc_layer2_fc2_bias_ROM_AUTO_1R.v:37]
INFO: [Synth 8-3876] $readmem data file './HW_accel_fc_layer2_fc2_bias_ROM_AUTO_1R.dat' is read successfully [c:/Users/exam2/Desktop/Day_5_final_Boss/project_1/project_1.gen/sources_1/bd/design_1/ipshared/1889/hdl/verilog/HW_accel_fc_layer2_fc2_bias_ROM_AUTO_1R.v:38]
INFO: [Synth 8-3876] $readmem data file './HW_accel_fc_layer2_fc2_bias_ROM_AUTO_1R.dat' is read successfully [c:/Users/exam2/Desktop/Day_5_final_Boss/project_1/project_1.gen/sources_1/bd/design_1/ipshared/1889/hdl/verilog/HW_accel_fc_layer2_fc2_bias_ROM_AUTO_1R.v:39]
INFO: [Synth 8-6155] done synthesizing module 'HW_accel_fc_layer2_fc2_bias_ROM_AUTO_1R' (0#1) [c:/Users/exam2/Desktop/Day_5_final_Boss/project_1/project_1.gen/sources_1/bd/design_1/ipshared/1889/hdl/verilog/HW_accel_fc_layer2_fc2_bias_ROM_AUTO_1R.v:7]
INFO: [Synth 8-6157] synthesizing module 'HW_accel_fc_layer2_fc2_weight_ROM_AUTO_1R' [c:/Users/exam2/Desktop/Day_5_final_Boss/project_1/project_1.gen/sources_1/bd/design_1/ipshared/1889/hdl/verilog/HW_accel_fc_layer2_fc2_weight_ROM_AUTO_1R.v:7]
INFO: [Synth 8-3876] $readmem data file './HW_accel_fc_layer2_fc2_weight_ROM_AUTO_1R.dat' is read successfully [c:/Users/exam2/Desktop/Day_5_final_Boss/project_1/project_1.gen/sources_1/bd/design_1/ipshared/1889/hdl/verilog/HW_accel_fc_layer2_fc2_weight_ROM_AUTO_1R.v:37]
INFO: [Synth 8-3876] $readmem data file './HW_accel_fc_layer2_fc2_weight_ROM_AUTO_1R.dat' is read successfully [c:/Users/exam2/Desktop/Day_5_final_Boss/project_1/project_1.gen/sources_1/bd/design_1/ipshared/1889/hdl/verilog/HW_accel_fc_layer2_fc2_weight_ROM_AUTO_1R.v:38]
INFO: [Synth 8-3876] $readmem data file './HW_accel_fc_layer2_fc2_weight_ROM_AUTO_1R.dat' is read successfully [c:/Users/exam2/Desktop/Day_5_final_Boss/project_1/project_1.gen/sources_1/bd/design_1/ipshared/1889/hdl/verilog/HW_accel_fc_layer2_fc2_weight_ROM_AUTO_1R.v:39]
INFO: [Synth 8-6155] done synthesizing module 'HW_accel_fc_layer2_fc2_weight_ROM_AUTO_1R' (0#1) [c:/Users/exam2/Desktop/Day_5_final_Boss/project_1/project_1.gen/sources_1/bd/design_1/ipshared/1889/hdl/verilog/HW_accel_fc_layer2_fc2_weight_ROM_AUTO_1R.v:7]
INFO: [Synth 8-6157] synthesizing module 'HW_accel_mux_165_32_1_1' [c:/Users/exam2/Desktop/Day_5_final_Boss/project_1/project_1.gen/sources_1/bd/design_1/ipshared/1889/hdl/verilog/HW_accel_mux_165_32_1_1.v:9]
INFO: [Synth 8-6155] done synthesizing module 'HW_accel_mux_165_32_1_1' (0#1) [c:/Users/exam2/Desktop/Day_5_final_Boss/project_1/project_1.gen/sources_1/bd/design_1/ipshared/1889/hdl/verilog/HW_accel_mux_165_32_1_1.v:9]
INFO: [Synth 8-6155] done synthesizing module 'HW_accel_fc_layer2' (0#1) [c:/Users/exam2/Desktop/Day_5_final_Boss/project_1/project_1.gen/sources_1/bd/design_1/ipshared/1889/hdl/verilog/HW_accel_fc_layer2.v:10]
INFO: [Synth 8-6157] synthesizing module 'HW_accel_write_output' [c:/Users/exam2/Desktop/Day_5_final_Boss/project_1/project_1.gen/sources_1/bd/design_1/ipshared/1889/hdl/verilog/HW_accel_write_output.v:10]
INFO: [Synth 8-6155] done synthesizing module 'HW_accel_write_output' (0#1) [c:/Users/exam2/Desktop/Day_5_final_Boss/project_1/project_1.gen/sources_1/bd/design_1/ipshared/1889/hdl/verilog/HW_accel_write_output.v:10]
INFO: [Synth 8-6157] synthesizing module 'HW_accel_fifo_w32_d2_S' [c:/Users/exam2/Desktop/Day_5_final_Boss/project_1/project_1.gen/sources_1/bd/design_1/ipshared/1889/hdl/verilog/HW_accel_fifo_w32_d2_S.v:43]
INFO: [Synth 8-6157] synthesizing module 'HW_accel_fifo_w32_d2_S_shiftReg' [c:/Users/exam2/Desktop/Day_5_final_Boss/project_1/project_1.gen/sources_1/bd/design_1/ipshared/1889/hdl/verilog/HW_accel_fifo_w32_d2_S.v:9]
INFO: [Synth 8-6155] done synthesizing module 'HW_accel_fifo_w32_d2_S_shiftReg' (0#1) [c:/Users/exam2/Desktop/Day_5_final_Boss/project_1/project_1.gen/sources_1/bd/design_1/ipshared/1889/hdl/verilog/HW_accel_fifo_w32_d2_S.v:9]
INFO: [Synth 8-6155] done synthesizing module 'HW_accel_fifo_w32_d2_S' (0#1) [c:/Users/exam2/Desktop/Day_5_final_Boss/project_1/project_1.gen/sources_1/bd/design_1/ipshared/1889/hdl/verilog/HW_accel_fifo_w32_d2_S.v:43]
INFO: [Synth 8-6155] done synthesizing module 'HW_accel' (0#1) [c:/Users/exam2/Desktop/Day_5_final_Boss/project_1/project_1.gen/sources_1/bd/design_1/ipshared/1889/hdl/verilog/HW_accel.v:10]
INFO: [Synth 8-6155] done synthesizing module 'design_1_HW_accel_0_0' (0#1) [c:/Users/exam2/Desktop/Day_5_final_Boss/project_1/project_1.gen/sources_1/bd/design_1/ip/design_1_HW_accel_0_0/synth/design_1_HW_accel_0_0.v:53]
WARNING: [Synth 8-7129] Port ap_done_int in module HW_accel_flow_control_loop_pipe is either unconnected or has no load
WARNING: [Synth 8-7129] Port din16[4] in module HW_accel_mux_165_32_1_1 is either unconnected or has no load
WARNING: [Synth 8-7129] Port CLK in module xbip_pipe_v3_0_6_viv__parameterized3 is either unconnected or has no load
WARNING: [Synth 8-7129] Port CE in module xbip_pipe_v3_0_6_viv__parameterized3 is either unconnected or has no load
WARNING: [Synth 8-7129] Port SCLR in module xbip_pipe_v3_0_6_viv__parameterized3 is either unconnected or has no load
WARNING: [Synth 8-7129] Port SSET in module xbip_pipe_v3_0_6_viv__parameterized3 is either unconnected or has no load
WARNING: [Synth 8-7129] Port SINIT in module xbip_pipe_v3_0_6_viv__parameterized3 is either unconnected or has no load
WARNING: [Synth 8-7129] Port CLK in module xbip_pipe_v3_0_6_viv__parameterized55 is either unconnected or has no load
WARNING: [Synth 8-7129] Port CE in module xbip_pipe_v3_0_6_viv__parameterized55 is either unconnected or has no load
WARNING: [Synth 8-7129] Port SCLR in module xbip_pipe_v3_0_6_viv__parameterized55 is either unconnected or has no load
WARNING: [Synth 8-7129] Port SSET in module xbip_pipe_v3_0_6_viv__parameterized55 is either unconnected or has no load
WARNING: [Synth 8-7129] Port SINIT in module xbip_pipe_v3_0_6_viv__parameterized55 is either unconnected or has no load
WARNING: [Synth 8-7129] Port DEC_OP_STATE[11] in module flt_dec_op_lat is either unconnected or has no load
WARNING: [Synth 8-7129] Port DEC_OP_STATE[10] in module flt_dec_op_lat is either unconnected or has no load
WARNING: [Synth 8-7129] Port DEC_OP_STATE[9] in module flt_dec_op_lat is either unconnected or has no load
WARNING: [Synth 8-7129] Port DEC_OP_STATE[8] in module flt_dec_op_lat is either unconnected or has no load
WARNING: [Synth 8-7129] Port DIVIDE_BY_ZERO_IN in module flt_dec_op_lat is either unconnected or has no load
WARNING: [Synth 8-7129] Port CLK in module xbip_pipe_v3_0_6_viv__parameterized29 is either unconnected or has no load
WARNING: [Synth 8-7129] Port CE in module xbip_pipe_v3_0_6_viv__parameterized29 is either unconnected or has no load
WARNING: [Synth 8-7129] Port SCLR in module xbip_pipe_v3_0_6_viv__parameterized29 is either unconnected or has no load
WARNING: [Synth 8-7129] Port SSET in module xbip_pipe_v3_0_6_viv__parameterized29 is either unconnected or has no load
WARNING: [Synth 8-7129] Port SINIT in module xbip_pipe_v3_0_6_viv__parameterized29 is either unconnected or has no load
WARNING: [Synth 8-7129] Port CLK in module xbip_pipe_v3_0_6_viv__parameterized72 is either unconnected or has no load
WARNING: [Synth 8-7129] Port CE in module xbip_pipe_v3_0_6_viv__parameterized72 is either unconnected or has no load
WARNING: [Synth 8-7129] Port SCLR in module xbip_pipe_v3_0_6_viv__parameterized72 is either unconnected or has no load
WARNING: [Synth 8-7129] Port SSET in module xbip_pipe_v3_0_6_viv__parameterized72 is either unconnected or has no load
WARNING: [Synth 8-7129] Port SINIT in module xbip_pipe_v3_0_6_viv__parameterized72 is either unconnected or has no load
WARNING: [Synth 8-7129] Port CLK in module xbip_pipe_v3_0_6_viv__parameterized70 is either unconnected or has no load
WARNING: [Synth 8-7129] Port CE in module xbip_pipe_v3_0_6_viv__parameterized70 is either unconnected or has no load
WARNING: [Synth 8-7129] Port SCLR in module xbip_pipe_v3_0_6_viv__parameterized70 is either unconnected or has no load
WARNING: [Synth 8-7129] Port SSET in module xbip_pipe_v3_0_6_viv__parameterized70 is either unconnected or has no load
WARNING: [Synth 8-7129] Port SINIT in module xbip_pipe_v3_0_6_viv__parameterized70 is either unconnected or has no load
WARNING: [Synth 8-7129] Port CLK in module xbip_pipe_v3_0_6_viv__parameterized13 is either unconnected or has no load
WARNING: [Synth 8-7129] Port CE in module xbip_pipe_v3_0_6_viv__parameterized13 is either unconnected or has no load
WARNING: [Synth 8-7129] Port SCLR in module xbip_pipe_v3_0_6_viv__parameterized13 is either unconnected or has no load
WARNING: [Synth 8-7129] Port SSET in module xbip_pipe_v3_0_6_viv__parameterized13 is either unconnected or has no load
WARNING: [Synth 8-7129] Port SINIT in module xbip_pipe_v3_0_6_viv__parameterized13 is either unconnected or has no load
WARNING: [Synth 8-7129] Port CLK in module xbip_pipe_v3_0_6_viv__parameterized11 is either unconnected or has no load
WARNING: [Synth 8-7129] Port CE in module xbip_pipe_v3_0_6_viv__parameterized11 is either unconnected or has no load
WARNING: [Synth 8-7129] Port SCLR in module xbip_pipe_v3_0_6_viv__parameterized11 is either unconnected or has no load
WARNING: [Synth 8-7129] Port SSET in module xbip_pipe_v3_0_6_viv__parameterized11 is either unconnected or has no load
WARNING: [Synth 8-7129] Port SINIT in module xbip_pipe_v3_0_6_viv__parameterized11 is either unconnected or has no load
WARNING: [Synth 8-7129] Port CLK in module xbip_pipe_v3_0_6_viv__parameterized7 is either unconnected or has no load
WARNING: [Synth 8-7129] Port CE in module xbip_pipe_v3_0_6_viv__parameterized7 is either unconnected or has no load
WARNING: [Synth 8-7129] Port SCLR in module xbip_pipe_v3_0_6_viv__parameterized7 is either unconnected or has no load
WARNING: [Synth 8-7129] Port SSET in module xbip_pipe_v3_0_6_viv__parameterized7 is either unconnected or has no load
WARNING: [Synth 8-7129] Port SINIT in module xbip_pipe_v3_0_6_viv__parameterized7 is either unconnected or has no load
WARNING: [Synth 8-7129] Port SCLR in module dsp48e1_wrapper__parameterized3 is either unconnected or has no load
WARNING: [Synth 8-7129] Port SIGN in module flt_round_dsp_opt_full is either unconnected or has no load
WARNING: [Synth 8-7129] Port CLK in module xbip_pipe_v3_0_6_viv__parameterized68 is either unconnected or has no load
WARNING: [Synth 8-7129] Port CE in module xbip_pipe_v3_0_6_viv__parameterized68 is either unconnected or has no load
WARNING: [Synth 8-7129] Port SCLR in module xbip_pipe_v3_0_6_viv__parameterized68 is either unconnected or has no load
WARNING: [Synth 8-7129] Port SSET in module xbip_pipe_v3_0_6_viv__parameterized68 is either unconnected or has no load
WARNING: [Synth 8-7129] Port SINIT in module xbip_pipe_v3_0_6_viv__parameterized68 is either unconnected or has no load
WARNING: [Synth 8-7129] Port CLK in module xbip_pipe_v3_0_6_viv__parameterized49 is either unconnected or has no load
WARNING: [Synth 8-7129] Port CE in module xbip_pipe_v3_0_6_viv__parameterized49 is either unconnected or has no load
WARNING: [Synth 8-7129] Port SCLR in module xbip_pipe_v3_0_6_viv__parameterized49 is either unconnected or has no load
WARNING: [Synth 8-7129] Port SSET in module xbip_pipe_v3_0_6_viv__parameterized49 is either unconnected or has no load
WARNING: [Synth 8-7129] Port SINIT in module xbip_pipe_v3_0_6_viv__parameterized49 is either unconnected or has no load
WARNING: [Synth 8-7129] Port CLK in module xbip_pipe_v3_0_6_viv__parameterized47 is either unconnected or has no load
WARNING: [Synth 8-7129] Port CE in module xbip_pipe_v3_0_6_viv__parameterized47 is either unconnected or has no load
WARNING: [Synth 8-7129] Port SCLR in module xbip_pipe_v3_0_6_viv__parameterized47 is either unconnected or has no load
WARNING: [Synth 8-7129] Port SSET in module xbip_pipe_v3_0_6_viv__parameterized47 is either unconnected or has no load
WARNING: [Synth 8-7129] Port SINIT in module xbip_pipe_v3_0_6_viv__parameterized47 is either unconnected or has no load
WARNING: [Synth 8-7129] Port CLK in module xbip_pipe_v3_0_6_viv__parameterized66 is either unconnected or has no load
WARNING: [Synth 8-7129] Port CE in module xbip_pipe_v3_0_6_viv__parameterized66 is either unconnected or has no load
WARNING: [Synth 8-7129] Port SCLR in module xbip_pipe_v3_0_6_viv__parameterized66 is either unconnected or has no load
WARNING: [Synth 8-7129] Port SSET in module xbip_pipe_v3_0_6_viv__parameterized66 is either unconnected or has no load
WARNING: [Synth 8-7129] Port SINIT in module xbip_pipe_v3_0_6_viv__parameterized66 is either unconnected or has no load
WARNING: [Synth 8-7129] Port SCLR in module xbip_pipe_v3_0_6_viv__parameterized33 is either unconnected or has no load
WARNING: [Synth 8-7129] Port SSET in module xbip_pipe_v3_0_6_viv__parameterized33 is either unconnected or has no load
WARNING: [Synth 8-7129] Port SINIT in module xbip_pipe_v3_0_6_viv__parameterized33 is either unconnected or has no load
WARNING: [Synth 8-7129] Port SCLR in module xbip_pipe_v3_0_6_viv__parameterized64 is either unconnected or has no load
WARNING: [Synth 8-7129] Port SSET in module xbip_pipe_v3_0_6_viv__parameterized64 is either unconnected or has no load
WARNING: [Synth 8-7129] Port SINIT in module xbip_pipe_v3_0_6_viv__parameterized64 is either unconnected or has no load
WARNING: [Synth 8-7129] Port SCLR in module xbip_pipe_v3_0_6_viv__parameterized31 is either unconnected or has no load
WARNING: [Synth 8-7129] Port SSET in module xbip_pipe_v3_0_6_viv__parameterized31 is either unconnected or has no load
WARNING: [Synth 8-7129] Port SINIT in module xbip_pipe_v3_0_6_viv__parameterized31 is either unconnected or has no load
WARNING: [Synth 8-7129] Port SCLR in module xbip_pipe_v3_0_6_viv__parameterized62 is either unconnected or has no load
WARNING: [Synth 8-7129] Port SSET in module xbip_pipe_v3_0_6_viv__parameterized62 is either unconnected or has no load
WARNING: [Synth 8-7129] Port SINIT in module xbip_pipe_v3_0_6_viv__parameterized62 is either unconnected or has no load
WARNING: [Synth 8-7129] Port SCLR in module xbip_pipe_v3_0_6_viv__parameterized17 is either unconnected or has no load
WARNING: [Synth 8-7129] Port SSET in module xbip_pipe_v3_0_6_viv__parameterized17 is either unconnected or has no load
WARNING: [Synth 8-7129] Port SINIT in module xbip_pipe_v3_0_6_viv__parameterized17 is either unconnected or has no load
WARNING: [Synth 8-7129] Port CARRYS_OUT[0] in module compare_eq_im__parameterized1 is either unconnected or has no load
WARNING: [Synth 8-7129] Port A[31] in module special_detect__parameterized0 is either unconnected or has no load
WARNING: [Synth 8-7129] Port CLK in module xbip_pipe_v3_0_6_viv__parameterized60 is either unconnected or has no load
WARNING: [Synth 8-7129] Port CE in module xbip_pipe_v3_0_6_viv__parameterized60 is either unconnected or has no load
WARNING: [Synth 8-7129] Port SCLR in module xbip_pipe_v3_0_6_viv__parameterized60 is either unconnected or has no load
WARNING: [Synth 8-7129] Port SSET in module xbip_pipe_v3_0_6_viv__parameterized60 is either unconnected or has no load
WARNING: [Synth 8-7129] Port SINIT in module xbip_pipe_v3_0_6_viv__parameterized60 is either unconnected or has no load
WARNING: [Synth 8-7129] Port CLK in module xbip_pipe_v3_0_6_viv__parameterized15 is either unconnected or has no load
WARNING: [Synth 8-7129] Port CE in module xbip_pipe_v3_0_6_viv__parameterized15 is either unconnected or has no load
WARNING: [Synth 8-7129] Port SCLR in module xbip_pipe_v3_0_6_viv__parameterized15 is either unconnected or has no load
WARNING: [Synth 8-7129] Port SSET in module xbip_pipe_v3_0_6_viv__parameterized15 is either unconnected or has no load
WARNING: [Synth 8-7129] Port SINIT in module xbip_pipe_v3_0_6_viv__parameterized15 is either unconnected or has no load
WARNING: [Synth 8-7129] Port CLK in module xbip_pipe_v3_0_6_viv__parameterized58 is either unconnected or has no load
WARNING: [Synth 8-7129] Port CE in module xbip_pipe_v3_0_6_viv__parameterized58 is either unconnected or has no load
WARNING: [Synth 8-7129] Port SCLR in module xbip_pipe_v3_0_6_viv__parameterized58 is either unconnected or has no load
WARNING: [Synth 8-7129] Port SSET in module xbip_pipe_v3_0_6_viv__parameterized58 is either unconnected or has no load
INFO: [Common 17-14] Message 'Synth 8-7129' appears 100 times and further instances of the messages will be disabled. Use the Tcl command set_msg_config to change the current settings.
---------------------------------------------------------------------------------
Finished RTL Elaboration : Time (s): cpu = 00:00:16 ; elapsed = 00:00:25 . Memory (MB): peak = 1455.055 ; gain = 27.547
---------------------------------------------------------------------------------
---------------------------------------------------------------------------------
Start Handling Custom Attributes
---------------------------------------------------------------------------------
---------------------------------------------------------------------------------
Finished Handling Custom Attributes : Time (s): cpu = 00:00:16 ; elapsed = 00:00:25 . Memory (MB): peak = 1455.055 ; gain = 27.547
---------------------------------------------------------------------------------
---------------------------------------------------------------------------------
Finished RTL Optimization Phase 1 : Time (s): cpu = 00:00:16 ; elapsed = 00:00:25 . Memory (MB): peak = 1455.055 ; gain = 27.547
---------------------------------------------------------------------------------
Netlist sorting complete. Time (s): cpu = 00:00:02 ; elapsed = 00:00:02 . Memory (MB): peak = 1480.020 ; gain = 24.965
INFO: [Netlist 29-17] Analyzing 5114 Unisim elements for replacement
INFO: [Netlist 29-28] Unisim Transformation completed in 0 CPU seconds
INFO: [Project 1-570] Preparing netlist for logic optimization

Processing XDC Constraints
Initializing timing engine
Parsing XDC File [c:/Users/exam2/Desktop/Day_5_final_Boss/project_1/project_1.gen/sources_1/bd/design_1/ip/design_1_HW_accel_0_0/constraints/HW_accel_ooc.xdc] for cell 'inst'
Finished Parsing XDC File [c:/Users/exam2/Desktop/Day_5_final_Boss/project_1/project_1.gen/sources_1/bd/design_1/ip/design_1_HW_accel_0_0/constraints/HW_accel_ooc.xdc] for cell 'inst'
Parsing XDC File [C:/Users/exam2/Desktop/Day_5_final_Boss/project_1/project_1.runs/design_1_HW_accel_0_0_synth_1/dont_touch.xdc]
Finished Parsing XDC File [C:/Users/exam2/Desktop/Day_5_final_Boss/project_1/project_1.runs/design_1_HW_accel_0_0_synth_1/dont_touch.xdc]
Completed Processing XDC Constraints

Netlist sorting complete. Time (s): cpu = 00:00:00 ; elapsed = 00:00:00.076 . Memory (MB): peak = 1833.539 ; gain = 0.000
INFO: [Project 1-111] Unisim Transformation Summary:
  A total of 120 instances were transformed.
  FDE => FDRE: 120 instances

Constraint Validation Runtime : Time (s): cpu = 00:00:01 ; elapsed = 00:00:01 . Memory (MB): peak = 1866.086 ; gain = 32.547
INFO: [Designutils 20-5008] Incremental synthesis strategy off
---------------------------------------------------------------------------------
Finished Constraint Validation : Time (s): cpu = 00:00:37 ; elapsed = 00:00:45 . Memory (MB): peak = 1866.086 ; gain = 438.578
---------------------------------------------------------------------------------
---------------------------------------------------------------------------------
Start Loading Part and Timing Information
---------------------------------------------------------------------------------
Loading part: xc7z020clg400-1
---------------------------------------------------------------------------------
Finished Loading Part and Timing Information : Time (s): cpu = 00:00:37 ; elapsed = 00:00:45 . Memory (MB): peak = 1866.086 ; gain = 438.578
---------------------------------------------------------------------------------
---------------------------------------------------------------------------------
Start Applying 'set_property' XDC Constraints
---------------------------------------------------------------------------------
Applied set_property KEEP_HIERARCHY = SOFT for inst. (constraint file  C:/Users/exam2/Desktop/Day_5_final_Boss/project_1/project_1.runs/design_1_HW_accel_0_0_synth_1/dont_touch.xdc, line 9).
---------------------------------------------------------------------------------
Finished applying 'set_property' XDC Constraints : Time (s): cpu = 00:00:37 ; elapsed = 00:00:45 . Memory (MB): peak = 1866.086 ; gain = 438.578
---------------------------------------------------------------------------------
INFO: [Synth 8-4490] FSM extraction disabled for register 'ap_CS_fsm_reg' through user attribute
WARNING: [Synth 8-3936] Found unconnected internal register 'sext_ln144_reg_2258_reg' and it is trimmed from '7' to '6' bits. [c:/Users/exam2/Desktop/Day_5_final_Boss/project_1/project_1.gen/sources_1/bd/design_1/ipshared/1889/hdl/verilog/HW_accel_conv2.v:806]
INFO: [Synth 8-4490] FSM extraction disabled for register 'ap_CS_fsm_reg' through user attribute
INFO: [Synth 8-4490] FSM extraction disabled for register 'ap_CS_fsm_reg' through user attribute
INFO: [Synth 8-4490] FSM extraction disabled for register 'ap_CS_fsm_reg' through user attribute
INFO: [Synth 8-4490] FSM extraction disabled for register 'ap_CS_fsm_reg' through user attribute
INFO: [Synth 8-4490] FSM extraction disabled for register 'ap_CS_fsm_reg' through user attribute
INFO: [Synth 8-4490] FSM extraction disabled for register 'ap_CS_fsm_reg' through user attribute
INFO: [Synth 8-4490] FSM extraction disabled for register 'ap_CS_fsm_reg' through user attribute
INFO: [Synth 8-3971] The signal "HW_accel_mem_1_0_RAM_AUTO_1R1W_memcore:/ram_reg" was recognized as a true dual port RAM template.
INFO: [Synth 8-3971] The signal "HW_accel_mem_2_RAM_AUTO_1R1W_memcore:/ram_reg" was recognized as a true dual port RAM template.
INFO: [Synth 8-3971] The signal "HW_accel_mem_4_RAM_AUTO_1R1W_memcore:/ram_reg" was recognized as a true dual port RAM template.
INFO: [Synth 8-3971] The signal "HW_accel_mem_6_RAM_AUTO_1R1W_memcore:/ram_reg" was recognized as a true dual port RAM template.
INFO: [Synth 8-3971] The signal "HW_accel_fc2_output_RAM_AUTO_1R1W_memcore:/ram_reg" was recognized as a true dual port RAM template.
---------------------------------------------------------------------------------
Finished RTL Optimization Phase 2 : Time (s): cpu = 00:00:40 ; elapsed = 00:00:49 . Memory (MB): peak = 1866.086 ; gain = 438.578
---------------------------------------------------------------------------------
INFO: [Synth 8-223] decloning instance 'HW_accel_fadd_32ns_32ns_32_5_full_dsp_1:/HW_accel_fadd_32ns_32ns_32_5_full_dsp_1_ip_u/inst/i_synth/ADDSUB_OP.ADDSUB/DSP.OP/DSP48E1_BODY.ALIGN_ADD/SUB_DELAY' (delay__parameterized0) to 'HW_accel_fadd_32ns_32ns_32_5_full_dsp_1:/HW_accel_fadd_32ns_32ns_32_5_full_dsp_1_ip_u/inst/i_synth/ADDSUB_OP.ADDSUB/DSP.OP/DSP48E1_BODY.ALIGN_ADD/SUB_ADD_IP_DELAY'
INFO: [Synth 8-223] decloning instance 'HW_accel_fadd_32ns_32ns_32_5_full_dsp_1:/HW_accel_fadd_32ns_32ns_32_5_full_dsp_1_ip_u/inst/i_synth/DELAY_DIVIDE_BY_ZERO' (delay__parameterized0) to 'HW_accel_fadd_32ns_32ns_32_5_full_dsp_1:/HW_accel_fadd_32ns_32ns_32_5_full_dsp_1_ip_u/inst/i_synth/DELAY_ACCUM_OVERFLOW'
INFO: [Synth 8-223] decloning instance 'HW_accel_fadd_32ns_32ns_32_5_full_dsp_1:/HW_accel_fadd_32ns_32ns_32_5_full_dsp_1_ip_u/inst/i_synth/DELAY_DIVIDE_BY_ZERO' (delay__parameterized0) to 'HW_accel_fadd_32ns_32ns_32_5_full_dsp_1:/HW_accel_fadd_32ns_32ns_32_5_full_dsp_1_ip_u/inst/i_synth/DELAY_ACCUM_INPUT_OVERFLOW'
INFO: [Synth 8-223] decloning instance 'HW_accel_fmul_32ns_32ns_32_4_max_dsp_1:/HW_accel_fmul_32ns_32ns_32_4_max_dsp_1_ip_u/inst/i_synth/DELAY_DIVIDE_BY_ZERO' (delay__parameterized0) to 'HW_accel_fmul_32ns_32ns_32_4_max_dsp_1:/HW_accel_fmul_32ns_32ns_32_4_max_dsp_1_ip_u/inst/i_synth/DELAY_ACCUM_OVERFLOW'
INFO: [Synth 8-223] decloning instance 'HW_accel_fmul_32ns_32ns_32_4_max_dsp_1:/HW_accel_fmul_32ns_32ns_32_4_max_dsp_1_ip_u/inst/i_synth/DELAY_DIVIDE_BY_ZERO' (delay__parameterized0) to 'HW_accel_fmul_32ns_32ns_32_4_max_dsp_1:/HW_accel_fmul_32ns_32ns_32_4_max_dsp_1_ip_u/inst/i_synth/DELAY_ACCUM_INPUT_OVERFLOW'
INFO: [Synth 8-223] decloning instance 'HW_accel_fcmp_32ns_32ns_1_2_no_dsp_1:/HW_accel_fcmp_32ns_32ns_1_2_no_dsp_1_ip_u/inst/i_synth/DELAY_DIVIDE_BY_ZERO' (delay__parameterized0) to 'HW_accel_fcmp_32ns_32ns_1_2_no_dsp_1:/HW_accel_fcmp_32ns_32ns_1_2_no_dsp_1_ip_u/inst/i_synth/DELAY_OVERFLOW'
INFO: [Synth 8-223] decloning instance 'HW_accel_fcmp_32ns_32ns_1_2_no_dsp_1:/HW_accel_fcmp_32ns_32ns_1_2_no_dsp_1_ip_u/inst/i_synth/DELAY_DIVIDE_BY_ZERO' (delay__parameterized0) to 'HW_accel_fcmp_32ns_32ns_1_2_no_dsp_1:/HW_accel_fcmp_32ns_32ns_1_2_no_dsp_1_ip_u/inst/i_synth/DELAY_UNDERFLOW'
INFO: [Synth 8-223] decloning instance 'HW_accel_fcmp_32ns_32ns_1_2_no_dsp_1:/HW_accel_fcmp_32ns_32ns_1_2_no_dsp_1_ip_u/inst/i_synth/DELAY_DIVIDE_BY_ZERO' (delay__parameterized0) to 'HW_accel_fcmp_32ns_32ns_1_2_no_dsp_1:/HW_accel_fcmp_32ns_32ns_1_2_no_dsp_1_ip_u/inst/i_synth/DELAY_ACCUM_OVERFLOW'
INFO: [Synth 8-223] decloning instance 'HW_accel_fcmp_32ns_32ns_1_2_no_dsp_1:/HW_accel_fcmp_32ns_32ns_1_2_no_dsp_1_ip_u/inst/i_synth/DELAY_DIVIDE_BY_ZERO' (delay__parameterized0) to 'HW_accel_fcmp_32ns_32ns_1_2_no_dsp_1:/HW_accel_fcmp_32ns_32ns_1_2_no_dsp_1_ip_u/inst/i_synth/DELAY_ACCUM_INPUT_OVERFLOW'
---------------------------------------------------------------------------------
Start RTL Component Statistics 
---------------------------------------------------------------------------------
---------------------------------------------------------------------------------
Finished RTL Component Statistics 
---------------------------------------------------------------------------------
---------------------------------------------------------------------------------
Start Part Resource Summary
---------------------------------------------------------------------------------
Part Resources:
DSPs: 220 (col length:60)
BRAMs: 280 (col length: RAMB18 60 RAMB36 30)
---------------------------------------------------------------------------------
Finished Part Resource Summary
---------------------------------------------------------------------------------
---------------------------------------------------------------------------------
Start Cross Boundary and Area Optimization
---------------------------------------------------------------------------------
WARNING: [Synth 8-7080] Parallel synthesis criteria is not met
WARNING: [Synth 8-3936] Found unconnected internal register 'ama_addmuladd_8ns_5ns_5ns_5ns_12_4_1_U171/HW_accel_ama_addmuladd_8ns_5ns_5ns_5ns_12_4_1_DSP48_1_U/p_reg_reg' and it is trimmed from '44' to '12' bits. [c:/Users/exam2/Desktop/Day_5_final_Boss/project_1/project_1.gen/sources_1/bd/design_1/ipshared/1889/hdl/verilog/HW_accel_ama_addmuladd_8ns_5ns_5ns_5ns_12_4_1.v:45]
WARNING: [Synth 8-3936] Found unconnected internal register 'ama_addmuladd_8ns_5ns_5ns_5ns_12_4_1_U171/HW_accel_ama_addmuladd_8ns_5ns_5ns_5ns_12_4_1_DSP48_1_U/m_reg_reg' and it is trimmed from '43' to '12' bits. [c:/Users/exam2/Desktop/Day_5_final_Boss/project_1/project_1.gen/sources_1/bd/design_1/ipshared/1889/hdl/verilog/HW_accel_ama_addmuladd_8ns_5ns_5ns_5ns_12_4_1.v:38]
WARNING: [Synth 8-3936] Found unconnected internal register 'ama_addmuladd_7ns_5ns_5ns_5ns_12_4_1_U91/HW_accel_ama_addmuladd_7ns_5ns_5ns_5ns_12_4_1_DSP48_0_U/p_reg_reg' and it is trimmed from '44' to '12' bits. [c:/Users/exam2/Desktop/Day_5_final_Boss/project_1/project_1.gen/sources_1/bd/design_1/ipshared/1889/hdl/verilog/HW_accel_ama_addmuladd_7ns_5ns_5ns_5ns_12_4_1.v:45]
WARNING: [Synth 8-3936] Found unconnected internal register 'ama_addmuladd_7ns_5ns_5ns_5ns_12_4_1_U91/HW_accel_ama_addmuladd_7ns_5ns_5ns_5ns_12_4_1_DSP48_0_U/m_reg_reg' and it is trimmed from '43' to '12' bits. [c:/Users/exam2/Desktop/Day_5_final_Boss/project_1/project_1.gen/sources_1/bd/design_1/ipshared/1889/hdl/verilog/HW_accel_ama_addmuladd_7ns_5ns_5ns_5ns_12_4_1.v:38]
INFO: [Synth 8-3971] The signal "inst/fc2_output_U/gen_buffer[0].HW_accel_fc2_output_RAM_AUTO_1R1W_memcore_U/ram_reg" was recognized as a true dual port RAM template.
INFO: [Synth 8-3971] The signal "inst/fc2_output_U/gen_buffer[1].HW_accel_fc2_output_RAM_AUTO_1R1W_memcore_U/ram_reg" was recognized as a true dual port RAM template.
WARNING: [Synth 8-6014] Unused sequential element HW_accel_mem_6_RAM_AUTO_1R1W_memcore_U/ram_reg was removed. 
WARNING: [Synth 8-6014] Unused sequential element HW_accel_mem_4_RAM_AUTO_1R1W_memcore_U/ram_reg was removed. 
WARNING: [Synth 8-6014] Unused sequential element HW_accel_mem_2_RAM_AUTO_1R1W_memcore_U/ram_reg was removed. 
WARNING: [Synth 8-6014] Unused sequential element HW_accel_mem_1_0_RAM_AUTO_1R1W_memcore_U/ram_reg was removed. 
INFO: [Synth 8-3332] Sequential element (ADDSUB_OP.ADDSUB/DSP.OP/DSP48E1_BODY.NORM_RND/FULL_USAGE_DSP.LOD/dist_norm_reg[1]) is unused and will be removed from module floating_point_v7_1_14_viv__1.
INFO: [Synth 8-3332] Sequential element (ADDSUB_OP.ADDSUB/DSP.OP/DSP48E1_BODY.NORM_RND/FULL_USAGE_DSP.LOD/dist_norm_reg[0]) is unused and will be removed from module floating_point_v7_1_14_viv__1.
INFO: [Synth 8-3332] Sequential element (ADDSUB_OP.ADDSUB/DSP.OP/DSP48E1_BODY.NORM_RND/FULL_USAGE_DSP.LOD/dist_norm_reg[1]) is unused and will be removed from module floating_point_v7_1_14_viv__2.
INFO: [Synth 8-3332] Sequential element (ADDSUB_OP.ADDSUB/DSP.OP/DSP48E1_BODY.NORM_RND/FULL_USAGE_DSP.LOD/dist_norm_reg[0]) is unused and will be removed from module floating_point_v7_1_14_viv__2.
INFO: [Synth 8-3332] Sequential element (ADDSUB_OP.ADDSUB/DSP.OP/DSP48E1_BODY.NORM_RND/FULL_USAGE_DSP.LOD/dist_norm_reg[1]) is unused and will be removed from module floating_point_v7_1_14_viv__3.
INFO: [Synth 8-3332] Sequential element (ADDSUB_OP.ADDSUB/DSP.OP/DSP48E1_BODY.NORM_RND/FULL_USAGE_DSP.LOD/dist_norm_reg[0]) is unused and will be removed from module floating_point_v7_1_14_viv__3.
INFO: [Synth 8-3332] Sequential element (ADDSUB_OP.ADDSUB/DSP.OP/DSP48E1_BODY.NORM_RND/FULL_USAGE_DSP.LOD/dist_norm_reg[1]) is unused and will be removed from module floating_point_v7_1_14_viv__4.
INFO: [Synth 8-3332] Sequential element (ADDSUB_OP.ADDSUB/DSP.OP/DSP48E1_BODY.NORM_RND/FULL_USAGE_DSP.LOD/dist_norm_reg[0]) is unused and will be removed from module floating_point_v7_1_14_viv__4.
INFO: [Synth 8-3332] Sequential element (ADDSUB_OP.ADDSUB/DSP.OP/DSP48E1_BODY.NORM_RND/FULL_USAGE_DSP.LOD/dist_norm_reg[1]) is unused and will be removed from module floating_point_v7_1_14_viv__5.
INFO: [Synth 8-3332] Sequential element (ADDSUB_OP.ADDSUB/DSP.OP/DSP48E1_BODY.NORM_RND/FULL_USAGE_DSP.LOD/dist_norm_reg[0]) is unused and will be removed from module floating_point_v7_1_14_viv__5.
INFO: [Synth 8-3332] Sequential element (ADDSUB_OP.ADDSUB/DSP.OP/DSP48E1_BODY.NORM_RND/FULL_USAGE_DSP.LOD/dist_norm_reg[1]) is unused and will be removed from module floating_point_v7_1_14_viv__6.
INFO: [Synth 8-3332] Sequential element (ADDSUB_OP.ADDSUB/DSP.OP/DSP48E1_BODY.NORM_RND/FULL_USAGE_DSP.LOD/dist_norm_reg[0]) is unused and will be removed from module floating_point_v7_1_14_viv__6.
INFO: [Synth 8-3332] Sequential element (ADDSUB_OP.ADDSUB/DSP.OP/DSP48E1_BODY.NORM_RND/FULL_USAGE_DSP.LOD/dist_norm_reg[1]) is unused and will be removed from module floating_point_v7_1_14_viv__7.
INFO: [Synth 8-3332] Sequential element (ADDSUB_OP.ADDSUB/DSP.OP/DSP48E1_BODY.NORM_RND/FULL_USAGE_DSP.LOD/dist_norm_reg[0]) is unused and will be removed from module floating_point_v7_1_14_viv__7.
INFO: [Synth 8-3332] Sequential element (ADDSUB_OP.ADDSUB/DSP.OP/DSP48E1_BODY.NORM_RND/FULL_USAGE_DSP.LOD/dist_norm_reg[1]) is unused and will be removed from module floating_point_v7_1_14_viv__8.
INFO: [Synth 8-3332] Sequential element (ADDSUB_OP.ADDSUB/DSP.OP/DSP48E1_BODY.NORM_RND/FULL_USAGE_DSP.LOD/dist_norm_reg[0]) is unused and will be removed from module floating_point_v7_1_14_viv__8.
INFO: [Synth 8-3332] Sequential element (ADDSUB_OP.ADDSUB/DSP.OP/DSP48E1_BODY.NORM_RND/FULL_USAGE_DSP.LOD/dist_norm_reg[1]) is unused and will be removed from module floating_point_v7_1_14_viv__9.
INFO: [Synth 8-3332] Sequential element (ADDSUB_OP.ADDSUB/DSP.OP/DSP48E1_BODY.NORM_RND/FULL_USAGE_DSP.LOD/dist_norm_reg[0]) is unused and will be removed from module floating_point_v7_1_14_viv__9.
INFO: [Synth 8-3332] Sequential element (ADDSUB_OP.ADDSUB/DSP.OP/DSP48E1_BODY.NORM_RND/FULL_USAGE_DSP.LOD/dist_norm_reg[1]) is unused and will be removed from module floating_point_v7_1_14_viv__10.
INFO: [Synth 8-3332] Sequential element (ADDSUB_OP.ADDSUB/DSP.OP/DSP48E1_BODY.NORM_RND/FULL_USAGE_DSP.LOD/dist_norm_reg[0]) is unused and will be removed from module floating_point_v7_1_14_viv__10.
INFO: [Synth 8-3332] Sequential element (ADDSUB_OP.ADDSUB/DSP.OP/DSP48E1_BODY.NORM_RND/FULL_USAGE_DSP.LOD/dist_norm_reg[1]) is unused and will be removed from module floating_point_v7_1_14_viv__11.
INFO: [Synth 8-3332] Sequential element (ADDSUB_OP.ADDSUB/DSP.OP/DSP48E1_BODY.NORM_RND/FULL_USAGE_DSP.LOD/dist_norm_reg[0]) is unused and will be removed from module floating_point_v7_1_14_viv__11.
INFO: [Synth 8-3332] Sequential element (ADDSUB_OP.ADDSUB/DSP.OP/DSP48E1_BODY.NORM_RND/FULL_USAGE_DSP.LOD/dist_norm_reg[1]) is unused and will be removed from module floating_point_v7_1_14_viv__12.
INFO: [Synth 8-3332] Sequential element (ADDSUB_OP.ADDSUB/DSP.OP/DSP48E1_BODY.NORM_RND/FULL_USAGE_DSP.LOD/dist_norm_reg[0]) is unused and will be removed from module floating_point_v7_1_14_viv__12.
INFO: [Synth 8-3332] Sequential element (ADDSUB_OP.ADDSUB/DSP.OP/DSP48E1_BODY.NORM_RND/FULL_USAGE_DSP.LOD/dist_norm_reg[1]) is unused and will be removed from module floating_point_v7_1_14_viv__13.
INFO: [Synth 8-3332] Sequential element (ADDSUB_OP.ADDSUB/DSP.OP/DSP48E1_BODY.NORM_RND/FULL_USAGE_DSP.LOD/dist_norm_reg[0]) is unused and will be removed from module floating_point_v7_1_14_viv__13.
INFO: [Synth 8-3332] Sequential element (ADDSUB_OP.ADDSUB/DSP.OP/DSP48E1_BODY.NORM_RND/FULL_USAGE_DSP.LOD/dist_norm_reg[1]) is unused and will be removed from module floating_point_v7_1_14_viv__14.
INFO: [Synth 8-3332] Sequential element (ADDSUB_OP.ADDSUB/DSP.OP/DSP48E1_BODY.NORM_RND/FULL_USAGE_DSP.LOD/dist_norm_reg[0]) is unused and will be removed from module floating_point_v7_1_14_viv__14.
INFO: [Synth 8-3332] Sequential element (ADDSUB_OP.ADDSUB/DSP.OP/DSP48E1_BODY.NORM_RND/FULL_USAGE_DSP.LOD/dist_norm_reg[1]) is unused and will be removed from module floating_point_v7_1_14_viv__15.
INFO: [Synth 8-3332] Sequential element (ADDSUB_OP.ADDSUB/DSP.OP/DSP48E1_BODY.NORM_RND/FULL_USAGE_DSP.LOD/dist_norm_reg[0]) is unused and will be removed from module floating_point_v7_1_14_viv__15.
INFO: [Synth 8-3332] Sequential element (ADDSUB_OP.ADDSUB/DSP.OP/DSP48E1_BODY.NORM_RND/FULL_USAGE_DSP.LOD/dist_norm_reg[1]) is unused and will be removed from module floating_point_v7_1_14_viv__16.
INFO: [Synth 8-3332] Sequential element (ADDSUB_OP.ADDSUB/DSP.OP/DSP48E1_BODY.NORM_RND/FULL_USAGE_DSP.LOD/dist_norm_reg[0]) is unused and will be removed from module floating_point_v7_1_14_viv__16.
INFO: [Synth 8-3332] Sequential element (ADDSUB_OP.ADDSUB/DSP.OP/DSP48E1_BODY.NORM_RND/FULL_USAGE_DSP.LOD/dist_norm_reg[1]) is unused and will be removed from module floating_point_v7_1_14_viv__17.
INFO: [Synth 8-3332] Sequential element (ADDSUB_OP.ADDSUB/DSP.OP/DSP48E1_BODY.NORM_RND/FULL_USAGE_DSP.LOD/dist_norm_reg[0]) is unused and will be removed from module floating_point_v7_1_14_viv__17.
INFO: [Synth 8-3332] Sequential element (ADDSUB_OP.ADDSUB/DSP.OP/DSP48E1_BODY.NORM_RND/FULL_USAGE_DSP.LOD/dist_norm_reg[1]) is unused and will be removed from module floating_point_v7_1_14_viv__18.
INFO: [Synth 8-3332] Sequential element (ADDSUB_OP.ADDSUB/DSP.OP/DSP48E1_BODY.NORM_RND/FULL_USAGE_DSP.LOD/dist_norm_reg[0]) is unused and will be removed from module floating_point_v7_1_14_viv__18.
INFO: [Synth 8-3332] Sequential element (ADDSUB_OP.ADDSUB/DSP.OP/DSP48E1_BODY.NORM_RND/FULL_USAGE_DSP.LOD/dist_norm_reg[1]) is unused and will be removed from module floating_point_v7_1_14_viv__19.
INFO: [Synth 8-3332] Sequential element (ADDSUB_OP.ADDSUB/DSP.OP/DSP48E1_BODY.NORM_RND/FULL_USAGE_DSP.LOD/dist_norm_reg[0]) is unused and will be removed from module floating_point_v7_1_14_viv__19.
INFO: [Synth 8-3332] Sequential element (ADDSUB_OP.ADDSUB/DSP.OP/DSP48E1_BODY.NORM_RND/FULL_USAGE_DSP.LOD/dist_norm_reg[1]) is unused and will be removed from module floating_point_v7_1_14_viv__20.
INFO: [Synth 8-3332] Sequential element (ADDSUB_OP.ADDSUB/DSP.OP/DSP48E1_BODY.NORM_RND/FULL_USAGE_DSP.LOD/dist_norm_reg[0]) is unused and will be removed from module floating_point_v7_1_14_viv__20.
INFO: [Synth 8-3332] Sequential element (ADDSUB_OP.ADDSUB/DSP.OP/DSP48E1_BODY.NORM_RND/FULL_USAGE_DSP.LOD/dist_norm_reg[1]) is unused and will be removed from module floating_point_v7_1_14_viv__21.
INFO: [Synth 8-3332] Sequential element (ADDSUB_OP.ADDSUB/DSP.OP/DSP48E1_BODY.NORM_RND/FULL_USAGE_DSP.LOD/dist_norm_reg[0]) is unused and will be removed from module floating_point_v7_1_14_viv__21.
INFO: [Synth 8-3332] Sequential element (ADDSUB_OP.ADDSUB/DSP.OP/DSP48E1_BODY.NORM_RND/FULL_USAGE_DSP.LOD/dist_norm_reg[1]) is unused and will be removed from module floating_point_v7_1_14_viv__22.
INFO: [Synth 8-3332] Sequential element (ADDSUB_OP.ADDSUB/DSP.OP/DSP48E1_BODY.NORM_RND/FULL_USAGE_DSP.LOD/dist_norm_reg[0]) is unused and will be removed from module floating_point_v7_1_14_viv__22.
INFO: [Synth 8-3332] Sequential element (ADDSUB_OP.ADDSUB/DSP.OP/DSP48E1_BODY.NORM_RND/FULL_USAGE_DSP.LOD/dist_norm_reg[1]) is unused and will be removed from module floating_point_v7_1_14_viv__23.
INFO: [Synth 8-3332] Sequential element (ADDSUB_OP.ADDSUB/DSP.OP/DSP48E1_BODY.NORM_RND/FULL_USAGE_DSP.LOD/dist_norm_reg[0]) is unused and will be removed from module floating_point_v7_1_14_viv__23.
INFO: [Synth 8-3332] Sequential element (ADDSUB_OP.ADDSUB/DSP.OP/DSP48E1_BODY.NORM_RND/FULL_USAGE_DSP.LOD/dist_norm_reg[1]) is unused and will be removed from module floating_point_v7_1_14_viv__24.
INFO: [Synth 8-3332] Sequential element (ADDSUB_OP.ADDSUB/DSP.OP/DSP48E1_BODY.NORM_RND/FULL_USAGE_DSP.LOD/dist_norm_reg[0]) is unused and will be removed from module floating_point_v7_1_14_viv__24.
INFO: [Synth 8-3332] Sequential element (ADDSUB_OP.ADDSUB/DSP.OP/DSP48E1_BODY.NORM_RND/FULL_USAGE_DSP.LOD/dist_norm_reg[1]) is unused and will be removed from module floating_point_v7_1_14_viv__25.
INFO: [Synth 8-3332] Sequential element (ADDSUB_OP.ADDSUB/DSP.OP/DSP48E1_BODY.NORM_RND/FULL_USAGE_DSP.LOD/dist_norm_reg[0]) is unused and will be removed from module floating_point_v7_1_14_viv__25.
INFO: [Synth 8-3332] Sequential element (ADDSUB_OP.ADDSUB/DSP.OP/DSP48E1_BODY.NORM_RND/FULL_USAGE_DSP.LOD/dist_norm_reg[1]) is unused and will be removed from module floating_point_v7_1_14_viv__26.
INFO: [Synth 8-3332] Sequential element (ADDSUB_OP.ADDSUB/DSP.OP/DSP48E1_BODY.NORM_RND/FULL_USAGE_DSP.LOD/dist_norm_reg[0]) is unused and will be removed from module floating_point_v7_1_14_viv__26.
INFO: [Synth 8-3332] Sequential element (ADDSUB_OP.ADDSUB/DSP.OP/DSP48E1_BODY.NORM_RND/FULL_USAGE_DSP.LOD/dist_norm_reg[1]) is unused and will be removed from module floating_point_v7_1_14_viv__27.
INFO: [Synth 8-3332] Sequential element (ADDSUB_OP.ADDSUB/DSP.OP/DSP48E1_BODY.NORM_RND/FULL_USAGE_DSP.LOD/dist_norm_reg[0]) is unused and will be removed from module floating_point_v7_1_14_viv__27.
INFO: [Synth 8-3332] Sequential element (ADDSUB_OP.ADDSUB/DSP.OP/DSP48E1_BODY.NORM_RND/FULL_USAGE_DSP.LOD/dist_norm_reg[1]) is unused and will be removed from module floating_point_v7_1_14_viv__28.
INFO: [Synth 8-3332] Sequential element (ADDSUB_OP.ADDSUB/DSP.OP/DSP48E1_BODY.NORM_RND/FULL_USAGE_DSP.LOD/dist_norm_reg[0]) is unused and will be removed from module floating_point_v7_1_14_viv__28.
INFO: [Synth 8-3332] Sequential element (ADDSUB_OP.ADDSUB/DSP.OP/DSP48E1_BODY.NORM_RND/FULL_USAGE_DSP.LOD/dist_norm_reg[1]) is unused and will be removed from module floating_point_v7_1_14_viv__29.
INFO: [Synth 8-3332] Sequential element (ADDSUB_OP.ADDSUB/DSP.OP/DSP48E1_BODY.NORM_RND/FULL_USAGE_DSP.LOD/dist_norm_reg[0]) is unused and will be removed from module floating_point_v7_1_14_viv__29.
INFO: [Synth 8-3332] Sequential element (ADDSUB_OP.ADDSUB/DSP.OP/DSP48E1_BODY.NORM_RND/FULL_USAGE_DSP.LOD/dist_norm_reg[1]) is unused and will be removed from module floating_point_v7_1_14_viv__30.
INFO: [Synth 8-3332] Sequential element (ADDSUB_OP.ADDSUB/DSP.OP/DSP48E1_BODY.NORM_RND/FULL_USAGE_DSP.LOD/dist_norm_reg[0]) is unused and will be removed from module floating_point_v7_1_14_viv__30.
INFO: [Synth 8-3332] Sequential element (ADDSUB_OP.ADDSUB/DSP.OP/DSP48E1_BODY.NORM_RND/FULL_USAGE_DSP.LOD/dist_norm_reg[1]) is unused and will be removed from module floating_point_v7_1_14_viv.
INFO: [Synth 8-3332] Sequential element (ADDSUB_OP.ADDSUB/DSP.OP/DSP48E1_BODY.NORM_RND/FULL_USAGE_DSP.LOD/dist_norm_reg[0]) is unused and will be removed from module floating_point_v7_1_14_viv.
WARNING: [Synth 8-3332] Sequential element (ama_addmuladd_7ns_5ns_5ns_5ns_12_4_1_U91/HW_accel_ama_addmuladd_7ns_5ns_5ns_5ns_12_4_1_DSP48_0_U/p_reg_reg) is unused and will be removed from module HW_accel_conv1.
---------------------------------------------------------------------------------
Finished Cross Boundary and Area Optimization : Time (s): cpu = 00:01:14 ; elapsed = 00:01:23 . Memory (MB): peak = 1866.086 ; gain = 438.578
---------------------------------------------------------------------------------
---------------------------------------------------------------------------------
Start Applying XDC Timing Constraints
---------------------------------------------------------------------------------
---------------------------------------------------------------------------------
Finished Applying XDC Timing Constraints : Time (s): cpu = 00:01:19 ; elapsed = 00:01:28 . Memory (MB): peak = 1866.086 ; gain = 438.578
---------------------------------------------------------------------------------
---------------------------------------------------------------------------------
Start Timing Optimization
---------------------------------------------------------------------------------
---------------------------------------------------------------------------------
Finished Timing Optimization : Time (s): cpu = 00:01:26 ; elapsed = 00:01:35 . Memory (MB): peak = 1866.086 ; gain = 438.578
---------------------------------------------------------------------------------
---------------------------------------------------------------------------------
Start Technology Mapping
---------------------------------------------------------------------------------
INFO: [Synth 8-7052] The timing for the instance inst/conv2_U0/grp_conv2_Pipeline_Fil_load_ch_Fil_load_r_Fil_load_c_fu_560/conv2_weight_U/q0_reg (implemented as a Block RAM) might be sub-optimal as no optional output register could be merged into the ram block. Providing additional output register may help in improving timing.
INFO: [Synth 8-7052] The timing for the instance inst/conv2_U0/grp_conv2_Pipeline_Fil_load_ch_Fil_load_r_Fil_load_c_fu_560/conv2_weight_U/q0_reg (implemented as a Block RAM) might be sub-optimal as no optional output register could be merged into the ram block. Providing additional output register may help in improving timing.
INFO: [Synth 8-7052] The timing for the instance inst/conv3_U0/grp_conv3_Pipeline_Fil_load_ch_Fil_load_r_Fil_load_c_fu_560/conv3_weight_U/q0_reg (implemented as a Block RAM) might be sub-optimal as no optional output register could be merged into the ram block. Providing additional output register may help in improving timing.
INFO: [Synth 8-7052] The timing for the instance inst/conv3_U0/grp_conv3_Pipeline_Fil_load_ch_Fil_load_r_Fil_load_c_fu_560/conv3_weight_U/q0_reg (implemented as a Block RAM) might be sub-optimal as no optional output register could be merged into the ram block. Providing additional output register may help in improving timing.
INFO: [Synth 8-7052] The timing for the instance inst/fc2_output_U/gen_buffer[0].HW_accel_fc2_output_RAM_AUTO_1R1W_memcore_U/ram_reg (implemented as a Block RAM) might be sub-optimal as no optional output register could be merged into the ram block. Providing additional output register may help in improving timing.
INFO: [Synth 8-7052] The timing for the instance inst/fc2_output_U/gen_buffer[1].HW_accel_fc2_output_RAM_AUTO_1R1W_memcore_U/ram_reg (implemented as a Block RAM) might be sub-optimal as no optional output register could be merged into the ram block. Providing additional output register may help in improving timing.
INFO: [Synth 8-7052] The timing for the instance inst/mem_5_1_U/gen_buffer[0].HW_accel_mem_5_RAM_AUTO_1R1W_memcore_U/ram_reg (implemented as a Block RAM) might be sub-optimal as no optional output register could be merged into the ram block. Providing additional output register may help in improving timing.
INFO: [Synth 8-7052] The timing for the instance inst/mem_5_1_U/gen_buffer[0].HW_accel_mem_5_RAM_AUTO_1R1W_memcore_U/ram_reg (implemented as a Block RAM) might be sub-optimal as no optional output register could be merged into the ram block. Providing additional output register may help in improving timing.
INFO: [Synth 8-7052] The timing for the instance inst/mem_5_1_U/gen_buffer[1].HW_accel_mem_5_RAM_AUTO_1R1W_memcore_U/ram_reg (implemented as a Block RAM) might be sub-optimal as no optional output register could be merged into the ram block. Providing additional output register may help in improving timing.
INFO: [Synth 8-7052] The timing for the instance inst/mem_5_1_U/gen_buffer[1].HW_accel_mem_5_RAM_AUTO_1R1W_memcore_U/ram_reg (implemented as a Block RAM) might be sub-optimal as no optional output register could be merged into the ram block. Providing additional output register may help in improving timing.
INFO: [Synth 8-7052] The timing for the instance inst/mem_5_U/gen_buffer[0].HW_accel_mem_5_RAM_AUTO_1R1W_memcore_U/ram_reg (implemented as a Block RAM) might be sub-optimal as no optional output register could be merged into the ram block. Providing additional output register may help in improving timing.
INFO: [Synth 8-7052] The timing for the instance inst/mem_5_U/gen_buffer[0].HW_accel_mem_5_RAM_AUTO_1R1W_memcore_U/ram_reg (implemented as a Block RAM) might be sub-optimal as no optional output register could be merged into the ram block. Providing additional output register may help in improving timing.
INFO: [Synth 8-7052] The timing for the instance inst/mem_5_U/gen_buffer[1].HW_accel_mem_5_RAM_AUTO_1R1W_memcore_U/ram_reg (implemented as a Block RAM) might be sub-optimal as no optional output register could be merged into the ram block. Providing additional output register may help in improving timing.
INFO: [Synth 8-7052] The timing for the instance inst/mem_5_U/gen_buffer[1].HW_accel_mem_5_RAM_AUTO_1R1W_memcore_U/ram_reg (implemented as a Block RAM) might be sub-optimal as no optional output register could be merged into the ram block. Providing additional output register may help in improving timing.
INFO: [Synth 8-7052] The timing for the instance inst/mem_4_U/HW_accel_mem_4_RAM_AUTO_1R1W_memcore_U/ram_reg_0 (implemented as a Block RAM) might be sub-optimal as no optional output register could be merged into the ram block. Providing additional output register may help in improving timing.
INFO: [Synth 8-7052] The timing for the instance inst/mem_4_U/HW_accel_mem_4_RAM_AUTO_1R1W_memcore_U/ram_reg_1 (implemented as a Block RAM) might be sub-optimal as no optional output register could be merged into the ram block. Providing additional output register may help in improving timing.
INFO: [Synth 8-7052] The timing for the instance inst/mem_3_1_U/gen_buffer[0].HW_accel_mem_3_RAM_AUTO_1R1W_memcore_U/ram_reg_0 (implemented as a Block RAM) might be sub-optimal as no optional output register could be merged into the ram block. Providing additional output register may help in improving timing.
INFO: [Synth 8-7052] The timing for the instance inst/mem_3_1_U/gen_buffer[0].HW_accel_mem_3_RAM_AUTO_1R1W_memcore_U/ram_reg_0 (implemented as a Block RAM) might be sub-optimal as no optional output register could be merged into the ram block. Providing additional output register may help in improving timing.
INFO: [Synth 8-7052] The timing for the instance inst/mem_3_1_U/gen_buffer[0].HW_accel_mem_3_RAM_AUTO_1R1W_memcore_U/ram_reg_1 (implemented as a Block RAM) might be sub-optimal as no optional output register could be merged into the ram block. Providing additional output register may help in improving timing.
INFO: [Synth 8-7052] The timing for the instance inst/mem_3_1_U/gen_buffer[0].HW_accel_mem_3_RAM_AUTO_1R1W_memcore_U/ram_reg_1 (implemented as a Block RAM) might be sub-optimal as no optional output register could be merged into the ram block. Providing additional output register may help in improving timing.
INFO: [Synth 8-7052] The timing for the instance inst/mem_3_1_U/gen_buffer[1].HW_accel_mem_3_RAM_AUTO_1R1W_memcore_U/ram_reg_0 (implemented as a Block RAM) might be sub-optimal as no optional output register could be merged into the ram block. Providing additional output register may help in improving timing.
INFO: [Synth 8-7052] The timing for the instance inst/mem_3_1_U/gen_buffer[1].HW_accel_mem_3_RAM_AUTO_1R1W_memcore_U/ram_reg_0 (implemented as a Block RAM) might be sub-optimal as no optional output register could be merged into the ram block. Providing additional output register may help in improving timing.
INFO: [Synth 8-7052] The timing for the instance inst/mem_3_1_U/gen_buffer[1].HW_accel_mem_3_RAM_AUTO_1R1W_memcore_U/ram_reg_1 (implemented as a Block RAM) might be sub-optimal as no optional output register could be merged into the ram block. Providing additional output register may help in improving timing.
INFO: [Synth 8-7052] The timing for the instance inst/mem_3_1_U/gen_buffer[1].HW_accel_mem_3_RAM_AUTO_1R1W_memcore_U/ram_reg_1 (implemented as a Block RAM) might be sub-optimal as no optional output register could be merged into the ram block. Providing additional output register may help in improving timing.
INFO: [Synth 8-7052] The timing for the instance inst/mem_3_U/gen_buffer[0].HW_accel_mem_3_RAM_AUTO_1R1W_memcore_U/ram_reg_0 (implemented as a Block RAM) might be sub-optimal as no optional output register could be merged into the ram block. Providing additional output register may help in improving timing.
INFO: [Synth 8-7052] The timing for the instance inst/mem_3_U/gen_buffer[0].HW_accel_mem_3_RAM_AUTO_1R1W_memcore_U/ram_reg_0 (implemented as a Block RAM) might be sub-optimal as no optional output register could be merged into the ram block. Providing additional output register may help in improving timing.
INFO: [Synth 8-7052] The timing for the instance inst/mem_3_U/gen_buffer[0].HW_accel_mem_3_RAM_AUTO_1R1W_memcore_U/ram_reg_1 (implemented as a Block RAM) might be sub-optimal as no optional output register could be merged into the ram block. Providing additional output register may help in improving timing.
INFO: [Synth 8-7052] The timing for the instance inst/mem_3_U/gen_buffer[0].HW_accel_mem_3_RAM_AUTO_1R1W_memcore_U/ram_reg_1 (implemented as a Block RAM) might be sub-optimal as no optional output register could be merged into the ram block. Providing additional output register may help in improving timing.
INFO: [Synth 8-7052] The timing for the instance inst/mem_3_U/gen_buffer[1].HW_accel_mem_3_RAM_AUTO_1R1W_memcore_U/ram_reg_0 (implemented as a Block RAM) might be sub-optimal as no optional output register could be merged into the ram block. Providing additional output register may help in improving timing.
INFO: [Synth 8-7052] The timing for the instance inst/mem_3_U/gen_buffer[1].HW_accel_mem_3_RAM_AUTO_1R1W_memcore_U/ram_reg_0 (implemented as a Block RAM) might be sub-optimal as no optional output register could be merged into the ram block. Providing additional output register may help in improving timing.
INFO: [Synth 8-7052] The timing for the instance inst/mem_3_U/gen_buffer[1].HW_accel_mem_3_RAM_AUTO_1R1W_memcore_U/ram_reg_1 (implemented as a Block RAM) might be sub-optimal as no optional output register could be merged into the ram block. Providing additional output register may help in improving timing.
INFO: [Synth 8-7052] The timing for the instance inst/mem_3_U/gen_buffer[1].HW_accel_mem_3_RAM_AUTO_1R1W_memcore_U/ram_reg_1 (implemented as a Block RAM) might be sub-optimal as no optional output register could be merged into the ram block. Providing additional output register may help in improving timing.
INFO: [Synth 8-7052] The timing for the instance inst/mem_2_U/HW_accel_mem_2_RAM_AUTO_1R1W_memcore_U/ram_reg_0 (implemented as a Block RAM) might be sub-optimal as no optional output register could be merged into the ram block. Providing additional output register may help in improving timing.
INFO: [Synth 8-7052] The timing for the instance inst/mem_2_U/HW_accel_mem_2_RAM_AUTO_1R1W_memcore_U/ram_reg_1 (implemented as a Block RAM) might be sub-optimal as no optional output register could be merged into the ram block. Providing additional output register may help in improving timing.
INFO: [Synth 8-7052] The timing for the instance inst/mem_2_U/HW_accel_mem_2_RAM_AUTO_1R1W_memcore_U/ram_reg_2 (implemented as a Block RAM) might be sub-optimal as no optional output register could be merged into the ram block. Providing additional output register may help in improving timing.
INFO: [Synth 8-7052] The timing for the instance inst/mem_2_U/HW_accel_mem_2_RAM_AUTO_1R1W_memcore_U/ram_reg_3 (implemented as a Block RAM) might be sub-optimal as no optional output register could be merged into the ram block. Providing additional output register may help in improving timing.
INFO: [Synth 8-7052] The timing for the instance inst/mem_2_U/HW_accel_mem_2_RAM_AUTO_1R1W_memcore_U/ram_reg_4 (implemented as a Block RAM) might be sub-optimal as no optional output register could be merged into the ram block. Providing additional output register may help in improving timing.
INFO: [Synth 8-7052] The timing for the instance inst/mem_2_U/HW_accel_mem_2_RAM_AUTO_1R1W_memcore_U/ram_reg_5 (implemented as a Block RAM) might be sub-optimal as no optional output register could be merged into the ram block. Providing additional output register may help in improving timing.
INFO: [Synth 8-7052] The timing for the instance inst/mem_2_U/HW_accel_mem_2_RAM_AUTO_1R1W_memcore_U/ram_reg_6 (implemented as a Block RAM) might be sub-optimal as no optional output register could be merged into the ram block. Providing additional output register may help in improving timing.
INFO: [Synth 8-7052] The timing for the instance inst/mem_2_U/HW_accel_mem_2_RAM_AUTO_1R1W_memcore_U/ram_reg_7 (implemented as a Block RAM) might be sub-optimal as no optional output register could be merged into the ram block. Providing additional output register may help in improving timing.
INFO: [Synth 8-7052] The timing for the instance inst/mem_1_0_U/HW_accel_mem_1_0_RAM_AUTO_1R1W_memcore_U/ram_reg_0 (implemented as a Block RAM) might be sub-optimal as no optional output register could be merged into the ram block. Providing additional output register may help in improving timing.
INFO: [Synth 8-7052] The timing for the instance inst/mem_1_0_U/HW_accel_mem_1_0_RAM_AUTO_1R1W_memcore_U/ram_reg_1 (implemented as a Block RAM) might be sub-optimal as no optional output register could be merged into the ram block. Providing additional output register may help in improving timing.
---------------------------------------------------------------------------------
Finished Technology Mapping : Time (s): cpu = 00:01:38 ; elapsed = 00:01:48 . Memory (MB): peak = 1866.086 ; gain = 438.578
---------------------------------------------------------------------------------
---------------------------------------------------------------------------------
Start IO Insertion
---------------------------------------------------------------------------------
---------------------------------------------------------------------------------
Start Flattening Before IO Insertion
---------------------------------------------------------------------------------
---------------------------------------------------------------------------------
Finished Flattening Before IO Insertion
---------------------------------------------------------------------------------
---------------------------------------------------------------------------------
Start Final Netlist Cleanup
---------------------------------------------------------------------------------
---------------------------------------------------------------------------------
Finished Final Netlist Cleanup
---------------------------------------------------------------------------------
---------------------------------------------------------------------------------
Finished IO Insertion : Time (s): cpu = 00:01:43 ; elapsed = 00:01:53 . Memory (MB): peak = 1866.086 ; gain = 438.578
---------------------------------------------------------------------------------
---------------------------------------------------------------------------------
Start Renaming Generated Instances
---------------------------------------------------------------------------------
---------------------------------------------------------------------------------
Finished Renaming Generated Instances : Time (s): cpu = 00:01:43 ; elapsed = 00:01:53 . Memory (MB): peak = 1866.086 ; gain = 438.578
---------------------------------------------------------------------------------
---------------------------------------------------------------------------------
Start Rebuilding User Hierarchy
---------------------------------------------------------------------------------
---------------------------------------------------------------------------------
Finished Rebuilding User Hierarchy : Time (s): cpu = 00:01:48 ; elapsed = 00:01:58 . Memory (MB): peak = 1866.086 ; gain = 438.578
---------------------------------------------------------------------------------
---------------------------------------------------------------------------------
Start Renaming Generated Ports
---------------------------------------------------------------------------------
---------------------------------------------------------------------------------
Finished Renaming Generated Ports : Time (s): cpu = 00:01:48 ; elapsed = 00:01:58 . Memory (MB): peak = 1866.086 ; gain = 438.578
---------------------------------------------------------------------------------
---------------------------------------------------------------------------------
Start Handling Custom Attributes
---------------------------------------------------------------------------------
---------------------------------------------------------------------------------
Finished Handling Custom Attributes : Time (s): cpu = 00:01:49 ; elapsed = 00:01:58 . Memory (MB): peak = 1866.086 ; gain = 438.578
---------------------------------------------------------------------------------
---------------------------------------------------------------------------------
Start Renaming Generated Nets
---------------------------------------------------------------------------------
---------------------------------------------------------------------------------
Finished Renaming Generated Nets : Time (s): cpu = 00:01:49 ; elapsed = 00:01:59 . Memory (MB): peak = 1866.086 ; gain = 438.578
---------------------------------------------------------------------------------
---------------------------------------------------------------------------------
Start Writing Synthesis Report
---------------------------------------------------------------------------------

DSP Final Report (the ' indicates corresponding REG is set)
+------------------------------------------------------+--------------------+--------+--------+--------+--------+--------+------+------+------+------+-------+------+------+
|Module Name                                           | DSP Mapping        | A Size | B Size | C Size | D Size | P Size | AREG | BREG | CREG | DREG | ADREG | MREG | PREG | 
+------------------------------------------------------+--------------------+--------+--------+--------+--------+--------+------+------+------+------+-------+------+------+
|HW_accel_ama_addmuladd_7ns_5ns_5ns_5ns_12_4_1_DSP48_0 | (C'+((D+A')'*B)')' | 7      | 5      | 5      | 5      | 12     | 1    | 0    | 0    | 0    | 1     | 1    | 1    | 
|dsp48e1_wrapper_4172                                  | Dynamic            | -      | -      | -      | -      | 40     | -    | -    | -    | -    | 0     | 0    | 1    | 
|dsp48e1_wrapper__parameterized0_4126                  | C+A'*B'            | 24     | 16     | 35     | -      | 35     | 1    | 1    | 1    | -    | -     | 0    | 0    | 
|dsp48e1_wrapper_4105                                  | Dynamic            | -      | -      | -      | -      | 40     | -    | -    | -    | -    | 0     | 0    | 1    | 
|dsp48e1_wrapper__parameterized0_4059                  | C+A'*B'            | 24     | 16     | 35     | -      | 35     | 1    | 1    | 1    | -    | -     | 0    | 0    | 
|dsp48e1_wrapper_4038                                  | Dynamic            | -      | -      | -      | -      | 40     | -    | -    | -    | -    | 0     | 0    | 1    | 
|dsp48e1_wrapper__parameterized0_3992                  | C+A'*B'            | 24     | 16     | 35     | -      | 35     | 1    | 1    | 1    | -    | -     | 0    | 0    | 
|dsp48e1_wrapper_3971                                  | Dynamic            | -      | -      | -      | -      | 40     | -    | -    | -    | -    | 0     | 0    | 1    | 
|dsp48e1_wrapper__parameterized0_3925                  | C+A'*B'            | 24     | 16     | 35     | -      | 35     | 1    | 1    | 1    | -    | -     | 0    | 0    | 
|dsp48e1_wrapper_3904                                  | Dynamic            | -      | -      | -      | -      | 40     | -    | -    | -    | -    | 0     | 0    | 1    | 
|dsp48e1_wrapper__parameterized0_3860                  | C+A'*B'            | 24     | 16     | 35     | -      | 35     | 1    | 1    | 1    | -    | -     | 0    | 0    | 
|dsp48e1_wrapper_3839                                  | Dynamic            | -      | -      | -      | -      | 40     | -    | -    | -    | -    | 0     | 0    | 1    | 
|dsp48e1_wrapper__parameterized0_3793                  | C+A'*B'            | 24     | 16     | 35     | -      | 35     | 1    | 1    | 1    | -    | -     | 0    | 0    | 
|dsp48e1_wrapper_3772                                  | Dynamic            | -      | -      | -      | -      | 40     | -    | -    | -    | -    | 0     | 0    | 1    | 
|dsp48e1_wrapper__parameterized0_3726                  | C+A'*B'            | 24     | 16     | 35     | -      | 35     | 1    | 1    | 1    | -    | -     | 0    | 0    | 
|dsp48e1_wrapper_3705                                  | Dynamic            | -      | -      | -      | -      | 40     | -    | -    | -    | -    | 0     | 0    | 1    | 
|dsp48e1_wrapper__parameterized0_3659                  | C+A'*B'            | 24     | 16     | 35     | -      | 35     | 1    | 1    | 1    | -    | -     | 0    | 0    | 
|dsp48e1_wrapper_3638                                  | Dynamic            | -      | -      | -      | -      | 40     | -    | -    | -    | -    | 0     | 0    | 1    | 
|dsp48e1_wrapper__parameterized0_3592                  | C+A'*B'            | 24     | 16     | 35     | -      | 35     | 1    | 1    | 1    | -    | -     | 0    | 0    | 
|dsp48e1_wrapper__parameterized1_3560                  | (A*B)'             | 24     | 17     | -      | -      | 41     | 0    | 0    | -    | -    | -     | 0    | 1    | 
|dsp48e1_wrapper__parameterized2_3561                  | PCIN>>17+(A*B)'    | 0      | 7      | -      | -      | 31     | 0    | 0    | -    | -    | -     | 1    | 0    | 
|dsp48e1_wrapper__parameterized3_3558                  | PCIN+A:B+C         | 22     | 0      | -      | -      | 48     | 0    | 0    | -    | -    | -     | 0    | 0    | 
|dsp48e1_wrapper__parameterized1_3531                  | (A*B)'             | 24     | 17     | -      | -      | 41     | 0    | 0    | -    | -    | -     | 0    | 1    | 
|dsp48e1_wrapper__parameterized2_3532                  | PCIN>>17+(A*B)'    | 0      | 7      | -      | -      | 31     | 0    | 0    | -    | -    | -     | 1    | 0    | 
|dsp48e1_wrapper__parameterized3_3529                  | PCIN+A:B+C         | 22     | 0      | -      | -      | 48     | 0    | 0    | -    | -    | -     | 0    | 0    | 
|dsp48e1_wrapper__parameterized1_3502                  | (A*B)'             | 24     | 17     | -      | -      | 41     | 0    | 0    | -    | -    | -     | 0    | 1    | 
|dsp48e1_wrapper__parameterized2_3503                  | PCIN>>17+(A*B)'    | 0      | 7      | -      | -      | 31     | 0    | 0    | -    | -    | -     | 1    | 0    | 
|dsp48e1_wrapper__parameterized3_3500                  | PCIN+A:B+C         | 22     | 0      | -      | -      | 48     | 0    | 0    | -    | -    | -     | 0    | 0    | 
|dsp48e1_wrapper__parameterized1_3473                  | (A*B)'             | 24     | 17     | -      | -      | 41     | 0    | 0    | -    | -    | -     | 0    | 1    | 
|dsp48e1_wrapper__parameterized2_3474                  | PCIN>>17+(A*B)'    | 0      | 7      | -      | -      | 31     | 0    | 0    | -    | -    | -     | 1    | 0    | 
|dsp48e1_wrapper__parameterized3_3471                  | PCIN+A:B+C         | 22     | 0      | -      | -      | 48     | 0    | 0    | -    | -    | -     | 0    | 0    | 
|dsp48e1_wrapper__parameterized1_3444                  | (A*B)'             | 24     | 17     | -      | -      | 41     | 0    | 0    | -    | -    | -     | 0    | 1    | 
|dsp48e1_wrapper__parameterized2_3445                  | PCIN>>17+(A*B)'    | 0      | 7      | -      | -      | 31     | 0    | 0    | -    | -    | -     | 1    | 0    | 
|dsp48e1_wrapper__parameterized3_3442                  | PCIN+A:B+C         | 22     | 0      | -      | -      | 48     | 0    | 0    | -    | -    | -     | 0    | 0    | 
|dsp48e1_wrapper__parameterized1_3415                  | (A*B)'             | 24     | 17     | -      | -      | 41     | 0    | 0    | -    | -    | -     | 0    | 1    | 
|dsp48e1_wrapper__parameterized2_3416                  | PCIN>>17+(A*B)'    | 0      | 7      | -      | -      | 31     | 0    | 0    | -    | -    | -     | 1    | 0    | 
|dsp48e1_wrapper__parameterized3_3413                  | PCIN+A:B+C         | 22     | 0      | -      | -      | 48     | 0    | 0    | -    | -    | -     | 0    | 0    | 
|dsp48e1_wrapper__parameterized1_3386                  | (A*B)'             | 24     | 17     | -      | -      | 41     | 0    | 0    | -    | -    | -     | 0    | 1    | 
|dsp48e1_wrapper__parameterized2_3387                  | PCIN>>17+(A*B)'    | 0      | 7      | -      | -      | 31     | 0    | 0    | -    | -    | -     | 1    | 0    | 
|dsp48e1_wrapper__parameterized3_3384                  | PCIN+A:B+C         | 22     | 0      | -      | -      | 48     | 0    | 0    | -    | -    | -     | 0    | 0    | 
|dsp48e1_wrapper__parameterized1_3357                  | (A*B)'             | 24     | 17     | -      | -      | 41     | 0    | 0    | -    | -    | -     | 0    | 1    | 
|dsp48e1_wrapper__parameterized2_3358                  | PCIN>>17+(A*B)'    | 0      | 7      | -      | -      | 31     | 0    | 0    | -    | -    | -     | 1    | 0    | 
|dsp48e1_wrapper__parameterized3_3355                  | PCIN+A:B+C         | 22     | 0      | -      | -      | 48     | 0    | 0    | -    | -    | -     | 0    | 0    | 
|dsp48e1_wrapper__parameterized1_3328                  | (A*B)'             | 24     | 17     | -      | -      | 41     | 0    | 0    | -    | -    | -     | 0    | 1    | 
|dsp48e1_wrapper__parameterized2_3329                  | PCIN>>17+(A*B)'    | 0      | 7      | -      | -      | 31     | 0    | 0    | -    | -    | -     | 1    | 0    | 
|dsp48e1_wrapper__parameterized3_3326                  | PCIN+A:B+C         | 22     | 0      | -      | -      | 48     | 0    | 0    | -    | -    | -     | 0    | 0    | 
|dsp48e1_wrapper_3275                                  | Dynamic            | -      | -      | -      | -      | 40     | -    | -    | -    | -    | 0     | 0    | 1    | 
|dsp48e1_wrapper__parameterized0_3229                  | C+A'*B'            | 24     | 16     | 35     | -      | 35     | 1    | 1    | 1    | -    | -     | 0    | 0    | 
|dsp48e1_wrapper_3208                                  | Dynamic            | -      | -      | -      | -      | 40     | -    | -    | -    | -    | 0     | 0    | 1    | 
|dsp48e1_wrapper__parameterized0_3162                  | C+A'*B'            | 24     | 16     | 35     | -      | 35     | 1    | 1    | 1    | -    | -     | 0    | 0    | 
|dsp48e1_wrapper_3141                                  | Dynamic            | -      | -      | -      | -      | 40     | -    | -    | -    | -    | 0     | 0    | 1    | 
|dsp48e1_wrapper__parameterized0_3095                  | C+A'*B'            | 24     | 16     | 35     | -      | 35     | 1    | 1    | 1    | -    | -     | 0    | 0    | 
|dsp48e1_wrapper_3074                                  | Dynamic            | -      | -      | -      | -      | 40     | -    | -    | -    | -    | 0     | 0    | 1    | 
|dsp48e1_wrapper__parameterized0_3028                  | C+A'*B'            | 24     | 16     | 35     | -      | 35     | 1    | 1    | 1    | -    | -     | 0    | 0    | 
|dsp48e1_wrapper_3007                                  | Dynamic            | -      | -      | -      | -      | 40     | -    | -    | -    | -    | 0     | 0    | 1    | 
|dsp48e1_wrapper__parameterized0_2961                  | C+A'*B'            | 24     | 16     | 35     | -      | 35     | 1    | 1    | 1    | -    | -     | 0    | 0    | 
|dsp48e1_wrapper_2940                                  | Dynamic            | -      | -      | -      | -      | 40     | -    | -    | -    | -    | 0     | 0    | 1    | 
|dsp48e1_wrapper__parameterized0_2894                  | C+A'*B'            | 24     | 16     | 35     | -      | 35     | 1    | 1    | 1    | -    | -     | 0    | 0    | 
|dsp48e1_wrapper_2873                                  | Dynamic            | -      | -      | -      | -      | 40     | -    | -    | -    | -    | 0     | 0    | 1    | 
|dsp48e1_wrapper__parameterized0_2827                  | C+A'*B'            | 24     | 16     | 35     | -      | 35     | 1    | 1    | 1    | -    | -     | 0    | 0    | 
|dsp48e1_wrapper_2806                                  | Dynamic            | -      | -      | -      | -      | 40     | -    | -    | -    | -    | 0     | 0    | 1    | 
|dsp48e1_wrapper__parameterized0_2760                  | C+A'*B'            | 24     | 16     | 35     | -      | 35     | 1    | 1    | 1    | -    | -     | 0    | 0    | 
|dsp48e1_wrapper_2739                                  | Dynamic            | -      | -      | -      | -      | 40     | -    | -    | -    | -    | 0     | 0    | 1    | 
|dsp48e1_wrapper__parameterized0_2693                  | C+A'*B'            | 24     | 16     | 35     | -      | 35     | 1    | 1    | 1    | -    | -     | 0    | 0    | 
|dsp48e1_wrapper__parameterized1_2661                  | (A*B)'             | 24     | 17     | -      | -      | 41     | 0    | 0    | -    | -    | -     | 0    | 1    | 
|dsp48e1_wrapper__parameterized2_2662                  | PCIN>>17+(A*B)'    | 0      | 7      | -      | -      | 31     | 0    | 0    | -    | -    | -     | 1    | 0    | 
|dsp48e1_wrapper__parameterized3_2659                  | PCIN+A:B+C         | 22     | 0      | -      | -      | 48     | 0    | 0    | -    | -    | -     | 0    | 0    | 
|dsp48e1_wrapper__parameterized1_2632                  | (A*B)'             | 24     | 17     | -      | -      | 41     | 0    | 0    | -    | -    | -     | 0    | 1    | 
|dsp48e1_wrapper__parameterized2_2633                  | PCIN>>17+(A*B)'    | 0      | 7      | -      | -      | 31     | 0    | 0    | -    | -    | -     | 1    | 0    | 
|dsp48e1_wrapper__parameterized3_2630                  | PCIN+A:B+C         | 22     | 0      | -      | -      | 48     | 0    | 0    | -    | -    | -     | 0    | 0    | 
|dsp48e1_wrapper__parameterized1_2603                  | (A*B)'             | 24     | 17     | -      | -      | 41     | 0    | 0    | -    | -    | -     | 0    | 1    | 
|dsp48e1_wrapper__parameterized2_2604                  | PCIN>>17+(A*B)'    | 0      | 7      | -      | -      | 31     | 0    | 0    | -    | -    | -     | 1    | 0    | 
|dsp48e1_wrapper__parameterized3_2601                  | PCIN+A:B+C         | 22     | 0      | -      | -      | 48     | 0    | 0    | -    | -    | -     | 0    | 0    | 
|dsp48e1_wrapper__parameterized1_2574                  | (A*B)'             | 24     | 17     | -      | -      | 41     | 0    | 0    | -    | -    | -     | 0    | 1    | 
|dsp48e1_wrapper__parameterized2_2575                  | PCIN>>17+(A*B)'    | 0      | 7      | -      | -      | 31     | 0    | 0    | -    | -    | -     | 1    | 0    | 
|dsp48e1_wrapper__parameterized3_2572                  | PCIN+A:B+C         | 22     | 0      | -      | -      | 48     | 0    | 0    | -    | -    | -     | 0    | 0    | 
|dsp48e1_wrapper__parameterized1_2545                  | (A*B)'             | 24     | 17     | -      | -      | 41     | 0    | 0    | -    | -    | -     | 0    | 1    | 
|dsp48e1_wrapper__parameterized2_2546                  | PCIN>>17+(A*B)'    | 0      | 7      | -      | -      | 31     | 0    | 0    | -    | -    | -     | 1    | 0    | 
|dsp48e1_wrapper__parameterized3_2543                  | PCIN+A:B+C         | 22     | 0      | -      | -      | 48     | 0    | 0    | -    | -    | -     | 0    | 0    | 
|dsp48e1_wrapper__parameterized1_2516                  | (A*B)'             | 24     | 17     | -      | -      | 41     | 0    | 0    | -    | -    | -     | 0    | 1    | 
|dsp48e1_wrapper__parameterized2_2517                  | PCIN>>17+(A*B)'    | 0      | 7      | -      | -      | 31     | 0    | 0    | -    | -    | -     | 1    | 0    | 
|dsp48e1_wrapper__parameterized3_2514                  | PCIN+A:B+C         | 22     | 0      | -      | -      | 48     | 0    | 0    | -    | -    | -     | 0    | 0    | 
|dsp48e1_wrapper__parameterized1_2487                  | (A*B)'             | 24     | 17     | -      | -      | 41     | 0    | 0    | -    | -    | -     | 0    | 1    | 
|dsp48e1_wrapper__parameterized2_2488                  | PCIN>>17+(A*B)'    | 0      | 7      | -      | -      | 31     | 0    | 0    | -    | -    | -     | 1    | 0    | 
|dsp48e1_wrapper__parameterized3_2485                  | PCIN+A:B+C         | 22     | 0      | -      | -      | 48     | 0    | 0    | -    | -    | -     | 0    | 0    | 
|dsp48e1_wrapper__parameterized1_2458                  | (A*B)'             | 24     | 17     | -      | -      | 41     | 0    | 0    | -    | -    | -     | 0    | 1    | 
|dsp48e1_wrapper__parameterized2_2459                  | PCIN>>17+(A*B)'    | 0      | 7      | -      | -      | 31     | 0    | 0    | -    | -    | -     | 1    | 0    | 
|dsp48e1_wrapper__parameterized3_2456                  | PCIN+A:B+C         | 22     | 0      | -      | -      | 48     | 0    | 0    | -    | -    | -     | 0    | 0    | 
|dsp48e1_wrapper__parameterized1_2429                  | (A*B)'             | 24     | 17     | -      | -      | 41     | 0    | 0    | -    | -    | -     | 0    | 1    | 
|dsp48e1_wrapper__parameterized2_2430                  | PCIN>>17+(A*B)'    | 0      | 7      | -      | -      | 31     | 0    | 0    | -    | -    | -     | 1    | 0    | 
|dsp48e1_wrapper__parameterized3_2427                  | PCIN+A:B+C         | 22     | 0      | -      | -      | 48     | 0    | 0    | -    | -    | -     | 0    | 0    | 
|HW_accel_ama_addmuladd_8ns_5ns_5ns_5ns_12_4_1_DSP48_1 | (C+((D'+A)'*B)')'  | 5      | 5      | 5      | 8      | 12     | 0    | 0    | 0    | 0    | 1     | 1    | 1    | 
|dsp48e1_wrapper_2364                                  | Dynamic            | -      | -      | -      | -      | 40     | -    | -    | -    | -    | 0     | 0    | 1    | 
|dsp48e1_wrapper__parameterized0_2318                  | C+A'*B'            | 24     | 16     | 35     | -      | 35     | 1    | 1    | 1    | -    | -     | 0    | 0    | 
|dsp48e1_wrapper_2297                                  | Dynamic            | -      | -      | -      | -      | 40     | -    | -    | -    | -    | 0     | 0    | 1    | 
|dsp48e1_wrapper__parameterized0_2251                  | C+A'*B'            | 24     | 16     | 35     | -      | 35     | 1    | 1    | 1    | -    | -     | 0    | 0    | 
|dsp48e1_wrapper_2230                                  | Dynamic            | -      | -      | -      | -      | 40     | -    | -    | -    | -    | 0     | 0    | 1    | 
|dsp48e1_wrapper__parameterized0_2184                  | C+A'*B'            | 24     | 16     | 35     | -      | 35     | 1    | 1    | 1    | -    | -     | 0    | 0    | 
|dsp48e1_wrapper_2163                                  | Dynamic            | -      | -      | -      | -      | 40     | -    | -    | -    | -    | 0     | 0    | 1    | 
|dsp48e1_wrapper__parameterized0_2117                  | C+A'*B'            | 24     | 16     | 35     | -      | 35     | 1    | 1    | 1    | -    | -     | 0    | 0    | 
|dsp48e1_wrapper_2096                                  | Dynamic            | -      | -      | -      | -      | 40     | -    | -    | -    | -    | 0     | 0    | 1    | 
|dsp48e1_wrapper__parameterized0_2050                  | C+A'*B'            | 24     | 16     | 35     | -      | 35     | 1    | 1    | 1    | -    | -     | 0    | 0    | 
|dsp48e1_wrapper_2029                                  | Dynamic            | -      | -      | -      | -      | 40     | -    | -    | -    | -    | 0     | 0    | 1    | 
|dsp48e1_wrapper__parameterized0_1983                  | C+A'*B'            | 24     | 16     | 35     | -      | 35     | 1    | 1    | 1    | -    | -     | 0    | 0    | 
|dsp48e1_wrapper_1962                                  | Dynamic            | -      | -      | -      | -      | 40     | -    | -    | -    | -    | 0     | 0    | 1    | 
|dsp48e1_wrapper__parameterized0_1916                  | C+A'*B'            | 24     | 16     | 35     | -      | 35     | 1    | 1    | 1    | -    | -     | 0    | 0    | 
|dsp48e1_wrapper_1895                                  | Dynamic            | -      | -      | -      | -      | 40     | -    | -    | -    | -    | 0     | 0    | 1    | 
|dsp48e1_wrapper__parameterized0_1849                  | C+A'*B'            | 24     | 16     | 35     | -      | 35     | 1    | 1    | 1    | -    | -     | 0    | 0    | 
|dsp48e1_wrapper_1828                                  | Dynamic            | -      | -      | -      | -      | 40     | -    | -    | -    | -    | 0     | 0    | 1    | 
|dsp48e1_wrapper__parameterized0_1782                  | C+A'*B'            | 24     | 16     | 35     | -      | 35     | 1    | 1    | 1    | -    | -     | 0    | 0    | 
|dsp48e1_wrapper__parameterized1_1750                  | (A*B)'             | 24     | 17     | -      | -      | 41     | 0    | 0    | -    | -    | -     | 0    | 1    | 
|dsp48e1_wrapper__parameterized2_1751                  | PCIN>>17+(A*B)'    | 0      | 7      | -      | -      | 31     | 0    | 0    | -    | -    | -     | 1    | 0    | 
|dsp48e1_wrapper__parameterized3_1748                  | PCIN+A:B+C         | 22     | 0      | -      | -      | 48     | 0    | 0    | -    | -    | -     | 0    | 0    | 
|dsp48e1_wrapper__parameterized1_1721                  | (A*B)'             | 24     | 17     | -      | -      | 41     | 0    | 0    | -    | -    | -     | 0    | 1    | 
|dsp48e1_wrapper__parameterized2_1722                  | PCIN>>17+(A*B)'    | 0      | 7      | -      | -      | 31     | 0    | 0    | -    | -    | -     | 1    | 0    | 
|dsp48e1_wrapper__parameterized3_1719                  | PCIN+A:B+C         | 22     | 0      | -      | -      | 48     | 0    | 0    | -    | -    | -     | 0    | 0    | 
|dsp48e1_wrapper__parameterized1_1692                  | (A*B)'             | 24     | 17     | -      | -      | 41     | 0    | 0    | -    | -    | -     | 0    | 1    | 
|dsp48e1_wrapper__parameterized2_1693                  | PCIN>>17+(A*B)'    | 0      | 7      | -      | -      | 31     | 0    | 0    | -    | -    | -     | 1    | 0    | 
|dsp48e1_wrapper__parameterized3_1690                  | PCIN+A:B+C         | 22     | 0      | -      | -      | 48     | 0    | 0    | -    | -    | -     | 0    | 0    | 
|dsp48e1_wrapper__parameterized1_1663                  | (A*B)'             | 24     | 17     | -      | -      | 41     | 0    | 0    | -    | -    | -     | 0    | 1    | 
|dsp48e1_wrapper__parameterized2_1664                  | PCIN>>17+(A*B)'    | 0      | 7      | -      | -      | 31     | 0    | 0    | -    | -    | -     | 1    | 0    | 
|dsp48e1_wrapper__parameterized3_1661                  | PCIN+A:B+C         | 22     | 0      | -      | -      | 48     | 0    | 0    | -    | -    | -     | 0    | 0    | 
|dsp48e1_wrapper__parameterized1_1634                  | (A*B)'             | 24     | 17     | -      | -      | 41     | 0    | 0    | -    | -    | -     | 0    | 1    | 
|dsp48e1_wrapper__parameterized2_1635                  | PCIN>>17+(A*B)'    | 0      | 7      | -      | -      | 31     | 0    | 0    | -    | -    | -     | 1    | 0    | 
|dsp48e1_wrapper__parameterized3_1632                  | PCIN+A:B+C         | 22     | 0      | -      | -      | 48     | 0    | 0    | -    | -    | -     | 0    | 0    | 
|dsp48e1_wrapper__parameterized1_1605                  | (A*B)'             | 24     | 17     | -      | -      | 41     | 0    | 0    | -    | -    | -     | 0    | 1    | 
|dsp48e1_wrapper__parameterized2_1606                  | PCIN>>17+(A*B)'    | 0      | 7      | -      | -      | 31     | 0    | 0    | -    | -    | -     | 1    | 0    | 
|dsp48e1_wrapper__parameterized3_1603                  | PCIN+A:B+C         | 22     | 0      | -      | -      | 48     | 0    | 0    | -    | -    | -     | 0    | 0    | 
|dsp48e1_wrapper__parameterized1_1576                  | (A*B)'             | 24     | 17     | -      | -      | 41     | 0    | 0    | -    | -    | -     | 0    | 1    | 
|dsp48e1_wrapper__parameterized2_1577                  | PCIN>>17+(A*B)'    | 0      | 7      | -      | -      | 31     | 0    | 0    | -    | -    | -     | 1    | 0    | 
|dsp48e1_wrapper__parameterized3_1574                  | PCIN+A:B+C         | 22     | 0      | -      | -      | 48     | 0    | 0    | -    | -    | -     | 0    | 0    | 
|dsp48e1_wrapper__parameterized1_1547                  | (A*B)'             | 24     | 17     | -      | -      | 41     | 0    | 0    | -    | -    | -     | 0    | 1    | 
|dsp48e1_wrapper__parameterized2_1548                  | PCIN>>17+(A*B)'    | 0      | 7      | -      | -      | 31     | 0    | 0    | -    | -    | -     | 1    | 0    | 
|dsp48e1_wrapper__parameterized3_1545                  | PCIN+A:B+C         | 22     | 0      | -      | -      | 48     | 0    | 0    | -    | -    | -     | 0    | 0    | 
|dsp48e1_wrapper__parameterized1_1518                  | (A*B)'             | 24     | 17     | -      | -      | 41     | 0    | 0    | -    | -    | -     | 0    | 1    | 
|dsp48e1_wrapper__parameterized2_1519                  | PCIN>>17+(A*B)'    | 0      | 7      | -      | -      | 31     | 0    | 0    | -    | -    | -     | 1    | 0    | 
|dsp48e1_wrapper__parameterized3_1516                  | PCIN+A:B+C         | 22     | 0      | -      | -      | 48     | 0    | 0    | -    | -    | -     | 0    | 0    | 
|HW_accel_FC_layer_100_16_true_s                       | C'+(A'*B)'         | 4      | 7      | 7      | -      | 11     | 1    | 0    | 0    | -    | -     | 1    | 0    | 
|HW_accel_FC_layer_100_16_true_s                       | C'+(A*B)'          | 4      | 7      | 7      | -      | 11     | 0    | 0    | 0    | -    | -     | 1    | 0    | 
|HW_accel_FC_layer_100_16_true_s                       | C'+(A*B)'          | 4      | 7      | 7      | -      | 11     | 0    | 0    | 0    | -    | -     | 1    | 0    | 
|HW_accel_FC_layer_100_16_true_s                       | C'+(A*B)'          | 4      | 7      | 7      | -      | 11     | 0    | 0    | 0    | -    | -     | 1    | 0    | 
|HW_accel_FC_layer_100_16_true_s                       | C'+(A*B)'          | 4      | 7      | 7      | -      | 11     | 0    | 0    | 0    | -    | -     | 1    | 0    | 
|HW_accel_FC_layer_100_16_true_s                       | C'+(A*B)'          | 4      | 7      | 7      | -      | 11     | 0    | 0    | 0    | -    | -     | 1    | 0    | 
|HW_accel_FC_layer_100_16_true_s                       | C'+(A*B)'          | 4      | 7      | 7      | -      | 11     | 0    | 0    | 0    | -    | -     | 1    | 0    | 
|HW_accel_FC_layer_100_16_true_s                       | C'+(A*B)'          | 4      | 7      | 7      | -      | 11     | 0    | 0    | 0    | -    | -     | 1    | 0    | 
|dsp48e1_wrapper_1456                                  | Dynamic            | -      | -      | -      | -      | 40     | -    | -    | -    | -    | 0     | 0    | 1    | 
|dsp48e1_wrapper__parameterized0_1410                  | C+A'*B'            | 24     | 16     | 35     | -      | 35     | 1    | 1    | 1    | -    | -     | 0    | 0    | 
|dsp48e1_wrapper_1389                                  | Dynamic            | -      | -      | -      | -      | 40     | -    | -    | -    | -    | 0     | 0    | 1    | 
|dsp48e1_wrapper__parameterized0_1343                  | C+A'*B'            | 24     | 16     | 35     | -      | 35     | 1    | 1    | 1    | -    | -     | 0    | 0    | 
|dsp48e1_wrapper_1322                                  | Dynamic            | -      | -      | -      | -      | 40     | -    | -    | -    | -    | 0     | 0    | 1    | 
|dsp48e1_wrapper__parameterized0_1276                  | C+A'*B'            | 24     | 16     | 35     | -      | 35     | 1    | 1    | 1    | -    | -     | 0    | 0    | 
|dsp48e1_wrapper_1255                                  | Dynamic            | -      | -      | -      | -      | 40     | -    | -    | -    | -    | 0     | 0    | 1    | 
|dsp48e1_wrapper__parameterized0_1209                  | C+A'*B'            | 24     | 16     | 35     | -      | 35     | 1    | 1    | 1    | -    | -     | 0    | 0    | 
|dsp48e1_wrapper_1188                                  | Dynamic            | -      | -      | -      | -      | 40     | -    | -    | -    | -    | 0     | 0    | 1    | 
|dsp48e1_wrapper__parameterized0_1142                  | C+A'*B'            | 24     | 16     | 35     | -      | 35     | 1    | 1    | 1    | -    | -     | 0    | 0    | 
|dsp48e1_wrapper_1121                                  | Dynamic            | -      | -      | -      | -      | 40     | -    | -    | -    | -    | 0     | 0    | 1    | 
|dsp48e1_wrapper__parameterized0_1075                  | C+A'*B'            | 24     | 16     | 35     | -      | 35     | 1    | 1    | 1    | -    | -     | 0    | 0    | 
|dsp48e1_wrapper_1054                                  | Dynamic            | -      | -      | -      | -      | 40     | -    | -    | -    | -    | 0     | 0    | 1    | 
|dsp48e1_wrapper__parameterized0_1008                  | C+A'*B'            | 24     | 16     | 35     | -      | 35     | 1    | 1    | 1    | -    | -     | 0    | 0    | 
|dsp48e1_wrapper_987                                   | Dynamic            | -      | -      | -      | -      | 40     | -    | -    | -    | -    | 0     | 0    | 1    | 
|dsp48e1_wrapper__parameterized0_941                   | C+A'*B'            | 24     | 16     | 35     | -      | 35     | 1    | 1    | 1    | -    | -     | 0    | 0    | 
|dsp48e1_wrapper__parameterized1_781                   | (A*B)'             | 24     | 17     | -      | -      | 41     | 0    | 0    | -    | -    | -     | 0    | 1    | 
|dsp48e1_wrapper__parameterized2_782                   | PCIN>>17+(A*B)'    | 0      | 7      | -      | -      | 31     | 0    | 0    | -    | -    | -     | 1    | 0    | 
|dsp48e1_wrapper__parameterized3_779                   | PCIN+A:B+C         | 22     | 0      | -      | -      | 48     | 0    | 0    | -    | -    | -     | 0    | 0    | 
|dsp48e1_wrapper__parameterized1_752                   | (A*B)'             | 24     | 17     | -      | -      | 41     | 0    | 0    | -    | -    | -     | 0    | 1    | 
|dsp48e1_wrapper__parameterized2_753                   | PCIN>>17+(A*B)'    | 0      | 7      | -      | -      | 31     | 0    | 0    | -    | -    | -     | 1    | 0    | 
|dsp48e1_wrapper__parameterized3_750                   | PCIN+A:B+C         | 22     | 0      | -      | -      | 48     | 0    | 0    | -    | -    | -     | 0    | 0    | 
|dsp48e1_wrapper__parameterized1_723                   | (A*B)'             | 24     | 17     | -      | -      | 41     | 0    | 0    | -    | -    | -     | 0    | 1    | 
|dsp48e1_wrapper__parameterized2_724                   | PCIN>>17+(A*B)'    | 0      | 7      | -      | -      | 31     | 0    | 0    | -    | -    | -     | 1    | 0    | 
|dsp48e1_wrapper__parameterized3_721                   | PCIN+A:B+C         | 22     | 0      | -      | -      | 48     | 0    | 0    | -    | -    | -     | 0    | 0    | 
|dsp48e1_wrapper__parameterized1_694                   | (A*B)'             | 24     | 17     | -      | -      | 41     | 0    | 0    | -    | -    | -     | 0    | 1    | 
|dsp48e1_wrapper__parameterized2_695                   | PCIN>>17+(A*B)'    | 0      | 7      | -      | -      | 31     | 0    | 0    | -    | -    | -     | 1    | 0    | 
|dsp48e1_wrapper__parameterized3_692                   | PCIN+A:B+C         | 22     | 0      | -      | -      | 48     | 0    | 0    | -    | -    | -     | 0    | 0    | 
|dsp48e1_wrapper__parameterized1_665                   | (A*B)'             | 24     | 17     | -      | -      | 41     | 0    | 0    | -    | -    | -     | 0    | 1    | 
|dsp48e1_wrapper__parameterized2_666                   | PCIN>>17+(A*B)'    | 0      | 7      | -      | -      | 31     | 0    | 0    | -    | -    | -     | 1    | 0    | 
|dsp48e1_wrapper__parameterized3_663                   | PCIN+A:B+C         | 22     | 0      | -      | -      | 48     | 0    | 0    | -    | -    | -     | 0    | 0    | 
|dsp48e1_wrapper__parameterized1_636                   | (A*B)'             | 24     | 17     | -      | -      | 41     | 0    | 0    | -    | -    | -     | 0    | 1    | 
|dsp48e1_wrapper__parameterized2_637                   | PCIN>>17+(A*B)'    | 0      | 7      | -      | -      | 31     | 0    | 0    | -    | -    | -     | 1    | 0    | 
|dsp48e1_wrapper__parameterized3_634                   | PCIN+A:B+C         | 22     | 0      | -      | -      | 48     | 0    | 0    | -    | -    | -     | 0    | 0    | 
|dsp48e1_wrapper__parameterized1_607                   | (A*B)'             | 24     | 17     | -      | -      | 41     | 0    | 0    | -    | -    | -     | 0    | 1    | 
|dsp48e1_wrapper__parameterized2_608                   | PCIN>>17+(A*B)'    | 0      | 7      | -      | -      | 31     | 0    | 0    | -    | -    | -     | 1    | 0    | 
|dsp48e1_wrapper__parameterized3_605                   | PCIN+A:B+C         | 22     | 0      | -      | -      | 48     | 0    | 0    | -    | -    | -     | 0    | 0    | 
|dsp48e1_wrapper__parameterized1_578                   | (A*B)'             | 24     | 17     | -      | -      | 41     | 0    | 0    | -    | -    | -     | 0    | 1    | 
|dsp48e1_wrapper__parameterized2_579                   | PCIN>>17+(A*B)'    | 0      | 7      | -      | -      | 31     | 0    | 0    | -    | -    | -     | 1    | 0    | 
|dsp48e1_wrapper__parameterized3_576                   | PCIN+A:B+C         | 22     | 0      | -      | -      | 48     | 0    | 0    | -    | -    | -     | 0    | 0    | 
|dsp48e1_wrapper_536                                   | Dynamic            | -      | -      | -      | -      | 40     | -    | -    | -    | -    | 0     | 0    | 1    | 
|dsp48e1_wrapper__parameterized0_490                   | C+A'*B'            | 24     | 16     | 35     | -      | 35     | 1    | 1    | 1    | -    | -     | 0    | 0    | 
|dsp48e1_wrapper_469                                   | Dynamic            | -      | -      | -      | -      | 40     | -    | -    | -    | -    | 0     | 0    | 1    | 
|dsp48e1_wrapper__parameterized0_423                   | C+A'*B'            | 24     | 16     | 35     | -      | 35     | 1    | 1    | 1    | -    | -     | 0    | 0    | 
|dsp48e1_wrapper_402                                   | Dynamic            | -      | -      | -      | -      | 40     | -    | -    | -    | -    | 0     | 0    | 1    | 
|dsp48e1_wrapper__parameterized0_356                   | C+A'*B'            | 24     | 16     | 35     | -      | 35     | 1    | 1    | 1    | -    | -     | 0    | 0    | 
|dsp48e1_wrapper_335                                   | Dynamic            | -      | -      | -      | -      | 40     | -    | -    | -    | -    | 0     | 0    | 1    | 
|dsp48e1_wrapper__parameterized0_289                   | C+A'*B'            | 24     | 16     | 35     | -      | 35     | 1    | 1    | 1    | -    | -     | 0    | 0    | 
|dsp48e1_wrapper                                       | Dynamic            | -      | -      | -      | -      | 40     | -    | -    | -    | -    | 0     | 0    | 1    | 
|dsp48e1_wrapper__parameterized0                       | C+A'*B'            | 24     | 16     | 35     | -      | 35     | 1    | 1    | 1    | -    | -     | 0    | 0    | 
|dsp48e1_wrapper__parameterized1_227                   | (A*B)'             | 24     | 17     | -      | -      | 41     | 0    | 0    | -    | -    | -     | 0    | 1    | 
|dsp48e1_wrapper__parameterized2_228                   | PCIN>>17+(A*B)'    | 0      | 7      | -      | -      | 31     | 0    | 0    | -    | -    | -     | 1    | 0    | 
|dsp48e1_wrapper__parameterized3_225                   | PCIN+A:B+C         | 22     | 0      | -      | -      | 48     | 0    | 0    | -    | -    | -     | 0    | 0    | 
|dsp48e1_wrapper__parameterized1_198                   | (A*B)'             | 24     | 17     | -      | -      | 41     | 0    | 0    | -    | -    | -     | 0    | 1    | 
|dsp48e1_wrapper__parameterized2_199                   | PCIN>>17+(A*B)'    | 0      | 7      | -      | -      | 31     | 0    | 0    | -    | -    | -     | 1    | 0    | 
|dsp48e1_wrapper__parameterized3_196                   | PCIN+A:B+C         | 22     | 0      | -      | -      | 48     | 0    | 0    | -    | -    | -     | 0    | 0    | 
|dsp48e1_wrapper__parameterized1_169                   | (A*B)'             | 24     | 17     | -      | -      | 41     | 0    | 0    | -    | -    | -     | 0    | 1    | 
|dsp48e1_wrapper__parameterized2_170                   | PCIN>>17+(A*B)'    | 0      | 7      | -      | -      | 31     | 0    | 0    | -    | -    | -     | 1    | 0    | 
|dsp48e1_wrapper__parameterized3_167                   | PCIN+A:B+C         | 22     | 0      | -      | -      | 48     | 0    | 0    | -    | -    | -     | 0    | 0    | 
|dsp48e1_wrapper__parameterized1_140                   | (A*B)'             | 24     | 17     | -      | -      | 41     | 0    | 0    | -    | -    | -     | 0    | 1    | 
|dsp48e1_wrapper__parameterized2_141                   | PCIN>>17+(A*B)'    | 0      | 7      | -      | -      | 31     | 0    | 0    | -    | -    | -     | 1    | 0    | 
|dsp48e1_wrapper__parameterized3_138                   | PCIN+A:B+C         | 22     | 0      | -      | -      | 48     | 0    | 0    | -    | -    | -     | 0    | 0    | 
|dsp48e1_wrapper__parameterized1                       | (A*B)'             | 24     | 17     | -      | -      | 41     | 0    | 0    | -    | -    | -     | 0    | 1    | 
|dsp48e1_wrapper__parameterized2                       | PCIN>>17+(A*B)'    | 0      | 7      | -      | -      | 31     | 0    | 0    | -    | -    | -     | 1    | 0    | 
|dsp48e1_wrapper__parameterized3                       | PCIN+A:B+C         | 22     | 0      | -      | -      | 48     | 0    | 0    | -    | -    | -     | 0    | 0    | 
+------------------------------------------------------+--------------------+--------+--------+--------+--------+--------+------+------+------+------+-------+------+------+


Report BlackBoxes: 
+-+--------------+----------+
| |BlackBox name |Instances |
+-+--------------+----------+
+-+--------------+----------+

Report Cell Usage: 
+------+---------+------+
|      |Cell     |Count |
+------+---------+------+
|1     |CARRY4   |   175|
|2     |DSP48E1  |   210|
|11    |LUT1     |   192|
|12    |LUT2     |  2371|
|13    |LUT3     |  8522|
|14    |LUT4     |  3699|
|15    |LUT5     |  3871|
|16    |LUT6     |  4659|
|17    |MUXCY    |  3674|
|18    |MUXF7    |    64|
|19    |MUXF8    |    32|
|20    |RAMB18E1 |     8|
|24    |RAMB36E1 |    35|
|31    |SRL16E   |   771|
|32    |XORCY    |  1000|
|33    |FDE      |   120|
|34    |FDRE     | 28774|
|35    |FDSE     |   325|
+------+---------+------+
---------------------------------------------------------------------------------
Finished Writing Synthesis Report : Time (s): cpu = 00:01:49 ; elapsed = 00:01:59 . Memory (MB): peak = 1866.086 ; gain = 438.578
---------------------------------------------------------------------------------
Synthesis finished with 0 errors, 0 critical warnings and 11 warnings.
Synthesis Optimization Runtime : Time (s): cpu = 00:01:15 ; elapsed = 00:01:43 . Memory (MB): peak = 1866.086 ; gain = 27.547
Synthesis Optimization Complete : Time (s): cpu = 00:01:49 ; elapsed = 00:01:59 . Memory (MB): peak = 1866.086 ; gain = 438.578
INFO: [Project 1-571] Translating synthesized netlist
Netlist sorting complete. Time (s): cpu = 00:00:01 ; elapsed = 00:00:00.875 . Memory (MB): peak = 1866.086 ; gain = 0.000
INFO: [Netlist 29-17] Analyzing 5318 Unisim elements for replacement
INFO: [Netlist 29-28] Unisim Transformation completed in 0 CPU seconds
INFO: [Project 1-570] Preparing netlist for logic optimization
INFO: [Opt 31-138] Pushed 0 inverter(s) to 0 load pin(s).
Netlist sorting complete. Time (s): cpu = 00:00:00 ; elapsed = 00:00:00.019 . Memory (MB): peak = 1954.469 ; gain = 0.000
INFO: [Project 1-111] Unisim Transformation Summary:
  A total of 1124 instances were transformed.
  (MUXCY,XORCY) => CARRY4: 1004 instances
  FDE => FDRE: 120 instances

Synth Design complete, checksum: 8fa0e9a
INFO: [Common 17-83] Releasing license: Synthesis
303 Infos, 112 Warnings, 0 Critical Warnings and 0 Errors encountered.
synth_design completed successfully
synth_design: Time (s): cpu = 00:02:02 ; elapsed = 00:02:20 . Memory (MB): peak = 1954.469 ; gain = 526.961
INFO: [Common 17-1381] The checkpoint 'C:/Users/exam2/Desktop/Day_5_final_Boss/project_1/project_1.runs/design_1_HW_accel_0_0_synth_1/design_1_HW_accel_0_0.dcp' has been generated.
INFO: [Coretcl 2-1648] Added synthesis output to IP cache for IP design_1_HW_accel_0_0, cache-ID = f1ac8d080092aaf1
INFO: [Coretcl 2-1174] Renamed 4521 cell refs.
INFO: [Common 17-1381] The checkpoint 'C:/Users/exam2/Desktop/Day_5_final_Boss/project_1/project_1.runs/design_1_HW_accel_0_0_synth_1/design_1_HW_accel_0_0.dcp' has been generated.
INFO: [runtcl-4] Executing : report_utilization -file design_1_HW_accel_0_0_utilization_synth.rpt -pb design_1_HW_accel_0_0_utilization_synth.pb
INFO: [Common 17-206] Exiting Vivado at Thu Dec 25 15:54:36 2025...
