

================================================================
== Vitis HLS Report for 'Conv_func_4_12_4_10_Pipeline_loadWinShift'
================================================================
* Date:           Thu Dec 25 17:04:39 2025

* Version:        2022.1 (Build 3526262 on Mon Apr 18 15:48:16 MDT 2022)
* Project:        Day_5_final_boss
* Solution:       hellojio (Vivado IP Flow Target)
* Product family: zynq
* Target device:  xc7z020-clg400-1


================================================================
== Performance Estimates
================================================================
+ Timing: 
    * Summary: 
    +--------+----------+----------+------------+
    |  Clock |  Target  | Estimated| Uncertainty|
    +--------+----------+----------+------------+
    |ap_clk  |  10.00 ns|  6.982 ns|     2.70 ns|
    +--------+----------+----------+------------+

+ Latency: 
    * Summary: 
    +---------+---------+-----------+-----------+-----+-----+---------+
    |  Latency (cycles) |   Latency (absolute)  |  Interval | Pipeline|
    |   min   |   max   |    min    |    max    | min | max |   Type  |
    +---------+---------+-----------+-----------+-----+-----+---------+
    |        6|        6|  60.000 ns|  60.000 ns|    6|    6|       no|
    +---------+---------+-----------+-----------+-----+-----+---------+

    + Detail: 
        * Instance: 
        N/A

        * Loop: 
        +----------------+---------+---------+----------+-----------+-----------+------+----------+
        |                |  Latency (cycles) | Iteration|  Initiation Interval  | Trip |          |
        |    Loop Name   |   min   |   max   |  Latency |  achieved |   target  | Count| Pipelined|
        +----------------+---------+---------+----------+-----------+-----------+------+----------+
        |- loadWinShift  |        4|        4|         3|          1|          1|     3|       yes|
        +----------------+---------+---------+----------+-----------+-----------+------+----------+

============================================================
+ Verbose Summary: Synthesis Manager
============================================================
InlineROM: 1
ExposeGlobal: 0
============================================================
+ Verbose Summary: CDFG Model
============================================================
IsTopModel: 0
ResetActiveHigh: 1
IsCombinational: 0
IsDatapathOnly: 0
HasWiredReturn: 1
HasMFsm: 2
HasVarLatency: 1
IsPipeline: 0
IsRtlPipelined: 0
IsInstanceOverlapped: 0
IsDontTouch: 0
HasImplIP: 0
IsGatedGlobalClock: 0

+ Individual pipeline summary: 
  * Pipeline-0: initiation interval (II) = 1, depth = 3


============================================================
+ Verbose Summary: Schedule
============================================================
* Number of FSM states : 3
* Pipeline : 1
  Pipeline-0 : II = 1, D = 3, States = { 1 2 3 }
* Dataflow Pipeline: 0

* FSM state transitions: 
1 --> 2 
2 --> 3 
3 --> 

* FSM state operations: 

State 1 <SV = 0> <Delay = 3.65>
ST_1 : Operation 6 [1/1] (0.00ns)   --->   "%wi = alloca i32 1"   --->   Operation 6 'alloca' 'wi' <Predicate = true> <Delay = 0.00>
ST_1 : Operation 7 [1/1] (0.00ns)   --->   "%window_53 = alloca i32 1"   --->   Operation 7 'alloca' 'window_53' <Predicate = true> <Delay = 0.00>
ST_1 : Operation 8 [1/1] (0.00ns)   --->   "%window_54 = alloca i32 1"   --->   Operation 8 'alloca' 'window_54' <Predicate = true> <Delay = 0.00>
ST_1 : Operation 9 [1/1] (0.00ns)   --->   "%window_55 = alloca i32 1"   --->   Operation 9 'alloca' 'window_55' <Predicate = true> <Delay = 0.00>
ST_1 : Operation 10 [1/1] (0.00ns)   --->   "%window_56 = alloca i32 1"   --->   Operation 10 'alloca' 'window_56' <Predicate = true> <Delay = 0.00>
ST_1 : Operation 11 [1/1] (0.00ns)   --->   "%window_57 = alloca i32 1"   --->   Operation 11 'alloca' 'window_57' <Predicate = true> <Delay = 0.00>
ST_1 : Operation 12 [1/1] (0.00ns)   --->   "%window_58 = alloca i32 1"   --->   Operation 12 'alloca' 'window_58' <Predicate = true> <Delay = 0.00>
ST_1 : Operation 13 [1/1] (0.00ns)   --->   "%window_59 = alloca i32 1"   --->   Operation 13 'alloca' 'window_59' <Predicate = true> <Delay = 0.00>
ST_1 : Operation 14 [1/1] (0.00ns)   --->   "%window_60 = alloca i32 1"   --->   Operation 14 'alloca' 'window_60' <Predicate = true> <Delay = 0.00>
ST_1 : Operation 15 [1/1] (0.00ns)   --->   "%window_61 = alloca i32 1"   --->   Operation 15 'alloca' 'window_61' <Predicate = true> <Delay = 0.00>
ST_1 : Operation 16 [1/1] (0.00ns)   --->   "%window_62 = alloca i32 1"   --->   Operation 16 'alloca' 'window_62' <Predicate = true> <Delay = 0.00>
ST_1 : Operation 17 [1/1] (0.00ns)   --->   "%window_63 = alloca i32 1"   --->   Operation 17 'alloca' 'window_63' <Predicate = true> <Delay = 0.00>
ST_1 : Operation 18 [1/1] (0.00ns)   --->   "%window_64 = alloca i32 1"   --->   Operation 18 'alloca' 'window_64' <Predicate = true> <Delay = 0.00>
ST_1 : Operation 19 [1/1] (0.00ns)   --->   "%window_65 = alloca i32 1"   --->   Operation 19 'alloca' 'window_65' <Predicate = true> <Delay = 0.00>
ST_1 : Operation 20 [1/1] (0.00ns)   --->   "%window_66 = alloca i32 1"   --->   Operation 20 'alloca' 'window_66' <Predicate = true> <Delay = 0.00>
ST_1 : Operation 21 [1/1] (0.00ns)   --->   "%window_67 = alloca i32 1"   --->   Operation 21 'alloca' 'window_67' <Predicate = true> <Delay = 0.00>
ST_1 : Operation 22 [1/1] (0.00ns)   --->   "%window_68 = alloca i32 1"   --->   Operation 22 'alloca' 'window_68' <Predicate = true> <Delay = 0.00>
ST_1 : Operation 23 [1/1] (0.00ns)   --->   "%window_69 = alloca i32 1"   --->   Operation 23 'alloca' 'window_69' <Predicate = true> <Delay = 0.00>
ST_1 : Operation 24 [1/1] (0.00ns)   --->   "%window_70 = alloca i32 1"   --->   Operation 24 'alloca' 'window_70' <Predicate = true> <Delay = 0.00>
ST_1 : Operation 25 [1/1] (0.00ns)   --->   "%window_71 = alloca i32 1"   --->   Operation 25 'alloca' 'window_71' <Predicate = true> <Delay = 0.00>
ST_1 : Operation 26 [1/1] (0.00ns)   --->   "%window_72 = alloca i32 1"   --->   Operation 26 'alloca' 'window_72' <Predicate = true> <Delay = 0.00>
ST_1 : Operation 27 [1/1] (0.00ns)   --->   "%window_73 = alloca i32 1"   --->   Operation 27 'alloca' 'window_73' <Predicate = true> <Delay = 0.00>
ST_1 : Operation 28 [1/1] (0.00ns)   --->   "%window_74 = alloca i32 1"   --->   Operation 28 'alloca' 'window_74' <Predicate = true> <Delay = 0.00>
ST_1 : Operation 29 [1/1] (0.00ns)   --->   "%window_75 = alloca i32 1"   --->   Operation 29 'alloca' 'window_75' <Predicate = true> <Delay = 0.00>
ST_1 : Operation 30 [1/1] (0.00ns)   --->   "%window_76 = alloca i32 1"   --->   Operation 30 'alloca' 'window_76' <Predicate = true> <Delay = 0.00>
ST_1 : Operation 31 [1/1] (0.00ns)   --->   "%zext_ln58_read = read i4 @_ssdm_op_Read.ap_auto.i4, i4 %zext_ln58"   --->   Operation 31 'read' 'zext_ln58_read' <Predicate = true> <Delay = 0.00>
ST_1 : Operation 32 [1/1] (0.00ns)   --->   "%sub_ln52_read = read i8 @_ssdm_op_Read.ap_auto.i8, i8 %sub_ln52"   --->   Operation 32 'read' 'sub_ln52_read' <Predicate = true> <Delay = 0.00>
ST_1 : Operation 33 [1/1] (0.00ns)   --->   "%select_ln139_6_read = read i4 @_ssdm_op_Read.ap_auto.i4, i4 %select_ln139_6"   --->   Operation 33 'read' 'select_ln139_6_read' <Predicate = true> <Delay = 0.00>
ST_1 : Operation 34 [1/1] (0.00ns)   --->   "%mux_case_05_read = read i32 @_ssdm_op_Read.ap_auto.float, i32 %mux_case_05"   --->   Operation 34 'read' 'mux_case_05_read' <Predicate = true> <Delay = 0.00>
ST_1 : Operation 35 [1/1] (0.00ns)   --->   "%mux_case_116_read = read i32 @_ssdm_op_Read.ap_auto.float, i32 %mux_case_116"   --->   Operation 35 'read' 'mux_case_116_read' <Predicate = true> <Delay = 0.00>
ST_1 : Operation 36 [1/1] (0.00ns)   --->   "%mux_case_227_read = read i32 @_ssdm_op_Read.ap_auto.float, i32 %mux_case_227"   --->   Operation 36 'read' 'mux_case_227_read' <Predicate = true> <Delay = 0.00>
ST_1 : Operation 37 [1/1] (0.00ns)   --->   "%mux_case_08442_read = read i32 @_ssdm_op_Read.ap_auto.float, i32 %mux_case_08442"   --->   Operation 37 'read' 'mux_case_08442_read' <Predicate = true> <Delay = 0.00>
ST_1 : Operation 38 [1/1] (0.00ns)   --->   "%mux_case_18553_read = read i32 @_ssdm_op_Read.ap_auto.float, i32 %mux_case_18553"   --->   Operation 38 'read' 'mux_case_18553_read' <Predicate = true> <Delay = 0.00>
ST_1 : Operation 39 [1/1] (0.00ns)   --->   "%mux_case_28664_read = read i32 @_ssdm_op_Read.ap_auto.float, i32 %mux_case_28664"   --->   Operation 39 'read' 'mux_case_28664_read' <Predicate = true> <Delay = 0.00>
ST_1 : Operation 40 [1/1] (0.00ns)   --->   "%window_1_1_promoted237_read = read i32 @_ssdm_op_Read.ap_auto.float, i32 %window_1_1_promoted237"   --->   Operation 40 'read' 'window_1_1_promoted237_read' <Predicate = true> <Delay = 0.00>
ST_1 : Operation 41 [1/1] (0.00ns)   --->   "%window_1_0_promoted239_read = read i32 @_ssdm_op_Read.ap_auto.float, i32 %window_1_0_promoted239"   --->   Operation 41 'read' 'window_1_0_promoted239_read' <Predicate = true> <Delay = 0.00>
ST_1 : Operation 42 [1/1] (0.00ns)   --->   "%window_1_2_promoted241_read = read i32 @_ssdm_op_Read.ap_auto.float, i32 %window_1_2_promoted241"   --->   Operation 42 'read' 'window_1_2_promoted241_read' <Predicate = true> <Delay = 0.00>
ST_1 : Operation 43 [1/1] (0.00ns)   --->   "%window_0_1_promoted243_read = read i32 @_ssdm_op_Read.ap_auto.float, i32 %window_0_1_promoted243"   --->   Operation 43 'read' 'window_0_1_promoted243_read' <Predicate = true> <Delay = 0.00>
ST_1 : Operation 44 [1/1] (0.00ns)   --->   "%window_0_0_promoted245_read = read i32 @_ssdm_op_Read.ap_auto.float, i32 %window_0_0_promoted245"   --->   Operation 44 'read' 'window_0_0_promoted245_read' <Predicate = true> <Delay = 0.00>
ST_1 : Operation 45 [1/1] (0.00ns)   --->   "%window_0_2_promoted247_read = read i32 @_ssdm_op_Read.ap_auto.float, i32 %window_0_2_promoted247"   --->   Operation 45 'read' 'window_0_2_promoted247_read' <Predicate = true> <Delay = 0.00>
ST_1 : Operation 46 [1/1] (0.00ns)   --->   "%window_2_1_promoted249_read = read i32 @_ssdm_op_Read.ap_auto.float, i32 %window_2_1_promoted249"   --->   Operation 46 'read' 'window_2_1_promoted249_read' <Predicate = true> <Delay = 0.00>
ST_1 : Operation 47 [1/1] (0.00ns)   --->   "%window_2_0_promoted251_read = read i32 @_ssdm_op_Read.ap_auto.float, i32 %window_2_0_promoted251"   --->   Operation 47 'read' 'window_2_0_promoted251_read' <Predicate = true> <Delay = 0.00>
ST_1 : Operation 48 [1/1] (0.00ns)   --->   "%window_2_2_promoted253_read = read i32 @_ssdm_op_Read.ap_auto.float, i32 %window_2_2_promoted253"   --->   Operation 48 'read' 'window_2_2_promoted253_read' <Predicate = true> <Delay = 0.00>
ST_1 : Operation 49 [1/1] (0.00ns)   --->   "%window4156_read = read i32 @_ssdm_op_Read.ap_auto.float, i32 %window4156"   --->   Operation 49 'read' 'window4156_read' <Predicate = true> <Delay = 0.00>
ST_1 : Operation 50 [1/1] (0.00ns)   --->   "%window_404263_read = read i32 @_ssdm_op_Read.ap_auto.float, i32 %window_404263"   --->   Operation 50 'read' 'window_404263_read' <Predicate = true> <Delay = 0.00>
ST_1 : Operation 51 [1/1] (0.00ns)   --->   "%window_414370_read = read i32 @_ssdm_op_Read.ap_auto.float, i32 %window_414370"   --->   Operation 51 'read' 'window_414370_read' <Predicate = true> <Delay = 0.00>
ST_1 : Operation 52 [1/1] (0.00ns)   --->   "%window_424477_read = read i32 @_ssdm_op_Read.ap_auto.float, i32 %window_424477"   --->   Operation 52 'read' 'window_424477_read' <Predicate = true> <Delay = 0.00>
ST_1 : Operation 53 [1/1] (0.00ns)   --->   "%window_434584_read = read i32 @_ssdm_op_Read.ap_auto.float, i32 %window_434584"   --->   Operation 53 'read' 'window_434584_read' <Predicate = true> <Delay = 0.00>
ST_1 : Operation 54 [1/1] (0.00ns)   --->   "%window_444691_read = read i32 @_ssdm_op_Read.ap_auto.float, i32 %window_444691"   --->   Operation 54 'read' 'window_444691_read' <Predicate = true> <Delay = 0.00>
ST_1 : Operation 55 [1/1] (0.00ns)   --->   "%window_454798_read = read i32 @_ssdm_op_Read.ap_auto.float, i32 %window_454798"   --->   Operation 55 'read' 'window_454798_read' <Predicate = true> <Delay = 0.00>
ST_1 : Operation 56 [1/1] (0.00ns)   --->   "%window_4648105_read = read i32 @_ssdm_op_Read.ap_auto.float, i32 %window_4648105"   --->   Operation 56 'read' 'window_4648105_read' <Predicate = true> <Delay = 0.00>
ST_1 : Operation 57 [1/1] (0.00ns)   --->   "%window_4749112_read = read i32 @_ssdm_op_Read.ap_auto.float, i32 %window_4749112"   --->   Operation 57 'read' 'window_4749112_read' <Predicate = true> <Delay = 0.00>
ST_1 : Operation 58 [1/1] (0.00ns)   --->   "%zext_ln58_cast = zext i4 %zext_ln58_read"   --->   Operation 58 'zext' 'zext_ln58_cast' <Predicate = true> <Delay = 0.00>
ST_1 : Operation 59 [1/1] (0.00ns)   --->   "%sub_ln52_cast = sext i8 %sub_ln52_read"   --->   Operation 59 'sext' 'sub_ln52_cast' <Predicate = true> <Delay = 0.00>
ST_1 : Operation 60 [1/1] (1.58ns)   --->   "%store_ln0 = store i32 %window_4749112_read, i32 %window_76"   --->   Operation 60 'store' 'store_ln0' <Predicate = true> <Delay = 1.58>
ST_1 : Operation 61 [1/1] (1.58ns)   --->   "%store_ln0 = store i32 %window_4648105_read, i32 %window_75"   --->   Operation 61 'store' 'store_ln0' <Predicate = true> <Delay = 1.58>
ST_1 : Operation 62 [1/1] (1.58ns)   --->   "%store_ln0 = store i32 %window_454798_read, i32 %window_74"   --->   Operation 62 'store' 'store_ln0' <Predicate = true> <Delay = 1.58>
ST_1 : Operation 63 [1/1] (1.58ns)   --->   "%store_ln0 = store i32 %window_444691_read, i32 %window_73"   --->   Operation 63 'store' 'store_ln0' <Predicate = true> <Delay = 1.58>
ST_1 : Operation 64 [1/1] (1.58ns)   --->   "%store_ln0 = store i32 %window_434584_read, i32 %window_72"   --->   Operation 64 'store' 'store_ln0' <Predicate = true> <Delay = 1.58>
ST_1 : Operation 65 [1/1] (1.58ns)   --->   "%store_ln0 = store i32 %window_424477_read, i32 %window_71"   --->   Operation 65 'store' 'store_ln0' <Predicate = true> <Delay = 1.58>
ST_1 : Operation 66 [1/1] (1.58ns)   --->   "%store_ln0 = store i32 %window_414370_read, i32 %window_70"   --->   Operation 66 'store' 'store_ln0' <Predicate = true> <Delay = 1.58>
ST_1 : Operation 67 [1/1] (1.58ns)   --->   "%store_ln0 = store i32 %window_404263_read, i32 %window_69"   --->   Operation 67 'store' 'store_ln0' <Predicate = true> <Delay = 1.58>
ST_1 : Operation 68 [1/1] (1.58ns)   --->   "%store_ln0 = store i32 %window4156_read, i32 %window_68"   --->   Operation 68 'store' 'store_ln0' <Predicate = true> <Delay = 1.58>
ST_1 : Operation 69 [1/1] (1.58ns)   --->   "%store_ln0 = store i32 %window_2_2_promoted253_read, i32 %window_67"   --->   Operation 69 'store' 'store_ln0' <Predicate = true> <Delay = 1.58>
ST_1 : Operation 70 [1/1] (1.58ns)   --->   "%store_ln0 = store i32 %window_2_0_promoted251_read, i32 %window_66"   --->   Operation 70 'store' 'store_ln0' <Predicate = true> <Delay = 1.58>
ST_1 : Operation 71 [1/1] (1.58ns)   --->   "%store_ln0 = store i32 %window_2_1_promoted249_read, i32 %window_65"   --->   Operation 71 'store' 'store_ln0' <Predicate = true> <Delay = 1.58>
ST_1 : Operation 72 [1/1] (1.58ns)   --->   "%store_ln0 = store i32 %window_0_2_promoted247_read, i32 %window_64"   --->   Operation 72 'store' 'store_ln0' <Predicate = true> <Delay = 1.58>
ST_1 : Operation 73 [1/1] (1.58ns)   --->   "%store_ln0 = store i32 %window_0_0_promoted245_read, i32 %window_63"   --->   Operation 73 'store' 'store_ln0' <Predicate = true> <Delay = 1.58>
ST_1 : Operation 74 [1/1] (1.58ns)   --->   "%store_ln0 = store i32 %window_0_1_promoted243_read, i32 %window_62"   --->   Operation 74 'store' 'store_ln0' <Predicate = true> <Delay = 1.58>
ST_1 : Operation 75 [1/1] (1.58ns)   --->   "%store_ln0 = store i32 %window_1_2_promoted241_read, i32 %window_61"   --->   Operation 75 'store' 'store_ln0' <Predicate = true> <Delay = 1.58>
ST_1 : Operation 76 [1/1] (1.58ns)   --->   "%store_ln0 = store i32 %window_1_0_promoted239_read, i32 %window_60"   --->   Operation 76 'store' 'store_ln0' <Predicate = true> <Delay = 1.58>
ST_1 : Operation 77 [1/1] (1.58ns)   --->   "%store_ln0 = store i32 %window_1_1_promoted237_read, i32 %window_59"   --->   Operation 77 'store' 'store_ln0' <Predicate = true> <Delay = 1.58>
ST_1 : Operation 78 [1/1] (1.58ns)   --->   "%store_ln0 = store i32 %mux_case_28664_read, i32 %window_58"   --->   Operation 78 'store' 'store_ln0' <Predicate = true> <Delay = 1.58>
ST_1 : Operation 79 [1/1] (1.58ns)   --->   "%store_ln0 = store i32 %mux_case_18553_read, i32 %window_57"   --->   Operation 79 'store' 'store_ln0' <Predicate = true> <Delay = 1.58>
ST_1 : Operation 80 [1/1] (1.58ns)   --->   "%store_ln0 = store i32 %mux_case_08442_read, i32 %window_56"   --->   Operation 80 'store' 'store_ln0' <Predicate = true> <Delay = 1.58>
ST_1 : Operation 81 [1/1] (1.58ns)   --->   "%store_ln0 = store i32 %mux_case_227_read, i32 %window_55"   --->   Operation 81 'store' 'store_ln0' <Predicate = true> <Delay = 1.58>
ST_1 : Operation 82 [1/1] (1.58ns)   --->   "%store_ln0 = store i32 %mux_case_116_read, i32 %window_54"   --->   Operation 82 'store' 'store_ln0' <Predicate = true> <Delay = 1.58>
ST_1 : Operation 83 [1/1] (1.58ns)   --->   "%store_ln0 = store i32 %mux_case_05_read, i32 %window_53"   --->   Operation 83 'store' 'store_ln0' <Predicate = true> <Delay = 1.58>
ST_1 : Operation 84 [1/1] (1.58ns)   --->   "%store_ln0 = store i2 0, i2 %wi"   --->   Operation 84 'store' 'store_ln0' <Predicate = true> <Delay = 1.58>
ST_1 : Operation 85 [1/1] (0.00ns)   --->   "%br_ln0 = br void %for.body22.i"   --->   Operation 85 'br' 'br_ln0' <Predicate = true> <Delay = 0.00>
ST_1 : Operation 86 [1/1] (0.00ns)   --->   "%wi_3 = load i2 %wi" [codes_lab5/HLS_sources_final/templatedFuncs.h:58]   --->   Operation 86 'load' 'wi_3' <Predicate = true> <Delay = 0.00>
ST_1 : Operation 87 [1/1] (0.95ns)   --->   "%icmp_ln58 = icmp_eq  i2 %wi_3, i2 3" [codes_lab5/HLS_sources_final/templatedFuncs.h:58]   --->   Operation 87 'icmp' 'icmp_ln58' <Predicate = true> <Delay = 0.95> <CoreInst = "Cmp">   --->   Core 9 'Cmp' <Latency = 0> <II = 1> <Delay = 0.95> <FuncUnit> <Opcode : 'icmp'> <InPorts = 2> <OutPorts = 1>
ST_1 : Operation 88 [1/1] (0.00ns)   --->   "%empty = speclooptripcount i32 @_ssdm_op_SpecLoopTripCount, i64 3, i64 3, i64 3"   --->   Operation 88 'speclooptripcount' 'empty' <Predicate = true> <Delay = 0.00>
ST_1 : Operation 89 [1/1] (1.56ns)   --->   "%add_ln58 = add i2 %wi_3, i2 1" [codes_lab5/HLS_sources_final/templatedFuncs.h:58]   --->   Operation 89 'add' 'add_ln58' <Predicate = true> <Delay = 1.56> <CoreInst = "Adder">   --->   Core 1 'Adder' <Latency = 0> <II = 1> <Delay = 1.56> <FuncUnit> <Opcode : 'add' 'sub'> <InPorts = 2> <OutPorts = 1>
ST_1 : Operation 90 [1/1] (0.00ns)   --->   "%br_ln58 = br i1 %icmp_ln58, void %for.body22.i.split, void %_Z17load_input_windowILi4ELi12EEvPA3_fPAT0__AT0__fiii.exit_ifconv.loopexit.exitStub" [codes_lab5/HLS_sources_final/templatedFuncs.h:58]   --->   Operation 90 'br' 'br_ln58' <Predicate = true> <Delay = 0.00>
ST_1 : Operation 91 [1/1] (0.00ns)   --->   "%zext_ln58_3 = zext i2 %wi_3" [codes_lab5/HLS_sources_final/templatedFuncs.h:58]   --->   Operation 91 'zext' 'zext_ln58_3' <Predicate = (!icmp_ln58)> <Delay = 0.00>
ST_1 : Operation 92 [1/1] (1.73ns)   --->   "%add_ln66 = add i4 %select_ln139_6_read, i4 %zext_ln58_3" [codes_lab5/HLS_sources_final/templatedFuncs.h:66]   --->   Operation 92 'add' 'add_ln66' <Predicate = (!icmp_ln58)> <Delay = 1.73> <CoreInst = "Adder">   --->   Core 1 'Adder' <Latency = 0> <II = 1> <Delay = 1.73> <FuncUnit> <Opcode : 'add' 'sub'> <InPorts = 2> <OutPorts = 1>
ST_1 : Operation 93 [1/1] (0.00ns)   --->   "%zext_ln66 = zext i4 %add_ln66" [codes_lab5/HLS_sources_final/templatedFuncs.h:66]   --->   Operation 93 'zext' 'zext_ln66' <Predicate = (!icmp_ln58)> <Delay = 0.00>
ST_1 : Operation 94 [1/1] (1.91ns)   --->   "%add_ln66_3 = add i9 %sub_ln52_cast, i9 %zext_ln66" [codes_lab5/HLS_sources_final/templatedFuncs.h:66]   --->   Operation 94 'add' 'add_ln66_3' <Predicate = (!icmp_ln58)> <Delay = 1.91> <CoreInst = "Adder">   --->   Core 1 'Adder' <Latency = 0> <II = 1> <Delay = 1.91> <FuncUnit> <Opcode : 'add' 'sub'> <InPorts = 2> <OutPorts = 1>
ST_1 : Operation 95 [1/1] (0.00ns)   --->   "%trunc_ln66 = trunc i9 %add_ln66_3" [codes_lab5/HLS_sources_final/templatedFuncs.h:66]   --->   Operation 95 'trunc' 'trunc_ln66' <Predicate = (!icmp_ln58)> <Delay = 0.00>
ST_1 : Operation 96 [1/1] (0.00ns)   --->   "%trunc_ln66_1 = trunc i9 %add_ln66_3" [codes_lab5/HLS_sources_final/templatedFuncs.h:66]   --->   Operation 96 'trunc' 'trunc_ln66_1' <Predicate = (!icmp_ln58)> <Delay = 0.00>
ST_1 : Operation 97 [1/1] (0.95ns)   --->   "%switch_ln61 = switch i2 %wi_3, void %arrayidx313.i13.case.2, i2 0, void %for.body22.i.split.arrayidx313.i13.exit_crit_edge, i2 1, void %for.body22.i.split.arrayidx313.i13.exit_crit_edge35" [codes_lab5/HLS_sources_final/templatedFuncs.h:61]   --->   Operation 97 'switch' 'switch_ln61' <Predicate = (!icmp_ln58)> <Delay = 0.95>
ST_1 : Operation 98 [1/1] (1.58ns)   --->   "%store_ln58 = store i2 %add_ln58, i2 %wi" [codes_lab5/HLS_sources_final/templatedFuncs.h:58]   --->   Operation 98 'store' 'store_ln58' <Predicate = (!icmp_ln58)> <Delay = 1.58>
ST_1 : Operation 99 [1/1] (0.00ns)   --->   "%br_ln58 = br void %for.body22.i" [codes_lab5/HLS_sources_final/templatedFuncs.h:58]   --->   Operation 99 'br' 'br_ln58' <Predicate = (!icmp_ln58)> <Delay = 0.00>

State 2 <SV = 1> <Delay = 6.98>
ST_2 : Operation 100 [1/1] (0.00ns)   --->   "%p_shl1 = bitconcatenate i10 @_ssdm_op_BitConcatenate.i10.i6.i4, i6 %trunc_ln66, i4 0" [codes_lab5/HLS_sources_final/templatedFuncs.h:66]   --->   Operation 100 'bitconcatenate' 'p_shl1' <Predicate = true> <Delay = 0.00>
ST_2 : Operation 101 [1/1] (0.00ns)   --->   "%p_shl2 = bitconcatenate i10 @_ssdm_op_BitConcatenate.i10.i8.i2, i8 %trunc_ln66_1, i2 0" [codes_lab5/HLS_sources_final/templatedFuncs.h:66]   --->   Operation 101 'bitconcatenate' 'p_shl2' <Predicate = true> <Delay = 0.00>
ST_2 : Operation 102 [1/1] (0.00ns) (grouped into TernaryAdder)   --->   "%newFirst = add i10 %p_shl1, i10 %zext_ln58_cast" [codes_lab5/HLS_sources_final/templatedFuncs.h:66]   --->   Operation 102 'add' 'newFirst' <Predicate = true> <Delay = 0.00> <CoreInst = "TAddSub">   --->   Core 10 'TAddSub' <Latency = 0> <II = 1> <Delay = 1.86> <IPBlock> <Opcode : 'add' 'sub'> <InPorts = 3> <OutPorts = 1> <Sync> <CReg>
ST_2 : Operation 103 [1/1] (3.72ns) (root node of TernaryAdder)   --->   "%newSecond = sub i10 %newFirst, i10 %p_shl2" [codes_lab5/HLS_sources_final/templatedFuncs.h:66]   --->   Operation 103 'sub' 'newSecond' <Predicate = true> <Delay = 3.72> <CoreInst = "TAddSub">   --->   Core 10 'TAddSub' <Latency = 0> <II = 1> <Delay = 1.86> <IPBlock> <Opcode : 'add' 'sub'> <InPorts = 3> <OutPorts = 1> <Sync> <CReg>
ST_2 : Operation 104 [1/1] (0.00ns)   --->   "%zext_ln66_4 = zext i10 %newSecond" [codes_lab5/HLS_sources_final/templatedFuncs.h:66]   --->   Operation 104 'zext' 'zext_ln66_4' <Predicate = true> <Delay = 0.00>
ST_2 : Operation 105 [1/1] (0.00ns)   --->   "%ifmap_addr = getelementptr i32 %ifmap, i64 0, i64 %zext_ln66_4" [codes_lab5/HLS_sources_final/templatedFuncs.h:66]   --->   Operation 105 'getelementptr' 'ifmap_addr' <Predicate = true> <Delay = 0.00>
ST_2 : Operation 106 [2/2] (3.25ns)   --->   "%window_77 = load i10 %ifmap_addr" [codes_lab5/HLS_sources_final/templatedFuncs.h:66]   --->   Operation 106 'load' 'window_77' <Predicate = true> <Delay = 3.25> <CoreInst = "RAM">   --->   Core 82 'RAM' <Latency = 1> <II = 1> <Delay = 3.25> <Storage> <Opcode : 'load' 'store'> <Ports = 2> <Width = 32> <Depth = 576> <RAM>
ST_2 : Operation 145 [1/1] (0.00ns)   --->   "%window_53_load = load i32 %window_53"   --->   Operation 145 'load' 'window_53_load' <Predicate = (icmp_ln58)> <Delay = 0.00>
ST_2 : Operation 146 [1/1] (0.00ns)   --->   "%window_54_load = load i32 %window_54"   --->   Operation 146 'load' 'window_54_load' <Predicate = (icmp_ln58)> <Delay = 0.00>
ST_2 : Operation 147 [1/1] (0.00ns)   --->   "%window_55_load = load i32 %window_55"   --->   Operation 147 'load' 'window_55_load' <Predicate = (icmp_ln58)> <Delay = 0.00>
ST_2 : Operation 148 [1/1] (0.00ns)   --->   "%window_56_load = load i32 %window_56"   --->   Operation 148 'load' 'window_56_load' <Predicate = (icmp_ln58)> <Delay = 0.00>
ST_2 : Operation 149 [1/1] (0.00ns)   --->   "%window_57_load = load i32 %window_57"   --->   Operation 149 'load' 'window_57_load' <Predicate = (icmp_ln58)> <Delay = 0.00>
ST_2 : Operation 150 [1/1] (0.00ns)   --->   "%window_58_load = load i32 %window_58"   --->   Operation 150 'load' 'window_58_load' <Predicate = (icmp_ln58)> <Delay = 0.00>
ST_2 : Operation 151 [1/1] (0.00ns)   --->   "%window_59_load = load i32 %window_59"   --->   Operation 151 'load' 'window_59_load' <Predicate = (icmp_ln58)> <Delay = 0.00>
ST_2 : Operation 152 [1/1] (0.00ns)   --->   "%window_60_load = load i32 %window_60"   --->   Operation 152 'load' 'window_60_load' <Predicate = (icmp_ln58)> <Delay = 0.00>
ST_2 : Operation 153 [1/1] (0.00ns)   --->   "%window_61_load = load i32 %window_61"   --->   Operation 153 'load' 'window_61_load' <Predicate = (icmp_ln58)> <Delay = 0.00>
ST_2 : Operation 154 [1/1] (0.00ns)   --->   "%window_62_load = load i32 %window_62"   --->   Operation 154 'load' 'window_62_load' <Predicate = (icmp_ln58)> <Delay = 0.00>
ST_2 : Operation 155 [1/1] (0.00ns)   --->   "%window_63_load = load i32 %window_63"   --->   Operation 155 'load' 'window_63_load' <Predicate = (icmp_ln58)> <Delay = 0.00>
ST_2 : Operation 156 [1/1] (0.00ns)   --->   "%window_64_load = load i32 %window_64"   --->   Operation 156 'load' 'window_64_load' <Predicate = (icmp_ln58)> <Delay = 0.00>
ST_2 : Operation 157 [1/1] (0.00ns)   --->   "%window_65_load = load i32 %window_65"   --->   Operation 157 'load' 'window_65_load' <Predicate = (icmp_ln58)> <Delay = 0.00>
ST_2 : Operation 158 [1/1] (0.00ns)   --->   "%window_66_load = load i32 %window_66"   --->   Operation 158 'load' 'window_66_load' <Predicate = (icmp_ln58)> <Delay = 0.00>
ST_2 : Operation 159 [1/1] (0.00ns)   --->   "%window_67_load = load i32 %window_67"   --->   Operation 159 'load' 'window_67_load' <Predicate = (icmp_ln58)> <Delay = 0.00>
ST_2 : Operation 160 [1/1] (0.00ns)   --->   "%window_68_load = load i32 %window_68"   --->   Operation 160 'load' 'window_68_load' <Predicate = (icmp_ln58)> <Delay = 0.00>
ST_2 : Operation 161 [1/1] (0.00ns)   --->   "%window_69_load = load i32 %window_69"   --->   Operation 161 'load' 'window_69_load' <Predicate = (icmp_ln58)> <Delay = 0.00>
ST_2 : Operation 162 [1/1] (0.00ns)   --->   "%window_70_load = load i32 %window_70"   --->   Operation 162 'load' 'window_70_load' <Predicate = (icmp_ln58)> <Delay = 0.00>
ST_2 : Operation 163 [1/1] (0.00ns)   --->   "%window_71_load = load i32 %window_71"   --->   Operation 163 'load' 'window_71_load' <Predicate = (icmp_ln58)> <Delay = 0.00>
ST_2 : Operation 164 [1/1] (0.00ns)   --->   "%window_72_load = load i32 %window_72"   --->   Operation 164 'load' 'window_72_load' <Predicate = (icmp_ln58)> <Delay = 0.00>
ST_2 : Operation 165 [1/1] (0.00ns)   --->   "%window_73_load = load i32 %window_73"   --->   Operation 165 'load' 'window_73_load' <Predicate = (icmp_ln58)> <Delay = 0.00>
ST_2 : Operation 166 [1/1] (0.00ns)   --->   "%window_74_load = load i32 %window_74"   --->   Operation 166 'load' 'window_74_load' <Predicate = (icmp_ln58)> <Delay = 0.00>
ST_2 : Operation 167 [1/1] (0.00ns)   --->   "%window_75_load = load i32 %window_75"   --->   Operation 167 'load' 'window_75_load' <Predicate = (icmp_ln58)> <Delay = 0.00>
ST_2 : Operation 168 [1/1] (0.00ns)   --->   "%window_76_load = load i32 %window_76"   --->   Operation 168 'load' 'window_76_load' <Predicate = (icmp_ln58)> <Delay = 0.00>
ST_2 : Operation 169 [1/1] (0.00ns)   --->   "%write_ln0 = write void @_ssdm_op_Write.ap_auto.floatP0A, i32 %window_4749107_out, i32 %window_76_load"   --->   Operation 169 'write' 'write_ln0' <Predicate = (icmp_ln58)> <Delay = 0.00>
ST_2 : Operation 170 [1/1] (0.00ns)   --->   "%write_ln0 = write void @_ssdm_op_Write.ap_auto.floatP0A, i32 %window_4648100_out, i32 %window_75_load"   --->   Operation 170 'write' 'write_ln0' <Predicate = (icmp_ln58)> <Delay = 0.00>
ST_2 : Operation 171 [1/1] (0.00ns)   --->   "%write_ln0 = write void @_ssdm_op_Write.ap_auto.floatP0A, i32 %window_454793_out, i32 %window_74_load"   --->   Operation 171 'write' 'write_ln0' <Predicate = (icmp_ln58)> <Delay = 0.00>
ST_2 : Operation 172 [1/1] (0.00ns)   --->   "%write_ln0 = write void @_ssdm_op_Write.ap_auto.floatP0A, i32 %window_444686_out, i32 %window_73_load"   --->   Operation 172 'write' 'write_ln0' <Predicate = (icmp_ln58)> <Delay = 0.00>
ST_2 : Operation 173 [1/1] (0.00ns)   --->   "%write_ln0 = write void @_ssdm_op_Write.ap_auto.floatP0A, i32 %window_434579_out, i32 %window_72_load"   --->   Operation 173 'write' 'write_ln0' <Predicate = (icmp_ln58)> <Delay = 0.00>
ST_2 : Operation 174 [1/1] (0.00ns)   --->   "%write_ln0 = write void @_ssdm_op_Write.ap_auto.floatP0A, i32 %window_424472_out, i32 %window_71_load"   --->   Operation 174 'write' 'write_ln0' <Predicate = (icmp_ln58)> <Delay = 0.00>
ST_2 : Operation 175 [1/1] (0.00ns)   --->   "%write_ln0 = write void @_ssdm_op_Write.ap_auto.floatP0A, i32 %window_414365_out, i32 %window_70_load"   --->   Operation 175 'write' 'write_ln0' <Predicate = (icmp_ln58)> <Delay = 0.00>
ST_2 : Operation 176 [1/1] (0.00ns)   --->   "%write_ln0 = write void @_ssdm_op_Write.ap_auto.floatP0A, i32 %window_404258_out, i32 %window_69_load"   --->   Operation 176 'write' 'write_ln0' <Predicate = (icmp_ln58)> <Delay = 0.00>
ST_2 : Operation 177 [1/1] (0.00ns)   --->   "%write_ln0 = write void @_ssdm_op_Write.ap_auto.floatP0A, i32 %window4151_out, i32 %window_68_load"   --->   Operation 177 'write' 'write_ln0' <Predicate = (icmp_ln58)> <Delay = 0.00>
ST_2 : Operation 178 [1/1] (0.00ns)   --->   "%write_ln0 = write void @_ssdm_op_Write.ap_auto.floatP0A, i32 %window_2_2_promoted253351_out, i32 %window_67_load"   --->   Operation 178 'write' 'write_ln0' <Predicate = (icmp_ln58)> <Delay = 0.00>
ST_2 : Operation 179 [1/1] (0.00ns)   --->   "%write_ln0 = write void @_ssdm_op_Write.ap_auto.floatP0A, i32 %window_2_0_promoted251344_out, i32 %window_66_load"   --->   Operation 179 'write' 'write_ln0' <Predicate = (icmp_ln58)> <Delay = 0.00>
ST_2 : Operation 180 [1/1] (0.00ns)   --->   "%write_ln0 = write void @_ssdm_op_Write.ap_auto.floatP0A, i32 %window_2_1_promoted249337_out, i32 %window_65_load"   --->   Operation 180 'write' 'write_ln0' <Predicate = (icmp_ln58)> <Delay = 0.00>
ST_2 : Operation 181 [1/1] (0.00ns)   --->   "%write_ln0 = write void @_ssdm_op_Write.ap_auto.floatP0A, i32 %window_0_2_promoted247330_out, i32 %window_64_load"   --->   Operation 181 'write' 'write_ln0' <Predicate = (icmp_ln58)> <Delay = 0.00>
ST_2 : Operation 182 [1/1] (0.00ns)   --->   "%write_ln0 = write void @_ssdm_op_Write.ap_auto.floatP0A, i32 %window_0_0_promoted245323_out, i32 %window_63_load"   --->   Operation 182 'write' 'write_ln0' <Predicate = (icmp_ln58)> <Delay = 0.00>
ST_2 : Operation 183 [1/1] (0.00ns)   --->   "%write_ln0 = write void @_ssdm_op_Write.ap_auto.floatP0A, i32 %window_0_1_promoted243316_out, i32 %window_62_load"   --->   Operation 183 'write' 'write_ln0' <Predicate = (icmp_ln58)> <Delay = 0.00>
ST_2 : Operation 184 [1/1] (0.00ns)   --->   "%write_ln0 = write void @_ssdm_op_Write.ap_auto.floatP0A, i32 %window_1_2_promoted241309_out, i32 %window_61_load"   --->   Operation 184 'write' 'write_ln0' <Predicate = (icmp_ln58)> <Delay = 0.00>
ST_2 : Operation 185 [1/1] (0.00ns)   --->   "%write_ln0 = write void @_ssdm_op_Write.ap_auto.floatP0A, i32 %window_1_0_promoted239302_out, i32 %window_60_load"   --->   Operation 185 'write' 'write_ln0' <Predicate = (icmp_ln58)> <Delay = 0.00>
ST_2 : Operation 186 [1/1] (0.00ns)   --->   "%write_ln0 = write void @_ssdm_op_Write.ap_auto.floatP0A, i32 %window_1_1_promoted237295_out, i32 %window_59_load"   --->   Operation 186 'write' 'write_ln0' <Predicate = (icmp_ln58)> <Delay = 0.00>
ST_2 : Operation 187 [1/1] (0.00ns)   --->   "%write_ln0 = write void @_ssdm_op_Write.ap_auto.floatP0A, i32 %mux_case_286_out, i32 %window_58_load"   --->   Operation 187 'write' 'write_ln0' <Predicate = (icmp_ln58)> <Delay = 0.00>
ST_2 : Operation 188 [1/1] (0.00ns)   --->   "%write_ln0 = write void @_ssdm_op_Write.ap_auto.floatP0A, i32 %mux_case_185_out, i32 %window_57_load"   --->   Operation 188 'write' 'write_ln0' <Predicate = (icmp_ln58)> <Delay = 0.00>
ST_2 : Operation 189 [1/1] (0.00ns)   --->   "%write_ln0 = write void @_ssdm_op_Write.ap_auto.floatP0A, i32 %mux_case_084_out, i32 %window_56_load"   --->   Operation 189 'write' 'write_ln0' <Predicate = (icmp_ln58)> <Delay = 0.00>
ST_2 : Operation 190 [1/1] (0.00ns)   --->   "%write_ln0 = write void @_ssdm_op_Write.ap_auto.floatP0A, i32 %mux_case_2_out, i32 %window_55_load"   --->   Operation 190 'write' 'write_ln0' <Predicate = (icmp_ln58)> <Delay = 0.00>
ST_2 : Operation 191 [1/1] (0.00ns)   --->   "%write_ln0 = write void @_ssdm_op_Write.ap_auto.floatP0A, i32 %mux_case_1_out, i32 %window_54_load"   --->   Operation 191 'write' 'write_ln0' <Predicate = (icmp_ln58)> <Delay = 0.00>
ST_2 : Operation 192 [1/1] (0.00ns)   --->   "%write_ln0 = write void @_ssdm_op_Write.ap_auto.floatP0A, i32 %mux_case_0_out, i32 %window_53_load"   --->   Operation 192 'write' 'write_ln0' <Predicate = (icmp_ln58)> <Delay = 0.00>
ST_2 : Operation 193 [1/1] (0.00ns)   --->   "%ret_ln0 = ret"   --->   Operation 193 'ret' 'ret_ln0' <Predicate = (icmp_ln58)> <Delay = 0.00>

State 3 <SV = 2> <Delay = 4.84>
ST_3 : Operation 107 [1/1] (0.00ns)   --->   "%window_53_load_1 = load i32 %window_53" [codes_lab5/HLS_sources_final/templatedFuncs.h:61]   --->   Operation 107 'load' 'window_53_load_1' <Predicate = true> <Delay = 0.00>
ST_3 : Operation 108 [1/1] (0.00ns)   --->   "%window_54_load_1 = load i32 %window_54" [codes_lab5/HLS_sources_final/templatedFuncs.h:61]   --->   Operation 108 'load' 'window_54_load_1' <Predicate = true> <Delay = 0.00>
ST_3 : Operation 109 [1/1] (0.00ns)   --->   "%window_55_load_1 = load i32 %window_55" [codes_lab5/HLS_sources_final/templatedFuncs.h:61]   --->   Operation 109 'load' 'window_55_load_1' <Predicate = true> <Delay = 0.00>
ST_3 : Operation 110 [1/1] (0.00ns)   --->   "%window_56_load_1 = load i32 %window_56" [codes_lab5/HLS_sources_final/templatedFuncs.h:62]   --->   Operation 110 'load' 'window_56_load_1' <Predicate = true> <Delay = 0.00>
ST_3 : Operation 111 [1/1] (0.00ns)   --->   "%window_57_load_1 = load i32 %window_57" [codes_lab5/HLS_sources_final/templatedFuncs.h:62]   --->   Operation 111 'load' 'window_57_load_1' <Predicate = true> <Delay = 0.00>
ST_3 : Operation 112 [1/1] (0.00ns)   --->   "%window_58_load_1 = load i32 %window_58" [codes_lab5/HLS_sources_final/templatedFuncs.h:62]   --->   Operation 112 'load' 'window_58_load_1' <Predicate = true> <Delay = 0.00>
ST_3 : Operation 113 [1/1] (0.00ns)   --->   "%specpipeline_ln59 = specpipeline void @_ssdm_op_SpecPipeline, i32 4294967295, i32 0, i32 0, i32 0, void @empty_9" [codes_lab5/HLS_sources_final/templatedFuncs.h:59]   --->   Operation 113 'specpipeline' 'specpipeline_ln59' <Predicate = true> <Delay = 0.00>
ST_3 : Operation 114 [1/1] (0.00ns)   --->   "%specloopname_ln58 = specloopname void @_ssdm_op_SpecLoopName, void @empty_10" [codes_lab5/HLS_sources_final/templatedFuncs.h:58]   --->   Operation 114 'specloopname' 'specloopname_ln58' <Predicate = true> <Delay = 0.00>
ST_3 : Operation 115 [1/1] (1.70ns)   --->   "%window = mux i32 @_ssdm_op_Mux.ap_auto.3float.i2, i32 %window_53_load_1, i32 %window_54_load_1, i32 %window_55_load_1, i2 %wi_3" [codes_lab5/HLS_sources_final/templatedFuncs.h:61]   --->   Operation 115 'mux' 'window' <Predicate = true> <Delay = 1.70> <CoreInst = "Multiplexer">   --->   Core 76 'Multiplexer' <Latency = 0> <II = 1> <Delay = 1.70> <FuncUnit> <Opcode : 'mux'> <InPorts = 2> <OutPorts = 1>
ST_3 : Operation 116 [1/2] (3.25ns)   --->   "%window_77 = load i10 %ifmap_addr" [codes_lab5/HLS_sources_final/templatedFuncs.h:66]   --->   Operation 116 'load' 'window_77' <Predicate = true> <Delay = 3.25> <CoreInst = "RAM">   --->   Core 82 'RAM' <Latency = 1> <II = 1> <Delay = 3.25> <Storage> <Opcode : 'load' 'store'> <Ports = 2> <Width = 32> <Depth = 576> <RAM>
ST_3 : Operation 117 [1/1] (1.70ns)   --->   "%window_2 = mux i32 @_ssdm_op_Mux.ap_auto.3float.i2, i32 %window_56_load_1, i32 %window_57_load_1, i32 %window_58_load_1, i2 %wi_3" [codes_lab5/HLS_sources_final/templatedFuncs.h:62]   --->   Operation 117 'mux' 'window_2' <Predicate = true> <Delay = 1.70> <CoreInst = "Multiplexer">   --->   Core 76 'Multiplexer' <Latency = 0> <II = 1> <Delay = 1.70> <FuncUnit> <Opcode : 'mux'> <InPorts = 2> <OutPorts = 1>
ST_3 : Operation 118 [1/1] (1.58ns)   --->   "%store_ln61 = store i32 %window_77, i32 %window_73" [codes_lab5/HLS_sources_final/templatedFuncs.h:61]   --->   Operation 118 'store' 'store_ln61' <Predicate = (wi_3 == 1)> <Delay = 1.58>
ST_3 : Operation 119 [1/1] (1.58ns)   --->   "%store_ln61 = store i32 %window_2, i32 %window_72" [codes_lab5/HLS_sources_final/templatedFuncs.h:61]   --->   Operation 119 'store' 'store_ln61' <Predicate = (wi_3 == 1)> <Delay = 1.58>
ST_3 : Operation 120 [1/1] (1.58ns)   --->   "%store_ln61 = store i32 %window, i32 %window_71" [codes_lab5/HLS_sources_final/templatedFuncs.h:61]   --->   Operation 120 'store' 'store_ln61' <Predicate = (wi_3 == 1)> <Delay = 1.58>
ST_3 : Operation 121 [1/1] (1.58ns)   --->   "%store_ln61 = store i32 %window_77, i32 %window_61" [codes_lab5/HLS_sources_final/templatedFuncs.h:61]   --->   Operation 121 'store' 'store_ln61' <Predicate = (wi_3 == 1)> <Delay = 1.58>
ST_3 : Operation 122 [1/1] (1.58ns)   --->   "%store_ln61 = store i32 %window, i32 %window_60" [codes_lab5/HLS_sources_final/templatedFuncs.h:61]   --->   Operation 122 'store' 'store_ln61' <Predicate = (wi_3 == 1)> <Delay = 1.58>
ST_3 : Operation 123 [1/1] (1.58ns)   --->   "%store_ln61 = store i32 %window_2, i32 %window_59" [codes_lab5/HLS_sources_final/templatedFuncs.h:61]   --->   Operation 123 'store' 'store_ln61' <Predicate = (wi_3 == 1)> <Delay = 1.58>
ST_3 : Operation 124 [1/1] (1.58ns)   --->   "%store_ln61 = store i32 %window_77, i32 %window_57" [codes_lab5/HLS_sources_final/templatedFuncs.h:61]   --->   Operation 124 'store' 'store_ln61' <Predicate = (wi_3 == 1)> <Delay = 1.58>
ST_3 : Operation 125 [1/1] (1.58ns)   --->   "%store_ln61 = store i32 %window_2, i32 %window_54" [codes_lab5/HLS_sources_final/templatedFuncs.h:61]   --->   Operation 125 'store' 'store_ln61' <Predicate = (wi_3 == 1)> <Delay = 1.58>
ST_3 : Operation 126 [1/1] (0.00ns)   --->   "%br_ln61 = br void %arrayidx313.i13.exit" [codes_lab5/HLS_sources_final/templatedFuncs.h:61]   --->   Operation 126 'br' 'br_ln61' <Predicate = (wi_3 == 1)> <Delay = 0.00>
ST_3 : Operation 127 [1/1] (1.58ns)   --->   "%store_ln61 = store i32 %window_77, i32 %window_70" [codes_lab5/HLS_sources_final/templatedFuncs.h:61]   --->   Operation 127 'store' 'store_ln61' <Predicate = (wi_3 == 0)> <Delay = 1.58>
ST_3 : Operation 128 [1/1] (1.58ns)   --->   "%store_ln61 = store i32 %window_2, i32 %window_69" [codes_lab5/HLS_sources_final/templatedFuncs.h:61]   --->   Operation 128 'store' 'store_ln61' <Predicate = (wi_3 == 0)> <Delay = 1.58>
ST_3 : Operation 129 [1/1] (1.58ns)   --->   "%store_ln61 = store i32 %window, i32 %window_68" [codes_lab5/HLS_sources_final/templatedFuncs.h:61]   --->   Operation 129 'store' 'store_ln61' <Predicate = (wi_3 == 0)> <Delay = 1.58>
ST_3 : Operation 130 [1/1] (1.58ns)   --->   "%store_ln61 = store i32 %window_77, i32 %window_64" [codes_lab5/HLS_sources_final/templatedFuncs.h:61]   --->   Operation 130 'store' 'store_ln61' <Predicate = (wi_3 == 0)> <Delay = 1.58>
ST_3 : Operation 131 [1/1] (1.58ns)   --->   "%store_ln61 = store i32 %window, i32 %window_63" [codes_lab5/HLS_sources_final/templatedFuncs.h:61]   --->   Operation 131 'store' 'store_ln61' <Predicate = (wi_3 == 0)> <Delay = 1.58>
ST_3 : Operation 132 [1/1] (1.58ns)   --->   "%store_ln61 = store i32 %window_2, i32 %window_62" [codes_lab5/HLS_sources_final/templatedFuncs.h:61]   --->   Operation 132 'store' 'store_ln61' <Predicate = (wi_3 == 0)> <Delay = 1.58>
ST_3 : Operation 133 [1/1] (1.58ns)   --->   "%store_ln61 = store i32 %window_77, i32 %window_56" [codes_lab5/HLS_sources_final/templatedFuncs.h:61]   --->   Operation 133 'store' 'store_ln61' <Predicate = (wi_3 == 0)> <Delay = 1.58>
ST_3 : Operation 134 [1/1] (1.58ns)   --->   "%store_ln61 = store i32 %window_2, i32 %window_53" [codes_lab5/HLS_sources_final/templatedFuncs.h:61]   --->   Operation 134 'store' 'store_ln61' <Predicate = (wi_3 == 0)> <Delay = 1.58>
ST_3 : Operation 135 [1/1] (0.00ns)   --->   "%br_ln61 = br void %arrayidx313.i13.exit" [codes_lab5/HLS_sources_final/templatedFuncs.h:61]   --->   Operation 135 'br' 'br_ln61' <Predicate = (wi_3 == 0)> <Delay = 0.00>
ST_3 : Operation 136 [1/1] (1.58ns)   --->   "%store_ln66 = store i32 %window_77, i32 %window_76" [codes_lab5/HLS_sources_final/templatedFuncs.h:66]   --->   Operation 136 'store' 'store_ln66' <Predicate = (wi_3 != 0 & wi_3 != 1)> <Delay = 1.58>
ST_3 : Operation 137 [1/1] (1.58ns)   --->   "%store_ln66 = store i32 %window_2, i32 %window_75" [codes_lab5/HLS_sources_final/templatedFuncs.h:66]   --->   Operation 137 'store' 'store_ln66' <Predicate = (wi_3 != 0 & wi_3 != 1)> <Delay = 1.58>
ST_3 : Operation 138 [1/1] (1.58ns)   --->   "%store_ln66 = store i32 %window, i32 %window_74" [codes_lab5/HLS_sources_final/templatedFuncs.h:66]   --->   Operation 138 'store' 'store_ln66' <Predicate = (wi_3 != 0 & wi_3 != 1)> <Delay = 1.58>
ST_3 : Operation 139 [1/1] (1.58ns)   --->   "%store_ln66 = store i32 %window_77, i32 %window_67" [codes_lab5/HLS_sources_final/templatedFuncs.h:66]   --->   Operation 139 'store' 'store_ln66' <Predicate = (wi_3 != 0 & wi_3 != 1)> <Delay = 1.58>
ST_3 : Operation 140 [1/1] (1.58ns)   --->   "%store_ln66 = store i32 %window, i32 %window_66" [codes_lab5/HLS_sources_final/templatedFuncs.h:66]   --->   Operation 140 'store' 'store_ln66' <Predicate = (wi_3 != 0 & wi_3 != 1)> <Delay = 1.58>
ST_3 : Operation 141 [1/1] (1.58ns)   --->   "%store_ln66 = store i32 %window_2, i32 %window_65" [codes_lab5/HLS_sources_final/templatedFuncs.h:66]   --->   Operation 141 'store' 'store_ln66' <Predicate = (wi_3 != 0 & wi_3 != 1)> <Delay = 1.58>
ST_3 : Operation 142 [1/1] (1.58ns)   --->   "%store_ln66 = store i32 %window_77, i32 %window_58" [codes_lab5/HLS_sources_final/templatedFuncs.h:66]   --->   Operation 142 'store' 'store_ln66' <Predicate = (wi_3 != 0 & wi_3 != 1)> <Delay = 1.58>
ST_3 : Operation 143 [1/1] (1.58ns)   --->   "%store_ln66 = store i32 %window_2, i32 %window_55" [codes_lab5/HLS_sources_final/templatedFuncs.h:66]   --->   Operation 143 'store' 'store_ln66' <Predicate = (wi_3 != 0 & wi_3 != 1)> <Delay = 1.58>
ST_3 : Operation 144 [1/1] (0.00ns)   --->   "%br_ln66 = br void %arrayidx313.i13.exit" [codes_lab5/HLS_sources_final/templatedFuncs.h:66]   --->   Operation 144 'br' 'br_ln66' <Predicate = (wi_3 != 0 & wi_3 != 1)> <Delay = 0.00>


============================================================
+ Verbose Summary: Binding
============================================================
STG Binding: 
---------------- STG Properties BEGIN ----------------
- Is combinational: 0
- Is one-state seq: 0
- Is datapath-only: 0
- Is pipelined: 0
- Is top level: 0
Port [ Return ] is wired: 1; IO mode=ap_ctrl_hs:ce=0
Port [ window_4749112]:  wired=1; compound=0; hidden=0; nouse=0; global=0; static=0; extern=0; dir=0; type=0; pingpong=0; private_global=0; IO mode=ap_none:ce=0
Port [ window_4648105]:  wired=1; compound=0; hidden=0; nouse=0; global=0; static=0; extern=0; dir=0; type=0; pingpong=0; private_global=0; IO mode=ap_none:ce=0
Port [ window_454798]:  wired=1; compound=0; hidden=0; nouse=0; global=0; static=0; extern=0; dir=0; type=0; pingpong=0; private_global=0; IO mode=ap_none:ce=0
Port [ window_444691]:  wired=1; compound=0; hidden=0; nouse=0; global=0; static=0; extern=0; dir=0; type=0; pingpong=0; private_global=0; IO mode=ap_none:ce=0
Port [ window_434584]:  wired=1; compound=0; hidden=0; nouse=0; global=0; static=0; extern=0; dir=0; type=0; pingpong=0; private_global=0; IO mode=ap_none:ce=0
Port [ window_424477]:  wired=1; compound=0; hidden=0; nouse=0; global=0; static=0; extern=0; dir=0; type=0; pingpong=0; private_global=0; IO mode=ap_none:ce=0
Port [ window_414370]:  wired=1; compound=0; hidden=0; nouse=0; global=0; static=0; extern=0; dir=0; type=0; pingpong=0; private_global=0; IO mode=ap_none:ce=0
Port [ window_404263]:  wired=1; compound=0; hidden=0; nouse=0; global=0; static=0; extern=0; dir=0; type=0; pingpong=0; private_global=0; IO mode=ap_none:ce=0
Port [ window4156]:  wired=1; compound=0; hidden=0; nouse=0; global=0; static=0; extern=0; dir=0; type=0; pingpong=0; private_global=0; IO mode=ap_none:ce=0
Port [ window_2_2_promoted253]:  wired=1; compound=0; hidden=0; nouse=0; global=0; static=0; extern=0; dir=0; type=0; pingpong=0; private_global=0; IO mode=ap_none:ce=0
Port [ window_2_0_promoted251]:  wired=1; compound=0; hidden=0; nouse=0; global=0; static=0; extern=0; dir=0; type=0; pingpong=0; private_global=0; IO mode=ap_none:ce=0
Port [ window_2_1_promoted249]:  wired=1; compound=0; hidden=0; nouse=0; global=0; static=0; extern=0; dir=0; type=0; pingpong=0; private_global=0; IO mode=ap_none:ce=0
Port [ window_0_2_promoted247]:  wired=1; compound=0; hidden=0; nouse=0; global=0; static=0; extern=0; dir=0; type=0; pingpong=0; private_global=0; IO mode=ap_none:ce=0
Port [ window_0_0_promoted245]:  wired=1; compound=0; hidden=0; nouse=0; global=0; static=0; extern=0; dir=0; type=0; pingpong=0; private_global=0; IO mode=ap_none:ce=0
Port [ window_0_1_promoted243]:  wired=1; compound=0; hidden=0; nouse=0; global=0; static=0; extern=0; dir=0; type=0; pingpong=0; private_global=0; IO mode=ap_none:ce=0
Port [ window_1_2_promoted241]:  wired=1; compound=0; hidden=0; nouse=0; global=0; static=0; extern=0; dir=0; type=0; pingpong=0; private_global=0; IO mode=ap_none:ce=0
Port [ window_1_0_promoted239]:  wired=1; compound=0; hidden=0; nouse=0; global=0; static=0; extern=0; dir=0; type=0; pingpong=0; private_global=0; IO mode=ap_none:ce=0
Port [ window_1_1_promoted237]:  wired=1; compound=0; hidden=0; nouse=0; global=0; static=0; extern=0; dir=0; type=0; pingpong=0; private_global=0; IO mode=ap_none:ce=0
Port [ mux_case_28664]:  wired=1; compound=0; hidden=0; nouse=0; global=0; static=0; extern=0; dir=0; type=0; pingpong=0; private_global=0; IO mode=ap_none:ce=0
Port [ mux_case_18553]:  wired=1; compound=0; hidden=0; nouse=0; global=0; static=0; extern=0; dir=0; type=0; pingpong=0; private_global=0; IO mode=ap_none:ce=0
Port [ mux_case_08442]:  wired=1; compound=0; hidden=0; nouse=0; global=0; static=0; extern=0; dir=0; type=0; pingpong=0; private_global=0; IO mode=ap_none:ce=0
Port [ mux_case_227]:  wired=1; compound=0; hidden=0; nouse=0; global=0; static=0; extern=0; dir=0; type=0; pingpong=0; private_global=0; IO mode=ap_none:ce=0
Port [ mux_case_116]:  wired=1; compound=0; hidden=0; nouse=0; global=0; static=0; extern=0; dir=0; type=0; pingpong=0; private_global=0; IO mode=ap_none:ce=0
Port [ mux_case_05]:  wired=1; compound=0; hidden=0; nouse=0; global=0; static=0; extern=0; dir=0; type=0; pingpong=0; private_global=0; IO mode=ap_none:ce=0
Port [ select_ln139_6]:  wired=1; compound=0; hidden=0; nouse=0; global=0; static=0; extern=0; dir=0; type=0; pingpong=0; private_global=0; IO mode=ap_none:ce=0
Port [ sub_ln52]:  wired=1; compound=0; hidden=0; nouse=0; global=0; static=0; extern=0; dir=0; type=0; pingpong=0; private_global=0; IO mode=ap_none:ce=0
Port [ zext_ln58]:  wired=1; compound=0; hidden=0; nouse=0; global=0; static=0; extern=0; dir=0; type=0; pingpong=0; private_global=0; IO mode=ap_none:ce=0
Port [ ifmap]:  wired=1; compound=1; hidden=0; nouse=0; global=0; static=0; extern=0; dir=0; type=1; pingpong=1; private_global=0; MemPort=[13]; IO mode=ap_memory:ce=0
Port [ window_4749107_out]:  wired=1; compound=0; hidden=0; nouse=0; global=0; static=0; extern=0; dir=1; type=0; pingpong=0; private_global=0; IO mode=ap_vld:ce=0
Port [ window_4648100_out]:  wired=1; compound=0; hidden=0; nouse=0; global=0; static=0; extern=0; dir=1; type=0; pingpong=0; private_global=0; IO mode=ap_vld:ce=0
Port [ window_454793_out]:  wired=1; compound=0; hidden=0; nouse=0; global=0; static=0; extern=0; dir=1; type=0; pingpong=0; private_global=0; IO mode=ap_vld:ce=0
Port [ window_444686_out]:  wired=1; compound=0; hidden=0; nouse=0; global=0; static=0; extern=0; dir=1; type=0; pingpong=0; private_global=0; IO mode=ap_vld:ce=0
Port [ window_434579_out]:  wired=1; compound=0; hidden=0; nouse=0; global=0; static=0; extern=0; dir=1; type=0; pingpong=0; private_global=0; IO mode=ap_vld:ce=0
Port [ window_424472_out]:  wired=1; compound=0; hidden=0; nouse=0; global=0; static=0; extern=0; dir=1; type=0; pingpong=0; private_global=0; IO mode=ap_vld:ce=0
Port [ window_414365_out]:  wired=1; compound=0; hidden=0; nouse=0; global=0; static=0; extern=0; dir=1; type=0; pingpong=0; private_global=0; IO mode=ap_vld:ce=0
Port [ window_404258_out]:  wired=1; compound=0; hidden=0; nouse=0; global=0; static=0; extern=0; dir=1; type=0; pingpong=0; private_global=0; IO mode=ap_vld:ce=0
Port [ window4151_out]:  wired=1; compound=0; hidden=0; nouse=0; global=0; static=0; extern=0; dir=1; type=0; pingpong=0; private_global=0; IO mode=ap_vld:ce=0
Port [ window_2_2_promoted253351_out]:  wired=1; compound=0; hidden=0; nouse=0; global=0; static=0; extern=0; dir=1; type=0; pingpong=0; private_global=0; IO mode=ap_vld:ce=0
Port [ window_2_0_promoted251344_out]:  wired=1; compound=0; hidden=0; nouse=0; global=0; static=0; extern=0; dir=1; type=0; pingpong=0; private_global=0; IO mode=ap_vld:ce=0
Port [ window_2_1_promoted249337_out]:  wired=1; compound=0; hidden=0; nouse=0; global=0; static=0; extern=0; dir=1; type=0; pingpong=0; private_global=0; IO mode=ap_vld:ce=0
Port [ window_0_2_promoted247330_out]:  wired=1; compound=0; hidden=0; nouse=0; global=0; static=0; extern=0; dir=1; type=0; pingpong=0; private_global=0; IO mode=ap_vld:ce=0
Port [ window_0_0_promoted245323_out]:  wired=1; compound=0; hidden=0; nouse=0; global=0; static=0; extern=0; dir=1; type=0; pingpong=0; private_global=0; IO mode=ap_vld:ce=0
Port [ window_0_1_promoted243316_out]:  wired=1; compound=0; hidden=0; nouse=0; global=0; static=0; extern=0; dir=1; type=0; pingpong=0; private_global=0; IO mode=ap_vld:ce=0
Port [ window_1_2_promoted241309_out]:  wired=1; compound=0; hidden=0; nouse=0; global=0; static=0; extern=0; dir=1; type=0; pingpong=0; private_global=0; IO mode=ap_vld:ce=0
Port [ window_1_0_promoted239302_out]:  wired=1; compound=0; hidden=0; nouse=0; global=0; static=0; extern=0; dir=1; type=0; pingpong=0; private_global=0; IO mode=ap_vld:ce=0
Port [ window_1_1_promoted237295_out]:  wired=1; compound=0; hidden=0; nouse=0; global=0; static=0; extern=0; dir=1; type=0; pingpong=0; private_global=0; IO mode=ap_vld:ce=0
Port [ mux_case_286_out]:  wired=1; compound=0; hidden=0; nouse=0; global=0; static=0; extern=0; dir=1; type=0; pingpong=0; private_global=0; IO mode=ap_vld:ce=0
Port [ mux_case_185_out]:  wired=1; compound=0; hidden=0; nouse=0; global=0; static=0; extern=0; dir=1; type=0; pingpong=0; private_global=0; IO mode=ap_vld:ce=0
Port [ mux_case_084_out]:  wired=1; compound=0; hidden=0; nouse=0; global=0; static=0; extern=0; dir=1; type=0; pingpong=0; private_global=0; IO mode=ap_vld:ce=0
Port [ mux_case_2_out]:  wired=1; compound=0; hidden=0; nouse=0; global=0; static=0; extern=0; dir=1; type=0; pingpong=0; private_global=0; IO mode=ap_vld:ce=0
Port [ mux_case_1_out]:  wired=1; compound=0; hidden=0; nouse=0; global=0; static=0; extern=0; dir=1; type=0; pingpong=0; private_global=0; IO mode=ap_vld:ce=0
Port [ mux_case_0_out]:  wired=1; compound=0; hidden=0; nouse=0; global=0; static=0; extern=0; dir=1; type=0; pingpong=0; private_global=0; IO mode=ap_vld:ce=0
---------------- STG Properties END ------------------

---------------- Datapath Model BEGIN ----------------

<LifeTime>
<method=bitvector/>
wi                          (alloca           ) [ 0100]
window_53                   (alloca           ) [ 0111]
window_54                   (alloca           ) [ 0111]
window_55                   (alloca           ) [ 0111]
window_56                   (alloca           ) [ 0111]
window_57                   (alloca           ) [ 0111]
window_58                   (alloca           ) [ 0111]
window_59                   (alloca           ) [ 0111]
window_60                   (alloca           ) [ 0111]
window_61                   (alloca           ) [ 0111]
window_62                   (alloca           ) [ 0111]
window_63                   (alloca           ) [ 0111]
window_64                   (alloca           ) [ 0111]
window_65                   (alloca           ) [ 0111]
window_66                   (alloca           ) [ 0111]
window_67                   (alloca           ) [ 0111]
window_68                   (alloca           ) [ 0111]
window_69                   (alloca           ) [ 0111]
window_70                   (alloca           ) [ 0111]
window_71                   (alloca           ) [ 0111]
window_72                   (alloca           ) [ 0111]
window_73                   (alloca           ) [ 0111]
window_74                   (alloca           ) [ 0111]
window_75                   (alloca           ) [ 0111]
window_76                   (alloca           ) [ 0111]
zext_ln58_read              (read             ) [ 0000]
sub_ln52_read               (read             ) [ 0000]
select_ln139_6_read         (read             ) [ 0000]
mux_case_05_read            (read             ) [ 0000]
mux_case_116_read           (read             ) [ 0000]
mux_case_227_read           (read             ) [ 0000]
mux_case_08442_read         (read             ) [ 0000]
mux_case_18553_read         (read             ) [ 0000]
mux_case_28664_read         (read             ) [ 0000]
window_1_1_promoted237_read (read             ) [ 0000]
window_1_0_promoted239_read (read             ) [ 0000]
window_1_2_promoted241_read (read             ) [ 0000]
window_0_1_promoted243_read (read             ) [ 0000]
window_0_0_promoted245_read (read             ) [ 0000]
window_0_2_promoted247_read (read             ) [ 0000]
window_2_1_promoted249_read (read             ) [ 0000]
window_2_0_promoted251_read (read             ) [ 0000]
window_2_2_promoted253_read (read             ) [ 0000]
window4156_read             (read             ) [ 0000]
window_404263_read          (read             ) [ 0000]
window_414370_read          (read             ) [ 0000]
window_424477_read          (read             ) [ 0000]
window_434584_read          (read             ) [ 0000]
window_444691_read          (read             ) [ 0000]
window_454798_read          (read             ) [ 0000]
window_4648105_read         (read             ) [ 0000]
window_4749112_read         (read             ) [ 0000]
zext_ln58_cast              (zext             ) [ 0110]
sub_ln52_cast               (sext             ) [ 0000]
store_ln0                   (store            ) [ 0000]
store_ln0                   (store            ) [ 0000]
store_ln0                   (store            ) [ 0000]
store_ln0                   (store            ) [ 0000]
store_ln0                   (store            ) [ 0000]
store_ln0                   (store            ) [ 0000]
store_ln0                   (store            ) [ 0000]
store_ln0                   (store            ) [ 0000]
store_ln0                   (store            ) [ 0000]
store_ln0                   (store            ) [ 0000]
store_ln0                   (store            ) [ 0000]
store_ln0                   (store            ) [ 0000]
store_ln0                   (store            ) [ 0000]
store_ln0                   (store            ) [ 0000]
store_ln0                   (store            ) [ 0000]
store_ln0                   (store            ) [ 0000]
store_ln0                   (store            ) [ 0000]
store_ln0                   (store            ) [ 0000]
store_ln0                   (store            ) [ 0000]
store_ln0                   (store            ) [ 0000]
store_ln0                   (store            ) [ 0000]
store_ln0                   (store            ) [ 0000]
store_ln0                   (store            ) [ 0000]
store_ln0                   (store            ) [ 0000]
store_ln0                   (store            ) [ 0000]
br_ln0                      (br               ) [ 0000]
wi_3                        (load             ) [ 0111]
icmp_ln58                   (icmp             ) [ 0110]
empty                       (speclooptripcount) [ 0000]
add_ln58                    (add              ) [ 0000]
br_ln58                     (br               ) [ 0000]
zext_ln58_3                 (zext             ) [ 0000]
add_ln66                    (add              ) [ 0000]
zext_ln66                   (zext             ) [ 0000]
add_ln66_3                  (add              ) [ 0000]
trunc_ln66                  (trunc            ) [ 0110]
trunc_ln66_1                (trunc            ) [ 0110]
switch_ln61                 (switch           ) [ 0000]
store_ln58                  (store            ) [ 0000]
br_ln58                     (br               ) [ 0000]
p_shl1                      (bitconcatenate   ) [ 0000]
p_shl2                      (bitconcatenate   ) [ 0000]
newFirst                    (add              ) [ 0000]
newSecond                   (sub              ) [ 0000]
zext_ln66_4                 (zext             ) [ 0000]
ifmap_addr                  (getelementptr    ) [ 0101]
window_53_load_1            (load             ) [ 0000]
window_54_load_1            (load             ) [ 0000]
window_55_load_1            (load             ) [ 0000]
window_56_load_1            (load             ) [ 0000]
window_57_load_1            (load             ) [ 0000]
window_58_load_1            (load             ) [ 0000]
specpipeline_ln59           (specpipeline     ) [ 0000]
specloopname_ln58           (specloopname     ) [ 0000]
window                      (mux              ) [ 0000]
window_77                   (load             ) [ 0000]
window_2                    (mux              ) [ 0000]
store_ln61                  (store            ) [ 0000]
store_ln61                  (store            ) [ 0000]
store_ln61                  (store            ) [ 0000]
store_ln61                  (store            ) [ 0000]
store_ln61                  (store            ) [ 0000]
store_ln61                  (store            ) [ 0000]
store_ln61                  (store            ) [ 0000]
store_ln61                  (store            ) [ 0000]
br_ln61                     (br               ) [ 0000]
store_ln61                  (store            ) [ 0000]
store_ln61                  (store            ) [ 0000]
store_ln61                  (store            ) [ 0000]
store_ln61                  (store            ) [ 0000]
store_ln61                  (store            ) [ 0000]
store_ln61                  (store            ) [ 0000]
store_ln61                  (store            ) [ 0000]
store_ln61                  (store            ) [ 0000]
br_ln61                     (br               ) [ 0000]
store_ln66                  (store            ) [ 0000]
store_ln66                  (store            ) [ 0000]
store_ln66                  (store            ) [ 0000]
store_ln66                  (store            ) [ 0000]
store_ln66                  (store            ) [ 0000]
store_ln66                  (store            ) [ 0000]
store_ln66                  (store            ) [ 0000]
store_ln66                  (store            ) [ 0000]
br_ln66                     (br               ) [ 0000]
window_53_load              (load             ) [ 0000]
window_54_load              (load             ) [ 0000]
window_55_load              (load             ) [ 0000]
window_56_load              (load             ) [ 0000]
window_57_load              (load             ) [ 0000]
window_58_load              (load             ) [ 0000]
window_59_load              (load             ) [ 0000]
window_60_load              (load             ) [ 0000]
window_61_load              (load             ) [ 0000]
window_62_load              (load             ) [ 0000]
window_63_load              (load             ) [ 0000]
window_64_load              (load             ) [ 0000]
window_65_load              (load             ) [ 0000]
window_66_load              (load             ) [ 0000]
window_67_load              (load             ) [ 0000]
window_68_load              (load             ) [ 0000]
window_69_load              (load             ) [ 0000]
window_70_load              (load             ) [ 0000]
window_71_load              (load             ) [ 0000]
window_72_load              (load             ) [ 0000]
window_73_load              (load             ) [ 0000]
window_74_load              (load             ) [ 0000]
window_75_load              (load             ) [ 0000]
window_76_load              (load             ) [ 0000]
write_ln0                   (write            ) [ 0000]
write_ln0                   (write            ) [ 0000]
write_ln0                   (write            ) [ 0000]
write_ln0                   (write            ) [ 0000]
write_ln0                   (write            ) [ 0000]
write_ln0                   (write            ) [ 0000]
write_ln0                   (write            ) [ 0000]
write_ln0                   (write            ) [ 0000]
write_ln0                   (write            ) [ 0000]
write_ln0                   (write            ) [ 0000]
write_ln0                   (write            ) [ 0000]
write_ln0                   (write            ) [ 0000]
write_ln0                   (write            ) [ 0000]
write_ln0                   (write            ) [ 0000]
write_ln0                   (write            ) [ 0000]
write_ln0                   (write            ) [ 0000]
write_ln0                   (write            ) [ 0000]
write_ln0                   (write            ) [ 0000]
write_ln0                   (write            ) [ 0000]
write_ln0                   (write            ) [ 0000]
write_ln0                   (write            ) [ 0000]
write_ln0                   (write            ) [ 0000]
write_ln0                   (write            ) [ 0000]
write_ln0                   (write            ) [ 0000]
ret_ln0                     (ret              ) [ 0000]
</LifeTime>

<model>

<comp_list>
<comp id="0" class="1000" name="window_4749112">
<pin_list>
<pin id="1" dir="1" index="0" bw="1" slack="0"/>
</pin_list>
<bind>
<StgValue><ssdm name="window_4749112"/></StgValue>
</bind>
</comp>

<comp id="2" class="1000" name="window_4648105">
<pin_list>
<pin id="3" dir="1" index="0" bw="1" slack="0"/>
</pin_list>
<bind>
<StgValue><ssdm name="window_4648105"/></StgValue>
</bind>
</comp>

<comp id="4" class="1000" name="window_454798">
<pin_list>
<pin id="5" dir="1" index="0" bw="1" slack="0"/>
</pin_list>
<bind>
<StgValue><ssdm name="window_454798"/></StgValue>
</bind>
</comp>

<comp id="6" class="1000" name="window_444691">
<pin_list>
<pin id="7" dir="1" index="0" bw="1" slack="0"/>
</pin_list>
<bind>
<StgValue><ssdm name="window_444691"/></StgValue>
</bind>
</comp>

<comp id="8" class="1000" name="window_434584">
<pin_list>
<pin id="9" dir="1" index="0" bw="1" slack="0"/>
</pin_list>
<bind>
<StgValue><ssdm name="window_434584"/></StgValue>
</bind>
</comp>

<comp id="10" class="1000" name="window_424477">
<pin_list>
<pin id="11" dir="1" index="0" bw="1" slack="0"/>
</pin_list>
<bind>
<StgValue><ssdm name="window_424477"/></StgValue>
</bind>
</comp>

<comp id="12" class="1000" name="window_414370">
<pin_list>
<pin id="13" dir="1" index="0" bw="1" slack="0"/>
</pin_list>
<bind>
<StgValue><ssdm name="window_414370"/></StgValue>
</bind>
</comp>

<comp id="14" class="1000" name="window_404263">
<pin_list>
<pin id="15" dir="1" index="0" bw="1" slack="0"/>
</pin_list>
<bind>
<StgValue><ssdm name="window_404263"/></StgValue>
</bind>
</comp>

<comp id="16" class="1000" name="window4156">
<pin_list>
<pin id="17" dir="1" index="0" bw="1" slack="0"/>
</pin_list>
<bind>
<StgValue><ssdm name="window4156"/></StgValue>
</bind>
</comp>

<comp id="18" class="1000" name="window_2_2_promoted253">
<pin_list>
<pin id="19" dir="1" index="0" bw="1" slack="0"/>
</pin_list>
<bind>
<StgValue><ssdm name="window_2_2_promoted253"/></StgValue>
</bind>
</comp>

<comp id="20" class="1000" name="window_2_0_promoted251">
<pin_list>
<pin id="21" dir="1" index="0" bw="1" slack="0"/>
</pin_list>
<bind>
<StgValue><ssdm name="window_2_0_promoted251"/></StgValue>
</bind>
</comp>

<comp id="22" class="1000" name="window_2_1_promoted249">
<pin_list>
<pin id="23" dir="1" index="0" bw="1" slack="0"/>
</pin_list>
<bind>
<StgValue><ssdm name="window_2_1_promoted249"/></StgValue>
</bind>
</comp>

<comp id="24" class="1000" name="window_0_2_promoted247">
<pin_list>
<pin id="25" dir="1" index="0" bw="1" slack="0"/>
</pin_list>
<bind>
<StgValue><ssdm name="window_0_2_promoted247"/></StgValue>
</bind>
</comp>

<comp id="26" class="1000" name="window_0_0_promoted245">
<pin_list>
<pin id="27" dir="1" index="0" bw="1" slack="0"/>
</pin_list>
<bind>
<StgValue><ssdm name="window_0_0_promoted245"/></StgValue>
</bind>
</comp>

<comp id="28" class="1000" name="window_0_1_promoted243">
<pin_list>
<pin id="29" dir="1" index="0" bw="1" slack="0"/>
</pin_list>
<bind>
<StgValue><ssdm name="window_0_1_promoted243"/></StgValue>
</bind>
</comp>

<comp id="30" class="1000" name="window_1_2_promoted241">
<pin_list>
<pin id="31" dir="1" index="0" bw="1" slack="0"/>
</pin_list>
<bind>
<StgValue><ssdm name="window_1_2_promoted241"/></StgValue>
</bind>
</comp>

<comp id="32" class="1000" name="window_1_0_promoted239">
<pin_list>
<pin id="33" dir="1" index="0" bw="1" slack="0"/>
</pin_list>
<bind>
<StgValue><ssdm name="window_1_0_promoted239"/></StgValue>
</bind>
</comp>

<comp id="34" class="1000" name="window_1_1_promoted237">
<pin_list>
<pin id="35" dir="1" index="0" bw="1" slack="0"/>
</pin_list>
<bind>
<StgValue><ssdm name="window_1_1_promoted237"/></StgValue>
</bind>
</comp>

<comp id="36" class="1000" name="mux_case_28664">
<pin_list>
<pin id="37" dir="1" index="0" bw="1" slack="0"/>
</pin_list>
<bind>
<StgValue><ssdm name="mux_case_28664"/></StgValue>
</bind>
</comp>

<comp id="38" class="1000" name="mux_case_18553">
<pin_list>
<pin id="39" dir="1" index="0" bw="1" slack="0"/>
</pin_list>
<bind>
<StgValue><ssdm name="mux_case_18553"/></StgValue>
</bind>
</comp>

<comp id="40" class="1000" name="mux_case_08442">
<pin_list>
<pin id="41" dir="1" index="0" bw="1" slack="0"/>
</pin_list>
<bind>
<StgValue><ssdm name="mux_case_08442"/></StgValue>
</bind>
</comp>

<comp id="42" class="1000" name="mux_case_227">
<pin_list>
<pin id="43" dir="1" index="0" bw="1" slack="0"/>
</pin_list>
<bind>
<StgValue><ssdm name="mux_case_227"/></StgValue>
</bind>
</comp>

<comp id="44" class="1000" name="mux_case_116">
<pin_list>
<pin id="45" dir="1" index="0" bw="1" slack="0"/>
</pin_list>
<bind>
<StgValue><ssdm name="mux_case_116"/></StgValue>
</bind>
</comp>

<comp id="46" class="1000" name="mux_case_05">
<pin_list>
<pin id="47" dir="1" index="0" bw="1" slack="0"/>
</pin_list>
<bind>
<StgValue><ssdm name="mux_case_05"/></StgValue>
</bind>
</comp>

<comp id="48" class="1000" name="select_ln139_6">
<pin_list>
<pin id="49" dir="1" index="0" bw="1" slack="0"/>
</pin_list>
<bind>
<StgValue><ssdm name="select_ln139_6"/></StgValue>
</bind>
</comp>

<comp id="50" class="1000" name="sub_ln52">
<pin_list>
<pin id="51" dir="1" index="0" bw="1" slack="0"/>
</pin_list>
<bind>
<StgValue><ssdm name="sub_ln52"/></StgValue>
</bind>
</comp>

<comp id="52" class="1000" name="zext_ln58">
<pin_list>
<pin id="53" dir="1" index="0" bw="1" slack="0"/>
</pin_list>
<bind>
<StgValue><ssdm name="zext_ln58"/></StgValue>
</bind>
</comp>

<comp id="54" class="1000" name="ifmap">
<pin_list>
<pin id="55" dir="1" index="0" bw="1" slack="0"/>
</pin_list>
<bind>
<StgValue><ssdm name="ifmap"/><MemPortTyVec>1 3 </MemPortTyVec>
</StgValue>
</bind>
</comp>

<comp id="56" class="1000" name="window_4749107_out">
<pin_list>
<pin id="57" dir="1" index="0" bw="1" slack="0"/>
</pin_list>
<bind>
<StgValue><ssdm name="window_4749107_out"/></StgValue>
</bind>
</comp>

<comp id="58" class="1000" name="window_4648100_out">
<pin_list>
<pin id="59" dir="1" index="0" bw="1" slack="0"/>
</pin_list>
<bind>
<StgValue><ssdm name="window_4648100_out"/></StgValue>
</bind>
</comp>

<comp id="60" class="1000" name="window_454793_out">
<pin_list>
<pin id="61" dir="1" index="0" bw="1" slack="0"/>
</pin_list>
<bind>
<StgValue><ssdm name="window_454793_out"/></StgValue>
</bind>
</comp>

<comp id="62" class="1000" name="window_444686_out">
<pin_list>
<pin id="63" dir="1" index="0" bw="1" slack="0"/>
</pin_list>
<bind>
<StgValue><ssdm name="window_444686_out"/></StgValue>
</bind>
</comp>

<comp id="64" class="1000" name="window_434579_out">
<pin_list>
<pin id="65" dir="1" index="0" bw="1" slack="0"/>
</pin_list>
<bind>
<StgValue><ssdm name="window_434579_out"/></StgValue>
</bind>
</comp>

<comp id="66" class="1000" name="window_424472_out">
<pin_list>
<pin id="67" dir="1" index="0" bw="1" slack="0"/>
</pin_list>
<bind>
<StgValue><ssdm name="window_424472_out"/></StgValue>
</bind>
</comp>

<comp id="68" class="1000" name="window_414365_out">
<pin_list>
<pin id="69" dir="1" index="0" bw="1" slack="0"/>
</pin_list>
<bind>
<StgValue><ssdm name="window_414365_out"/></StgValue>
</bind>
</comp>

<comp id="70" class="1000" name="window_404258_out">
<pin_list>
<pin id="71" dir="1" index="0" bw="1" slack="0"/>
</pin_list>
<bind>
<StgValue><ssdm name="window_404258_out"/></StgValue>
</bind>
</comp>

<comp id="72" class="1000" name="window4151_out">
<pin_list>
<pin id="73" dir="1" index="0" bw="1" slack="0"/>
</pin_list>
<bind>
<StgValue><ssdm name="window4151_out"/></StgValue>
</bind>
</comp>

<comp id="74" class="1000" name="window_2_2_promoted253351_out">
<pin_list>
<pin id="75" dir="1" index="0" bw="1" slack="0"/>
</pin_list>
<bind>
<StgValue><ssdm name="window_2_2_promoted253351_out"/></StgValue>
</bind>
</comp>

<comp id="76" class="1000" name="window_2_0_promoted251344_out">
<pin_list>
<pin id="77" dir="1" index="0" bw="1" slack="0"/>
</pin_list>
<bind>
<StgValue><ssdm name="window_2_0_promoted251344_out"/></StgValue>
</bind>
</comp>

<comp id="78" class="1000" name="window_2_1_promoted249337_out">
<pin_list>
<pin id="79" dir="1" index="0" bw="1" slack="0"/>
</pin_list>
<bind>
<StgValue><ssdm name="window_2_1_promoted249337_out"/></StgValue>
</bind>
</comp>

<comp id="80" class="1000" name="window_0_2_promoted247330_out">
<pin_list>
<pin id="81" dir="1" index="0" bw="1" slack="0"/>
</pin_list>
<bind>
<StgValue><ssdm name="window_0_2_promoted247330_out"/></StgValue>
</bind>
</comp>

<comp id="82" class="1000" name="window_0_0_promoted245323_out">
<pin_list>
<pin id="83" dir="1" index="0" bw="1" slack="0"/>
</pin_list>
<bind>
<StgValue><ssdm name="window_0_0_promoted245323_out"/></StgValue>
</bind>
</comp>

<comp id="84" class="1000" name="window_0_1_promoted243316_out">
<pin_list>
<pin id="85" dir="1" index="0" bw="1" slack="0"/>
</pin_list>
<bind>
<StgValue><ssdm name="window_0_1_promoted243316_out"/></StgValue>
</bind>
</comp>

<comp id="86" class="1000" name="window_1_2_promoted241309_out">
<pin_list>
<pin id="87" dir="1" index="0" bw="1" slack="0"/>
</pin_list>
<bind>
<StgValue><ssdm name="window_1_2_promoted241309_out"/></StgValue>
</bind>
</comp>

<comp id="88" class="1000" name="window_1_0_promoted239302_out">
<pin_list>
<pin id="89" dir="1" index="0" bw="1" slack="0"/>
</pin_list>
<bind>
<StgValue><ssdm name="window_1_0_promoted239302_out"/></StgValue>
</bind>
</comp>

<comp id="90" class="1000" name="window_1_1_promoted237295_out">
<pin_list>
<pin id="91" dir="1" index="0" bw="1" slack="0"/>
</pin_list>
<bind>
<StgValue><ssdm name="window_1_1_promoted237295_out"/></StgValue>
</bind>
</comp>

<comp id="92" class="1000" name="mux_case_286_out">
<pin_list>
<pin id="93" dir="1" index="0" bw="1" slack="0"/>
</pin_list>
<bind>
<StgValue><ssdm name="mux_case_286_out"/></StgValue>
</bind>
</comp>

<comp id="94" class="1000" name="mux_case_185_out">
<pin_list>
<pin id="95" dir="1" index="0" bw="1" slack="0"/>
</pin_list>
<bind>
<StgValue><ssdm name="mux_case_185_out"/></StgValue>
</bind>
</comp>

<comp id="96" class="1000" name="mux_case_084_out">
<pin_list>
<pin id="97" dir="1" index="0" bw="1" slack="0"/>
</pin_list>
<bind>
<StgValue><ssdm name="mux_case_084_out"/></StgValue>
</bind>
</comp>

<comp id="98" class="1000" name="mux_case_2_out">
<pin_list>
<pin id="99" dir="1" index="0" bw="1" slack="0"/>
</pin_list>
<bind>
<StgValue><ssdm name="mux_case_2_out"/></StgValue>
</bind>
</comp>

<comp id="100" class="1000" name="mux_case_1_out">
<pin_list>
<pin id="101" dir="1" index="0" bw="1" slack="0"/>
</pin_list>
<bind>
<StgValue><ssdm name="mux_case_1_out"/></StgValue>
</bind>
</comp>

<comp id="102" class="1000" name="mux_case_0_out">
<pin_list>
<pin id="103" dir="1" index="0" bw="1" slack="0"/>
</pin_list>
<bind>
<StgValue><ssdm name="mux_case_0_out"/></StgValue>
</bind>
</comp>

<comp id="104" class="1001" name="const_104">
<pin_list>
<pin id="105" dir="1" index="0" bw="1" slack="0"/>
</pin_list>
<bind>
<StgValue><ssdm name=""/></StgValue>
</bind>
</comp>

<comp id="106" class="1001" name="const_106">
<pin_list>
<pin id="107" dir="1" index="0" bw="1" slack="0"/>
</pin_list>
<bind>
<StgValue><ssdm name="_ssdm_op_Read.ap_auto.i4"/></StgValue>
</bind>
</comp>

<comp id="108" class="1001" name="const_108">
<pin_list>
<pin id="109" dir="1" index="0" bw="1" slack="0"/>
</pin_list>
<bind>
<StgValue><ssdm name="_ssdm_op_Read.ap_auto.i8"/></StgValue>
</bind>
</comp>

<comp id="110" class="1001" name="const_110">
<pin_list>
<pin id="111" dir="1" index="0" bw="1" slack="0"/>
</pin_list>
<bind>
<StgValue><ssdm name="_ssdm_op_Read.ap_auto.float"/></StgValue>
</bind>
</comp>

<comp id="112" class="1001" name="const_112">
<pin_list>
<pin id="113" dir="1" index="0" bw="1" slack="0"/>
</pin_list>
<bind>
<StgValue><ssdm name=""/></StgValue>
</bind>
</comp>

<comp id="114" class="1001" name="const_114">
<pin_list>
<pin id="115" dir="1" index="0" bw="1" slack="0"/>
</pin_list>
<bind>
<StgValue><ssdm name=""/></StgValue>
</bind>
</comp>

<comp id="116" class="1001" name="const_116">
<pin_list>
<pin id="117" dir="1" index="0" bw="1" slack="2147483647"/>
</pin_list>
<bind>
<StgValue><ssdm name="_ssdm_op_SpecLoopTripCount"/></StgValue>
</bind>
</comp>

<comp id="118" class="1001" name="const_118">
<pin_list>
<pin id="119" dir="1" index="0" bw="1" slack="2147483647"/>
</pin_list>
<bind>
<StgValue><ssdm name=""/></StgValue>
</bind>
</comp>

<comp id="120" class="1001" name="const_120">
<pin_list>
<pin id="121" dir="1" index="0" bw="1" slack="0"/>
</pin_list>
<bind>
<StgValue><ssdm name=""/></StgValue>
</bind>
</comp>

<comp id="122" class="1001" name="const_122">
<pin_list>
<pin id="123" dir="1" index="0" bw="1" slack="0"/>
</pin_list>
<bind>
<StgValue><ssdm name="_ssdm_op_BitConcatenate.i10.i6.i4"/></StgValue>
</bind>
</comp>

<comp id="124" class="1001" name="const_124">
<pin_list>
<pin id="125" dir="1" index="0" bw="1" slack="0"/>
</pin_list>
<bind>
<StgValue><ssdm name=""/></StgValue>
</bind>
</comp>

<comp id="126" class="1001" name="const_126">
<pin_list>
<pin id="127" dir="1" index="0" bw="1" slack="0"/>
</pin_list>
<bind>
<StgValue><ssdm name="_ssdm_op_BitConcatenate.i10.i8.i2"/></StgValue>
</bind>
</comp>

<comp id="128" class="1001" name="const_128">
<pin_list>
<pin id="129" dir="1" index="0" bw="1" slack="0"/>
</pin_list>
<bind>
<StgValue><ssdm name=""/></StgValue>
</bind>
</comp>

<comp id="130" class="1001" name="const_130">
<pin_list>
<pin id="131" dir="1" index="0" bw="1" slack="2147483647"/>
</pin_list>
<bind>
<StgValue><ssdm name="_ssdm_op_SpecPipeline"/></StgValue>
</bind>
</comp>

<comp id="132" class="1001" name="const_132">
<pin_list>
<pin id="133" dir="1" index="0" bw="1" slack="2147483647"/>
</pin_list>
<bind>
<StgValue><ssdm name=""/></StgValue>
</bind>
</comp>

<comp id="134" class="1001" name="const_134">
<pin_list>
<pin id="135" dir="1" index="0" bw="1" slack="2147483647"/>
</pin_list>
<bind>
<StgValue><ssdm name=""/></StgValue>
</bind>
</comp>

<comp id="136" class="1001" name="const_136">
<pin_list>
<pin id="137" dir="1" index="0" bw="1" slack="2147483647"/>
</pin_list>
<bind>
<StgValue><ssdm name="empty_9"/></StgValue>
</bind>
</comp>

<comp id="138" class="1001" name="const_138">
<pin_list>
<pin id="139" dir="1" index="0" bw="1" slack="2147483647"/>
</pin_list>
<bind>
<StgValue><ssdm name="_ssdm_op_SpecLoopName"/></StgValue>
</bind>
</comp>

<comp id="140" class="1001" name="const_140">
<pin_list>
<pin id="141" dir="1" index="0" bw="1" slack="2147483647"/>
</pin_list>
<bind>
<StgValue><ssdm name="empty_10"/></StgValue>
</bind>
</comp>

<comp id="142" class="1001" name="const_142">
<pin_list>
<pin id="143" dir="1" index="0" bw="1" slack="0"/>
</pin_list>
<bind>
<StgValue><ssdm name="_ssdm_op_Mux.ap_auto.3float.i2"/></StgValue>
</bind>
</comp>

<comp id="144" class="1001" name="const_144">
<pin_list>
<pin id="145" dir="1" index="0" bw="1" slack="0"/>
</pin_list>
<bind>
<StgValue><ssdm name="_ssdm_op_Write.ap_auto.floatP0A"/></StgValue>
</bind>
</comp>

<comp id="146" class="1004" name="wi_fu_146">
<pin_list>
<pin id="147" dir="0" index="0" bw="1" slack="0"/>
<pin id="148" dir="1" index="1" bw="2" slack="0"/>
</pin_list>
<bind>
<opcode="alloca(26) " fcode="alloca"/>
<opset="wi/1 "/>
</bind>
</comp>

<comp id="150" class="1004" name="window_53_fu_150">
<pin_list>
<pin id="151" dir="0" index="0" bw="1" slack="0"/>
<pin id="152" dir="1" index="1" bw="32" slack="0"/>
</pin_list>
<bind>
<opcode="alloca(26) " fcode="alloca"/>
<opset="window_53/1 "/>
</bind>
</comp>

<comp id="154" class="1004" name="window_54_fu_154">
<pin_list>
<pin id="155" dir="0" index="0" bw="1" slack="0"/>
<pin id="156" dir="1" index="1" bw="32" slack="0"/>
</pin_list>
<bind>
<opcode="alloca(26) " fcode="alloca"/>
<opset="window_54/1 "/>
</bind>
</comp>

<comp id="158" class="1004" name="window_55_fu_158">
<pin_list>
<pin id="159" dir="0" index="0" bw="1" slack="0"/>
<pin id="160" dir="1" index="1" bw="32" slack="0"/>
</pin_list>
<bind>
<opcode="alloca(26) " fcode="alloca"/>
<opset="window_55/1 "/>
</bind>
</comp>

<comp id="162" class="1004" name="window_56_fu_162">
<pin_list>
<pin id="163" dir="0" index="0" bw="1" slack="0"/>
<pin id="164" dir="1" index="1" bw="32" slack="0"/>
</pin_list>
<bind>
<opcode="alloca(26) " fcode="alloca"/>
<opset="window_56/1 "/>
</bind>
</comp>

<comp id="166" class="1004" name="window_57_fu_166">
<pin_list>
<pin id="167" dir="0" index="0" bw="1" slack="0"/>
<pin id="168" dir="1" index="1" bw="32" slack="0"/>
</pin_list>
<bind>
<opcode="alloca(26) " fcode="alloca"/>
<opset="window_57/1 "/>
</bind>
</comp>

<comp id="170" class="1004" name="window_58_fu_170">
<pin_list>
<pin id="171" dir="0" index="0" bw="1" slack="0"/>
<pin id="172" dir="1" index="1" bw="32" slack="0"/>
</pin_list>
<bind>
<opcode="alloca(26) " fcode="alloca"/>
<opset="window_58/1 "/>
</bind>
</comp>

<comp id="174" class="1004" name="window_59_fu_174">
<pin_list>
<pin id="175" dir="0" index="0" bw="1" slack="0"/>
<pin id="176" dir="1" index="1" bw="32" slack="0"/>
</pin_list>
<bind>
<opcode="alloca(26) " fcode="alloca"/>
<opset="window_59/1 "/>
</bind>
</comp>

<comp id="178" class="1004" name="window_60_fu_178">
<pin_list>
<pin id="179" dir="0" index="0" bw="1" slack="0"/>
<pin id="180" dir="1" index="1" bw="32" slack="0"/>
</pin_list>
<bind>
<opcode="alloca(26) " fcode="alloca"/>
<opset="window_60/1 "/>
</bind>
</comp>

<comp id="182" class="1004" name="window_61_fu_182">
<pin_list>
<pin id="183" dir="0" index="0" bw="1" slack="0"/>
<pin id="184" dir="1" index="1" bw="32" slack="0"/>
</pin_list>
<bind>
<opcode="alloca(26) " fcode="alloca"/>
<opset="window_61/1 "/>
</bind>
</comp>

<comp id="186" class="1004" name="window_62_fu_186">
<pin_list>
<pin id="187" dir="0" index="0" bw="1" slack="0"/>
<pin id="188" dir="1" index="1" bw="32" slack="0"/>
</pin_list>
<bind>
<opcode="alloca(26) " fcode="alloca"/>
<opset="window_62/1 "/>
</bind>
</comp>

<comp id="190" class="1004" name="window_63_fu_190">
<pin_list>
<pin id="191" dir="0" index="0" bw="1" slack="0"/>
<pin id="192" dir="1" index="1" bw="32" slack="0"/>
</pin_list>
<bind>
<opcode="alloca(26) " fcode="alloca"/>
<opset="window_63/1 "/>
</bind>
</comp>

<comp id="194" class="1004" name="window_64_fu_194">
<pin_list>
<pin id="195" dir="0" index="0" bw="1" slack="0"/>
<pin id="196" dir="1" index="1" bw="32" slack="0"/>
</pin_list>
<bind>
<opcode="alloca(26) " fcode="alloca"/>
<opset="window_64/1 "/>
</bind>
</comp>

<comp id="198" class="1004" name="window_65_fu_198">
<pin_list>
<pin id="199" dir="0" index="0" bw="1" slack="0"/>
<pin id="200" dir="1" index="1" bw="32" slack="0"/>
</pin_list>
<bind>
<opcode="alloca(26) " fcode="alloca"/>
<opset="window_65/1 "/>
</bind>
</comp>

<comp id="202" class="1004" name="window_66_fu_202">
<pin_list>
<pin id="203" dir="0" index="0" bw="1" slack="0"/>
<pin id="204" dir="1" index="1" bw="32" slack="0"/>
</pin_list>
<bind>
<opcode="alloca(26) " fcode="alloca"/>
<opset="window_66/1 "/>
</bind>
</comp>

<comp id="206" class="1004" name="window_67_fu_206">
<pin_list>
<pin id="207" dir="0" index="0" bw="1" slack="0"/>
<pin id="208" dir="1" index="1" bw="32" slack="0"/>
</pin_list>
<bind>
<opcode="alloca(26) " fcode="alloca"/>
<opset="window_67/1 "/>
</bind>
</comp>

<comp id="210" class="1004" name="window_68_fu_210">
<pin_list>
<pin id="211" dir="0" index="0" bw="1" slack="0"/>
<pin id="212" dir="1" index="1" bw="32" slack="0"/>
</pin_list>
<bind>
<opcode="alloca(26) " fcode="alloca"/>
<opset="window_68/1 "/>
</bind>
</comp>

<comp id="214" class="1004" name="window_69_fu_214">
<pin_list>
<pin id="215" dir="0" index="0" bw="1" slack="0"/>
<pin id="216" dir="1" index="1" bw="32" slack="0"/>
</pin_list>
<bind>
<opcode="alloca(26) " fcode="alloca"/>
<opset="window_69/1 "/>
</bind>
</comp>

<comp id="218" class="1004" name="window_70_fu_218">
<pin_list>
<pin id="219" dir="0" index="0" bw="1" slack="0"/>
<pin id="220" dir="1" index="1" bw="32" slack="0"/>
</pin_list>
<bind>
<opcode="alloca(26) " fcode="alloca"/>
<opset="window_70/1 "/>
</bind>
</comp>

<comp id="222" class="1004" name="window_71_fu_222">
<pin_list>
<pin id="223" dir="0" index="0" bw="1" slack="0"/>
<pin id="224" dir="1" index="1" bw="32" slack="0"/>
</pin_list>
<bind>
<opcode="alloca(26) " fcode="alloca"/>
<opset="window_71/1 "/>
</bind>
</comp>

<comp id="226" class="1004" name="window_72_fu_226">
<pin_list>
<pin id="227" dir="0" index="0" bw="1" slack="0"/>
<pin id="228" dir="1" index="1" bw="32" slack="0"/>
</pin_list>
<bind>
<opcode="alloca(26) " fcode="alloca"/>
<opset="window_72/1 "/>
</bind>
</comp>

<comp id="230" class="1004" name="window_73_fu_230">
<pin_list>
<pin id="231" dir="0" index="0" bw="1" slack="0"/>
<pin id="232" dir="1" index="1" bw="32" slack="0"/>
</pin_list>
<bind>
<opcode="alloca(26) " fcode="alloca"/>
<opset="window_73/1 "/>
</bind>
</comp>

<comp id="234" class="1004" name="window_74_fu_234">
<pin_list>
<pin id="235" dir="0" index="0" bw="1" slack="0"/>
<pin id="236" dir="1" index="1" bw="32" slack="0"/>
</pin_list>
<bind>
<opcode="alloca(26) " fcode="alloca"/>
<opset="window_74/1 "/>
</bind>
</comp>

<comp id="238" class="1004" name="window_75_fu_238">
<pin_list>
<pin id="239" dir="0" index="0" bw="1" slack="0"/>
<pin id="240" dir="1" index="1" bw="32" slack="0"/>
</pin_list>
<bind>
<opcode="alloca(26) " fcode="alloca"/>
<opset="window_75/1 "/>
</bind>
</comp>

<comp id="242" class="1004" name="window_76_fu_242">
<pin_list>
<pin id="243" dir="0" index="0" bw="1" slack="0"/>
<pin id="244" dir="1" index="1" bw="32" slack="0"/>
</pin_list>
<bind>
<opcode="alloca(26) " fcode="alloca"/>
<opset="window_76/1 "/>
</bind>
</comp>

<comp id="246" class="1004" name="zext_ln58_read_read_fu_246">
<pin_list>
<pin id="247" dir="0" index="0" bw="4" slack="0"/>
<pin id="248" dir="0" index="1" bw="4" slack="0"/>
<pin id="249" dir="1" index="2" bw="4" slack="0"/>
</pin_list>
<bind>
<opcode="read(1150) " fcode="read"/>
<opset="zext_ln58_read/1 "/>
</bind>
</comp>

<comp id="252" class="1004" name="sub_ln52_read_read_fu_252">
<pin_list>
<pin id="253" dir="0" index="0" bw="8" slack="0"/>
<pin id="254" dir="0" index="1" bw="8" slack="0"/>
<pin id="255" dir="1" index="2" bw="8" slack="0"/>
</pin_list>
<bind>
<opcode="read(1150) " fcode="read"/>
<opset="sub_ln52_read/1 "/>
</bind>
</comp>

<comp id="258" class="1004" name="select_ln139_6_read_read_fu_258">
<pin_list>
<pin id="259" dir="0" index="0" bw="4" slack="0"/>
<pin id="260" dir="0" index="1" bw="4" slack="0"/>
<pin id="261" dir="1" index="2" bw="4" slack="0"/>
</pin_list>
<bind>
<opcode="read(1150) " fcode="read"/>
<opset="select_ln139_6_read/1 "/>
</bind>
</comp>

<comp id="264" class="1004" name="mux_case_05_read_read_fu_264">
<pin_list>
<pin id="265" dir="0" index="0" bw="32" slack="0"/>
<pin id="266" dir="0" index="1" bw="32" slack="0"/>
<pin id="267" dir="1" index="2" bw="32" slack="0"/>
</pin_list>
<bind>
<opcode="read(1150) " fcode="read"/>
<opset="mux_case_05_read/1 "/>
</bind>
</comp>

<comp id="270" class="1004" name="mux_case_116_read_read_fu_270">
<pin_list>
<pin id="271" dir="0" index="0" bw="32" slack="0"/>
<pin id="272" dir="0" index="1" bw="32" slack="0"/>
<pin id="273" dir="1" index="2" bw="32" slack="0"/>
</pin_list>
<bind>
<opcode="read(1150) " fcode="read"/>
<opset="mux_case_116_read/1 "/>
</bind>
</comp>

<comp id="276" class="1004" name="mux_case_227_read_read_fu_276">
<pin_list>
<pin id="277" dir="0" index="0" bw="32" slack="0"/>
<pin id="278" dir="0" index="1" bw="32" slack="0"/>
<pin id="279" dir="1" index="2" bw="32" slack="0"/>
</pin_list>
<bind>
<opcode="read(1150) " fcode="read"/>
<opset="mux_case_227_read/1 "/>
</bind>
</comp>

<comp id="282" class="1004" name="mux_case_08442_read_read_fu_282">
<pin_list>
<pin id="283" dir="0" index="0" bw="32" slack="0"/>
<pin id="284" dir="0" index="1" bw="32" slack="0"/>
<pin id="285" dir="1" index="2" bw="32" slack="0"/>
</pin_list>
<bind>
<opcode="read(1150) " fcode="read"/>
<opset="mux_case_08442_read/1 "/>
</bind>
</comp>

<comp id="288" class="1004" name="mux_case_18553_read_read_fu_288">
<pin_list>
<pin id="289" dir="0" index="0" bw="32" slack="0"/>
<pin id="290" dir="0" index="1" bw="32" slack="0"/>
<pin id="291" dir="1" index="2" bw="32" slack="0"/>
</pin_list>
<bind>
<opcode="read(1150) " fcode="read"/>
<opset="mux_case_18553_read/1 "/>
</bind>
</comp>

<comp id="294" class="1004" name="mux_case_28664_read_read_fu_294">
<pin_list>
<pin id="295" dir="0" index="0" bw="32" slack="0"/>
<pin id="296" dir="0" index="1" bw="32" slack="0"/>
<pin id="297" dir="1" index="2" bw="32" slack="0"/>
</pin_list>
<bind>
<opcode="read(1150) " fcode="read"/>
<opset="mux_case_28664_read/1 "/>
</bind>
</comp>

<comp id="300" class="1004" name="window_1_1_promoted237_read_read_fu_300">
<pin_list>
<pin id="301" dir="0" index="0" bw="32" slack="0"/>
<pin id="302" dir="0" index="1" bw="32" slack="0"/>
<pin id="303" dir="1" index="2" bw="32" slack="0"/>
</pin_list>
<bind>
<opcode="read(1150) " fcode="read"/>
<opset="window_1_1_promoted237_read/1 "/>
</bind>
</comp>

<comp id="306" class="1004" name="window_1_0_promoted239_read_read_fu_306">
<pin_list>
<pin id="307" dir="0" index="0" bw="32" slack="0"/>
<pin id="308" dir="0" index="1" bw="32" slack="0"/>
<pin id="309" dir="1" index="2" bw="32" slack="0"/>
</pin_list>
<bind>
<opcode="read(1150) " fcode="read"/>
<opset="window_1_0_promoted239_read/1 "/>
</bind>
</comp>

<comp id="312" class="1004" name="window_1_2_promoted241_read_read_fu_312">
<pin_list>
<pin id="313" dir="0" index="0" bw="32" slack="0"/>
<pin id="314" dir="0" index="1" bw="32" slack="0"/>
<pin id="315" dir="1" index="2" bw="32" slack="0"/>
</pin_list>
<bind>
<opcode="read(1150) " fcode="read"/>
<opset="window_1_2_promoted241_read/1 "/>
</bind>
</comp>

<comp id="318" class="1004" name="window_0_1_promoted243_read_read_fu_318">
<pin_list>
<pin id="319" dir="0" index="0" bw="32" slack="0"/>
<pin id="320" dir="0" index="1" bw="32" slack="0"/>
<pin id="321" dir="1" index="2" bw="32" slack="0"/>
</pin_list>
<bind>
<opcode="read(1150) " fcode="read"/>
<opset="window_0_1_promoted243_read/1 "/>
</bind>
</comp>

<comp id="324" class="1004" name="window_0_0_promoted245_read_read_fu_324">
<pin_list>
<pin id="325" dir="0" index="0" bw="32" slack="0"/>
<pin id="326" dir="0" index="1" bw="32" slack="0"/>
<pin id="327" dir="1" index="2" bw="32" slack="0"/>
</pin_list>
<bind>
<opcode="read(1150) " fcode="read"/>
<opset="window_0_0_promoted245_read/1 "/>
</bind>
</comp>

<comp id="330" class="1004" name="window_0_2_promoted247_read_read_fu_330">
<pin_list>
<pin id="331" dir="0" index="0" bw="32" slack="0"/>
<pin id="332" dir="0" index="1" bw="32" slack="0"/>
<pin id="333" dir="1" index="2" bw="32" slack="0"/>
</pin_list>
<bind>
<opcode="read(1150) " fcode="read"/>
<opset="window_0_2_promoted247_read/1 "/>
</bind>
</comp>

<comp id="336" class="1004" name="window_2_1_promoted249_read_read_fu_336">
<pin_list>
<pin id="337" dir="0" index="0" bw="32" slack="0"/>
<pin id="338" dir="0" index="1" bw="32" slack="0"/>
<pin id="339" dir="1" index="2" bw="32" slack="0"/>
</pin_list>
<bind>
<opcode="read(1150) " fcode="read"/>
<opset="window_2_1_promoted249_read/1 "/>
</bind>
</comp>

<comp id="342" class="1004" name="window_2_0_promoted251_read_read_fu_342">
<pin_list>
<pin id="343" dir="0" index="0" bw="32" slack="0"/>
<pin id="344" dir="0" index="1" bw="32" slack="0"/>
<pin id="345" dir="1" index="2" bw="32" slack="0"/>
</pin_list>
<bind>
<opcode="read(1150) " fcode="read"/>
<opset="window_2_0_promoted251_read/1 "/>
</bind>
</comp>

<comp id="348" class="1004" name="window_2_2_promoted253_read_read_fu_348">
<pin_list>
<pin id="349" dir="0" index="0" bw="32" slack="0"/>
<pin id="350" dir="0" index="1" bw="32" slack="0"/>
<pin id="351" dir="1" index="2" bw="32" slack="0"/>
</pin_list>
<bind>
<opcode="read(1150) " fcode="read"/>
<opset="window_2_2_promoted253_read/1 "/>
</bind>
</comp>

<comp id="354" class="1004" name="window4156_read_read_fu_354">
<pin_list>
<pin id="355" dir="0" index="0" bw="32" slack="0"/>
<pin id="356" dir="0" index="1" bw="32" slack="0"/>
<pin id="357" dir="1" index="2" bw="32" slack="0"/>
</pin_list>
<bind>
<opcode="read(1150) " fcode="read"/>
<opset="window4156_read/1 "/>
</bind>
</comp>

<comp id="360" class="1004" name="window_404263_read_read_fu_360">
<pin_list>
<pin id="361" dir="0" index="0" bw="32" slack="0"/>
<pin id="362" dir="0" index="1" bw="32" slack="0"/>
<pin id="363" dir="1" index="2" bw="32" slack="0"/>
</pin_list>
<bind>
<opcode="read(1150) " fcode="read"/>
<opset="window_404263_read/1 "/>
</bind>
</comp>

<comp id="366" class="1004" name="window_414370_read_read_fu_366">
<pin_list>
<pin id="367" dir="0" index="0" bw="32" slack="0"/>
<pin id="368" dir="0" index="1" bw="32" slack="0"/>
<pin id="369" dir="1" index="2" bw="32" slack="0"/>
</pin_list>
<bind>
<opcode="read(1150) " fcode="read"/>
<opset="window_414370_read/1 "/>
</bind>
</comp>

<comp id="372" class="1004" name="window_424477_read_read_fu_372">
<pin_list>
<pin id="373" dir="0" index="0" bw="32" slack="0"/>
<pin id="374" dir="0" index="1" bw="32" slack="0"/>
<pin id="375" dir="1" index="2" bw="32" slack="0"/>
</pin_list>
<bind>
<opcode="read(1150) " fcode="read"/>
<opset="window_424477_read/1 "/>
</bind>
</comp>

<comp id="378" class="1004" name="window_434584_read_read_fu_378">
<pin_list>
<pin id="379" dir="0" index="0" bw="32" slack="0"/>
<pin id="380" dir="0" index="1" bw="32" slack="0"/>
<pin id="381" dir="1" index="2" bw="32" slack="0"/>
</pin_list>
<bind>
<opcode="read(1150) " fcode="read"/>
<opset="window_434584_read/1 "/>
</bind>
</comp>

<comp id="384" class="1004" name="window_444691_read_read_fu_384">
<pin_list>
<pin id="385" dir="0" index="0" bw="32" slack="0"/>
<pin id="386" dir="0" index="1" bw="32" slack="0"/>
<pin id="387" dir="1" index="2" bw="32" slack="0"/>
</pin_list>
<bind>
<opcode="read(1150) " fcode="read"/>
<opset="window_444691_read/1 "/>
</bind>
</comp>

<comp id="390" class="1004" name="window_454798_read_read_fu_390">
<pin_list>
<pin id="391" dir="0" index="0" bw="32" slack="0"/>
<pin id="392" dir="0" index="1" bw="32" slack="0"/>
<pin id="393" dir="1" index="2" bw="32" slack="0"/>
</pin_list>
<bind>
<opcode="read(1150) " fcode="read"/>
<opset="window_454798_read/1 "/>
</bind>
</comp>

<comp id="396" class="1004" name="window_4648105_read_read_fu_396">
<pin_list>
<pin id="397" dir="0" index="0" bw="32" slack="0"/>
<pin id="398" dir="0" index="1" bw="32" slack="0"/>
<pin id="399" dir="1" index="2" bw="32" slack="0"/>
</pin_list>
<bind>
<opcode="read(1150) " fcode="read"/>
<opset="window_4648105_read/1 "/>
</bind>
</comp>

<comp id="402" class="1004" name="window_4749112_read_read_fu_402">
<pin_list>
<pin id="403" dir="0" index="0" bw="32" slack="0"/>
<pin id="404" dir="0" index="1" bw="32" slack="0"/>
<pin id="405" dir="1" index="2" bw="32" slack="0"/>
</pin_list>
<bind>
<opcode="read(1150) " fcode="read"/>
<opset="window_4749112_read/1 "/>
</bind>
</comp>

<comp id="408" class="1004" name="write_ln0_write_fu_408">
<pin_list>
<pin id="409" dir="0" index="0" bw="0" slack="0"/>
<pin id="410" dir="0" index="1" bw="32" slack="0"/>
<pin id="411" dir="0" index="2" bw="32" slack="0"/>
<pin id="412" dir="1" index="3" bw="0" slack="2147483647"/>
</pin_list>
<bind>
<opcode="write(1151) " fcode="write"/>
<opset="write_ln0/2 "/>
</bind>
</comp>

<comp id="415" class="1004" name="write_ln0_write_fu_415">
<pin_list>
<pin id="416" dir="0" index="0" bw="0" slack="0"/>
<pin id="417" dir="0" index="1" bw="32" slack="0"/>
<pin id="418" dir="0" index="2" bw="32" slack="0"/>
<pin id="419" dir="1" index="3" bw="0" slack="2147483647"/>
</pin_list>
<bind>
<opcode="write(1151) " fcode="write"/>
<opset="write_ln0/2 "/>
</bind>
</comp>

<comp id="422" class="1004" name="write_ln0_write_fu_422">
<pin_list>
<pin id="423" dir="0" index="0" bw="0" slack="0"/>
<pin id="424" dir="0" index="1" bw="32" slack="0"/>
<pin id="425" dir="0" index="2" bw="32" slack="0"/>
<pin id="426" dir="1" index="3" bw="0" slack="2147483647"/>
</pin_list>
<bind>
<opcode="write(1151) " fcode="write"/>
<opset="write_ln0/2 "/>
</bind>
</comp>

<comp id="429" class="1004" name="write_ln0_write_fu_429">
<pin_list>
<pin id="430" dir="0" index="0" bw="0" slack="0"/>
<pin id="431" dir="0" index="1" bw="32" slack="0"/>
<pin id="432" dir="0" index="2" bw="32" slack="0"/>
<pin id="433" dir="1" index="3" bw="0" slack="2147483647"/>
</pin_list>
<bind>
<opcode="write(1151) " fcode="write"/>
<opset="write_ln0/2 "/>
</bind>
</comp>

<comp id="436" class="1004" name="write_ln0_write_fu_436">
<pin_list>
<pin id="437" dir="0" index="0" bw="0" slack="0"/>
<pin id="438" dir="0" index="1" bw="32" slack="0"/>
<pin id="439" dir="0" index="2" bw="32" slack="0"/>
<pin id="440" dir="1" index="3" bw="0" slack="2147483647"/>
</pin_list>
<bind>
<opcode="write(1151) " fcode="write"/>
<opset="write_ln0/2 "/>
</bind>
</comp>

<comp id="443" class="1004" name="write_ln0_write_fu_443">
<pin_list>
<pin id="444" dir="0" index="0" bw="0" slack="0"/>
<pin id="445" dir="0" index="1" bw="32" slack="0"/>
<pin id="446" dir="0" index="2" bw="32" slack="0"/>
<pin id="447" dir="1" index="3" bw="0" slack="2147483647"/>
</pin_list>
<bind>
<opcode="write(1151) " fcode="write"/>
<opset="write_ln0/2 "/>
</bind>
</comp>

<comp id="450" class="1004" name="write_ln0_write_fu_450">
<pin_list>
<pin id="451" dir="0" index="0" bw="0" slack="0"/>
<pin id="452" dir="0" index="1" bw="32" slack="0"/>
<pin id="453" dir="0" index="2" bw="32" slack="0"/>
<pin id="454" dir="1" index="3" bw="0" slack="2147483647"/>
</pin_list>
<bind>
<opcode="write(1151) " fcode="write"/>
<opset="write_ln0/2 "/>
</bind>
</comp>

<comp id="457" class="1004" name="write_ln0_write_fu_457">
<pin_list>
<pin id="458" dir="0" index="0" bw="0" slack="0"/>
<pin id="459" dir="0" index="1" bw="32" slack="0"/>
<pin id="460" dir="0" index="2" bw="32" slack="0"/>
<pin id="461" dir="1" index="3" bw="0" slack="2147483647"/>
</pin_list>
<bind>
<opcode="write(1151) " fcode="write"/>
<opset="write_ln0/2 "/>
</bind>
</comp>

<comp id="464" class="1004" name="write_ln0_write_fu_464">
<pin_list>
<pin id="465" dir="0" index="0" bw="0" slack="0"/>
<pin id="466" dir="0" index="1" bw="32" slack="0"/>
<pin id="467" dir="0" index="2" bw="32" slack="0"/>
<pin id="468" dir="1" index="3" bw="0" slack="2147483647"/>
</pin_list>
<bind>
<opcode="write(1151) " fcode="write"/>
<opset="write_ln0/2 "/>
</bind>
</comp>

<comp id="471" class="1004" name="write_ln0_write_fu_471">
<pin_list>
<pin id="472" dir="0" index="0" bw="0" slack="0"/>
<pin id="473" dir="0" index="1" bw="32" slack="0"/>
<pin id="474" dir="0" index="2" bw="32" slack="0"/>
<pin id="475" dir="1" index="3" bw="0" slack="2147483647"/>
</pin_list>
<bind>
<opcode="write(1151) " fcode="write"/>
<opset="write_ln0/2 "/>
</bind>
</comp>

<comp id="478" class="1004" name="write_ln0_write_fu_478">
<pin_list>
<pin id="479" dir="0" index="0" bw="0" slack="0"/>
<pin id="480" dir="0" index="1" bw="32" slack="0"/>
<pin id="481" dir="0" index="2" bw="32" slack="0"/>
<pin id="482" dir="1" index="3" bw="0" slack="2147483647"/>
</pin_list>
<bind>
<opcode="write(1151) " fcode="write"/>
<opset="write_ln0/2 "/>
</bind>
</comp>

<comp id="485" class="1004" name="write_ln0_write_fu_485">
<pin_list>
<pin id="486" dir="0" index="0" bw="0" slack="0"/>
<pin id="487" dir="0" index="1" bw="32" slack="0"/>
<pin id="488" dir="0" index="2" bw="32" slack="0"/>
<pin id="489" dir="1" index="3" bw="0" slack="2147483647"/>
</pin_list>
<bind>
<opcode="write(1151) " fcode="write"/>
<opset="write_ln0/2 "/>
</bind>
</comp>

<comp id="492" class="1004" name="write_ln0_write_fu_492">
<pin_list>
<pin id="493" dir="0" index="0" bw="0" slack="0"/>
<pin id="494" dir="0" index="1" bw="32" slack="0"/>
<pin id="495" dir="0" index="2" bw="32" slack="0"/>
<pin id="496" dir="1" index="3" bw="0" slack="2147483647"/>
</pin_list>
<bind>
<opcode="write(1151) " fcode="write"/>
<opset="write_ln0/2 "/>
</bind>
</comp>

<comp id="499" class="1004" name="write_ln0_write_fu_499">
<pin_list>
<pin id="500" dir="0" index="0" bw="0" slack="0"/>
<pin id="501" dir="0" index="1" bw="32" slack="0"/>
<pin id="502" dir="0" index="2" bw="32" slack="0"/>
<pin id="503" dir="1" index="3" bw="0" slack="2147483647"/>
</pin_list>
<bind>
<opcode="write(1151) " fcode="write"/>
<opset="write_ln0/2 "/>
</bind>
</comp>

<comp id="506" class="1004" name="write_ln0_write_fu_506">
<pin_list>
<pin id="507" dir="0" index="0" bw="0" slack="0"/>
<pin id="508" dir="0" index="1" bw="32" slack="0"/>
<pin id="509" dir="0" index="2" bw="32" slack="0"/>
<pin id="510" dir="1" index="3" bw="0" slack="2147483647"/>
</pin_list>
<bind>
<opcode="write(1151) " fcode="write"/>
<opset="write_ln0/2 "/>
</bind>
</comp>

<comp id="513" class="1004" name="write_ln0_write_fu_513">
<pin_list>
<pin id="514" dir="0" index="0" bw="0" slack="0"/>
<pin id="515" dir="0" index="1" bw="32" slack="0"/>
<pin id="516" dir="0" index="2" bw="32" slack="0"/>
<pin id="517" dir="1" index="3" bw="0" slack="2147483647"/>
</pin_list>
<bind>
<opcode="write(1151) " fcode="write"/>
<opset="write_ln0/2 "/>
</bind>
</comp>

<comp id="520" class="1004" name="write_ln0_write_fu_520">
<pin_list>
<pin id="521" dir="0" index="0" bw="0" slack="0"/>
<pin id="522" dir="0" index="1" bw="32" slack="0"/>
<pin id="523" dir="0" index="2" bw="32" slack="0"/>
<pin id="524" dir="1" index="3" bw="0" slack="2147483647"/>
</pin_list>
<bind>
<opcode="write(1151) " fcode="write"/>
<opset="write_ln0/2 "/>
</bind>
</comp>

<comp id="527" class="1004" name="write_ln0_write_fu_527">
<pin_list>
<pin id="528" dir="0" index="0" bw="0" slack="0"/>
<pin id="529" dir="0" index="1" bw="32" slack="0"/>
<pin id="530" dir="0" index="2" bw="32" slack="0"/>
<pin id="531" dir="1" index="3" bw="0" slack="2147483647"/>
</pin_list>
<bind>
<opcode="write(1151) " fcode="write"/>
<opset="write_ln0/2 "/>
</bind>
</comp>

<comp id="534" class="1004" name="write_ln0_write_fu_534">
<pin_list>
<pin id="535" dir="0" index="0" bw="0" slack="0"/>
<pin id="536" dir="0" index="1" bw="32" slack="0"/>
<pin id="537" dir="0" index="2" bw="32" slack="0"/>
<pin id="538" dir="1" index="3" bw="0" slack="2147483647"/>
</pin_list>
<bind>
<opcode="write(1151) " fcode="write"/>
<opset="write_ln0/2 "/>
</bind>
</comp>

<comp id="541" class="1004" name="write_ln0_write_fu_541">
<pin_list>
<pin id="542" dir="0" index="0" bw="0" slack="0"/>
<pin id="543" dir="0" index="1" bw="32" slack="0"/>
<pin id="544" dir="0" index="2" bw="32" slack="0"/>
<pin id="545" dir="1" index="3" bw="0" slack="2147483647"/>
</pin_list>
<bind>
<opcode="write(1151) " fcode="write"/>
<opset="write_ln0/2 "/>
</bind>
</comp>

<comp id="548" class="1004" name="write_ln0_write_fu_548">
<pin_list>
<pin id="549" dir="0" index="0" bw="0" slack="0"/>
<pin id="550" dir="0" index="1" bw="32" slack="0"/>
<pin id="551" dir="0" index="2" bw="32" slack="0"/>
<pin id="552" dir="1" index="3" bw="0" slack="2147483647"/>
</pin_list>
<bind>
<opcode="write(1151) " fcode="write"/>
<opset="write_ln0/2 "/>
</bind>
</comp>

<comp id="555" class="1004" name="write_ln0_write_fu_555">
<pin_list>
<pin id="556" dir="0" index="0" bw="0" slack="0"/>
<pin id="557" dir="0" index="1" bw="32" slack="0"/>
<pin id="558" dir="0" index="2" bw="32" slack="0"/>
<pin id="559" dir="1" index="3" bw="0" slack="2147483647"/>
</pin_list>
<bind>
<opcode="write(1151) " fcode="write"/>
<opset="write_ln0/2 "/>
</bind>
</comp>

<comp id="562" class="1004" name="write_ln0_write_fu_562">
<pin_list>
<pin id="563" dir="0" index="0" bw="0" slack="0"/>
<pin id="564" dir="0" index="1" bw="32" slack="0"/>
<pin id="565" dir="0" index="2" bw="32" slack="0"/>
<pin id="566" dir="1" index="3" bw="0" slack="2147483647"/>
</pin_list>
<bind>
<opcode="write(1151) " fcode="write"/>
<opset="write_ln0/2 "/>
</bind>
</comp>

<comp id="569" class="1004" name="write_ln0_write_fu_569">
<pin_list>
<pin id="570" dir="0" index="0" bw="0" slack="0"/>
<pin id="571" dir="0" index="1" bw="32" slack="0"/>
<pin id="572" dir="0" index="2" bw="32" slack="0"/>
<pin id="573" dir="1" index="3" bw="0" slack="2147483647"/>
</pin_list>
<bind>
<opcode="write(1151) " fcode="write"/>
<opset="write_ln0/2 "/>
</bind>
</comp>

<comp id="576" class="1004" name="ifmap_addr_gep_fu_576">
<pin_list>
<pin id="577" dir="0" index="0" bw="32" slack="0"/>
<pin id="578" dir="0" index="1" bw="1" slack="0"/>
<pin id="579" dir="0" index="2" bw="10" slack="0"/>
<pin id="580" dir="1" index="3" bw="10" slack="0"/>
</pin_list>
<bind>
<opcode="getelementptr(29) " fcode="getelementptr"/>
<opset="ifmap_addr/2 "/>
</bind>
</comp>

<comp id="583" class="1004" name="grp_access_fu_583">
<pin_list>
<pin id="584" dir="0" index="0" bw="10" slack="0"/>
<pin id="585" dir="0" index="1" bw="32" slack="2147483647"/>
<pin id="586" dir="0" index="2" bw="0" slack="2147483647"/>
<pin id="587" dir="1" index="3" bw="32" slack="0"/>
</pin_list>
<bind>
<opcode="load(27) " fcode="load"/>
<opset="window_77/2 "/>
</bind>
</comp>

<comp id="589" class="1004" name="zext_ln58_cast_fu_589">
<pin_list>
<pin id="590" dir="0" index="0" bw="4" slack="0"/>
<pin id="591" dir="1" index="1" bw="10" slack="1"/>
</pin_list>
<bind>
<opcode="zext(34) " fcode="zext"/>
<opset="zext_ln58_cast/1 "/>
</bind>
</comp>

<comp id="593" class="1004" name="sub_ln52_cast_fu_593">
<pin_list>
<pin id="594" dir="0" index="0" bw="8" slack="0"/>
<pin id="595" dir="1" index="1" bw="9" slack="0"/>
</pin_list>
<bind>
<opcode="sext(35) " fcode="sext"/>
<opset="sub_ln52_cast/1 "/>
</bind>
</comp>

<comp id="597" class="1004" name="store_ln0_store_fu_597">
<pin_list>
<pin id="598" dir="0" index="0" bw="32" slack="0"/>
<pin id="599" dir="0" index="1" bw="32" slack="0"/>
<pin id="600" dir="1" index="2" bw="0" slack="2147483647"/>
</pin_list>
<bind>
<opcode="store(28) " fcode="store"/>
<opset="store_ln0/1 "/>
</bind>
</comp>

<comp id="602" class="1004" name="store_ln0_store_fu_602">
<pin_list>
<pin id="603" dir="0" index="0" bw="32" slack="0"/>
<pin id="604" dir="0" index="1" bw="32" slack="0"/>
<pin id="605" dir="1" index="2" bw="0" slack="2147483647"/>
</pin_list>
<bind>
<opcode="store(28) " fcode="store"/>
<opset="store_ln0/1 "/>
</bind>
</comp>

<comp id="607" class="1004" name="store_ln0_store_fu_607">
<pin_list>
<pin id="608" dir="0" index="0" bw="32" slack="0"/>
<pin id="609" dir="0" index="1" bw="32" slack="0"/>
<pin id="610" dir="1" index="2" bw="0" slack="2147483647"/>
</pin_list>
<bind>
<opcode="store(28) " fcode="store"/>
<opset="store_ln0/1 "/>
</bind>
</comp>

<comp id="612" class="1004" name="store_ln0_store_fu_612">
<pin_list>
<pin id="613" dir="0" index="0" bw="32" slack="0"/>
<pin id="614" dir="0" index="1" bw="32" slack="0"/>
<pin id="615" dir="1" index="2" bw="0" slack="2147483647"/>
</pin_list>
<bind>
<opcode="store(28) " fcode="store"/>
<opset="store_ln0/1 "/>
</bind>
</comp>

<comp id="617" class="1004" name="store_ln0_store_fu_617">
<pin_list>
<pin id="618" dir="0" index="0" bw="32" slack="0"/>
<pin id="619" dir="0" index="1" bw="32" slack="0"/>
<pin id="620" dir="1" index="2" bw="0" slack="2147483647"/>
</pin_list>
<bind>
<opcode="store(28) " fcode="store"/>
<opset="store_ln0/1 "/>
</bind>
</comp>

<comp id="622" class="1004" name="store_ln0_store_fu_622">
<pin_list>
<pin id="623" dir="0" index="0" bw="32" slack="0"/>
<pin id="624" dir="0" index="1" bw="32" slack="0"/>
<pin id="625" dir="1" index="2" bw="0" slack="2147483647"/>
</pin_list>
<bind>
<opcode="store(28) " fcode="store"/>
<opset="store_ln0/1 "/>
</bind>
</comp>

<comp id="627" class="1004" name="store_ln0_store_fu_627">
<pin_list>
<pin id="628" dir="0" index="0" bw="32" slack="0"/>
<pin id="629" dir="0" index="1" bw="32" slack="0"/>
<pin id="630" dir="1" index="2" bw="0" slack="2147483647"/>
</pin_list>
<bind>
<opcode="store(28) " fcode="store"/>
<opset="store_ln0/1 "/>
</bind>
</comp>

<comp id="632" class="1004" name="store_ln0_store_fu_632">
<pin_list>
<pin id="633" dir="0" index="0" bw="32" slack="0"/>
<pin id="634" dir="0" index="1" bw="32" slack="0"/>
<pin id="635" dir="1" index="2" bw="0" slack="2147483647"/>
</pin_list>
<bind>
<opcode="store(28) " fcode="store"/>
<opset="store_ln0/1 "/>
</bind>
</comp>

<comp id="637" class="1004" name="store_ln0_store_fu_637">
<pin_list>
<pin id="638" dir="0" index="0" bw="32" slack="0"/>
<pin id="639" dir="0" index="1" bw="32" slack="0"/>
<pin id="640" dir="1" index="2" bw="0" slack="2147483647"/>
</pin_list>
<bind>
<opcode="store(28) " fcode="store"/>
<opset="store_ln0/1 "/>
</bind>
</comp>

<comp id="642" class="1004" name="store_ln0_store_fu_642">
<pin_list>
<pin id="643" dir="0" index="0" bw="32" slack="0"/>
<pin id="644" dir="0" index="1" bw="32" slack="0"/>
<pin id="645" dir="1" index="2" bw="0" slack="2147483647"/>
</pin_list>
<bind>
<opcode="store(28) " fcode="store"/>
<opset="store_ln0/1 "/>
</bind>
</comp>

<comp id="647" class="1004" name="store_ln0_store_fu_647">
<pin_list>
<pin id="648" dir="0" index="0" bw="32" slack="0"/>
<pin id="649" dir="0" index="1" bw="32" slack="0"/>
<pin id="650" dir="1" index="2" bw="0" slack="2147483647"/>
</pin_list>
<bind>
<opcode="store(28) " fcode="store"/>
<opset="store_ln0/1 "/>
</bind>
</comp>

<comp id="652" class="1004" name="store_ln0_store_fu_652">
<pin_list>
<pin id="653" dir="0" index="0" bw="32" slack="0"/>
<pin id="654" dir="0" index="1" bw="32" slack="0"/>
<pin id="655" dir="1" index="2" bw="0" slack="2147483647"/>
</pin_list>
<bind>
<opcode="store(28) " fcode="store"/>
<opset="store_ln0/1 "/>
</bind>
</comp>

<comp id="657" class="1004" name="store_ln0_store_fu_657">
<pin_list>
<pin id="658" dir="0" index="0" bw="32" slack="0"/>
<pin id="659" dir="0" index="1" bw="32" slack="0"/>
<pin id="660" dir="1" index="2" bw="0" slack="2147483647"/>
</pin_list>
<bind>
<opcode="store(28) " fcode="store"/>
<opset="store_ln0/1 "/>
</bind>
</comp>

<comp id="662" class="1004" name="store_ln0_store_fu_662">
<pin_list>
<pin id="663" dir="0" index="0" bw="32" slack="0"/>
<pin id="664" dir="0" index="1" bw="32" slack="0"/>
<pin id="665" dir="1" index="2" bw="0" slack="2147483647"/>
</pin_list>
<bind>
<opcode="store(28) " fcode="store"/>
<opset="store_ln0/1 "/>
</bind>
</comp>

<comp id="667" class="1004" name="store_ln0_store_fu_667">
<pin_list>
<pin id="668" dir="0" index="0" bw="32" slack="0"/>
<pin id="669" dir="0" index="1" bw="32" slack="0"/>
<pin id="670" dir="1" index="2" bw="0" slack="2147483647"/>
</pin_list>
<bind>
<opcode="store(28) " fcode="store"/>
<opset="store_ln0/1 "/>
</bind>
</comp>

<comp id="672" class="1004" name="store_ln0_store_fu_672">
<pin_list>
<pin id="673" dir="0" index="0" bw="32" slack="0"/>
<pin id="674" dir="0" index="1" bw="32" slack="0"/>
<pin id="675" dir="1" index="2" bw="0" slack="2147483647"/>
</pin_list>
<bind>
<opcode="store(28) " fcode="store"/>
<opset="store_ln0/1 "/>
</bind>
</comp>

<comp id="677" class="1004" name="store_ln0_store_fu_677">
<pin_list>
<pin id="678" dir="0" index="0" bw="32" slack="0"/>
<pin id="679" dir="0" index="1" bw="32" slack="0"/>
<pin id="680" dir="1" index="2" bw="0" slack="2147483647"/>
</pin_list>
<bind>
<opcode="store(28) " fcode="store"/>
<opset="store_ln0/1 "/>
</bind>
</comp>

<comp id="682" class="1004" name="store_ln0_store_fu_682">
<pin_list>
<pin id="683" dir="0" index="0" bw="32" slack="0"/>
<pin id="684" dir="0" index="1" bw="32" slack="0"/>
<pin id="685" dir="1" index="2" bw="0" slack="2147483647"/>
</pin_list>
<bind>
<opcode="store(28) " fcode="store"/>
<opset="store_ln0/1 "/>
</bind>
</comp>

<comp id="687" class="1004" name="store_ln0_store_fu_687">
<pin_list>
<pin id="688" dir="0" index="0" bw="32" slack="0"/>
<pin id="689" dir="0" index="1" bw="32" slack="0"/>
<pin id="690" dir="1" index="2" bw="0" slack="2147483647"/>
</pin_list>
<bind>
<opcode="store(28) " fcode="store"/>
<opset="store_ln0/1 "/>
</bind>
</comp>

<comp id="692" class="1004" name="store_ln0_store_fu_692">
<pin_list>
<pin id="693" dir="0" index="0" bw="32" slack="0"/>
<pin id="694" dir="0" index="1" bw="32" slack="0"/>
<pin id="695" dir="1" index="2" bw="0" slack="2147483647"/>
</pin_list>
<bind>
<opcode="store(28) " fcode="store"/>
<opset="store_ln0/1 "/>
</bind>
</comp>

<comp id="697" class="1004" name="store_ln0_store_fu_697">
<pin_list>
<pin id="698" dir="0" index="0" bw="32" slack="0"/>
<pin id="699" dir="0" index="1" bw="32" slack="0"/>
<pin id="700" dir="1" index="2" bw="0" slack="2147483647"/>
</pin_list>
<bind>
<opcode="store(28) " fcode="store"/>
<opset="store_ln0/1 "/>
</bind>
</comp>

<comp id="702" class="1004" name="store_ln0_store_fu_702">
<pin_list>
<pin id="703" dir="0" index="0" bw="32" slack="0"/>
<pin id="704" dir="0" index="1" bw="32" slack="0"/>
<pin id="705" dir="1" index="2" bw="0" slack="2147483647"/>
</pin_list>
<bind>
<opcode="store(28) " fcode="store"/>
<opset="store_ln0/1 "/>
</bind>
</comp>

<comp id="707" class="1004" name="store_ln0_store_fu_707">
<pin_list>
<pin id="708" dir="0" index="0" bw="32" slack="0"/>
<pin id="709" dir="0" index="1" bw="32" slack="0"/>
<pin id="710" dir="1" index="2" bw="0" slack="2147483647"/>
</pin_list>
<bind>
<opcode="store(28) " fcode="store"/>
<opset="store_ln0/1 "/>
</bind>
</comp>

<comp id="712" class="1004" name="store_ln0_store_fu_712">
<pin_list>
<pin id="713" dir="0" index="0" bw="32" slack="0"/>
<pin id="714" dir="0" index="1" bw="32" slack="0"/>
<pin id="715" dir="1" index="2" bw="0" slack="2147483647"/>
</pin_list>
<bind>
<opcode="store(28) " fcode="store"/>
<opset="store_ln0/1 "/>
</bind>
</comp>

<comp id="717" class="1004" name="store_ln0_store_fu_717">
<pin_list>
<pin id="718" dir="0" index="0" bw="1" slack="0"/>
<pin id="719" dir="0" index="1" bw="2" slack="0"/>
<pin id="720" dir="1" index="2" bw="0" slack="2147483647"/>
</pin_list>
<bind>
<opcode="store(28) " fcode="store"/>
<opset="store_ln0/1 "/>
</bind>
</comp>

<comp id="722" class="1004" name="wi_3_load_fu_722">
<pin_list>
<pin id="723" dir="0" index="0" bw="2" slack="0"/>
<pin id="724" dir="1" index="1" bw="2" slack="0"/>
</pin_list>
<bind>
<opcode="load(27) " fcode="load"/>
<opset="wi_3/1 "/>
</bind>
</comp>

<comp id="725" class="1004" name="icmp_ln58_fu_725">
<pin_list>
<pin id="726" dir="0" index="0" bw="2" slack="0"/>
<pin id="727" dir="0" index="1" bw="1" slack="0"/>
<pin id="728" dir="1" index="2" bw="1" slack="1"/>
</pin_list>
<bind>
<opcode="icmp(45) " fcode="icmp"/>
<opset="icmp_ln58/1 "/>
</bind>
</comp>

<comp id="731" class="1004" name="add_ln58_fu_731">
<pin_list>
<pin id="732" dir="0" index="0" bw="2" slack="0"/>
<pin id="733" dir="0" index="1" bw="1" slack="0"/>
<pin id="734" dir="1" index="2" bw="2" slack="0"/>
</pin_list>
<bind>
<opcode="add(8) " fcode="add"/>
<opset="add_ln58/1 "/>
</bind>
</comp>

<comp id="737" class="1004" name="zext_ln58_3_fu_737">
<pin_list>
<pin id="738" dir="0" index="0" bw="2" slack="0"/>
<pin id="739" dir="1" index="1" bw="4" slack="0"/>
</pin_list>
<bind>
<opcode="zext(34) " fcode="zext"/>
<opset="zext_ln58_3/1 "/>
</bind>
</comp>

<comp id="741" class="1004" name="add_ln66_fu_741">
<pin_list>
<pin id="742" dir="0" index="0" bw="4" slack="0"/>
<pin id="743" dir="0" index="1" bw="2" slack="0"/>
<pin id="744" dir="1" index="2" bw="4" slack="0"/>
</pin_list>
<bind>
<opcode="add(8) " fcode="add"/>
<opset="add_ln66/1 "/>
</bind>
</comp>

<comp id="747" class="1004" name="zext_ln66_fu_747">
<pin_list>
<pin id="748" dir="0" index="0" bw="4" slack="0"/>
<pin id="749" dir="1" index="1" bw="9" slack="0"/>
</pin_list>
<bind>
<opcode="zext(34) " fcode="zext"/>
<opset="zext_ln66/1 "/>
</bind>
</comp>

<comp id="751" class="1004" name="add_ln66_3_fu_751">
<pin_list>
<pin id="752" dir="0" index="0" bw="8" slack="0"/>
<pin id="753" dir="0" index="1" bw="4" slack="0"/>
<pin id="754" dir="1" index="2" bw="9" slack="0"/>
</pin_list>
<bind>
<opcode="add(8) " fcode="add"/>
<opset="add_ln66_3/1 "/>
</bind>
</comp>

<comp id="757" class="1004" name="trunc_ln66_fu_757">
<pin_list>
<pin id="758" dir="0" index="0" bw="9" slack="0"/>
<pin id="759" dir="1" index="1" bw="6" slack="1"/>
</pin_list>
<bind>
<opcode="trunc(33) " fcode="trunc"/>
<opset="trunc_ln66/1 "/>
</bind>
</comp>

<comp id="761" class="1004" name="trunc_ln66_1_fu_761">
<pin_list>
<pin id="762" dir="0" index="0" bw="9" slack="0"/>
<pin id="763" dir="1" index="1" bw="8" slack="1"/>
</pin_list>
<bind>
<opcode="trunc(33) " fcode="trunc"/>
<opset="trunc_ln66_1/1 "/>
</bind>
</comp>

<comp id="765" class="1004" name="store_ln58_store_fu_765">
<pin_list>
<pin id="766" dir="0" index="0" bw="2" slack="0"/>
<pin id="767" dir="0" index="1" bw="2" slack="0"/>
<pin id="768" dir="1" index="2" bw="0" slack="2147483647"/>
</pin_list>
<bind>
<opcode="store(28) " fcode="store"/>
<opset="store_ln58/1 "/>
</bind>
</comp>

<comp id="770" class="1004" name="p_shl1_fu_770">
<pin_list>
<pin id="771" dir="0" index="0" bw="10" slack="0"/>
<pin id="772" dir="0" index="1" bw="6" slack="1"/>
<pin id="773" dir="0" index="2" bw="1" slack="0"/>
<pin id="774" dir="1" index="3" bw="10" slack="0"/>
</pin_list>
<bind>
<opcode="bitconcatenate(1004) " fcode="bitconcatenate"/>
<opset="p_shl1/2 "/>
</bind>
</comp>

<comp id="777" class="1004" name="p_shl2_fu_777">
<pin_list>
<pin id="778" dir="0" index="0" bw="10" slack="0"/>
<pin id="779" dir="0" index="1" bw="8" slack="1"/>
<pin id="780" dir="0" index="2" bw="1" slack="0"/>
<pin id="781" dir="1" index="3" bw="10" slack="0"/>
</pin_list>
<bind>
<opcode="bitconcatenate(1004) " fcode="bitconcatenate"/>
<opset="p_shl2/2 "/>
</bind>
</comp>

<comp id="784" class="1004" name="newFirst_fu_784">
<pin_list>
<pin id="785" dir="0" index="0" bw="10" slack="0"/>
<pin id="786" dir="0" index="1" bw="4" slack="1"/>
<pin id="787" dir="1" index="2" bw="10" slack="0"/>
</pin_list>
<bind>
<opcode="add(8) " fcode="add"/>
<opset="newFirst/2 "/>
</bind>
</comp>

<comp id="789" class="1004" name="newSecond_fu_789">
<pin_list>
<pin id="790" dir="0" index="0" bw="10" slack="0"/>
<pin id="791" dir="0" index="1" bw="10" slack="0"/>
<pin id="792" dir="1" index="2" bw="10" slack="0"/>
</pin_list>
<bind>
<opcode="sub(10) " fcode="sub"/>
<opset="newSecond/2 "/>
</bind>
</comp>

<comp id="795" class="1004" name="zext_ln66_4_fu_795">
<pin_list>
<pin id="796" dir="0" index="0" bw="10" slack="0"/>
<pin id="797" dir="1" index="1" bw="64" slack="0"/>
</pin_list>
<bind>
<opcode="zext(34) " fcode="zext"/>
<opset="zext_ln66_4/2 "/>
</bind>
</comp>

<comp id="800" class="1004" name="window_53_load_1_load_fu_800">
<pin_list>
<pin id="801" dir="0" index="0" bw="32" slack="2"/>
<pin id="802" dir="1" index="1" bw="32" slack="0"/>
</pin_list>
<bind>
<opcode="load(27) " fcode="load"/>
<opset="window_53_load_1/3 "/>
</bind>
</comp>

<comp id="803" class="1004" name="window_54_load_1_load_fu_803">
<pin_list>
<pin id="804" dir="0" index="0" bw="32" slack="2"/>
<pin id="805" dir="1" index="1" bw="32" slack="0"/>
</pin_list>
<bind>
<opcode="load(27) " fcode="load"/>
<opset="window_54_load_1/3 "/>
</bind>
</comp>

<comp id="806" class="1004" name="window_55_load_1_load_fu_806">
<pin_list>
<pin id="807" dir="0" index="0" bw="32" slack="2"/>
<pin id="808" dir="1" index="1" bw="32" slack="0"/>
</pin_list>
<bind>
<opcode="load(27) " fcode="load"/>
<opset="window_55_load_1/3 "/>
</bind>
</comp>

<comp id="809" class="1004" name="window_56_load_1_load_fu_809">
<pin_list>
<pin id="810" dir="0" index="0" bw="32" slack="2"/>
<pin id="811" dir="1" index="1" bw="32" slack="0"/>
</pin_list>
<bind>
<opcode="load(27) " fcode="load"/>
<opset="window_56_load_1/3 "/>
</bind>
</comp>

<comp id="812" class="1004" name="window_57_load_1_load_fu_812">
<pin_list>
<pin id="813" dir="0" index="0" bw="32" slack="2"/>
<pin id="814" dir="1" index="1" bw="32" slack="0"/>
</pin_list>
<bind>
<opcode="load(27) " fcode="load"/>
<opset="window_57_load_1/3 "/>
</bind>
</comp>

<comp id="815" class="1004" name="window_58_load_1_load_fu_815">
<pin_list>
<pin id="816" dir="0" index="0" bw="32" slack="2"/>
<pin id="817" dir="1" index="1" bw="32" slack="0"/>
</pin_list>
<bind>
<opcode="load(27) " fcode="load"/>
<opset="window_58_load_1/3 "/>
</bind>
</comp>

<comp id="818" class="1004" name="window_fu_818">
<pin_list>
<pin id="819" dir="0" index="0" bw="32" slack="0"/>
<pin id="820" dir="0" index="1" bw="32" slack="0"/>
<pin id="821" dir="0" index="2" bw="32" slack="0"/>
<pin id="822" dir="0" index="3" bw="32" slack="0"/>
<pin id="823" dir="0" index="4" bw="2" slack="2"/>
<pin id="824" dir="1" index="5" bw="32" slack="0"/>
</pin_list>
<bind>
<opcode="mux(1196) " fcode="mux"/>
<opset="window/3 "/>
</bind>
</comp>

<comp id="829" class="1004" name="window_2_fu_829">
<pin_list>
<pin id="830" dir="0" index="0" bw="32" slack="0"/>
<pin id="831" dir="0" index="1" bw="32" slack="0"/>
<pin id="832" dir="0" index="2" bw="32" slack="0"/>
<pin id="833" dir="0" index="3" bw="32" slack="0"/>
<pin id="834" dir="0" index="4" bw="2" slack="2"/>
<pin id="835" dir="1" index="5" bw="32" slack="0"/>
</pin_list>
<bind>
<opcode="mux(1196) " fcode="mux"/>
<opset="window_2/3 "/>
</bind>
</comp>

<comp id="840" class="1004" name="store_ln61_store_fu_840">
<pin_list>
<pin id="841" dir="0" index="0" bw="32" slack="0"/>
<pin id="842" dir="0" index="1" bw="32" slack="2"/>
<pin id="843" dir="1" index="2" bw="0" slack="2147483647"/>
</pin_list>
<bind>
<opcode="store(28) " fcode="store"/>
<opset="store_ln61/3 "/>
</bind>
</comp>

<comp id="845" class="1004" name="store_ln61_store_fu_845">
<pin_list>
<pin id="846" dir="0" index="0" bw="32" slack="0"/>
<pin id="847" dir="0" index="1" bw="32" slack="2"/>
<pin id="848" dir="1" index="2" bw="0" slack="2147483647"/>
</pin_list>
<bind>
<opcode="store(28) " fcode="store"/>
<opset="store_ln61/3 "/>
</bind>
</comp>

<comp id="850" class="1004" name="store_ln61_store_fu_850">
<pin_list>
<pin id="851" dir="0" index="0" bw="32" slack="0"/>
<pin id="852" dir="0" index="1" bw="32" slack="2"/>
<pin id="853" dir="1" index="2" bw="0" slack="2147483647"/>
</pin_list>
<bind>
<opcode="store(28) " fcode="store"/>
<opset="store_ln61/3 "/>
</bind>
</comp>

<comp id="855" class="1004" name="store_ln61_store_fu_855">
<pin_list>
<pin id="856" dir="0" index="0" bw="32" slack="0"/>
<pin id="857" dir="0" index="1" bw="32" slack="2"/>
<pin id="858" dir="1" index="2" bw="0" slack="2147483647"/>
</pin_list>
<bind>
<opcode="store(28) " fcode="store"/>
<opset="store_ln61/3 "/>
</bind>
</comp>

<comp id="860" class="1004" name="store_ln61_store_fu_860">
<pin_list>
<pin id="861" dir="0" index="0" bw="32" slack="0"/>
<pin id="862" dir="0" index="1" bw="32" slack="2"/>
<pin id="863" dir="1" index="2" bw="0" slack="2147483647"/>
</pin_list>
<bind>
<opcode="store(28) " fcode="store"/>
<opset="store_ln61/3 "/>
</bind>
</comp>

<comp id="865" class="1004" name="store_ln61_store_fu_865">
<pin_list>
<pin id="866" dir="0" index="0" bw="32" slack="0"/>
<pin id="867" dir="0" index="1" bw="32" slack="2"/>
<pin id="868" dir="1" index="2" bw="0" slack="2147483647"/>
</pin_list>
<bind>
<opcode="store(28) " fcode="store"/>
<opset="store_ln61/3 "/>
</bind>
</comp>

<comp id="870" class="1004" name="store_ln61_store_fu_870">
<pin_list>
<pin id="871" dir="0" index="0" bw="32" slack="0"/>
<pin id="872" dir="0" index="1" bw="32" slack="2"/>
<pin id="873" dir="1" index="2" bw="0" slack="2147483647"/>
</pin_list>
<bind>
<opcode="store(28) " fcode="store"/>
<opset="store_ln61/3 "/>
</bind>
</comp>

<comp id="875" class="1004" name="store_ln61_store_fu_875">
<pin_list>
<pin id="876" dir="0" index="0" bw="32" slack="0"/>
<pin id="877" dir="0" index="1" bw="32" slack="2"/>
<pin id="878" dir="1" index="2" bw="0" slack="2147483647"/>
</pin_list>
<bind>
<opcode="store(28) " fcode="store"/>
<opset="store_ln61/3 "/>
</bind>
</comp>

<comp id="880" class="1004" name="store_ln61_store_fu_880">
<pin_list>
<pin id="881" dir="0" index="0" bw="32" slack="0"/>
<pin id="882" dir="0" index="1" bw="32" slack="2"/>
<pin id="883" dir="1" index="2" bw="0" slack="2147483647"/>
</pin_list>
<bind>
<opcode="store(28) " fcode="store"/>
<opset="store_ln61/3 "/>
</bind>
</comp>

<comp id="885" class="1004" name="store_ln61_store_fu_885">
<pin_list>
<pin id="886" dir="0" index="0" bw="32" slack="0"/>
<pin id="887" dir="0" index="1" bw="32" slack="2"/>
<pin id="888" dir="1" index="2" bw="0" slack="2147483647"/>
</pin_list>
<bind>
<opcode="store(28) " fcode="store"/>
<opset="store_ln61/3 "/>
</bind>
</comp>

<comp id="890" class="1004" name="store_ln61_store_fu_890">
<pin_list>
<pin id="891" dir="0" index="0" bw="32" slack="0"/>
<pin id="892" dir="0" index="1" bw="32" slack="2"/>
<pin id="893" dir="1" index="2" bw="0" slack="2147483647"/>
</pin_list>
<bind>
<opcode="store(28) " fcode="store"/>
<opset="store_ln61/3 "/>
</bind>
</comp>

<comp id="895" class="1004" name="store_ln61_store_fu_895">
<pin_list>
<pin id="896" dir="0" index="0" bw="32" slack="0"/>
<pin id="897" dir="0" index="1" bw="32" slack="2"/>
<pin id="898" dir="1" index="2" bw="0" slack="2147483647"/>
</pin_list>
<bind>
<opcode="store(28) " fcode="store"/>
<opset="store_ln61/3 "/>
</bind>
</comp>

<comp id="900" class="1004" name="store_ln61_store_fu_900">
<pin_list>
<pin id="901" dir="0" index="0" bw="32" slack="0"/>
<pin id="902" dir="0" index="1" bw="32" slack="2"/>
<pin id="903" dir="1" index="2" bw="0" slack="2147483647"/>
</pin_list>
<bind>
<opcode="store(28) " fcode="store"/>
<opset="store_ln61/3 "/>
</bind>
</comp>

<comp id="905" class="1004" name="store_ln61_store_fu_905">
<pin_list>
<pin id="906" dir="0" index="0" bw="32" slack="0"/>
<pin id="907" dir="0" index="1" bw="32" slack="2"/>
<pin id="908" dir="1" index="2" bw="0" slack="2147483647"/>
</pin_list>
<bind>
<opcode="store(28) " fcode="store"/>
<opset="store_ln61/3 "/>
</bind>
</comp>

<comp id="910" class="1004" name="store_ln61_store_fu_910">
<pin_list>
<pin id="911" dir="0" index="0" bw="32" slack="0"/>
<pin id="912" dir="0" index="1" bw="32" slack="2"/>
<pin id="913" dir="1" index="2" bw="0" slack="2147483647"/>
</pin_list>
<bind>
<opcode="store(28) " fcode="store"/>
<opset="store_ln61/3 "/>
</bind>
</comp>

<comp id="915" class="1004" name="store_ln61_store_fu_915">
<pin_list>
<pin id="916" dir="0" index="0" bw="32" slack="0"/>
<pin id="917" dir="0" index="1" bw="32" slack="2"/>
<pin id="918" dir="1" index="2" bw="0" slack="2147483647"/>
</pin_list>
<bind>
<opcode="store(28) " fcode="store"/>
<opset="store_ln61/3 "/>
</bind>
</comp>

<comp id="920" class="1004" name="store_ln66_store_fu_920">
<pin_list>
<pin id="921" dir="0" index="0" bw="32" slack="0"/>
<pin id="922" dir="0" index="1" bw="32" slack="2"/>
<pin id="923" dir="1" index="2" bw="0" slack="2147483647"/>
</pin_list>
<bind>
<opcode="store(28) " fcode="store"/>
<opset="store_ln66/3 "/>
</bind>
</comp>

<comp id="925" class="1004" name="store_ln66_store_fu_925">
<pin_list>
<pin id="926" dir="0" index="0" bw="32" slack="0"/>
<pin id="927" dir="0" index="1" bw="32" slack="2"/>
<pin id="928" dir="1" index="2" bw="0" slack="2147483647"/>
</pin_list>
<bind>
<opcode="store(28) " fcode="store"/>
<opset="store_ln66/3 "/>
</bind>
</comp>

<comp id="930" class="1004" name="store_ln66_store_fu_930">
<pin_list>
<pin id="931" dir="0" index="0" bw="32" slack="0"/>
<pin id="932" dir="0" index="1" bw="32" slack="2"/>
<pin id="933" dir="1" index="2" bw="0" slack="2147483647"/>
</pin_list>
<bind>
<opcode="store(28) " fcode="store"/>
<opset="store_ln66/3 "/>
</bind>
</comp>

<comp id="935" class="1004" name="store_ln66_store_fu_935">
<pin_list>
<pin id="936" dir="0" index="0" bw="32" slack="0"/>
<pin id="937" dir="0" index="1" bw="32" slack="2"/>
<pin id="938" dir="1" index="2" bw="0" slack="2147483647"/>
</pin_list>
<bind>
<opcode="store(28) " fcode="store"/>
<opset="store_ln66/3 "/>
</bind>
</comp>

<comp id="940" class="1004" name="store_ln66_store_fu_940">
<pin_list>
<pin id="941" dir="0" index="0" bw="32" slack="0"/>
<pin id="942" dir="0" index="1" bw="32" slack="2"/>
<pin id="943" dir="1" index="2" bw="0" slack="2147483647"/>
</pin_list>
<bind>
<opcode="store(28) " fcode="store"/>
<opset="store_ln66/3 "/>
</bind>
</comp>

<comp id="945" class="1004" name="store_ln66_store_fu_945">
<pin_list>
<pin id="946" dir="0" index="0" bw="32" slack="0"/>
<pin id="947" dir="0" index="1" bw="32" slack="2"/>
<pin id="948" dir="1" index="2" bw="0" slack="2147483647"/>
</pin_list>
<bind>
<opcode="store(28) " fcode="store"/>
<opset="store_ln66/3 "/>
</bind>
</comp>

<comp id="950" class="1004" name="store_ln66_store_fu_950">
<pin_list>
<pin id="951" dir="0" index="0" bw="32" slack="0"/>
<pin id="952" dir="0" index="1" bw="32" slack="2"/>
<pin id="953" dir="1" index="2" bw="0" slack="2147483647"/>
</pin_list>
<bind>
<opcode="store(28) " fcode="store"/>
<opset="store_ln66/3 "/>
</bind>
</comp>

<comp id="955" class="1004" name="store_ln66_store_fu_955">
<pin_list>
<pin id="956" dir="0" index="0" bw="32" slack="0"/>
<pin id="957" dir="0" index="1" bw="32" slack="2"/>
<pin id="958" dir="1" index="2" bw="0" slack="2147483647"/>
</pin_list>
<bind>
<opcode="store(28) " fcode="store"/>
<opset="store_ln66/3 "/>
</bind>
</comp>

<comp id="960" class="1004" name="window_53_load_load_fu_960">
<pin_list>
<pin id="961" dir="0" index="0" bw="32" slack="1"/>
<pin id="962" dir="1" index="1" bw="32" slack="0"/>
</pin_list>
<bind>
<opcode="load(27) " fcode="load"/>
<opset="window_53_load/2 "/>
</bind>
</comp>

<comp id="964" class="1004" name="window_54_load_load_fu_964">
<pin_list>
<pin id="965" dir="0" index="0" bw="32" slack="1"/>
<pin id="966" dir="1" index="1" bw="32" slack="0"/>
</pin_list>
<bind>
<opcode="load(27) " fcode="load"/>
<opset="window_54_load/2 "/>
</bind>
</comp>

<comp id="968" class="1004" name="window_55_load_load_fu_968">
<pin_list>
<pin id="969" dir="0" index="0" bw="32" slack="1"/>
<pin id="970" dir="1" index="1" bw="32" slack="0"/>
</pin_list>
<bind>
<opcode="load(27) " fcode="load"/>
<opset="window_55_load/2 "/>
</bind>
</comp>

<comp id="972" class="1004" name="window_56_load_load_fu_972">
<pin_list>
<pin id="973" dir="0" index="0" bw="32" slack="1"/>
<pin id="974" dir="1" index="1" bw="32" slack="0"/>
</pin_list>
<bind>
<opcode="load(27) " fcode="load"/>
<opset="window_56_load/2 "/>
</bind>
</comp>

<comp id="976" class="1004" name="window_57_load_load_fu_976">
<pin_list>
<pin id="977" dir="0" index="0" bw="32" slack="1"/>
<pin id="978" dir="1" index="1" bw="32" slack="0"/>
</pin_list>
<bind>
<opcode="load(27) " fcode="load"/>
<opset="window_57_load/2 "/>
</bind>
</comp>

<comp id="980" class="1004" name="window_58_load_load_fu_980">
<pin_list>
<pin id="981" dir="0" index="0" bw="32" slack="1"/>
<pin id="982" dir="1" index="1" bw="32" slack="0"/>
</pin_list>
<bind>
<opcode="load(27) " fcode="load"/>
<opset="window_58_load/2 "/>
</bind>
</comp>

<comp id="984" class="1004" name="window_59_load_load_fu_984">
<pin_list>
<pin id="985" dir="0" index="0" bw="32" slack="1"/>
<pin id="986" dir="1" index="1" bw="32" slack="0"/>
</pin_list>
<bind>
<opcode="load(27) " fcode="load"/>
<opset="window_59_load/2 "/>
</bind>
</comp>

<comp id="988" class="1004" name="window_60_load_load_fu_988">
<pin_list>
<pin id="989" dir="0" index="0" bw="32" slack="1"/>
<pin id="990" dir="1" index="1" bw="32" slack="0"/>
</pin_list>
<bind>
<opcode="load(27) " fcode="load"/>
<opset="window_60_load/2 "/>
</bind>
</comp>

<comp id="992" class="1004" name="window_61_load_load_fu_992">
<pin_list>
<pin id="993" dir="0" index="0" bw="32" slack="1"/>
<pin id="994" dir="1" index="1" bw="32" slack="0"/>
</pin_list>
<bind>
<opcode="load(27) " fcode="load"/>
<opset="window_61_load/2 "/>
</bind>
</comp>

<comp id="996" class="1004" name="window_62_load_load_fu_996">
<pin_list>
<pin id="997" dir="0" index="0" bw="32" slack="1"/>
<pin id="998" dir="1" index="1" bw="32" slack="0"/>
</pin_list>
<bind>
<opcode="load(27) " fcode="load"/>
<opset="window_62_load/2 "/>
</bind>
</comp>

<comp id="1000" class="1004" name="window_63_load_load_fu_1000">
<pin_list>
<pin id="1001" dir="0" index="0" bw="32" slack="1"/>
<pin id="1002" dir="1" index="1" bw="32" slack="0"/>
</pin_list>
<bind>
<opcode="load(27) " fcode="load"/>
<opset="window_63_load/2 "/>
</bind>
</comp>

<comp id="1004" class="1004" name="window_64_load_load_fu_1004">
<pin_list>
<pin id="1005" dir="0" index="0" bw="32" slack="1"/>
<pin id="1006" dir="1" index="1" bw="32" slack="0"/>
</pin_list>
<bind>
<opcode="load(27) " fcode="load"/>
<opset="window_64_load/2 "/>
</bind>
</comp>

<comp id="1008" class="1004" name="window_65_load_load_fu_1008">
<pin_list>
<pin id="1009" dir="0" index="0" bw="32" slack="1"/>
<pin id="1010" dir="1" index="1" bw="32" slack="0"/>
</pin_list>
<bind>
<opcode="load(27) " fcode="load"/>
<opset="window_65_load/2 "/>
</bind>
</comp>

<comp id="1012" class="1004" name="window_66_load_load_fu_1012">
<pin_list>
<pin id="1013" dir="0" index="0" bw="32" slack="1"/>
<pin id="1014" dir="1" index="1" bw="32" slack="0"/>
</pin_list>
<bind>
<opcode="load(27) " fcode="load"/>
<opset="window_66_load/2 "/>
</bind>
</comp>

<comp id="1016" class="1004" name="window_67_load_load_fu_1016">
<pin_list>
<pin id="1017" dir="0" index="0" bw="32" slack="1"/>
<pin id="1018" dir="1" index="1" bw="32" slack="0"/>
</pin_list>
<bind>
<opcode="load(27) " fcode="load"/>
<opset="window_67_load/2 "/>
</bind>
</comp>

<comp id="1020" class="1004" name="window_68_load_load_fu_1020">
<pin_list>
<pin id="1021" dir="0" index="0" bw="32" slack="1"/>
<pin id="1022" dir="1" index="1" bw="32" slack="0"/>
</pin_list>
<bind>
<opcode="load(27) " fcode="load"/>
<opset="window_68_load/2 "/>
</bind>
</comp>

<comp id="1024" class="1004" name="window_69_load_load_fu_1024">
<pin_list>
<pin id="1025" dir="0" index="0" bw="32" slack="1"/>
<pin id="1026" dir="1" index="1" bw="32" slack="0"/>
</pin_list>
<bind>
<opcode="load(27) " fcode="load"/>
<opset="window_69_load/2 "/>
</bind>
</comp>

<comp id="1028" class="1004" name="window_70_load_load_fu_1028">
<pin_list>
<pin id="1029" dir="0" index="0" bw="32" slack="1"/>
<pin id="1030" dir="1" index="1" bw="32" slack="0"/>
</pin_list>
<bind>
<opcode="load(27) " fcode="load"/>
<opset="window_70_load/2 "/>
</bind>
</comp>

<comp id="1032" class="1004" name="window_71_load_load_fu_1032">
<pin_list>
<pin id="1033" dir="0" index="0" bw="32" slack="1"/>
<pin id="1034" dir="1" index="1" bw="32" slack="0"/>
</pin_list>
<bind>
<opcode="load(27) " fcode="load"/>
<opset="window_71_load/2 "/>
</bind>
</comp>

<comp id="1036" class="1004" name="window_72_load_load_fu_1036">
<pin_list>
<pin id="1037" dir="0" index="0" bw="32" slack="1"/>
<pin id="1038" dir="1" index="1" bw="32" slack="0"/>
</pin_list>
<bind>
<opcode="load(27) " fcode="load"/>
<opset="window_72_load/2 "/>
</bind>
</comp>

<comp id="1040" class="1004" name="window_73_load_load_fu_1040">
<pin_list>
<pin id="1041" dir="0" index="0" bw="32" slack="1"/>
<pin id="1042" dir="1" index="1" bw="32" slack="0"/>
</pin_list>
<bind>
<opcode="load(27) " fcode="load"/>
<opset="window_73_load/2 "/>
</bind>
</comp>

<comp id="1044" class="1004" name="window_74_load_load_fu_1044">
<pin_list>
<pin id="1045" dir="0" index="0" bw="32" slack="1"/>
<pin id="1046" dir="1" index="1" bw="32" slack="0"/>
</pin_list>
<bind>
<opcode="load(27) " fcode="load"/>
<opset="window_74_load/2 "/>
</bind>
</comp>

<comp id="1048" class="1004" name="window_75_load_load_fu_1048">
<pin_list>
<pin id="1049" dir="0" index="0" bw="32" slack="1"/>
<pin id="1050" dir="1" index="1" bw="32" slack="0"/>
</pin_list>
<bind>
<opcode="load(27) " fcode="load"/>
<opset="window_75_load/2 "/>
</bind>
</comp>

<comp id="1052" class="1004" name="window_76_load_load_fu_1052">
<pin_list>
<pin id="1053" dir="0" index="0" bw="32" slack="1"/>
<pin id="1054" dir="1" index="1" bw="32" slack="0"/>
</pin_list>
<bind>
<opcode="load(27) " fcode="load"/>
<opset="window_76_load/2 "/>
</bind>
</comp>

<comp id="1056" class="1005" name="wi_reg_1056">
<pin_list>
<pin id="1057" dir="0" index="0" bw="2" slack="0"/>
<pin id="1058" dir="1" index="1" bw="2" slack="0"/>
</pin_list>
<bind>
<opset="wi "/>
</bind>
</comp>

<comp id="1063" class="1005" name="window_53_reg_1063">
<pin_list>
<pin id="1064" dir="0" index="0" bw="32" slack="0"/>
<pin id="1065" dir="1" index="1" bw="32" slack="0"/>
</pin_list>
<bind>
<opset="window_53 "/>
</bind>
</comp>

<comp id="1071" class="1005" name="window_54_reg_1071">
<pin_list>
<pin id="1072" dir="0" index="0" bw="32" slack="0"/>
<pin id="1073" dir="1" index="1" bw="32" slack="0"/>
</pin_list>
<bind>
<opset="window_54 "/>
</bind>
</comp>

<comp id="1079" class="1005" name="window_55_reg_1079">
<pin_list>
<pin id="1080" dir="0" index="0" bw="32" slack="0"/>
<pin id="1081" dir="1" index="1" bw="32" slack="0"/>
</pin_list>
<bind>
<opset="window_55 "/>
</bind>
</comp>

<comp id="1087" class="1005" name="window_56_reg_1087">
<pin_list>
<pin id="1088" dir="0" index="0" bw="32" slack="0"/>
<pin id="1089" dir="1" index="1" bw="32" slack="0"/>
</pin_list>
<bind>
<opset="window_56 "/>
</bind>
</comp>

<comp id="1095" class="1005" name="window_57_reg_1095">
<pin_list>
<pin id="1096" dir="0" index="0" bw="32" slack="0"/>
<pin id="1097" dir="1" index="1" bw="32" slack="0"/>
</pin_list>
<bind>
<opset="window_57 "/>
</bind>
</comp>

<comp id="1103" class="1005" name="window_58_reg_1103">
<pin_list>
<pin id="1104" dir="0" index="0" bw="32" slack="0"/>
<pin id="1105" dir="1" index="1" bw="32" slack="0"/>
</pin_list>
<bind>
<opset="window_58 "/>
</bind>
</comp>

<comp id="1111" class="1005" name="window_59_reg_1111">
<pin_list>
<pin id="1112" dir="0" index="0" bw="32" slack="0"/>
<pin id="1113" dir="1" index="1" bw="32" slack="0"/>
</pin_list>
<bind>
<opset="window_59 "/>
</bind>
</comp>

<comp id="1118" class="1005" name="window_60_reg_1118">
<pin_list>
<pin id="1119" dir="0" index="0" bw="32" slack="0"/>
<pin id="1120" dir="1" index="1" bw="32" slack="0"/>
</pin_list>
<bind>
<opset="window_60 "/>
</bind>
</comp>

<comp id="1125" class="1005" name="window_61_reg_1125">
<pin_list>
<pin id="1126" dir="0" index="0" bw="32" slack="0"/>
<pin id="1127" dir="1" index="1" bw="32" slack="0"/>
</pin_list>
<bind>
<opset="window_61 "/>
</bind>
</comp>

<comp id="1132" class="1005" name="window_62_reg_1132">
<pin_list>
<pin id="1133" dir="0" index="0" bw="32" slack="0"/>
<pin id="1134" dir="1" index="1" bw="32" slack="0"/>
</pin_list>
<bind>
<opset="window_62 "/>
</bind>
</comp>

<comp id="1139" class="1005" name="window_63_reg_1139">
<pin_list>
<pin id="1140" dir="0" index="0" bw="32" slack="0"/>
<pin id="1141" dir="1" index="1" bw="32" slack="0"/>
</pin_list>
<bind>
<opset="window_63 "/>
</bind>
</comp>

<comp id="1146" class="1005" name="window_64_reg_1146">
<pin_list>
<pin id="1147" dir="0" index="0" bw="32" slack="0"/>
<pin id="1148" dir="1" index="1" bw="32" slack="0"/>
</pin_list>
<bind>
<opset="window_64 "/>
</bind>
</comp>

<comp id="1153" class="1005" name="window_65_reg_1153">
<pin_list>
<pin id="1154" dir="0" index="0" bw="32" slack="0"/>
<pin id="1155" dir="1" index="1" bw="32" slack="0"/>
</pin_list>
<bind>
<opset="window_65 "/>
</bind>
</comp>

<comp id="1160" class="1005" name="window_66_reg_1160">
<pin_list>
<pin id="1161" dir="0" index="0" bw="32" slack="0"/>
<pin id="1162" dir="1" index="1" bw="32" slack="0"/>
</pin_list>
<bind>
<opset="window_66 "/>
</bind>
</comp>

<comp id="1167" class="1005" name="window_67_reg_1167">
<pin_list>
<pin id="1168" dir="0" index="0" bw="32" slack="0"/>
<pin id="1169" dir="1" index="1" bw="32" slack="0"/>
</pin_list>
<bind>
<opset="window_67 "/>
</bind>
</comp>

<comp id="1174" class="1005" name="window_68_reg_1174">
<pin_list>
<pin id="1175" dir="0" index="0" bw="32" slack="0"/>
<pin id="1176" dir="1" index="1" bw="32" slack="0"/>
</pin_list>
<bind>
<opset="window_68 "/>
</bind>
</comp>

<comp id="1181" class="1005" name="window_69_reg_1181">
<pin_list>
<pin id="1182" dir="0" index="0" bw="32" slack="0"/>
<pin id="1183" dir="1" index="1" bw="32" slack="0"/>
</pin_list>
<bind>
<opset="window_69 "/>
</bind>
</comp>

<comp id="1188" class="1005" name="window_70_reg_1188">
<pin_list>
<pin id="1189" dir="0" index="0" bw="32" slack="0"/>
<pin id="1190" dir="1" index="1" bw="32" slack="0"/>
</pin_list>
<bind>
<opset="window_70 "/>
</bind>
</comp>

<comp id="1195" class="1005" name="window_71_reg_1195">
<pin_list>
<pin id="1196" dir="0" index="0" bw="32" slack="0"/>
<pin id="1197" dir="1" index="1" bw="32" slack="0"/>
</pin_list>
<bind>
<opset="window_71 "/>
</bind>
</comp>

<comp id="1202" class="1005" name="window_72_reg_1202">
<pin_list>
<pin id="1203" dir="0" index="0" bw="32" slack="0"/>
<pin id="1204" dir="1" index="1" bw="32" slack="0"/>
</pin_list>
<bind>
<opset="window_72 "/>
</bind>
</comp>

<comp id="1209" class="1005" name="window_73_reg_1209">
<pin_list>
<pin id="1210" dir="0" index="0" bw="32" slack="0"/>
<pin id="1211" dir="1" index="1" bw="32" slack="0"/>
</pin_list>
<bind>
<opset="window_73 "/>
</bind>
</comp>

<comp id="1216" class="1005" name="window_74_reg_1216">
<pin_list>
<pin id="1217" dir="0" index="0" bw="32" slack="0"/>
<pin id="1218" dir="1" index="1" bw="32" slack="0"/>
</pin_list>
<bind>
<opset="window_74 "/>
</bind>
</comp>

<comp id="1223" class="1005" name="window_75_reg_1223">
<pin_list>
<pin id="1224" dir="0" index="0" bw="32" slack="0"/>
<pin id="1225" dir="1" index="1" bw="32" slack="0"/>
</pin_list>
<bind>
<opset="window_75 "/>
</bind>
</comp>

<comp id="1230" class="1005" name="window_76_reg_1230">
<pin_list>
<pin id="1231" dir="0" index="0" bw="32" slack="0"/>
<pin id="1232" dir="1" index="1" bw="32" slack="0"/>
</pin_list>
<bind>
<opset="window_76 "/>
</bind>
</comp>

<comp id="1237" class="1005" name="zext_ln58_cast_reg_1237">
<pin_list>
<pin id="1238" dir="0" index="0" bw="10" slack="1"/>
<pin id="1239" dir="1" index="1" bw="10" slack="1"/>
</pin_list>
<bind>
<opset="zext_ln58_cast "/>
</bind>
</comp>

<comp id="1242" class="1005" name="wi_3_reg_1242">
<pin_list>
<pin id="1243" dir="0" index="0" bw="2" slack="2"/>
<pin id="1244" dir="1" index="1" bw="2" slack="2"/>
</pin_list>
<bind>
<opset="wi_3 "/>
</bind>
</comp>

<comp id="1248" class="1005" name="icmp_ln58_reg_1248">
<pin_list>
<pin id="1249" dir="0" index="0" bw="1" slack="1"/>
<pin id="1250" dir="1" index="1" bw="1" slack="2147483647"/>
</pin_list>
<bind>
<opset="icmp_ln58 "/>
</bind>
</comp>

<comp id="1252" class="1005" name="trunc_ln66_reg_1252">
<pin_list>
<pin id="1253" dir="0" index="0" bw="6" slack="1"/>
<pin id="1254" dir="1" index="1" bw="6" slack="1"/>
</pin_list>
<bind>
<opset="trunc_ln66 "/>
</bind>
</comp>

<comp id="1257" class="1005" name="trunc_ln66_1_reg_1257">
<pin_list>
<pin id="1258" dir="0" index="0" bw="8" slack="1"/>
<pin id="1259" dir="1" index="1" bw="8" slack="1"/>
</pin_list>
<bind>
<opset="trunc_ln66_1 "/>
</bind>
</comp>

<comp id="1262" class="1005" name="ifmap_addr_reg_1262">
<pin_list>
<pin id="1263" dir="0" index="0" bw="10" slack="1"/>
<pin id="1264" dir="1" index="1" bw="10" slack="1"/>
</pin_list>
<bind>
<opset="ifmap_addr "/>
</bind>
</comp>

</comp_list>

<net_list>
<net id="149"><net_src comp="104" pin="0"/><net_sink comp="146" pin=0"/></net>

<net id="153"><net_src comp="104" pin="0"/><net_sink comp="150" pin=0"/></net>

<net id="157"><net_src comp="104" pin="0"/><net_sink comp="154" pin=0"/></net>

<net id="161"><net_src comp="104" pin="0"/><net_sink comp="158" pin=0"/></net>

<net id="165"><net_src comp="104" pin="0"/><net_sink comp="162" pin=0"/></net>

<net id="169"><net_src comp="104" pin="0"/><net_sink comp="166" pin=0"/></net>

<net id="173"><net_src comp="104" pin="0"/><net_sink comp="170" pin=0"/></net>

<net id="177"><net_src comp="104" pin="0"/><net_sink comp="174" pin=0"/></net>

<net id="181"><net_src comp="104" pin="0"/><net_sink comp="178" pin=0"/></net>

<net id="185"><net_src comp="104" pin="0"/><net_sink comp="182" pin=0"/></net>

<net id="189"><net_src comp="104" pin="0"/><net_sink comp="186" pin=0"/></net>

<net id="193"><net_src comp="104" pin="0"/><net_sink comp="190" pin=0"/></net>

<net id="197"><net_src comp="104" pin="0"/><net_sink comp="194" pin=0"/></net>

<net id="201"><net_src comp="104" pin="0"/><net_sink comp="198" pin=0"/></net>

<net id="205"><net_src comp="104" pin="0"/><net_sink comp="202" pin=0"/></net>

<net id="209"><net_src comp="104" pin="0"/><net_sink comp="206" pin=0"/></net>

<net id="213"><net_src comp="104" pin="0"/><net_sink comp="210" pin=0"/></net>

<net id="217"><net_src comp="104" pin="0"/><net_sink comp="214" pin=0"/></net>

<net id="221"><net_src comp="104" pin="0"/><net_sink comp="218" pin=0"/></net>

<net id="225"><net_src comp="104" pin="0"/><net_sink comp="222" pin=0"/></net>

<net id="229"><net_src comp="104" pin="0"/><net_sink comp="226" pin=0"/></net>

<net id="233"><net_src comp="104" pin="0"/><net_sink comp="230" pin=0"/></net>

<net id="237"><net_src comp="104" pin="0"/><net_sink comp="234" pin=0"/></net>

<net id="241"><net_src comp="104" pin="0"/><net_sink comp="238" pin=0"/></net>

<net id="245"><net_src comp="104" pin="0"/><net_sink comp="242" pin=0"/></net>

<net id="250"><net_src comp="106" pin="0"/><net_sink comp="246" pin=0"/></net>

<net id="251"><net_src comp="52" pin="0"/><net_sink comp="246" pin=1"/></net>

<net id="256"><net_src comp="108" pin="0"/><net_sink comp="252" pin=0"/></net>

<net id="257"><net_src comp="50" pin="0"/><net_sink comp="252" pin=1"/></net>

<net id="262"><net_src comp="106" pin="0"/><net_sink comp="258" pin=0"/></net>

<net id="263"><net_src comp="48" pin="0"/><net_sink comp="258" pin=1"/></net>

<net id="268"><net_src comp="110" pin="0"/><net_sink comp="264" pin=0"/></net>

<net id="269"><net_src comp="46" pin="0"/><net_sink comp="264" pin=1"/></net>

<net id="274"><net_src comp="110" pin="0"/><net_sink comp="270" pin=0"/></net>

<net id="275"><net_src comp="44" pin="0"/><net_sink comp="270" pin=1"/></net>

<net id="280"><net_src comp="110" pin="0"/><net_sink comp="276" pin=0"/></net>

<net id="281"><net_src comp="42" pin="0"/><net_sink comp="276" pin=1"/></net>

<net id="286"><net_src comp="110" pin="0"/><net_sink comp="282" pin=0"/></net>

<net id="287"><net_src comp="40" pin="0"/><net_sink comp="282" pin=1"/></net>

<net id="292"><net_src comp="110" pin="0"/><net_sink comp="288" pin=0"/></net>

<net id="293"><net_src comp="38" pin="0"/><net_sink comp="288" pin=1"/></net>

<net id="298"><net_src comp="110" pin="0"/><net_sink comp="294" pin=0"/></net>

<net id="299"><net_src comp="36" pin="0"/><net_sink comp="294" pin=1"/></net>

<net id="304"><net_src comp="110" pin="0"/><net_sink comp="300" pin=0"/></net>

<net id="305"><net_src comp="34" pin="0"/><net_sink comp="300" pin=1"/></net>

<net id="310"><net_src comp="110" pin="0"/><net_sink comp="306" pin=0"/></net>

<net id="311"><net_src comp="32" pin="0"/><net_sink comp="306" pin=1"/></net>

<net id="316"><net_src comp="110" pin="0"/><net_sink comp="312" pin=0"/></net>

<net id="317"><net_src comp="30" pin="0"/><net_sink comp="312" pin=1"/></net>

<net id="322"><net_src comp="110" pin="0"/><net_sink comp="318" pin=0"/></net>

<net id="323"><net_src comp="28" pin="0"/><net_sink comp="318" pin=1"/></net>

<net id="328"><net_src comp="110" pin="0"/><net_sink comp="324" pin=0"/></net>

<net id="329"><net_src comp="26" pin="0"/><net_sink comp="324" pin=1"/></net>

<net id="334"><net_src comp="110" pin="0"/><net_sink comp="330" pin=0"/></net>

<net id="335"><net_src comp="24" pin="0"/><net_sink comp="330" pin=1"/></net>

<net id="340"><net_src comp="110" pin="0"/><net_sink comp="336" pin=0"/></net>

<net id="341"><net_src comp="22" pin="0"/><net_sink comp="336" pin=1"/></net>

<net id="346"><net_src comp="110" pin="0"/><net_sink comp="342" pin=0"/></net>

<net id="347"><net_src comp="20" pin="0"/><net_sink comp="342" pin=1"/></net>

<net id="352"><net_src comp="110" pin="0"/><net_sink comp="348" pin=0"/></net>

<net id="353"><net_src comp="18" pin="0"/><net_sink comp="348" pin=1"/></net>

<net id="358"><net_src comp="110" pin="0"/><net_sink comp="354" pin=0"/></net>

<net id="359"><net_src comp="16" pin="0"/><net_sink comp="354" pin=1"/></net>

<net id="364"><net_src comp="110" pin="0"/><net_sink comp="360" pin=0"/></net>

<net id="365"><net_src comp="14" pin="0"/><net_sink comp="360" pin=1"/></net>

<net id="370"><net_src comp="110" pin="0"/><net_sink comp="366" pin=0"/></net>

<net id="371"><net_src comp="12" pin="0"/><net_sink comp="366" pin=1"/></net>

<net id="376"><net_src comp="110" pin="0"/><net_sink comp="372" pin=0"/></net>

<net id="377"><net_src comp="10" pin="0"/><net_sink comp="372" pin=1"/></net>

<net id="382"><net_src comp="110" pin="0"/><net_sink comp="378" pin=0"/></net>

<net id="383"><net_src comp="8" pin="0"/><net_sink comp="378" pin=1"/></net>

<net id="388"><net_src comp="110" pin="0"/><net_sink comp="384" pin=0"/></net>

<net id="389"><net_src comp="6" pin="0"/><net_sink comp="384" pin=1"/></net>

<net id="394"><net_src comp="110" pin="0"/><net_sink comp="390" pin=0"/></net>

<net id="395"><net_src comp="4" pin="0"/><net_sink comp="390" pin=1"/></net>

<net id="400"><net_src comp="110" pin="0"/><net_sink comp="396" pin=0"/></net>

<net id="401"><net_src comp="2" pin="0"/><net_sink comp="396" pin=1"/></net>

<net id="406"><net_src comp="110" pin="0"/><net_sink comp="402" pin=0"/></net>

<net id="407"><net_src comp="0" pin="0"/><net_sink comp="402" pin=1"/></net>

<net id="413"><net_src comp="144" pin="0"/><net_sink comp="408" pin=0"/></net>

<net id="414"><net_src comp="56" pin="0"/><net_sink comp="408" pin=1"/></net>

<net id="420"><net_src comp="144" pin="0"/><net_sink comp="415" pin=0"/></net>

<net id="421"><net_src comp="58" pin="0"/><net_sink comp="415" pin=1"/></net>

<net id="427"><net_src comp="144" pin="0"/><net_sink comp="422" pin=0"/></net>

<net id="428"><net_src comp="60" pin="0"/><net_sink comp="422" pin=1"/></net>

<net id="434"><net_src comp="144" pin="0"/><net_sink comp="429" pin=0"/></net>

<net id="435"><net_src comp="62" pin="0"/><net_sink comp="429" pin=1"/></net>

<net id="441"><net_src comp="144" pin="0"/><net_sink comp="436" pin=0"/></net>

<net id="442"><net_src comp="64" pin="0"/><net_sink comp="436" pin=1"/></net>

<net id="448"><net_src comp="144" pin="0"/><net_sink comp="443" pin=0"/></net>

<net id="449"><net_src comp="66" pin="0"/><net_sink comp="443" pin=1"/></net>

<net id="455"><net_src comp="144" pin="0"/><net_sink comp="450" pin=0"/></net>

<net id="456"><net_src comp="68" pin="0"/><net_sink comp="450" pin=1"/></net>

<net id="462"><net_src comp="144" pin="0"/><net_sink comp="457" pin=0"/></net>

<net id="463"><net_src comp="70" pin="0"/><net_sink comp="457" pin=1"/></net>

<net id="469"><net_src comp="144" pin="0"/><net_sink comp="464" pin=0"/></net>

<net id="470"><net_src comp="72" pin="0"/><net_sink comp="464" pin=1"/></net>

<net id="476"><net_src comp="144" pin="0"/><net_sink comp="471" pin=0"/></net>

<net id="477"><net_src comp="74" pin="0"/><net_sink comp="471" pin=1"/></net>

<net id="483"><net_src comp="144" pin="0"/><net_sink comp="478" pin=0"/></net>

<net id="484"><net_src comp="76" pin="0"/><net_sink comp="478" pin=1"/></net>

<net id="490"><net_src comp="144" pin="0"/><net_sink comp="485" pin=0"/></net>

<net id="491"><net_src comp="78" pin="0"/><net_sink comp="485" pin=1"/></net>

<net id="497"><net_src comp="144" pin="0"/><net_sink comp="492" pin=0"/></net>

<net id="498"><net_src comp="80" pin="0"/><net_sink comp="492" pin=1"/></net>

<net id="504"><net_src comp="144" pin="0"/><net_sink comp="499" pin=0"/></net>

<net id="505"><net_src comp="82" pin="0"/><net_sink comp="499" pin=1"/></net>

<net id="511"><net_src comp="144" pin="0"/><net_sink comp="506" pin=0"/></net>

<net id="512"><net_src comp="84" pin="0"/><net_sink comp="506" pin=1"/></net>

<net id="518"><net_src comp="144" pin="0"/><net_sink comp="513" pin=0"/></net>

<net id="519"><net_src comp="86" pin="0"/><net_sink comp="513" pin=1"/></net>

<net id="525"><net_src comp="144" pin="0"/><net_sink comp="520" pin=0"/></net>

<net id="526"><net_src comp="88" pin="0"/><net_sink comp="520" pin=1"/></net>

<net id="532"><net_src comp="144" pin="0"/><net_sink comp="527" pin=0"/></net>

<net id="533"><net_src comp="90" pin="0"/><net_sink comp="527" pin=1"/></net>

<net id="539"><net_src comp="144" pin="0"/><net_sink comp="534" pin=0"/></net>

<net id="540"><net_src comp="92" pin="0"/><net_sink comp="534" pin=1"/></net>

<net id="546"><net_src comp="144" pin="0"/><net_sink comp="541" pin=0"/></net>

<net id="547"><net_src comp="94" pin="0"/><net_sink comp="541" pin=1"/></net>

<net id="553"><net_src comp="144" pin="0"/><net_sink comp="548" pin=0"/></net>

<net id="554"><net_src comp="96" pin="0"/><net_sink comp="548" pin=1"/></net>

<net id="560"><net_src comp="144" pin="0"/><net_sink comp="555" pin=0"/></net>

<net id="561"><net_src comp="98" pin="0"/><net_sink comp="555" pin=1"/></net>

<net id="567"><net_src comp="144" pin="0"/><net_sink comp="562" pin=0"/></net>

<net id="568"><net_src comp="100" pin="0"/><net_sink comp="562" pin=1"/></net>

<net id="574"><net_src comp="144" pin="0"/><net_sink comp="569" pin=0"/></net>

<net id="575"><net_src comp="102" pin="0"/><net_sink comp="569" pin=1"/></net>

<net id="581"><net_src comp="54" pin="0"/><net_sink comp="576" pin=0"/></net>

<net id="582"><net_src comp="128" pin="0"/><net_sink comp="576" pin=1"/></net>

<net id="588"><net_src comp="576" pin="3"/><net_sink comp="583" pin=0"/></net>

<net id="592"><net_src comp="246" pin="2"/><net_sink comp="589" pin=0"/></net>

<net id="596"><net_src comp="252" pin="2"/><net_sink comp="593" pin=0"/></net>

<net id="601"><net_src comp="402" pin="2"/><net_sink comp="597" pin=0"/></net>

<net id="606"><net_src comp="396" pin="2"/><net_sink comp="602" pin=0"/></net>

<net id="611"><net_src comp="390" pin="2"/><net_sink comp="607" pin=0"/></net>

<net id="616"><net_src comp="384" pin="2"/><net_sink comp="612" pin=0"/></net>

<net id="621"><net_src comp="378" pin="2"/><net_sink comp="617" pin=0"/></net>

<net id="626"><net_src comp="372" pin="2"/><net_sink comp="622" pin=0"/></net>

<net id="631"><net_src comp="366" pin="2"/><net_sink comp="627" pin=0"/></net>

<net id="636"><net_src comp="360" pin="2"/><net_sink comp="632" pin=0"/></net>

<net id="641"><net_src comp="354" pin="2"/><net_sink comp="637" pin=0"/></net>

<net id="646"><net_src comp="348" pin="2"/><net_sink comp="642" pin=0"/></net>

<net id="651"><net_src comp="342" pin="2"/><net_sink comp="647" pin=0"/></net>

<net id="656"><net_src comp="336" pin="2"/><net_sink comp="652" pin=0"/></net>

<net id="661"><net_src comp="330" pin="2"/><net_sink comp="657" pin=0"/></net>

<net id="666"><net_src comp="324" pin="2"/><net_sink comp="662" pin=0"/></net>

<net id="671"><net_src comp="318" pin="2"/><net_sink comp="667" pin=0"/></net>

<net id="676"><net_src comp="312" pin="2"/><net_sink comp="672" pin=0"/></net>

<net id="681"><net_src comp="306" pin="2"/><net_sink comp="677" pin=0"/></net>

<net id="686"><net_src comp="300" pin="2"/><net_sink comp="682" pin=0"/></net>

<net id="691"><net_src comp="294" pin="2"/><net_sink comp="687" pin=0"/></net>

<net id="696"><net_src comp="288" pin="2"/><net_sink comp="692" pin=0"/></net>

<net id="701"><net_src comp="282" pin="2"/><net_sink comp="697" pin=0"/></net>

<net id="706"><net_src comp="276" pin="2"/><net_sink comp="702" pin=0"/></net>

<net id="711"><net_src comp="270" pin="2"/><net_sink comp="707" pin=0"/></net>

<net id="716"><net_src comp="264" pin="2"/><net_sink comp="712" pin=0"/></net>

<net id="721"><net_src comp="112" pin="0"/><net_sink comp="717" pin=0"/></net>

<net id="729"><net_src comp="722" pin="1"/><net_sink comp="725" pin=0"/></net>

<net id="730"><net_src comp="114" pin="0"/><net_sink comp="725" pin=1"/></net>

<net id="735"><net_src comp="722" pin="1"/><net_sink comp="731" pin=0"/></net>

<net id="736"><net_src comp="120" pin="0"/><net_sink comp="731" pin=1"/></net>

<net id="740"><net_src comp="722" pin="1"/><net_sink comp="737" pin=0"/></net>

<net id="745"><net_src comp="258" pin="2"/><net_sink comp="741" pin=0"/></net>

<net id="746"><net_src comp="737" pin="1"/><net_sink comp="741" pin=1"/></net>

<net id="750"><net_src comp="741" pin="2"/><net_sink comp="747" pin=0"/></net>

<net id="755"><net_src comp="593" pin="1"/><net_sink comp="751" pin=0"/></net>

<net id="756"><net_src comp="747" pin="1"/><net_sink comp="751" pin=1"/></net>

<net id="760"><net_src comp="751" pin="2"/><net_sink comp="757" pin=0"/></net>

<net id="764"><net_src comp="751" pin="2"/><net_sink comp="761" pin=0"/></net>

<net id="769"><net_src comp="731" pin="2"/><net_sink comp="765" pin=0"/></net>

<net id="775"><net_src comp="122" pin="0"/><net_sink comp="770" pin=0"/></net>

<net id="776"><net_src comp="124" pin="0"/><net_sink comp="770" pin=2"/></net>

<net id="782"><net_src comp="126" pin="0"/><net_sink comp="777" pin=0"/></net>

<net id="783"><net_src comp="112" pin="0"/><net_sink comp="777" pin=2"/></net>

<net id="788"><net_src comp="770" pin="3"/><net_sink comp="784" pin=0"/></net>

<net id="793"><net_src comp="784" pin="2"/><net_sink comp="789" pin=0"/></net>

<net id="794"><net_src comp="777" pin="3"/><net_sink comp="789" pin=1"/></net>

<net id="798"><net_src comp="789" pin="2"/><net_sink comp="795" pin=0"/></net>

<net id="799"><net_src comp="795" pin="1"/><net_sink comp="576" pin=2"/></net>

<net id="825"><net_src comp="142" pin="0"/><net_sink comp="818" pin=0"/></net>

<net id="826"><net_src comp="800" pin="1"/><net_sink comp="818" pin=1"/></net>

<net id="827"><net_src comp="803" pin="1"/><net_sink comp="818" pin=2"/></net>

<net id="828"><net_src comp="806" pin="1"/><net_sink comp="818" pin=3"/></net>

<net id="836"><net_src comp="142" pin="0"/><net_sink comp="829" pin=0"/></net>

<net id="837"><net_src comp="809" pin="1"/><net_sink comp="829" pin=1"/></net>

<net id="838"><net_src comp="812" pin="1"/><net_sink comp="829" pin=2"/></net>

<net id="839"><net_src comp="815" pin="1"/><net_sink comp="829" pin=3"/></net>

<net id="844"><net_src comp="583" pin="3"/><net_sink comp="840" pin=0"/></net>

<net id="849"><net_src comp="829" pin="5"/><net_sink comp="845" pin=0"/></net>

<net id="854"><net_src comp="818" pin="5"/><net_sink comp="850" pin=0"/></net>

<net id="859"><net_src comp="583" pin="3"/><net_sink comp="855" pin=0"/></net>

<net id="864"><net_src comp="818" pin="5"/><net_sink comp="860" pin=0"/></net>

<net id="869"><net_src comp="829" pin="5"/><net_sink comp="865" pin=0"/></net>

<net id="874"><net_src comp="583" pin="3"/><net_sink comp="870" pin=0"/></net>

<net id="879"><net_src comp="829" pin="5"/><net_sink comp="875" pin=0"/></net>

<net id="884"><net_src comp="583" pin="3"/><net_sink comp="880" pin=0"/></net>

<net id="889"><net_src comp="829" pin="5"/><net_sink comp="885" pin=0"/></net>

<net id="894"><net_src comp="818" pin="5"/><net_sink comp="890" pin=0"/></net>

<net id="899"><net_src comp="583" pin="3"/><net_sink comp="895" pin=0"/></net>

<net id="904"><net_src comp="818" pin="5"/><net_sink comp="900" pin=0"/></net>

<net id="909"><net_src comp="829" pin="5"/><net_sink comp="905" pin=0"/></net>

<net id="914"><net_src comp="583" pin="3"/><net_sink comp="910" pin=0"/></net>

<net id="919"><net_src comp="829" pin="5"/><net_sink comp="915" pin=0"/></net>

<net id="924"><net_src comp="583" pin="3"/><net_sink comp="920" pin=0"/></net>

<net id="929"><net_src comp="829" pin="5"/><net_sink comp="925" pin=0"/></net>

<net id="934"><net_src comp="818" pin="5"/><net_sink comp="930" pin=0"/></net>

<net id="939"><net_src comp="583" pin="3"/><net_sink comp="935" pin=0"/></net>

<net id="944"><net_src comp="818" pin="5"/><net_sink comp="940" pin=0"/></net>

<net id="949"><net_src comp="829" pin="5"/><net_sink comp="945" pin=0"/></net>

<net id="954"><net_src comp="583" pin="3"/><net_sink comp="950" pin=0"/></net>

<net id="959"><net_src comp="829" pin="5"/><net_sink comp="955" pin=0"/></net>

<net id="963"><net_src comp="960" pin="1"/><net_sink comp="569" pin=2"/></net>

<net id="967"><net_src comp="964" pin="1"/><net_sink comp="562" pin=2"/></net>

<net id="971"><net_src comp="968" pin="1"/><net_sink comp="555" pin=2"/></net>

<net id="975"><net_src comp="972" pin="1"/><net_sink comp="548" pin=2"/></net>

<net id="979"><net_src comp="976" pin="1"/><net_sink comp="541" pin=2"/></net>

<net id="983"><net_src comp="980" pin="1"/><net_sink comp="534" pin=2"/></net>

<net id="987"><net_src comp="984" pin="1"/><net_sink comp="527" pin=2"/></net>

<net id="991"><net_src comp="988" pin="1"/><net_sink comp="520" pin=2"/></net>

<net id="995"><net_src comp="992" pin="1"/><net_sink comp="513" pin=2"/></net>

<net id="999"><net_src comp="996" pin="1"/><net_sink comp="506" pin=2"/></net>

<net id="1003"><net_src comp="1000" pin="1"/><net_sink comp="499" pin=2"/></net>

<net id="1007"><net_src comp="1004" pin="1"/><net_sink comp="492" pin=2"/></net>

<net id="1011"><net_src comp="1008" pin="1"/><net_sink comp="485" pin=2"/></net>

<net id="1015"><net_src comp="1012" pin="1"/><net_sink comp="478" pin=2"/></net>

<net id="1019"><net_src comp="1016" pin="1"/><net_sink comp="471" pin=2"/></net>

<net id="1023"><net_src comp="1020" pin="1"/><net_sink comp="464" pin=2"/></net>

<net id="1027"><net_src comp="1024" pin="1"/><net_sink comp="457" pin=2"/></net>

<net id="1031"><net_src comp="1028" pin="1"/><net_sink comp="450" pin=2"/></net>

<net id="1035"><net_src comp="1032" pin="1"/><net_sink comp="443" pin=2"/></net>

<net id="1039"><net_src comp="1036" pin="1"/><net_sink comp="436" pin=2"/></net>

<net id="1043"><net_src comp="1040" pin="1"/><net_sink comp="429" pin=2"/></net>

<net id="1047"><net_src comp="1044" pin="1"/><net_sink comp="422" pin=2"/></net>

<net id="1051"><net_src comp="1048" pin="1"/><net_sink comp="415" pin=2"/></net>

<net id="1055"><net_src comp="1052" pin="1"/><net_sink comp="408" pin=2"/></net>

<net id="1059"><net_src comp="146" pin="1"/><net_sink comp="1056" pin=0"/></net>

<net id="1060"><net_src comp="1056" pin="1"/><net_sink comp="717" pin=1"/></net>

<net id="1061"><net_src comp="1056" pin="1"/><net_sink comp="722" pin=0"/></net>

<net id="1062"><net_src comp="1056" pin="1"/><net_sink comp="765" pin=1"/></net>

<net id="1066"><net_src comp="150" pin="1"/><net_sink comp="1063" pin=0"/></net>

<net id="1067"><net_src comp="1063" pin="1"/><net_sink comp="712" pin=1"/></net>

<net id="1068"><net_src comp="1063" pin="1"/><net_sink comp="800" pin=0"/></net>

<net id="1069"><net_src comp="1063" pin="1"/><net_sink comp="915" pin=1"/></net>

<net id="1070"><net_src comp="1063" pin="1"/><net_sink comp="960" pin=0"/></net>

<net id="1074"><net_src comp="154" pin="1"/><net_sink comp="1071" pin=0"/></net>

<net id="1075"><net_src comp="1071" pin="1"/><net_sink comp="707" pin=1"/></net>

<net id="1076"><net_src comp="1071" pin="1"/><net_sink comp="803" pin=0"/></net>

<net id="1077"><net_src comp="1071" pin="1"/><net_sink comp="875" pin=1"/></net>

<net id="1078"><net_src comp="1071" pin="1"/><net_sink comp="964" pin=0"/></net>

<net id="1082"><net_src comp="158" pin="1"/><net_sink comp="1079" pin=0"/></net>

<net id="1083"><net_src comp="1079" pin="1"/><net_sink comp="702" pin=1"/></net>

<net id="1084"><net_src comp="1079" pin="1"/><net_sink comp="806" pin=0"/></net>

<net id="1085"><net_src comp="1079" pin="1"/><net_sink comp="955" pin=1"/></net>

<net id="1086"><net_src comp="1079" pin="1"/><net_sink comp="968" pin=0"/></net>

<net id="1090"><net_src comp="162" pin="1"/><net_sink comp="1087" pin=0"/></net>

<net id="1091"><net_src comp="1087" pin="1"/><net_sink comp="697" pin=1"/></net>

<net id="1092"><net_src comp="1087" pin="1"/><net_sink comp="809" pin=0"/></net>

<net id="1093"><net_src comp="1087" pin="1"/><net_sink comp="910" pin=1"/></net>

<net id="1094"><net_src comp="1087" pin="1"/><net_sink comp="972" pin=0"/></net>

<net id="1098"><net_src comp="166" pin="1"/><net_sink comp="1095" pin=0"/></net>

<net id="1099"><net_src comp="1095" pin="1"/><net_sink comp="692" pin=1"/></net>

<net id="1100"><net_src comp="1095" pin="1"/><net_sink comp="812" pin=0"/></net>

<net id="1101"><net_src comp="1095" pin="1"/><net_sink comp="870" pin=1"/></net>

<net id="1102"><net_src comp="1095" pin="1"/><net_sink comp="976" pin=0"/></net>

<net id="1106"><net_src comp="170" pin="1"/><net_sink comp="1103" pin=0"/></net>

<net id="1107"><net_src comp="1103" pin="1"/><net_sink comp="687" pin=1"/></net>

<net id="1108"><net_src comp="1103" pin="1"/><net_sink comp="815" pin=0"/></net>

<net id="1109"><net_src comp="1103" pin="1"/><net_sink comp="950" pin=1"/></net>

<net id="1110"><net_src comp="1103" pin="1"/><net_sink comp="980" pin=0"/></net>

<net id="1114"><net_src comp="174" pin="1"/><net_sink comp="1111" pin=0"/></net>

<net id="1115"><net_src comp="1111" pin="1"/><net_sink comp="682" pin=1"/></net>

<net id="1116"><net_src comp="1111" pin="1"/><net_sink comp="865" pin=1"/></net>

<net id="1117"><net_src comp="1111" pin="1"/><net_sink comp="984" pin=0"/></net>

<net id="1121"><net_src comp="178" pin="1"/><net_sink comp="1118" pin=0"/></net>

<net id="1122"><net_src comp="1118" pin="1"/><net_sink comp="677" pin=1"/></net>

<net id="1123"><net_src comp="1118" pin="1"/><net_sink comp="860" pin=1"/></net>

<net id="1124"><net_src comp="1118" pin="1"/><net_sink comp="988" pin=0"/></net>

<net id="1128"><net_src comp="182" pin="1"/><net_sink comp="1125" pin=0"/></net>

<net id="1129"><net_src comp="1125" pin="1"/><net_sink comp="672" pin=1"/></net>

<net id="1130"><net_src comp="1125" pin="1"/><net_sink comp="855" pin=1"/></net>

<net id="1131"><net_src comp="1125" pin="1"/><net_sink comp="992" pin=0"/></net>

<net id="1135"><net_src comp="186" pin="1"/><net_sink comp="1132" pin=0"/></net>

<net id="1136"><net_src comp="1132" pin="1"/><net_sink comp="667" pin=1"/></net>

<net id="1137"><net_src comp="1132" pin="1"/><net_sink comp="905" pin=1"/></net>

<net id="1138"><net_src comp="1132" pin="1"/><net_sink comp="996" pin=0"/></net>

<net id="1142"><net_src comp="190" pin="1"/><net_sink comp="1139" pin=0"/></net>

<net id="1143"><net_src comp="1139" pin="1"/><net_sink comp="662" pin=1"/></net>

<net id="1144"><net_src comp="1139" pin="1"/><net_sink comp="900" pin=1"/></net>

<net id="1145"><net_src comp="1139" pin="1"/><net_sink comp="1000" pin=0"/></net>

<net id="1149"><net_src comp="194" pin="1"/><net_sink comp="1146" pin=0"/></net>

<net id="1150"><net_src comp="1146" pin="1"/><net_sink comp="657" pin=1"/></net>

<net id="1151"><net_src comp="1146" pin="1"/><net_sink comp="895" pin=1"/></net>

<net id="1152"><net_src comp="1146" pin="1"/><net_sink comp="1004" pin=0"/></net>

<net id="1156"><net_src comp="198" pin="1"/><net_sink comp="1153" pin=0"/></net>

<net id="1157"><net_src comp="1153" pin="1"/><net_sink comp="652" pin=1"/></net>

<net id="1158"><net_src comp="1153" pin="1"/><net_sink comp="945" pin=1"/></net>

<net id="1159"><net_src comp="1153" pin="1"/><net_sink comp="1008" pin=0"/></net>

<net id="1163"><net_src comp="202" pin="1"/><net_sink comp="1160" pin=0"/></net>

<net id="1164"><net_src comp="1160" pin="1"/><net_sink comp="647" pin=1"/></net>

<net id="1165"><net_src comp="1160" pin="1"/><net_sink comp="940" pin=1"/></net>

<net id="1166"><net_src comp="1160" pin="1"/><net_sink comp="1012" pin=0"/></net>

<net id="1170"><net_src comp="206" pin="1"/><net_sink comp="1167" pin=0"/></net>

<net id="1171"><net_src comp="1167" pin="1"/><net_sink comp="642" pin=1"/></net>

<net id="1172"><net_src comp="1167" pin="1"/><net_sink comp="935" pin=1"/></net>

<net id="1173"><net_src comp="1167" pin="1"/><net_sink comp="1016" pin=0"/></net>

<net id="1177"><net_src comp="210" pin="1"/><net_sink comp="1174" pin=0"/></net>

<net id="1178"><net_src comp="1174" pin="1"/><net_sink comp="637" pin=1"/></net>

<net id="1179"><net_src comp="1174" pin="1"/><net_sink comp="890" pin=1"/></net>

<net id="1180"><net_src comp="1174" pin="1"/><net_sink comp="1020" pin=0"/></net>

<net id="1184"><net_src comp="214" pin="1"/><net_sink comp="1181" pin=0"/></net>

<net id="1185"><net_src comp="1181" pin="1"/><net_sink comp="632" pin=1"/></net>

<net id="1186"><net_src comp="1181" pin="1"/><net_sink comp="885" pin=1"/></net>

<net id="1187"><net_src comp="1181" pin="1"/><net_sink comp="1024" pin=0"/></net>

<net id="1191"><net_src comp="218" pin="1"/><net_sink comp="1188" pin=0"/></net>

<net id="1192"><net_src comp="1188" pin="1"/><net_sink comp="627" pin=1"/></net>

<net id="1193"><net_src comp="1188" pin="1"/><net_sink comp="880" pin=1"/></net>

<net id="1194"><net_src comp="1188" pin="1"/><net_sink comp="1028" pin=0"/></net>

<net id="1198"><net_src comp="222" pin="1"/><net_sink comp="1195" pin=0"/></net>

<net id="1199"><net_src comp="1195" pin="1"/><net_sink comp="622" pin=1"/></net>

<net id="1200"><net_src comp="1195" pin="1"/><net_sink comp="850" pin=1"/></net>

<net id="1201"><net_src comp="1195" pin="1"/><net_sink comp="1032" pin=0"/></net>

<net id="1205"><net_src comp="226" pin="1"/><net_sink comp="1202" pin=0"/></net>

<net id="1206"><net_src comp="1202" pin="1"/><net_sink comp="617" pin=1"/></net>

<net id="1207"><net_src comp="1202" pin="1"/><net_sink comp="845" pin=1"/></net>

<net id="1208"><net_src comp="1202" pin="1"/><net_sink comp="1036" pin=0"/></net>

<net id="1212"><net_src comp="230" pin="1"/><net_sink comp="1209" pin=0"/></net>

<net id="1213"><net_src comp="1209" pin="1"/><net_sink comp="612" pin=1"/></net>

<net id="1214"><net_src comp="1209" pin="1"/><net_sink comp="840" pin=1"/></net>

<net id="1215"><net_src comp="1209" pin="1"/><net_sink comp="1040" pin=0"/></net>

<net id="1219"><net_src comp="234" pin="1"/><net_sink comp="1216" pin=0"/></net>

<net id="1220"><net_src comp="1216" pin="1"/><net_sink comp="607" pin=1"/></net>

<net id="1221"><net_src comp="1216" pin="1"/><net_sink comp="930" pin=1"/></net>

<net id="1222"><net_src comp="1216" pin="1"/><net_sink comp="1044" pin=0"/></net>

<net id="1226"><net_src comp="238" pin="1"/><net_sink comp="1223" pin=0"/></net>

<net id="1227"><net_src comp="1223" pin="1"/><net_sink comp="602" pin=1"/></net>

<net id="1228"><net_src comp="1223" pin="1"/><net_sink comp="925" pin=1"/></net>

<net id="1229"><net_src comp="1223" pin="1"/><net_sink comp="1048" pin=0"/></net>

<net id="1233"><net_src comp="242" pin="1"/><net_sink comp="1230" pin=0"/></net>

<net id="1234"><net_src comp="1230" pin="1"/><net_sink comp="597" pin=1"/></net>

<net id="1235"><net_src comp="1230" pin="1"/><net_sink comp="920" pin=1"/></net>

<net id="1236"><net_src comp="1230" pin="1"/><net_sink comp="1052" pin=0"/></net>

<net id="1240"><net_src comp="589" pin="1"/><net_sink comp="1237" pin=0"/></net>

<net id="1241"><net_src comp="1237" pin="1"/><net_sink comp="784" pin=1"/></net>

<net id="1245"><net_src comp="722" pin="1"/><net_sink comp="1242" pin=0"/></net>

<net id="1246"><net_src comp="1242" pin="1"/><net_sink comp="818" pin=4"/></net>

<net id="1247"><net_src comp="1242" pin="1"/><net_sink comp="829" pin=4"/></net>

<net id="1251"><net_src comp="725" pin="2"/><net_sink comp="1248" pin=0"/></net>

<net id="1255"><net_src comp="757" pin="1"/><net_sink comp="1252" pin=0"/></net>

<net id="1256"><net_src comp="1252" pin="1"/><net_sink comp="770" pin=1"/></net>

<net id="1260"><net_src comp="761" pin="1"/><net_sink comp="1257" pin=0"/></net>

<net id="1261"><net_src comp="1257" pin="1"/><net_sink comp="777" pin=1"/></net>

<net id="1265"><net_src comp="576" pin="3"/><net_sink comp="1262" pin=0"/></net>

<net id="1266"><net_src comp="1262" pin="1"/><net_sink comp="583" pin=0"/></net>

</net_list>

</model> 
---------------- Datapath Model END ------------------

* FSMD analyzer results:
  - Output states:
	Port: window_4749107_out | {2 }
	Port: window_4648100_out | {2 }
	Port: window_454793_out | {2 }
	Port: window_444686_out | {2 }
	Port: window_434579_out | {2 }
	Port: window_424472_out | {2 }
	Port: window_414365_out | {2 }
	Port: window_404258_out | {2 }
	Port: window4151_out | {2 }
	Port: window_2_2_promoted253351_out | {2 }
	Port: window_2_0_promoted251344_out | {2 }
	Port: window_2_1_promoted249337_out | {2 }
	Port: window_0_2_promoted247330_out | {2 }
	Port: window_0_0_promoted245323_out | {2 }
	Port: window_0_1_promoted243316_out | {2 }
	Port: window_1_2_promoted241309_out | {2 }
	Port: window_1_0_promoted239302_out | {2 }
	Port: window_1_1_promoted237295_out | {2 }
	Port: mux_case_286_out | {2 }
	Port: mux_case_185_out | {2 }
	Port: mux_case_084_out | {2 }
	Port: mux_case_2_out | {2 }
	Port: mux_case_1_out | {2 }
	Port: mux_case_0_out | {2 }
 - Input state : 
	Port: Conv_func<4, 12, 4, 10>_Pipeline_loadWinShift : window_4749112 | {1 }
	Port: Conv_func<4, 12, 4, 10>_Pipeline_loadWinShift : window_4648105 | {1 }
	Port: Conv_func<4, 12, 4, 10>_Pipeline_loadWinShift : window_454798 | {1 }
	Port: Conv_func<4, 12, 4, 10>_Pipeline_loadWinShift : window_444691 | {1 }
	Port: Conv_func<4, 12, 4, 10>_Pipeline_loadWinShift : window_434584 | {1 }
	Port: Conv_func<4, 12, 4, 10>_Pipeline_loadWinShift : window_424477 | {1 }
	Port: Conv_func<4, 12, 4, 10>_Pipeline_loadWinShift : window_414370 | {1 }
	Port: Conv_func<4, 12, 4, 10>_Pipeline_loadWinShift : window_404263 | {1 }
	Port: Conv_func<4, 12, 4, 10>_Pipeline_loadWinShift : window4156 | {1 }
	Port: Conv_func<4, 12, 4, 10>_Pipeline_loadWinShift : window_2_2_promoted253 | {1 }
	Port: Conv_func<4, 12, 4, 10>_Pipeline_loadWinShift : window_2_0_promoted251 | {1 }
	Port: Conv_func<4, 12, 4, 10>_Pipeline_loadWinShift : window_2_1_promoted249 | {1 }
	Port: Conv_func<4, 12, 4, 10>_Pipeline_loadWinShift : window_0_2_promoted247 | {1 }
	Port: Conv_func<4, 12, 4, 10>_Pipeline_loadWinShift : window_0_0_promoted245 | {1 }
	Port: Conv_func<4, 12, 4, 10>_Pipeline_loadWinShift : window_0_1_promoted243 | {1 }
	Port: Conv_func<4, 12, 4, 10>_Pipeline_loadWinShift : window_1_2_promoted241 | {1 }
	Port: Conv_func<4, 12, 4, 10>_Pipeline_loadWinShift : window_1_0_promoted239 | {1 }
	Port: Conv_func<4, 12, 4, 10>_Pipeline_loadWinShift : window_1_1_promoted237 | {1 }
	Port: Conv_func<4, 12, 4, 10>_Pipeline_loadWinShift : mux_case_28664 | {1 }
	Port: Conv_func<4, 12, 4, 10>_Pipeline_loadWinShift : mux_case_18553 | {1 }
	Port: Conv_func<4, 12, 4, 10>_Pipeline_loadWinShift : mux_case_08442 | {1 }
	Port: Conv_func<4, 12, 4, 10>_Pipeline_loadWinShift : mux_case_227 | {1 }
	Port: Conv_func<4, 12, 4, 10>_Pipeline_loadWinShift : mux_case_116 | {1 }
	Port: Conv_func<4, 12, 4, 10>_Pipeline_loadWinShift : mux_case_05 | {1 }
	Port: Conv_func<4, 12, 4, 10>_Pipeline_loadWinShift : select_ln139_6 | {1 }
	Port: Conv_func<4, 12, 4, 10>_Pipeline_loadWinShift : sub_ln52 | {1 }
	Port: Conv_func<4, 12, 4, 10>_Pipeline_loadWinShift : zext_ln58 | {1 }
	Port: Conv_func<4, 12, 4, 10>_Pipeline_loadWinShift : ifmap | {2 3 }
  - Chain level:
	State 1
		store_ln0 : 1
		wi_3 : 1
		icmp_ln58 : 2
		add_ln58 : 2
		br_ln58 : 3
		zext_ln58_3 : 2
		add_ln66 : 3
		zext_ln66 : 4
		add_ln66_3 : 5
		trunc_ln66 : 6
		trunc_ln66_1 : 6
		switch_ln61 : 2
		store_ln58 : 3
	State 2
		newFirst : 1
		newSecond : 2
		zext_ln66_4 : 3
		ifmap_addr : 4
		window_77 : 5
		write_ln0 : 1
		write_ln0 : 1
		write_ln0 : 1
		write_ln0 : 1
		write_ln0 : 1
		write_ln0 : 1
		write_ln0 : 1
		write_ln0 : 1
		write_ln0 : 1
		write_ln0 : 1
		write_ln0 : 1
		write_ln0 : 1
		write_ln0 : 1
		write_ln0 : 1
		write_ln0 : 1
		write_ln0 : 1
		write_ln0 : 1
		write_ln0 : 1
		write_ln0 : 1
		write_ln0 : 1
		write_ln0 : 1
		write_ln0 : 1
		write_ln0 : 1
		write_ln0 : 1
	State 3
		window : 1
		window_2 : 1
		store_ln61 : 1
		store_ln61 : 2
		store_ln61 : 2
		store_ln61 : 1
		store_ln61 : 2
		store_ln61 : 2
		store_ln61 : 1
		store_ln61 : 2
		store_ln61 : 1
		store_ln61 : 2
		store_ln61 : 2
		store_ln61 : 1
		store_ln61 : 2
		store_ln61 : 2
		store_ln61 : 1
		store_ln61 : 2
		store_ln66 : 1
		store_ln66 : 2
		store_ln66 : 2
		store_ln66 : 1
		store_ln66 : 2
		store_ln66 : 2
		store_ln66 : 1
		store_ln66 : 2


============================================================
+ Verbose Summary: Datapath Resource usage 
============================================================

* Functional unit list:
|----------|-----------------------------------------|---------|---------|
| Operation|             Functional Unit             |    FF   |   LUT   |
|----------|-----------------------------------------|---------|---------|
|          |             add_ln58_fu_731             |    0    |    10   |
|    add   |             add_ln66_fu_741             |    0    |    13   |
|          |            add_ln66_3_fu_751            |    0    |    15   |
|          |             newFirst_fu_784             |    0    |    10   |
|----------|-----------------------------------------|---------|---------|
|    mux   |              window_fu_818              |    0    |    14   |
|          |             window_2_fu_829             |    0    |    14   |
|----------|-----------------------------------------|---------|---------|
|    sub   |             newSecond_fu_789            |    0    |    10   |
|----------|-----------------------------------------|---------|---------|
|   icmp   |             icmp_ln58_fu_725            |    0    |    8    |
|----------|-----------------------------------------|---------|---------|
|          |        zext_ln58_read_read_fu_246       |    0    |    0    |
|          |        sub_ln52_read_read_fu_252        |    0    |    0    |
|          |     select_ln139_6_read_read_fu_258     |    0    |    0    |
|          |       mux_case_05_read_read_fu_264      |    0    |    0    |
|          |      mux_case_116_read_read_fu_270      |    0    |    0    |
|          |      mux_case_227_read_read_fu_276      |    0    |    0    |
|          |     mux_case_08442_read_read_fu_282     |    0    |    0    |
|          |     mux_case_18553_read_read_fu_288     |    0    |    0    |
|          |     mux_case_28664_read_read_fu_294     |    0    |    0    |
|          | window_1_1_promoted237_read_read_fu_300 |    0    |    0    |
|          | window_1_0_promoted239_read_read_fu_306 |    0    |    0    |
|          | window_1_2_promoted241_read_read_fu_312 |    0    |    0    |
|          | window_0_1_promoted243_read_read_fu_318 |    0    |    0    |
|   read   | window_0_0_promoted245_read_read_fu_324 |    0    |    0    |
|          | window_0_2_promoted247_read_read_fu_330 |    0    |    0    |
|          | window_2_1_promoted249_read_read_fu_336 |    0    |    0    |
|          | window_2_0_promoted251_read_read_fu_342 |    0    |    0    |
|          | window_2_2_promoted253_read_read_fu_348 |    0    |    0    |
|          |       window4156_read_read_fu_354       |    0    |    0    |
|          |      window_404263_read_read_fu_360     |    0    |    0    |
|          |      window_414370_read_read_fu_366     |    0    |    0    |
|          |      window_424477_read_read_fu_372     |    0    |    0    |
|          |      window_434584_read_read_fu_378     |    0    |    0    |
|          |      window_444691_read_read_fu_384     |    0    |    0    |
|          |      window_454798_read_read_fu_390     |    0    |    0    |
|          |     window_4648105_read_read_fu_396     |    0    |    0    |
|          |     window_4749112_read_read_fu_402     |    0    |    0    |
|----------|-----------------------------------------|---------|---------|
|          |          write_ln0_write_fu_408         |    0    |    0    |
|          |          write_ln0_write_fu_415         |    0    |    0    |
|          |          write_ln0_write_fu_422         |    0    |    0    |
|          |          write_ln0_write_fu_429         |    0    |    0    |
|          |          write_ln0_write_fu_436         |    0    |    0    |
|          |          write_ln0_write_fu_443         |    0    |    0    |
|          |          write_ln0_write_fu_450         |    0    |    0    |
|          |          write_ln0_write_fu_457         |    0    |    0    |
|          |          write_ln0_write_fu_464         |    0    |    0    |
|          |          write_ln0_write_fu_471         |    0    |    0    |
|          |          write_ln0_write_fu_478         |    0    |    0    |
|   write  |          write_ln0_write_fu_485         |    0    |    0    |
|          |          write_ln0_write_fu_492         |    0    |    0    |
|          |          write_ln0_write_fu_499         |    0    |    0    |
|          |          write_ln0_write_fu_506         |    0    |    0    |
|          |          write_ln0_write_fu_513         |    0    |    0    |
|          |          write_ln0_write_fu_520         |    0    |    0    |
|          |          write_ln0_write_fu_527         |    0    |    0    |
|          |          write_ln0_write_fu_534         |    0    |    0    |
|          |          write_ln0_write_fu_541         |    0    |    0    |
|          |          write_ln0_write_fu_548         |    0    |    0    |
|          |          write_ln0_write_fu_555         |    0    |    0    |
|          |          write_ln0_write_fu_562         |    0    |    0    |
|          |          write_ln0_write_fu_569         |    0    |    0    |
|----------|-----------------------------------------|---------|---------|
|          |          zext_ln58_cast_fu_589          |    0    |    0    |
|   zext   |            zext_ln58_3_fu_737           |    0    |    0    |
|          |             zext_ln66_fu_747            |    0    |    0    |
|          |            zext_ln66_4_fu_795           |    0    |    0    |
|----------|-----------------------------------------|---------|---------|
|   sext   |           sub_ln52_cast_fu_593          |    0    |    0    |
|----------|-----------------------------------------|---------|---------|
|   trunc  |            trunc_ln66_fu_757            |    0    |    0    |
|          |           trunc_ln66_1_fu_761           |    0    |    0    |
|----------|-----------------------------------------|---------|---------|
|bitconcatenate|              p_shl1_fu_770              |    0    |    0    |
|          |              p_shl2_fu_777              |    0    |    0    |
|----------|-----------------------------------------|---------|---------|
|   Total  |                                         |    0    |    94   |
|----------|-----------------------------------------|---------|---------|

Memories:
N/A

* Register list:
+-----------------------+--------+
|                       |   FF   |
+-----------------------+--------+
|   icmp_ln58_reg_1248  |    1   |
|  ifmap_addr_reg_1262  |   10   |
| trunc_ln66_1_reg_1257 |    8   |
|  trunc_ln66_reg_1252  |    6   |
|     wi_3_reg_1242     |    2   |
|      wi_reg_1056      |    2   |
|   window_53_reg_1063  |   32   |
|   window_54_reg_1071  |   32   |
|   window_55_reg_1079  |   32   |
|   window_56_reg_1087  |   32   |
|   window_57_reg_1095  |   32   |
|   window_58_reg_1103  |   32   |
|   window_59_reg_1111  |   32   |
|   window_60_reg_1118  |   32   |
|   window_61_reg_1125  |   32   |
|   window_62_reg_1132  |   32   |
|   window_63_reg_1139  |   32   |
|   window_64_reg_1146  |   32   |
|   window_65_reg_1153  |   32   |
|   window_66_reg_1160  |   32   |
|   window_67_reg_1167  |   32   |
|   window_68_reg_1174  |   32   |
|   window_69_reg_1181  |   32   |
|   window_70_reg_1188  |   32   |
|   window_71_reg_1195  |   32   |
|   window_72_reg_1202  |   32   |
|   window_73_reg_1209  |   32   |
|   window_74_reg_1216  |   32   |
|   window_75_reg_1223  |   32   |
|   window_76_reg_1230  |   32   |
|zext_ln58_cast_reg_1237|   10   |
+-----------------------+--------+
|         Total         |   807  |
+-----------------------+--------+

* Multiplexer (MUX) list: 
|-------------------|------|------|------|--------||---------||---------|
|        Comp       |  Pin | Size |  BW  | S x BW ||  Delay  ||   LUT   |
|-------------------|------|------|------|--------||---------||---------|
| grp_access_fu_583 |  p0  |   2  |  10  |   20   ||    9    |
|-------------------|------|------|------|--------||---------||---------|
|       Total       |      |      |      |   20   ||  1.588  ||    9    |
|-------------------|------|------|------|--------||---------||---------|



* Summary:
+-----------+--------+--------+--------+
|           |  Delay |   FF   |   LUT  |
+-----------+--------+--------+--------+
|  Function |    -   |    0   |   94   |
|   Memory  |    -   |    -   |    -   |
|Multiplexer|    1   |    -   |    9   |
|  Register |    -   |   807  |    -   |
+-----------+--------+--------+--------+
|   Total   |    1   |   807  |   103  |
+-----------+--------+--------+--------+
