

================================================================
== Vitis HLS Report for 'conv1_Pipeline_loadWinFull_VITIS_LOOP_50_1'
================================================================
* Date:           Thu Dec 25 17:04:44 2025

* Version:        2022.1 (Build 3526262 on Mon Apr 18 15:48:16 MDT 2022)
* Project:        Day_5_final_boss
* Solution:       hellojio (Vivado IP Flow Target)
* Product family: zynq
* Target device:  xc7z020-clg400-1


================================================================
== Performance Estimates
================================================================
+ Timing: 
    * Summary: 
    +--------+----------+----------+------------+
    |  Clock |  Target  | Estimated| Uncertainty|
    +--------+----------+----------+------------+
    |ap_clk  |  10.00 ns|  6.765 ns|     2.70 ns|
    +--------+----------+----------+------------+

+ Latency: 
    * Summary: 
    +---------+---------+----------+----------+-----+-----+---------+
    |  Latency (cycles) |  Latency (absolute) |  Interval | Pipeline|
    |   min   |   max   |    min   |    max   | min | max |   Type  |
    +---------+---------+----------+----------+-----+-----+---------+
    |       12|       12|  0.120 us|  0.120 us|   12|   12|       no|
    +---------+---------+----------+----------+-----+-----+---------+

    + Detail: 
        * Instance: 
        N/A

        * Loop: 
        +-------------------------------+---------+---------+----------+-----------+-----------+------+----------+
        |                               |  Latency (cycles) | Iteration|  Initiation Interval  | Trip |          |
        |           Loop Name           |   min   |   max   |  Latency |  achieved |   target  | Count| Pipelined|
        +-------------------------------+---------+---------+----------+-----------+-----------+------+----------+
        |- loadWinFull_VITIS_LOOP_50_1  |       10|       10|         3|          1|          1|     9|       yes|
        +-------------------------------+---------+---------+----------+-----------+-----------+------+----------+



================================================================
== Utilization Estimates
================================================================
* Summary: 
+-----------------+---------+-----+--------+-------+-----+
|       Name      | BRAM_18K| DSP |   FF   |  LUT  | URAM|
+-----------------+---------+-----+--------+-------+-----+
|DSP              |        -|    -|       -|      -|    -|
|Expression       |        -|    -|       0|     99|    -|
|FIFO             |        -|    -|       -|      -|    -|
|Instance         |        -|    -|       -|      -|    -|
|Memory           |        -|    -|       -|      -|    -|
|Multiplexer      |        -|    -|       -|    207|    -|
|Register         |        -|    -|     502|      -|    -|
+-----------------+---------+-----+--------+-------+-----+
|Total            |        0|    0|     502|    306|    0|
+-----------------+---------+-----+--------+-------+-----+
|Available        |      280|  220|  106400|  53200|    0|
+-----------------+---------+-----+--------+-------+-----+
|Utilization (%)  |        0|    0|      ~0|     ~0|    0|
+-----------------+---------+-----+--------+-------+-----+

+ Detail: 
    * Instance: 
    N/A

    * DSP: 
    N/A

    * Memory: 
    N/A

    * FIFO: 
    N/A

    * Expression: 
    +-------------------------+----------+----+---+----+------------+------------+
    |      Variable Name      | Operation| DSP| FF| LUT| Bitwidth P0| Bitwidth P1|
    +-------------------------+----------+----+---+----+------------+------------+
    |add_ln49_1_fu_503_p2     |         +|   0|  0|  13|           4|           1|
    |add_ln49_fu_515_p2       |         +|   0|  0|  10|           2|           1|
    |add_ln50_fu_543_p2       |         +|   0|  0|  10|           2|           1|
    |add_ln52_fu_567_p2       |         +|   0|  0|  13|           5|           5|
    |sub_ln52_fu_596_p2       |         -|   0|  0|  12|          11|          11|
    |ap_condition_428         |       and|   0|  0|   2|           1|           1|
    |ap_condition_433         |       and|   0|  0|   2|           1|           1|
    |ap_condition_437         |       and|   0|  0|   2|           1|           1|
    |ap_condition_440         |       and|   0|  0|   2|           1|           1|
    |ap_condition_443         |       and|   0|  0|   2|           1|           1|
    |ap_condition_447         |       and|   0|  0|   2|           1|           1|
    |ap_condition_450         |       and|   0|  0|   2|           1|           1|
    |ap_condition_455         |       and|   0|  0|   2|           1|           1|
    |ap_condition_458         |       and|   0|  0|   2|           1|           1|
    |icmp_ln49_fu_497_p2      |      icmp|   0|  0|   9|           4|           4|
    |icmp_ln50_fu_521_p2      |      icmp|   0|  0|   8|           2|           2|
    |select_ln52_1_fu_535_p3  |    select|   0|  0|   2|           1|           2|
    |select_ln52_fu_527_p3    |    select|   0|  0|   2|           1|           1|
    |ap_enable_pp0            |       xor|   0|  0|   2|           1|           2|
    +-------------------------+----------+----+---+----+------------+------------+
    |Total                    |          |   0|  0|  99|          42|          39|
    +-------------------------+----------+----+---+----+------------+------------+

    * Multiplexer: 
    +----------------------------------------+----+-----------+-----+-----------+
    |                  Name                  | LUT| Input Size| Bits| Total Bits|
    +----------------------------------------+----+-----------+-----+-----------+
    |ap_done_int                             |   9|          2|    1|          2|
    |ap_enable_reg_pp0_iter1                 |   9|          2|    1|          2|
    |ap_sig_allocacmp_indvar_flatten27_load  |   9|          2|    4|          8|
    |ap_sig_allocacmp_wi_load                |   9|          2|    2|          4|
    |ap_sig_allocacmp_wj_load                |   9|          2|    2|          4|
    |empty_36_fu_158                         |   9|          2|   32|         64|
    |empty_37_fu_162                         |   9|          2|   32|         64|
    |empty_38_fu_166                         |   9|          2|   32|         64|
    |empty_39_fu_170                         |   9|          2|   32|         64|
    |empty_40_fu_174                         |   9|          2|   32|         64|
    |empty_41_fu_178                         |   9|          2|   32|         64|
    |empty_42_fu_182                         |   9|          2|   32|         64|
    |empty_43_fu_186                         |   9|          2|   32|         64|
    |empty_fu_154                            |   9|          2|   32|         64|
    |indvar_flatten27_fu_126                 |   9|          2|    4|          8|
    |mux_case_077116_fu_142                  |   9|          2|   32|         64|
    |mux_case_086_fu_130                     |   9|          2|   32|         64|
    |mux_case_179126_fu_146                  |   9|          2|   32|         64|
    |mux_case_196_fu_134                     |   9|          2|   32|         64|
    |mux_case_2106_fu_138                    |   9|          2|   32|         64|
    |mux_case_281136_fu_150                  |   9|          2|   32|         64|
    |wi_fu_122                               |   9|          2|    2|          4|
    |wj_fu_118                               |   9|          2|    2|          4|
    +----------------------------------------+----+-----------+-----+-----------+
    |Total                                   | 207|         46|  498|        996|
    +----------------------------------------+----+-----------+-----+-----------+

    * Register: 
    +-------------------------------------+----+----+-----+-----------+
    |                 Name                | FF | LUT| Bits| Const Bits|
    +-------------------------------------+----+----+-----+-----------+
    |ap_CS_fsm                            |   1|   0|    1|          0|
    |ap_done_reg                          |   1|   0|    1|          0|
    |ap_enable_reg_pp0_iter1              |   1|   0|    1|          0|
    |ap_enable_reg_pp0_iter2              |   1|   0|    1|          0|
    |ap_loop_exit_ready_pp0_iter1_reg     |   1|   0|    1|          0|
    |empty_36_fu_158                      |  32|   0|   32|          0|
    |empty_37_fu_162                      |  32|   0|   32|          0|
    |empty_38_fu_166                      |  32|   0|   32|          0|
    |empty_39_fu_170                      |  32|   0|   32|          0|
    |empty_40_fu_174                      |  32|   0|   32|          0|
    |empty_41_fu_178                      |  32|   0|   32|          0|
    |empty_42_fu_182                      |  32|   0|   32|          0|
    |empty_43_fu_186                      |  32|   0|   32|          0|
    |empty_fu_154                         |  32|   0|   32|          0|
    |icmp_ln49_reg_890                    |   1|   0|    1|          0|
    |indvar_flatten27_fu_126              |   4|   0|    4|          0|
    |mux_case_077116_fu_142               |  32|   0|   32|          0|
    |mux_case_086_fu_130                  |  32|   0|   32|          0|
    |mux_case_179126_fu_146               |  32|   0|   32|          0|
    |mux_case_196_fu_134                  |  32|   0|   32|          0|
    |mux_case_2106_fu_138                 |  32|   0|   32|          0|
    |mux_case_281136_fu_150               |  32|   0|   32|          0|
    |select_ln52_1_reg_899                |   2|   0|    2|          0|
    |select_ln52_1_reg_899_pp0_iter1_reg  |   2|   0|    2|          0|
    |select_ln52_reg_894                  |   2|   0|    2|          0|
    |select_ln52_reg_894_pp0_iter1_reg    |   2|   0|    2|          0|
    |wi_fu_122                            |   2|   0|    2|          0|
    |wj_fu_118                            |   2|   0|    2|          0|
    +-------------------------------------+----+----+-----+-----------+
    |Total                                | 502|   0|  502|          0|
    +-------------------------------------+----+----+-----+-----------+



================================================================
== Interface
================================================================
* Summary: 
+----------------------------+-----+-----+------------+--------------------------------------------+--------------+
|          RTL Ports         | Dir | Bits|  Protocol  |                Source Object               |    C Type    |
+----------------------------+-----+-----+------------+--------------------------------------------+--------------+
|ap_clk                      |   in|    1|  ap_ctrl_hs|  conv1_Pipeline_loadWinFull_VITIS_LOOP_50_1|  return value|
|ap_rst                      |   in|    1|  ap_ctrl_hs|  conv1_Pipeline_loadWinFull_VITIS_LOOP_50_1|  return value|
|ap_start                    |   in|    1|  ap_ctrl_hs|  conv1_Pipeline_loadWinFull_VITIS_LOOP_50_1|  return value|
|ap_done                     |  out|    1|  ap_ctrl_hs|  conv1_Pipeline_loadWinFull_VITIS_LOOP_50_1|  return value|
|ap_idle                     |  out|    1|  ap_ctrl_hs|  conv1_Pipeline_loadWinFull_VITIS_LOOP_50_1|  return value|
|ap_ready                    |  out|    1|  ap_ctrl_hs|  conv1_Pipeline_loadWinFull_VITIS_LOOP_50_1|  return value|
|window_i_2_2_promoted195    |   in|   32|     ap_none|                    window_i_2_2_promoted195|        scalar|
|window_i_2_0_promoted193    |   in|   32|     ap_none|                    window_i_2_0_promoted193|        scalar|
|window_i_2_1_promoted191    |   in|   32|     ap_none|                    window_i_2_1_promoted191|        scalar|
|window_i_0_2_promoted189    |   in|   32|     ap_none|                    window_i_0_2_promoted189|        scalar|
|window_i_0_0_promoted187    |   in|   32|     ap_none|                    window_i_0_0_promoted187|        scalar|
|window_i_0_1_promoted185    |   in|   32|     ap_none|                    window_i_0_1_promoted185|        scalar|
|window_i_1_2_promoted183    |   in|   32|     ap_none|                    window_i_1_2_promoted183|        scalar|
|window_i_1_0_promoted181    |   in|   32|     ap_none|                    window_i_1_0_promoted181|        scalar|
|window_i_1_1_promoted179    |   in|   32|     ap_none|                    window_i_1_1_promoted179|        scalar|
|mux_case_281138             |   in|   32|     ap_none|                             mux_case_281138|        scalar|
|mux_case_179128             |   in|   32|     ap_none|                             mux_case_179128|        scalar|
|mux_case_077118             |   in|   32|     ap_none|                             mux_case_077118|        scalar|
|mux_case_2108               |   in|   32|     ap_none|                               mux_case_2108|        scalar|
|mux_case_198                |   in|   32|     ap_none|                                mux_case_198|        scalar|
|mux_case_088                |   in|   32|     ap_none|                                mux_case_088|        scalar|
|select_ln139_1              |   in|    5|     ap_none|                              select_ln139_1|        scalar|
|mem_1_0_address0            |  out|   10|   ap_memory|                                     mem_1_0|         array|
|mem_1_0_ce0                 |  out|    1|   ap_memory|                                     mem_1_0|         array|
|mem_1_0_q0                  |   in|   32|   ap_memory|                                     mem_1_0|         array|
|p_out                       |  out|   32|      ap_vld|                                       p_out|       pointer|
|p_out_ap_vld                |  out|    1|      ap_vld|                                       p_out|       pointer|
|p_out1                      |  out|   32|      ap_vld|                                      p_out1|       pointer|
|p_out1_ap_vld               |  out|    1|      ap_vld|                                      p_out1|       pointer|
|p_out2                      |  out|   32|      ap_vld|                                      p_out2|       pointer|
|p_out2_ap_vld               |  out|    1|      ap_vld|                                      p_out2|       pointer|
|p_out3                      |  out|   32|      ap_vld|                                      p_out3|       pointer|
|p_out3_ap_vld               |  out|    1|      ap_vld|                                      p_out3|       pointer|
|p_out4                      |  out|   32|      ap_vld|                                      p_out4|       pointer|
|p_out4_ap_vld               |  out|    1|      ap_vld|                                      p_out4|       pointer|
|p_out5                      |  out|   32|      ap_vld|                                      p_out5|       pointer|
|p_out5_ap_vld               |  out|    1|      ap_vld|                                      p_out5|       pointer|
|p_out6                      |  out|   32|      ap_vld|                                      p_out6|       pointer|
|p_out6_ap_vld               |  out|    1|      ap_vld|                                      p_out6|       pointer|
|p_out7                      |  out|   32|      ap_vld|                                      p_out7|       pointer|
|p_out7_ap_vld               |  out|    1|      ap_vld|                                      p_out7|       pointer|
|p_out8                      |  out|   32|      ap_vld|                                      p_out8|       pointer|
|p_out8_ap_vld               |  out|    1|      ap_vld|                                      p_out8|       pointer|
|mux_case_281136_out         |  out|   32|      ap_vld|                         mux_case_281136_out|       pointer|
|mux_case_281136_out_ap_vld  |  out|    1|      ap_vld|                         mux_case_281136_out|       pointer|
|mux_case_179126_out         |  out|   32|      ap_vld|                         mux_case_179126_out|       pointer|
|mux_case_179126_out_ap_vld  |  out|    1|      ap_vld|                         mux_case_179126_out|       pointer|
|mux_case_077116_out         |  out|   32|      ap_vld|                         mux_case_077116_out|       pointer|
|mux_case_077116_out_ap_vld  |  out|    1|      ap_vld|                         mux_case_077116_out|       pointer|
|mux_case_2106_out           |  out|   32|      ap_vld|                           mux_case_2106_out|       pointer|
|mux_case_2106_out_ap_vld    |  out|    1|      ap_vld|                           mux_case_2106_out|       pointer|
|mux_case_196_out            |  out|   32|      ap_vld|                            mux_case_196_out|       pointer|
|mux_case_196_out_ap_vld     |  out|    1|      ap_vld|                            mux_case_196_out|       pointer|
|mux_case_086_out            |  out|   32|      ap_vld|                            mux_case_086_out|       pointer|
|mux_case_086_out_ap_vld     |  out|    1|      ap_vld|                            mux_case_086_out|       pointer|
+----------------------------+-----+-----+------------+--------------------------------------------+--------------+

============================================================
+ Verbose Summary: Synthesis Manager
============================================================
InlineROM: 1
ExposeGlobal: 0
============================================================
+ Verbose Summary: CDFG Model
============================================================
IsTopModel: 0
ResetActiveHigh: 1
IsCombinational: 2
IsDatapathOnly: 2
HasWiredReturn: 1
HasMFsm: 2
HasVarLatency: 1
IsPipeline: 0
IsRtlPipelined: 0
IsInstanceOverlapped: 0
IsDontTouch: 0
HasImplIP: 0
IsGatedGlobalClock: 0

+ Individual pipeline summary: 
  * Pipeline-0: initiation interval (II) = 1, depth = 3


============================================================
+ Verbose Summary: Schedule
============================================================
* Number of FSM states : 3
* Pipeline : 1
  Pipeline-0 : II = 1, D = 3, States = { 1 2 3 }
* Dataflow Pipeline: 0

* FSM state transitions: 
1 --> 2 
2 --> 3 
3 --> 

* FSM state operations: 

State 1 <SV = 0> <Delay = 5.10>
ST_1 : Operation 6 [1/1] (0.00ns)   --->   "%wj = alloca i32 1"   --->   Operation 6 'alloca' 'wj' <Predicate = true> <Delay = 0.00>
ST_1 : Operation 7 [1/1] (0.00ns)   --->   "%wi = alloca i32 1"   --->   Operation 7 'alloca' 'wi' <Predicate = true> <Delay = 0.00>
ST_1 : Operation 8 [1/1] (0.00ns)   --->   "%indvar_flatten27 = alloca i32 1"   --->   Operation 8 'alloca' 'indvar_flatten27' <Predicate = true> <Delay = 0.00>
ST_1 : Operation 9 [1/1] (0.00ns)   --->   "%mux_case_086 = alloca i32 1"   --->   Operation 9 'alloca' 'mux_case_086' <Predicate = true> <Delay = 0.00>
ST_1 : Operation 10 [1/1] (0.00ns)   --->   "%mux_case_196 = alloca i32 1"   --->   Operation 10 'alloca' 'mux_case_196' <Predicate = true> <Delay = 0.00>
ST_1 : Operation 11 [1/1] (0.00ns)   --->   "%mux_case_2106 = alloca i32 1"   --->   Operation 11 'alloca' 'mux_case_2106' <Predicate = true> <Delay = 0.00>
ST_1 : Operation 12 [1/1] (0.00ns)   --->   "%mux_case_077116 = alloca i32 1"   --->   Operation 12 'alloca' 'mux_case_077116' <Predicate = true> <Delay = 0.00>
ST_1 : Operation 13 [1/1] (0.00ns)   --->   "%mux_case_179126 = alloca i32 1"   --->   Operation 13 'alloca' 'mux_case_179126' <Predicate = true> <Delay = 0.00>
ST_1 : Operation 14 [1/1] (0.00ns)   --->   "%mux_case_281136 = alloca i32 1"   --->   Operation 14 'alloca' 'mux_case_281136' <Predicate = true> <Delay = 0.00>
ST_1 : Operation 15 [1/1] (0.00ns)   --->   "%empty = alloca i32 1"   --->   Operation 15 'alloca' 'empty' <Predicate = true> <Delay = 0.00>
ST_1 : Operation 16 [1/1] (0.00ns)   --->   "%empty_36 = alloca i32 1"   --->   Operation 16 'alloca' 'empty_36' <Predicate = true> <Delay = 0.00>
ST_1 : Operation 17 [1/1] (0.00ns)   --->   "%empty_37 = alloca i32 1"   --->   Operation 17 'alloca' 'empty_37' <Predicate = true> <Delay = 0.00>
ST_1 : Operation 18 [1/1] (0.00ns)   --->   "%empty_38 = alloca i32 1"   --->   Operation 18 'alloca' 'empty_38' <Predicate = true> <Delay = 0.00>
ST_1 : Operation 19 [1/1] (0.00ns)   --->   "%empty_39 = alloca i32 1"   --->   Operation 19 'alloca' 'empty_39' <Predicate = true> <Delay = 0.00>
ST_1 : Operation 20 [1/1] (0.00ns)   --->   "%empty_40 = alloca i32 1"   --->   Operation 20 'alloca' 'empty_40' <Predicate = true> <Delay = 0.00>
ST_1 : Operation 21 [1/1] (0.00ns)   --->   "%empty_41 = alloca i32 1"   --->   Operation 21 'alloca' 'empty_41' <Predicate = true> <Delay = 0.00>
ST_1 : Operation 22 [1/1] (0.00ns)   --->   "%empty_42 = alloca i32 1"   --->   Operation 22 'alloca' 'empty_42' <Predicate = true> <Delay = 0.00>
ST_1 : Operation 23 [1/1] (0.00ns)   --->   "%empty_43 = alloca i32 1"   --->   Operation 23 'alloca' 'empty_43' <Predicate = true> <Delay = 0.00>
ST_1 : Operation 24 [1/1] (0.00ns)   --->   "%select_ln139_1_read = read i5 @_ssdm_op_Read.ap_auto.i5, i5 %select_ln139_1"   --->   Operation 24 'read' 'select_ln139_1_read' <Predicate = true> <Delay = 0.00>
ST_1 : Operation 25 [1/1] (0.00ns)   --->   "%mux_case_088_read = read i32 @_ssdm_op_Read.ap_auto.float, i32 %mux_case_088"   --->   Operation 25 'read' 'mux_case_088_read' <Predicate = true> <Delay = 0.00>
ST_1 : Operation 26 [1/1] (0.00ns)   --->   "%mux_case_198_read = read i32 @_ssdm_op_Read.ap_auto.float, i32 %mux_case_198"   --->   Operation 26 'read' 'mux_case_198_read' <Predicate = true> <Delay = 0.00>
ST_1 : Operation 27 [1/1] (0.00ns)   --->   "%mux_case_2108_read = read i32 @_ssdm_op_Read.ap_auto.float, i32 %mux_case_2108"   --->   Operation 27 'read' 'mux_case_2108_read' <Predicate = true> <Delay = 0.00>
ST_1 : Operation 28 [1/1] (0.00ns)   --->   "%mux_case_077118_read = read i32 @_ssdm_op_Read.ap_auto.float, i32 %mux_case_077118"   --->   Operation 28 'read' 'mux_case_077118_read' <Predicate = true> <Delay = 0.00>
ST_1 : Operation 29 [1/1] (0.00ns)   --->   "%mux_case_179128_read = read i32 @_ssdm_op_Read.ap_auto.float, i32 %mux_case_179128"   --->   Operation 29 'read' 'mux_case_179128_read' <Predicate = true> <Delay = 0.00>
ST_1 : Operation 30 [1/1] (0.00ns)   --->   "%mux_case_281138_read = read i32 @_ssdm_op_Read.ap_auto.float, i32 %mux_case_281138"   --->   Operation 30 'read' 'mux_case_281138_read' <Predicate = true> <Delay = 0.00>
ST_1 : Operation 31 [1/1] (0.00ns)   --->   "%window_i_1_1_promoted179_read = read i32 @_ssdm_op_Read.ap_auto.float, i32 %window_i_1_1_promoted179"   --->   Operation 31 'read' 'window_i_1_1_promoted179_read' <Predicate = true> <Delay = 0.00>
ST_1 : Operation 32 [1/1] (0.00ns)   --->   "%window_i_1_0_promoted181_read = read i32 @_ssdm_op_Read.ap_auto.float, i32 %window_i_1_0_promoted181"   --->   Operation 32 'read' 'window_i_1_0_promoted181_read' <Predicate = true> <Delay = 0.00>
ST_1 : Operation 33 [1/1] (0.00ns)   --->   "%window_i_1_2_promoted183_read = read i32 @_ssdm_op_Read.ap_auto.float, i32 %window_i_1_2_promoted183"   --->   Operation 33 'read' 'window_i_1_2_promoted183_read' <Predicate = true> <Delay = 0.00>
ST_1 : Operation 34 [1/1] (0.00ns)   --->   "%window_i_0_1_promoted185_read = read i32 @_ssdm_op_Read.ap_auto.float, i32 %window_i_0_1_promoted185"   --->   Operation 34 'read' 'window_i_0_1_promoted185_read' <Predicate = true> <Delay = 0.00>
ST_1 : Operation 35 [1/1] (0.00ns)   --->   "%window_i_0_0_promoted187_read = read i32 @_ssdm_op_Read.ap_auto.float, i32 %window_i_0_0_promoted187"   --->   Operation 35 'read' 'window_i_0_0_promoted187_read' <Predicate = true> <Delay = 0.00>
ST_1 : Operation 36 [1/1] (0.00ns)   --->   "%window_i_0_2_promoted189_read = read i32 @_ssdm_op_Read.ap_auto.float, i32 %window_i_0_2_promoted189"   --->   Operation 36 'read' 'window_i_0_2_promoted189_read' <Predicate = true> <Delay = 0.00>
ST_1 : Operation 37 [1/1] (0.00ns)   --->   "%window_i_2_1_promoted191_read = read i32 @_ssdm_op_Read.ap_auto.float, i32 %window_i_2_1_promoted191"   --->   Operation 37 'read' 'window_i_2_1_promoted191_read' <Predicate = true> <Delay = 0.00>
ST_1 : Operation 38 [1/1] (0.00ns)   --->   "%window_i_2_0_promoted193_read = read i32 @_ssdm_op_Read.ap_auto.float, i32 %window_i_2_0_promoted193"   --->   Operation 38 'read' 'window_i_2_0_promoted193_read' <Predicate = true> <Delay = 0.00>
ST_1 : Operation 39 [1/1] (0.00ns)   --->   "%window_i_2_2_promoted195_read = read i32 @_ssdm_op_Read.ap_auto.float, i32 %window_i_2_2_promoted195"   --->   Operation 39 'read' 'window_i_2_2_promoted195_read' <Predicate = true> <Delay = 0.00>
ST_1 : Operation 40 [1/1] (1.58ns)   --->   "%store_ln0 = store i32 %window_i_2_2_promoted195_read, i32 %empty_43"   --->   Operation 40 'store' 'store_ln0' <Predicate = true> <Delay = 1.58>
ST_1 : Operation 41 [1/1] (1.58ns)   --->   "%store_ln0 = store i32 %window_i_2_0_promoted193_read, i32 %empty_42"   --->   Operation 41 'store' 'store_ln0' <Predicate = true> <Delay = 1.58>
ST_1 : Operation 42 [1/1] (1.58ns)   --->   "%store_ln0 = store i32 %window_i_2_1_promoted191_read, i32 %empty_41"   --->   Operation 42 'store' 'store_ln0' <Predicate = true> <Delay = 1.58>
ST_1 : Operation 43 [1/1] (1.58ns)   --->   "%store_ln0 = store i32 %window_i_0_2_promoted189_read, i32 %empty_40"   --->   Operation 43 'store' 'store_ln0' <Predicate = true> <Delay = 1.58>
ST_1 : Operation 44 [1/1] (1.58ns)   --->   "%store_ln0 = store i32 %window_i_0_0_promoted187_read, i32 %empty_39"   --->   Operation 44 'store' 'store_ln0' <Predicate = true> <Delay = 1.58>
ST_1 : Operation 45 [1/1] (1.58ns)   --->   "%store_ln0 = store i32 %window_i_0_1_promoted185_read, i32 %empty_38"   --->   Operation 45 'store' 'store_ln0' <Predicate = true> <Delay = 1.58>
ST_1 : Operation 46 [1/1] (1.58ns)   --->   "%store_ln0 = store i32 %window_i_1_2_promoted183_read, i32 %empty_37"   --->   Operation 46 'store' 'store_ln0' <Predicate = true> <Delay = 1.58>
ST_1 : Operation 47 [1/1] (1.58ns)   --->   "%store_ln0 = store i32 %window_i_1_0_promoted181_read, i32 %empty_36"   --->   Operation 47 'store' 'store_ln0' <Predicate = true> <Delay = 1.58>
ST_1 : Operation 48 [1/1] (1.58ns)   --->   "%store_ln0 = store i32 %window_i_1_1_promoted179_read, i32 %empty"   --->   Operation 48 'store' 'store_ln0' <Predicate = true> <Delay = 1.58>
ST_1 : Operation 49 [1/1] (1.58ns)   --->   "%store_ln0 = store i32 %mux_case_281138_read, i32 %mux_case_281136"   --->   Operation 49 'store' 'store_ln0' <Predicate = true> <Delay = 1.58>
ST_1 : Operation 50 [1/1] (1.58ns)   --->   "%store_ln0 = store i32 %mux_case_179128_read, i32 %mux_case_179126"   --->   Operation 50 'store' 'store_ln0' <Predicate = true> <Delay = 1.58>
ST_1 : Operation 51 [1/1] (1.58ns)   --->   "%store_ln0 = store i32 %mux_case_077118_read, i32 %mux_case_077116"   --->   Operation 51 'store' 'store_ln0' <Predicate = true> <Delay = 1.58>
ST_1 : Operation 52 [1/1] (1.58ns)   --->   "%store_ln0 = store i32 %mux_case_2108_read, i32 %mux_case_2106"   --->   Operation 52 'store' 'store_ln0' <Predicate = true> <Delay = 1.58>
ST_1 : Operation 53 [1/1] (1.58ns)   --->   "%store_ln0 = store i32 %mux_case_198_read, i32 %mux_case_196"   --->   Operation 53 'store' 'store_ln0' <Predicate = true> <Delay = 1.58>
ST_1 : Operation 54 [1/1] (1.58ns)   --->   "%store_ln0 = store i32 %mux_case_088_read, i32 %mux_case_086"   --->   Operation 54 'store' 'store_ln0' <Predicate = true> <Delay = 1.58>
ST_1 : Operation 55 [1/1] (1.58ns)   --->   "%store_ln0 = store i4 0, i4 %indvar_flatten27"   --->   Operation 55 'store' 'store_ln0' <Predicate = true> <Delay = 1.58>
ST_1 : Operation 56 [1/1] (1.58ns)   --->   "%store_ln0 = store i2 0, i2 %wi"   --->   Operation 56 'store' 'store_ln0' <Predicate = true> <Delay = 1.58>
ST_1 : Operation 57 [1/1] (1.58ns)   --->   "%store_ln0 = store i2 0, i2 %wj"   --->   Operation 57 'store' 'store_ln0' <Predicate = true> <Delay = 1.58>
ST_1 : Operation 58 [1/1] (0.00ns)   --->   "%br_ln0 = br void %for.body5.i.i"   --->   Operation 58 'br' 'br_ln0' <Predicate = true> <Delay = 0.00>
ST_1 : Operation 59 [1/1] (0.00ns)   --->   "%indvar_flatten27_load = load i4 %indvar_flatten27" [codes_lab5/HLS_sources_final/templatedFuncs.h:49]   --->   Operation 59 'load' 'indvar_flatten27_load' <Predicate = true> <Delay = 0.00>
ST_1 : Operation 60 [1/1] (1.30ns)   --->   "%icmp_ln49 = icmp_eq  i4 %indvar_flatten27_load, i4 9" [codes_lab5/HLS_sources_final/templatedFuncs.h:49]   --->   Operation 60 'icmp' 'icmp_ln49' <Predicate = true> <Delay = 1.30> <CoreInst = "Cmp">   --->   Core 9 'Cmp' <Latency = 0> <II = 1> <Delay = 1.30> <FuncUnit> <Opcode : 'icmp'> <InPorts = 2> <OutPorts = 1>
ST_1 : Operation 61 [1/1] (1.73ns)   --->   "%add_ln49_1 = add i4 %indvar_flatten27_load, i4 1" [codes_lab5/HLS_sources_final/templatedFuncs.h:49]   --->   Operation 61 'add' 'add_ln49_1' <Predicate = true> <Delay = 1.73> <CoreInst = "Adder">   --->   Core 1 'Adder' <Latency = 0> <II = 1> <Delay = 1.73> <FuncUnit> <Opcode : 'add' 'sub'> <InPorts = 2> <OutPorts = 1>
ST_1 : Operation 62 [1/1] (0.00ns)   --->   "%br_ln49 = br i1 %icmp_ln49, void %for.cond.cleanup4.i.i, void %cond.true.i.loopexit7.exitStub" [codes_lab5/HLS_sources_final/templatedFuncs.h:49]   --->   Operation 62 'br' 'br_ln49' <Predicate = true> <Delay = 0.00>
ST_1 : Operation 63 [1/1] (0.00ns)   --->   "%wj_load = load i2 %wj" [codes_lab5/HLS_sources_final/templatedFuncs.h:50]   --->   Operation 63 'load' 'wj_load' <Predicate = (!icmp_ln49)> <Delay = 0.00>
ST_1 : Operation 64 [1/1] (0.00ns)   --->   "%wi_load = load i2 %wi" [codes_lab5/HLS_sources_final/templatedFuncs.h:49]   --->   Operation 64 'load' 'wi_load' <Predicate = (!icmp_ln49)> <Delay = 0.00>
ST_1 : Operation 65 [1/1] (1.56ns)   --->   "%add_ln49 = add i2 %wi_load, i2 1" [codes_lab5/HLS_sources_final/templatedFuncs.h:49]   --->   Operation 65 'add' 'add_ln49' <Predicate = (!icmp_ln49)> <Delay = 1.56> <CoreInst = "Adder">   --->   Core 1 'Adder' <Latency = 0> <II = 1> <Delay = 1.56> <FuncUnit> <Opcode : 'add' 'sub'> <InPorts = 2> <OutPorts = 1>
ST_1 : Operation 66 [1/1] (0.95ns)   --->   "%icmp_ln50 = icmp_eq  i2 %wj_load, i2 3" [codes_lab5/HLS_sources_final/templatedFuncs.h:50]   --->   Operation 66 'icmp' 'icmp_ln50' <Predicate = (!icmp_ln49)> <Delay = 0.95> <CoreInst = "Cmp">   --->   Core 9 'Cmp' <Latency = 0> <II = 1> <Delay = 0.95> <FuncUnit> <Opcode : 'icmp'> <InPorts = 2> <OutPorts = 1>
ST_1 : Operation 67 [1/1] (0.99ns)   --->   "%select_ln52 = select i1 %icmp_ln50, i2 0, i2 %wj_load" [codes_lab5/HLS_sources_final/templatedFuncs.h:52]   --->   Operation 67 'select' 'select_ln52' <Predicate = (!icmp_ln49)> <Delay = 0.99> <CoreInst = "Sel">   --->   Core 73 'Sel' <Latency = 0> <II = 1> <Delay = 0.99> <FuncUnit> <Opcode : 'select'> <InPorts = 3> <OutPorts = 1>
ST_1 : Operation 68 [1/1] (0.99ns)   --->   "%select_ln52_1 = select i1 %icmp_ln50, i2 %add_ln49, i2 %wi_load" [codes_lab5/HLS_sources_final/templatedFuncs.h:52]   --->   Operation 68 'select' 'select_ln52_1' <Predicate = (!icmp_ln49)> <Delay = 0.99> <CoreInst = "Sel">   --->   Core 73 'Sel' <Latency = 0> <II = 1> <Delay = 0.99> <FuncUnit> <Opcode : 'select'> <InPorts = 3> <OutPorts = 1>
ST_1 : Operation 69 [1/1] (0.95ns)   --->   "%switch_ln52 = switch i2 %select_ln52_1, void %arrayidx1410.i16.i.case.2, i2 0, void %arrayidx1410.i16.i.case.0, i2 1, void %arrayidx1410.i16.i.case.1" [codes_lab5/HLS_sources_final/templatedFuncs.h:52]   --->   Operation 69 'switch' 'switch_ln52' <Predicate = (!icmp_ln49)> <Delay = 0.95>
ST_1 : Operation 70 [1/1] (0.95ns)   --->   "%switch_ln52 = switch i2 %select_ln52, void %arrayidx1410.i16.i.case.270, i2 0, void %arrayidx1410.i16.i.case.1.arrayidx1410.i16.i.exit_crit_edge, i2 1, void %arrayidx1410.i16.i.case.1.arrayidx1410.i16.i.exit_crit_edge39" [codes_lab5/HLS_sources_final/templatedFuncs.h:52]   --->   Operation 70 'switch' 'switch_ln52' <Predicate = (!icmp_ln49 & select_ln52_1 == 1)> <Delay = 0.95>
ST_1 : Operation 71 [1/1] (0.95ns)   --->   "%switch_ln52 = switch i2 %select_ln52, void %arrayidx1410.i16.i.case.265, i2 0, void %arrayidx1410.i16.i.case.0.arrayidx1410.i16.i.exit_crit_edge, i2 1, void %arrayidx1410.i16.i.case.0.arrayidx1410.i16.i.exit_crit_edge35" [codes_lab5/HLS_sources_final/templatedFuncs.h:52]   --->   Operation 71 'switch' 'switch_ln52' <Predicate = (!icmp_ln49 & select_ln52_1 == 0)> <Delay = 0.95>
ST_1 : Operation 72 [1/1] (0.95ns)   --->   "%switch_ln52 = switch i2 %select_ln52, void %arrayidx1410.i16.i.case.275, i2 0, void %arrayidx1410.i16.i.case.2.arrayidx1410.i16.i.exit_crit_edge, i2 1, void %arrayidx1410.i16.i.case.2.arrayidx1410.i16.i.exit_crit_edge31" [codes_lab5/HLS_sources_final/templatedFuncs.h:52]   --->   Operation 72 'switch' 'switch_ln52' <Predicate = (!icmp_ln49 & select_ln52_1 != 0 & select_ln52_1 != 1)> <Delay = 0.95>
ST_1 : Operation 73 [1/1] (1.56ns)   --->   "%add_ln50 = add i2 %select_ln52, i2 1" [codes_lab5/HLS_sources_final/templatedFuncs.h:50]   --->   Operation 73 'add' 'add_ln50' <Predicate = (!icmp_ln49)> <Delay = 1.56> <CoreInst = "Adder">   --->   Core 1 'Adder' <Latency = 0> <II = 1> <Delay = 1.56> <FuncUnit> <Opcode : 'add' 'sub'> <InPorts = 2> <OutPorts = 1>
ST_1 : Operation 74 [1/1] (1.58ns)   --->   "%store_ln50 = store i4 %add_ln49_1, i4 %indvar_flatten27" [codes_lab5/HLS_sources_final/templatedFuncs.h:50]   --->   Operation 74 'store' 'store_ln50' <Predicate = (!icmp_ln49)> <Delay = 1.58>
ST_1 : Operation 75 [1/1] (1.58ns)   --->   "%store_ln50 = store i2 %select_ln52_1, i2 %wi" [codes_lab5/HLS_sources_final/templatedFuncs.h:50]   --->   Operation 75 'store' 'store_ln50' <Predicate = (!icmp_ln49)> <Delay = 1.58>
ST_1 : Operation 76 [1/1] (1.58ns)   --->   "%store_ln50 = store i2 %add_ln50, i2 %wj" [codes_lab5/HLS_sources_final/templatedFuncs.h:50]   --->   Operation 76 'store' 'store_ln50' <Predicate = (!icmp_ln49)> <Delay = 1.58>
ST_1 : Operation 77 [1/1] (0.00ns)   --->   "%br_ln50 = br void %for.body5.i.i" [codes_lab5/HLS_sources_final/templatedFuncs.h:50]   --->   Operation 77 'br' 'br_ln50' <Predicate = (!icmp_ln49)> <Delay = 0.00>

State 2 <SV = 1> <Delay = 6.76>
ST_2 : Operation 78 [1/1] (0.00ns)   --->   "%zext_ln52 = zext i2 %select_ln52_1" [codes_lab5/HLS_sources_final/templatedFuncs.h:52]   --->   Operation 78 'zext' 'zext_ln52' <Predicate = true> <Delay = 0.00>
ST_2 : Operation 79 [1/1] (1.78ns)   --->   "%add_ln52 = add i5 %select_ln139_1_read, i5 %zext_ln52" [codes_lab5/HLS_sources_final/templatedFuncs.h:52]   --->   Operation 79 'add' 'add_ln52' <Predicate = true> <Delay = 1.78> <CoreInst = "Adder">   --->   Core 1 'Adder' <Latency = 0> <II = 1> <Delay = 1.78> <FuncUnit> <Opcode : 'add' 'sub'> <InPorts = 2> <OutPorts = 1>
ST_2 : Operation 80 [1/1] (0.00ns)   --->   "%tmp_s = bitconcatenate i10 @_ssdm_op_BitConcatenate.i10.i5.i5, i5 %add_ln52, i5 0" [codes_lab5/HLS_sources_final/templatedFuncs.h:52]   --->   Operation 80 'bitconcatenate' 'tmp_s' <Predicate = true> <Delay = 0.00>
ST_2 : Operation 81 [1/1] (0.00ns)   --->   "%zext_ln52_1 = zext i10 %tmp_s" [codes_lab5/HLS_sources_final/templatedFuncs.h:52]   --->   Operation 81 'zext' 'zext_ln52_1' <Predicate = true> <Delay = 0.00>
ST_2 : Operation 82 [1/1] (0.00ns)   --->   "%tmp_23 = bitconcatenate i7 @_ssdm_op_BitConcatenate.i7.i5.i2, i5 %add_ln52, i2 0" [codes_lab5/HLS_sources_final/templatedFuncs.h:52]   --->   Operation 82 'bitconcatenate' 'tmp_23' <Predicate = true> <Delay = 0.00>
ST_2 : Operation 83 [1/1] (0.00ns)   --->   "%zext_ln52_2 = zext i7 %tmp_23" [codes_lab5/HLS_sources_final/templatedFuncs.h:52]   --->   Operation 83 'zext' 'zext_ln52_2' <Predicate = true> <Delay = 0.00>
ST_2 : Operation 84 [1/1] (1.73ns)   --->   "%sub_ln52 = sub i11 %zext_ln52_1, i11 %zext_ln52_2" [codes_lab5/HLS_sources_final/templatedFuncs.h:52]   --->   Operation 84 'sub' 'sub_ln52' <Predicate = true> <Delay = 1.73> <CoreInst = "Adder">   --->   Core 1 'Adder' <Latency = 0> <II = 1> <Delay = 1.63> <FuncUnit> <Opcode : 'add' 'sub'> <InPorts = 2> <OutPorts = 1>
ST_2 : Operation 85 [1/1] (0.00ns)   --->   "%tmp_36_cast = partselect i8 @_ssdm_op_PartSelect.i8.i11.i32.i32, i11 %sub_ln52, i32 2, i32 9" [codes_lab5/HLS_sources_final/templatedFuncs.h:52]   --->   Operation 85 'partselect' 'tmp_36_cast' <Predicate = true> <Delay = 0.00>
ST_2 : Operation 86 [1/1] (0.00ns)   --->   "%tmp_24 = bitconcatenate i10 @_ssdm_op_BitConcatenate.i10.i8.i2, i8 %tmp_36_cast, i2 %select_ln52" [codes_lab5/HLS_sources_final/templatedFuncs.h:52]   --->   Operation 86 'bitconcatenate' 'tmp_24' <Predicate = true> <Delay = 0.00>
ST_2 : Operation 87 [1/1] (0.00ns)   --->   "%zext_ln52_3 = zext i10 %tmp_24" [codes_lab5/HLS_sources_final/templatedFuncs.h:52]   --->   Operation 87 'zext' 'zext_ln52_3' <Predicate = true> <Delay = 0.00>
ST_2 : Operation 88 [1/1] (0.00ns)   --->   "%mem_1_0_addr = getelementptr i32 %mem_1_0, i64 0, i64 %zext_ln52_3" [codes_lab5/HLS_sources_final/templatedFuncs.h:52]   --->   Operation 88 'getelementptr' 'mem_1_0_addr' <Predicate = true> <Delay = 0.00>
ST_2 : Operation 89 [2/2] (3.25ns)   --->   "%mem_1_0_load = load i10 %mem_1_0_addr" [codes_lab5/HLS_sources_final/templatedFuncs.h:52]   --->   Operation 89 'load' 'mem_1_0_load' <Predicate = true> <Delay = 3.25> <CoreInst = "RAM">   --->   Core 82 'RAM' <Latency = 1> <II = 1> <Delay = 3.25> <Storage> <Opcode : 'load' 'store'> <Ports = 2> <Width = 32> <Depth = 784> <RAM>
ST_2 : Operation 119 [1/1] (0.00ns)   --->   "%mux_case_086_load = load i32 %mux_case_086"   --->   Operation 119 'load' 'mux_case_086_load' <Predicate = (icmp_ln49)> <Delay = 0.00>
ST_2 : Operation 120 [1/1] (0.00ns)   --->   "%mux_case_196_load = load i32 %mux_case_196"   --->   Operation 120 'load' 'mux_case_196_load' <Predicate = (icmp_ln49)> <Delay = 0.00>
ST_2 : Operation 121 [1/1] (0.00ns)   --->   "%mux_case_2106_load = load i32 %mux_case_2106"   --->   Operation 121 'load' 'mux_case_2106_load' <Predicate = (icmp_ln49)> <Delay = 0.00>
ST_2 : Operation 122 [1/1] (0.00ns)   --->   "%mux_case_077116_load = load i32 %mux_case_077116"   --->   Operation 122 'load' 'mux_case_077116_load' <Predicate = (icmp_ln49)> <Delay = 0.00>
ST_2 : Operation 123 [1/1] (0.00ns)   --->   "%mux_case_179126_load = load i32 %mux_case_179126"   --->   Operation 123 'load' 'mux_case_179126_load' <Predicate = (icmp_ln49)> <Delay = 0.00>
ST_2 : Operation 124 [1/1] (0.00ns)   --->   "%mux_case_281136_load = load i32 %mux_case_281136"   --->   Operation 124 'load' 'mux_case_281136_load' <Predicate = (icmp_ln49)> <Delay = 0.00>
ST_2 : Operation 125 [1/1] (0.00ns)   --->   "%p_load40 = load i32 %empty"   --->   Operation 125 'load' 'p_load40' <Predicate = (icmp_ln49)> <Delay = 0.00>
ST_2 : Operation 126 [1/1] (0.00ns)   --->   "%p_load38 = load i32 %empty_36"   --->   Operation 126 'load' 'p_load38' <Predicate = (icmp_ln49)> <Delay = 0.00>
ST_2 : Operation 127 [1/1] (0.00ns)   --->   "%p_load37 = load i32 %empty_37"   --->   Operation 127 'load' 'p_load37' <Predicate = (icmp_ln49)> <Delay = 0.00>
ST_2 : Operation 128 [1/1] (0.00ns)   --->   "%p_load36 = load i32 %empty_38"   --->   Operation 128 'load' 'p_load36' <Predicate = (icmp_ln49)> <Delay = 0.00>
ST_2 : Operation 129 [1/1] (0.00ns)   --->   "%p_load34 = load i32 %empty_39"   --->   Operation 129 'load' 'p_load34' <Predicate = (icmp_ln49)> <Delay = 0.00>
ST_2 : Operation 130 [1/1] (0.00ns)   --->   "%p_load33 = load i32 %empty_40"   --->   Operation 130 'load' 'p_load33' <Predicate = (icmp_ln49)> <Delay = 0.00>
ST_2 : Operation 131 [1/1] (0.00ns)   --->   "%p_load32 = load i32 %empty_41"   --->   Operation 131 'load' 'p_load32' <Predicate = (icmp_ln49)> <Delay = 0.00>
ST_2 : Operation 132 [1/1] (0.00ns)   --->   "%p_load30 = load i32 %empty_42"   --->   Operation 132 'load' 'p_load30' <Predicate = (icmp_ln49)> <Delay = 0.00>
ST_2 : Operation 133 [1/1] (0.00ns)   --->   "%p_load = load i32 %empty_43"   --->   Operation 133 'load' 'p_load' <Predicate = (icmp_ln49)> <Delay = 0.00>
ST_2 : Operation 134 [1/1] (0.00ns)   --->   "%write_ln0 = write void @_ssdm_op_Write.ap_auto.floatP0A, i32 %p_out, i32 %p_load"   --->   Operation 134 'write' 'write_ln0' <Predicate = (icmp_ln49)> <Delay = 0.00>
ST_2 : Operation 135 [1/1] (0.00ns)   --->   "%write_ln0 = write void @_ssdm_op_Write.ap_auto.floatP0A, i32 %p_out1, i32 %p_load30"   --->   Operation 135 'write' 'write_ln0' <Predicate = (icmp_ln49)> <Delay = 0.00>
ST_2 : Operation 136 [1/1] (0.00ns)   --->   "%write_ln0 = write void @_ssdm_op_Write.ap_auto.floatP0A, i32 %p_out2, i32 %p_load32"   --->   Operation 136 'write' 'write_ln0' <Predicate = (icmp_ln49)> <Delay = 0.00>
ST_2 : Operation 137 [1/1] (0.00ns)   --->   "%write_ln0 = write void @_ssdm_op_Write.ap_auto.floatP0A, i32 %p_out3, i32 %p_load33"   --->   Operation 137 'write' 'write_ln0' <Predicate = (icmp_ln49)> <Delay = 0.00>
ST_2 : Operation 138 [1/1] (0.00ns)   --->   "%write_ln0 = write void @_ssdm_op_Write.ap_auto.floatP0A, i32 %p_out4, i32 %p_load34"   --->   Operation 138 'write' 'write_ln0' <Predicate = (icmp_ln49)> <Delay = 0.00>
ST_2 : Operation 139 [1/1] (0.00ns)   --->   "%write_ln0 = write void @_ssdm_op_Write.ap_auto.floatP0A, i32 %p_out5, i32 %p_load36"   --->   Operation 139 'write' 'write_ln0' <Predicate = (icmp_ln49)> <Delay = 0.00>
ST_2 : Operation 140 [1/1] (0.00ns)   --->   "%write_ln0 = write void @_ssdm_op_Write.ap_auto.floatP0A, i32 %p_out6, i32 %p_load37"   --->   Operation 140 'write' 'write_ln0' <Predicate = (icmp_ln49)> <Delay = 0.00>
ST_2 : Operation 141 [1/1] (0.00ns)   --->   "%write_ln0 = write void @_ssdm_op_Write.ap_auto.floatP0A, i32 %p_out7, i32 %p_load38"   --->   Operation 141 'write' 'write_ln0' <Predicate = (icmp_ln49)> <Delay = 0.00>
ST_2 : Operation 142 [1/1] (0.00ns)   --->   "%write_ln0 = write void @_ssdm_op_Write.ap_auto.floatP0A, i32 %p_out8, i32 %p_load40"   --->   Operation 142 'write' 'write_ln0' <Predicate = (icmp_ln49)> <Delay = 0.00>
ST_2 : Operation 143 [1/1] (0.00ns)   --->   "%write_ln0 = write void @_ssdm_op_Write.ap_auto.floatP0A, i32 %mux_case_281136_out, i32 %mux_case_281136_load"   --->   Operation 143 'write' 'write_ln0' <Predicate = (icmp_ln49)> <Delay = 0.00>
ST_2 : Operation 144 [1/1] (0.00ns)   --->   "%write_ln0 = write void @_ssdm_op_Write.ap_auto.floatP0A, i32 %mux_case_179126_out, i32 %mux_case_179126_load"   --->   Operation 144 'write' 'write_ln0' <Predicate = (icmp_ln49)> <Delay = 0.00>
ST_2 : Operation 145 [1/1] (0.00ns)   --->   "%write_ln0 = write void @_ssdm_op_Write.ap_auto.floatP0A, i32 %mux_case_077116_out, i32 %mux_case_077116_load"   --->   Operation 145 'write' 'write_ln0' <Predicate = (icmp_ln49)> <Delay = 0.00>
ST_2 : Operation 146 [1/1] (0.00ns)   --->   "%write_ln0 = write void @_ssdm_op_Write.ap_auto.floatP0A, i32 %mux_case_2106_out, i32 %mux_case_2106_load"   --->   Operation 146 'write' 'write_ln0' <Predicate = (icmp_ln49)> <Delay = 0.00>
ST_2 : Operation 147 [1/1] (0.00ns)   --->   "%write_ln0 = write void @_ssdm_op_Write.ap_auto.floatP0A, i32 %mux_case_196_out, i32 %mux_case_196_load"   --->   Operation 147 'write' 'write_ln0' <Predicate = (icmp_ln49)> <Delay = 0.00>
ST_2 : Operation 148 [1/1] (0.00ns)   --->   "%write_ln0 = write void @_ssdm_op_Write.ap_auto.floatP0A, i32 %mux_case_086_out, i32 %mux_case_086_load"   --->   Operation 148 'write' 'write_ln0' <Predicate = (icmp_ln49)> <Delay = 0.00>
ST_2 : Operation 149 [1/1] (0.00ns)   --->   "%ret_ln0 = ret"   --->   Operation 149 'ret' 'ret_ln0' <Predicate = (icmp_ln49)> <Delay = 0.00>

State 3 <SV = 2> <Delay = 4.84>
ST_3 : Operation 90 [1/1] (0.00ns)   --->   "%specloopname_ln0 = specloopname void @_ssdm_op_SpecLoopName, void @loadWinFull_VITIS_LOOP_50_1_str"   --->   Operation 90 'specloopname' 'specloopname_ln0' <Predicate = true> <Delay = 0.00>
ST_3 : Operation 91 [1/1] (0.00ns)   --->   "%empty_44 = speclooptripcount i32 @_ssdm_op_SpecLoopTripCount, i64 9, i64 9, i64 9"   --->   Operation 91 'speclooptripcount' 'empty_44' <Predicate = true> <Delay = 0.00>
ST_3 : Operation 92 [1/1] (0.00ns)   --->   "%specpipeline_ln51 = specpipeline void @_ssdm_op_SpecPipeline, i32 4294967295, i32 0, i32 0, i32 0, void @empty_9" [codes_lab5/HLS_sources_final/templatedFuncs.h:51]   --->   Operation 92 'specpipeline' 'specpipeline_ln51' <Predicate = true> <Delay = 0.00>
ST_3 : Operation 93 [1/1] (0.00ns)   --->   "%specloopname_ln50 = specloopname void @_ssdm_op_SpecLoopName, void @empty_13" [codes_lab5/HLS_sources_final/templatedFuncs.h:50]   --->   Operation 93 'specloopname' 'specloopname_ln50' <Predicate = true> <Delay = 0.00>
ST_3 : Operation 94 [1/2] (3.25ns)   --->   "%mem_1_0_load = load i10 %mem_1_0_addr" [codes_lab5/HLS_sources_final/templatedFuncs.h:52]   --->   Operation 94 'load' 'mem_1_0_load' <Predicate = true> <Delay = 3.25> <CoreInst = "RAM">   --->   Core 82 'RAM' <Latency = 1> <II = 1> <Delay = 3.25> <Storage> <Opcode : 'load' 'store'> <Ports = 2> <Width = 32> <Depth = 784> <RAM>
ST_3 : Operation 95 [1/1] (1.58ns)   --->   "%store_ln52 = store i32 %mem_1_0_load, i32 %empty" [codes_lab5/HLS_sources_final/templatedFuncs.h:52]   --->   Operation 95 'store' 'store_ln52' <Predicate = (select_ln52_1 == 1 & select_ln52 == 1)> <Delay = 1.58>
ST_3 : Operation 96 [1/1] (1.58ns)   --->   "%store_ln52 = store i32 %mem_1_0_load, i32 %mux_case_196" [codes_lab5/HLS_sources_final/templatedFuncs.h:52]   --->   Operation 96 'store' 'store_ln52' <Predicate = (select_ln52_1 == 1 & select_ln52 == 1)> <Delay = 1.58>
ST_3 : Operation 97 [1/1] (0.00ns)   --->   "%br_ln52 = br void %arrayidx1410.i16.i.exit" [codes_lab5/HLS_sources_final/templatedFuncs.h:52]   --->   Operation 97 'br' 'br_ln52' <Predicate = (select_ln52_1 == 1 & select_ln52 == 1)> <Delay = 0.00>
ST_3 : Operation 98 [1/1] (1.58ns)   --->   "%store_ln52 = store i32 %mem_1_0_load, i32 %empty_36" [codes_lab5/HLS_sources_final/templatedFuncs.h:52]   --->   Operation 98 'store' 'store_ln52' <Predicate = (select_ln52_1 == 1 & select_ln52 == 0)> <Delay = 1.58>
ST_3 : Operation 99 [1/1] (0.00ns)   --->   "%br_ln52 = br void %arrayidx1410.i16.i.exit" [codes_lab5/HLS_sources_final/templatedFuncs.h:52]   --->   Operation 99 'br' 'br_ln52' <Predicate = (select_ln52_1 == 1 & select_ln52 == 0)> <Delay = 0.00>
ST_3 : Operation 100 [1/1] (1.58ns)   --->   "%store_ln52 = store i32 %mem_1_0_load, i32 %empty_37" [codes_lab5/HLS_sources_final/templatedFuncs.h:52]   --->   Operation 100 'store' 'store_ln52' <Predicate = (select_ln52_1 == 1 & select_ln52 != 0 & select_ln52 != 1)> <Delay = 1.58>
ST_3 : Operation 101 [1/1] (1.58ns)   --->   "%store_ln52 = store i32 %mem_1_0_load, i32 %mux_case_179126" [codes_lab5/HLS_sources_final/templatedFuncs.h:52]   --->   Operation 101 'store' 'store_ln52' <Predicate = (select_ln52_1 == 1 & select_ln52 != 0 & select_ln52 != 1)> <Delay = 1.58>
ST_3 : Operation 102 [1/1] (0.00ns)   --->   "%br_ln52 = br void %arrayidx1410.i16.i.exit" [codes_lab5/HLS_sources_final/templatedFuncs.h:52]   --->   Operation 102 'br' 'br_ln52' <Predicate = (select_ln52_1 == 1 & select_ln52 != 0 & select_ln52 != 1)> <Delay = 0.00>
ST_3 : Operation 103 [1/1] (1.58ns)   --->   "%store_ln52 = store i32 %mem_1_0_load, i32 %empty_38" [codes_lab5/HLS_sources_final/templatedFuncs.h:52]   --->   Operation 103 'store' 'store_ln52' <Predicate = (select_ln52_1 == 0 & select_ln52 == 1)> <Delay = 1.58>
ST_3 : Operation 104 [1/1] (1.58ns)   --->   "%store_ln52 = store i32 %mem_1_0_load, i32 %mux_case_086" [codes_lab5/HLS_sources_final/templatedFuncs.h:52]   --->   Operation 104 'store' 'store_ln52' <Predicate = (select_ln52_1 == 0 & select_ln52 == 1)> <Delay = 1.58>
ST_3 : Operation 105 [1/1] (0.00ns)   --->   "%br_ln52 = br void %arrayidx1410.i16.i.exit" [codes_lab5/HLS_sources_final/templatedFuncs.h:52]   --->   Operation 105 'br' 'br_ln52' <Predicate = (select_ln52_1 == 0 & select_ln52 == 1)> <Delay = 0.00>
ST_3 : Operation 106 [1/1] (1.58ns)   --->   "%store_ln52 = store i32 %mem_1_0_load, i32 %empty_39" [codes_lab5/HLS_sources_final/templatedFuncs.h:52]   --->   Operation 106 'store' 'store_ln52' <Predicate = (select_ln52_1 == 0 & select_ln52 == 0)> <Delay = 1.58>
ST_3 : Operation 107 [1/1] (0.00ns)   --->   "%br_ln52 = br void %arrayidx1410.i16.i.exit" [codes_lab5/HLS_sources_final/templatedFuncs.h:52]   --->   Operation 107 'br' 'br_ln52' <Predicate = (select_ln52_1 == 0 & select_ln52 == 0)> <Delay = 0.00>
ST_3 : Operation 108 [1/1] (1.58ns)   --->   "%store_ln52 = store i32 %mem_1_0_load, i32 %empty_40" [codes_lab5/HLS_sources_final/templatedFuncs.h:52]   --->   Operation 108 'store' 'store_ln52' <Predicate = (select_ln52_1 == 0 & select_ln52 != 0 & select_ln52 != 1)> <Delay = 1.58>
ST_3 : Operation 109 [1/1] (1.58ns)   --->   "%store_ln52 = store i32 %mem_1_0_load, i32 %mux_case_077116" [codes_lab5/HLS_sources_final/templatedFuncs.h:52]   --->   Operation 109 'store' 'store_ln52' <Predicate = (select_ln52_1 == 0 & select_ln52 != 0 & select_ln52 != 1)> <Delay = 1.58>
ST_3 : Operation 110 [1/1] (0.00ns)   --->   "%br_ln52 = br void %arrayidx1410.i16.i.exit" [codes_lab5/HLS_sources_final/templatedFuncs.h:52]   --->   Operation 110 'br' 'br_ln52' <Predicate = (select_ln52_1 == 0 & select_ln52 != 0 & select_ln52 != 1)> <Delay = 0.00>
ST_3 : Operation 111 [1/1] (1.58ns)   --->   "%store_ln52 = store i32 %mem_1_0_load, i32 %empty_41" [codes_lab5/HLS_sources_final/templatedFuncs.h:52]   --->   Operation 111 'store' 'store_ln52' <Predicate = (select_ln52_1 != 0 & select_ln52_1 != 1 & select_ln52 == 1)> <Delay = 1.58>
ST_3 : Operation 112 [1/1] (1.58ns)   --->   "%store_ln52 = store i32 %mem_1_0_load, i32 %mux_case_2106" [codes_lab5/HLS_sources_final/templatedFuncs.h:52]   --->   Operation 112 'store' 'store_ln52' <Predicate = (select_ln52_1 != 0 & select_ln52_1 != 1 & select_ln52 == 1)> <Delay = 1.58>
ST_3 : Operation 113 [1/1] (0.00ns)   --->   "%br_ln52 = br void %arrayidx1410.i16.i.exit" [codes_lab5/HLS_sources_final/templatedFuncs.h:52]   --->   Operation 113 'br' 'br_ln52' <Predicate = (select_ln52_1 != 0 & select_ln52_1 != 1 & select_ln52 == 1)> <Delay = 0.00>
ST_3 : Operation 114 [1/1] (1.58ns)   --->   "%store_ln52 = store i32 %mem_1_0_load, i32 %empty_42" [codes_lab5/HLS_sources_final/templatedFuncs.h:52]   --->   Operation 114 'store' 'store_ln52' <Predicate = (select_ln52_1 != 0 & select_ln52_1 != 1 & select_ln52 == 0)> <Delay = 1.58>
ST_3 : Operation 115 [1/1] (0.00ns)   --->   "%br_ln52 = br void %arrayidx1410.i16.i.exit" [codes_lab5/HLS_sources_final/templatedFuncs.h:52]   --->   Operation 115 'br' 'br_ln52' <Predicate = (select_ln52_1 != 0 & select_ln52_1 != 1 & select_ln52 == 0)> <Delay = 0.00>
ST_3 : Operation 116 [1/1] (1.58ns)   --->   "%store_ln52 = store i32 %mem_1_0_load, i32 %empty_43" [codes_lab5/HLS_sources_final/templatedFuncs.h:52]   --->   Operation 116 'store' 'store_ln52' <Predicate = (select_ln52_1 != 0 & select_ln52_1 != 1 & select_ln52 != 0 & select_ln52 != 1)> <Delay = 1.58>
ST_3 : Operation 117 [1/1] (1.58ns)   --->   "%store_ln52 = store i32 %mem_1_0_load, i32 %mux_case_281136" [codes_lab5/HLS_sources_final/templatedFuncs.h:52]   --->   Operation 117 'store' 'store_ln52' <Predicate = (select_ln52_1 != 0 & select_ln52_1 != 1 & select_ln52 != 0 & select_ln52 != 1)> <Delay = 1.58>
ST_3 : Operation 118 [1/1] (0.00ns)   --->   "%br_ln52 = br void %arrayidx1410.i16.i.exit" [codes_lab5/HLS_sources_final/templatedFuncs.h:52]   --->   Operation 118 'br' 'br_ln52' <Predicate = (select_ln52_1 != 0 & select_ln52_1 != 1 & select_ln52 != 0 & select_ln52 != 1)> <Delay = 0.00>


============================================================
+ Verbose Summary: Binding
============================================================
STG Binding: 
---------------- STG Properties BEGIN ----------------
- Is combinational: 0
- Is one-state seq: 0
- Is datapath-only: 0
- Is pipelined: 0
- Is top level: 0
Port [ Return ] is wired: 1; IO mode=ap_ctrl_hs:ce=0
Port [ window_i_2_2_promoted195]:  wired=1; compound=0; hidden=0; nouse=0; global=0; static=0; extern=0; dir=0; type=0; pingpong=0; private_global=0; IO mode=ap_none:ce=0
Port [ window_i_2_0_promoted193]:  wired=1; compound=0; hidden=0; nouse=0; global=0; static=0; extern=0; dir=0; type=0; pingpong=0; private_global=0; IO mode=ap_none:ce=0
Port [ window_i_2_1_promoted191]:  wired=1; compound=0; hidden=0; nouse=0; global=0; static=0; extern=0; dir=0; type=0; pingpong=0; private_global=0; IO mode=ap_none:ce=0
Port [ window_i_0_2_promoted189]:  wired=1; compound=0; hidden=0; nouse=0; global=0; static=0; extern=0; dir=0; type=0; pingpong=0; private_global=0; IO mode=ap_none:ce=0
Port [ window_i_0_0_promoted187]:  wired=1; compound=0; hidden=0; nouse=0; global=0; static=0; extern=0; dir=0; type=0; pingpong=0; private_global=0; IO mode=ap_none:ce=0
Port [ window_i_0_1_promoted185]:  wired=1; compound=0; hidden=0; nouse=0; global=0; static=0; extern=0; dir=0; type=0; pingpong=0; private_global=0; IO mode=ap_none:ce=0
Port [ window_i_1_2_promoted183]:  wired=1; compound=0; hidden=0; nouse=0; global=0; static=0; extern=0; dir=0; type=0; pingpong=0; private_global=0; IO mode=ap_none:ce=0
Port [ window_i_1_0_promoted181]:  wired=1; compound=0; hidden=0; nouse=0; global=0; static=0; extern=0; dir=0; type=0; pingpong=0; private_global=0; IO mode=ap_none:ce=0
Port [ window_i_1_1_promoted179]:  wired=1; compound=0; hidden=0; nouse=0; global=0; static=0; extern=0; dir=0; type=0; pingpong=0; private_global=0; IO mode=ap_none:ce=0
Port [ mux_case_281138]:  wired=1; compound=0; hidden=0; nouse=0; global=0; static=0; extern=0; dir=0; type=0; pingpong=0; private_global=0; IO mode=ap_none:ce=0
Port [ mux_case_179128]:  wired=1; compound=0; hidden=0; nouse=0; global=0; static=0; extern=0; dir=0; type=0; pingpong=0; private_global=0; IO mode=ap_none:ce=0
Port [ mux_case_077118]:  wired=1; compound=0; hidden=0; nouse=0; global=0; static=0; extern=0; dir=0; type=0; pingpong=0; private_global=0; IO mode=ap_none:ce=0
Port [ mux_case_2108]:  wired=1; compound=0; hidden=0; nouse=0; global=0; static=0; extern=0; dir=0; type=0; pingpong=0; private_global=0; IO mode=ap_none:ce=0
Port [ mux_case_198]:  wired=1; compound=0; hidden=0; nouse=0; global=0; static=0; extern=0; dir=0; type=0; pingpong=0; private_global=0; IO mode=ap_none:ce=0
Port [ mux_case_088]:  wired=1; compound=0; hidden=0; nouse=0; global=0; static=0; extern=0; dir=0; type=0; pingpong=0; private_global=0; IO mode=ap_none:ce=0
Port [ select_ln139_1]:  wired=1; compound=0; hidden=0; nouse=0; global=0; static=0; extern=0; dir=0; type=0; pingpong=0; private_global=0; IO mode=ap_none:ce=0
Port [ mem_1_0]:  wired=1; compound=1; hidden=0; nouse=0; global=0; static=0; extern=0; dir=0; type=1; pingpong=1; private_global=0; MemPort=[13]; IO mode=ap_memory:ce=0
Port [ p_out]:  wired=1; compound=0; hidden=0; nouse=0; global=0; static=0; extern=0; dir=1; type=0; pingpong=0; private_global=0; IO mode=ap_vld:ce=0
Port [ p_out1]:  wired=1; compound=0; hidden=0; nouse=0; global=0; static=0; extern=0; dir=1; type=0; pingpong=0; private_global=0; IO mode=ap_vld:ce=0
Port [ p_out2]:  wired=1; compound=0; hidden=0; nouse=0; global=0; static=0; extern=0; dir=1; type=0; pingpong=0; private_global=0; IO mode=ap_vld:ce=0
Port [ p_out3]:  wired=1; compound=0; hidden=0; nouse=0; global=0; static=0; extern=0; dir=1; type=0; pingpong=0; private_global=0; IO mode=ap_vld:ce=0
Port [ p_out4]:  wired=1; compound=0; hidden=0; nouse=0; global=0; static=0; extern=0; dir=1; type=0; pingpong=0; private_global=0; IO mode=ap_vld:ce=0
Port [ p_out5]:  wired=1; compound=0; hidden=0; nouse=0; global=0; static=0; extern=0; dir=1; type=0; pingpong=0; private_global=0; IO mode=ap_vld:ce=0
Port [ p_out6]:  wired=1; compound=0; hidden=0; nouse=0; global=0; static=0; extern=0; dir=1; type=0; pingpong=0; private_global=0; IO mode=ap_vld:ce=0
Port [ p_out7]:  wired=1; compound=0; hidden=0; nouse=0; global=0; static=0; extern=0; dir=1; type=0; pingpong=0; private_global=0; IO mode=ap_vld:ce=0
Port [ p_out8]:  wired=1; compound=0; hidden=0; nouse=0; global=0; static=0; extern=0; dir=1; type=0; pingpong=0; private_global=0; IO mode=ap_vld:ce=0
Port [ mux_case_281136_out]:  wired=1; compound=0; hidden=0; nouse=0; global=0; static=0; extern=0; dir=1; type=0; pingpong=0; private_global=0; IO mode=ap_vld:ce=0
Port [ mux_case_179126_out]:  wired=1; compound=0; hidden=0; nouse=0; global=0; static=0; extern=0; dir=1; type=0; pingpong=0; private_global=0; IO mode=ap_vld:ce=0
Port [ mux_case_077116_out]:  wired=1; compound=0; hidden=0; nouse=0; global=0; static=0; extern=0; dir=1; type=0; pingpong=0; private_global=0; IO mode=ap_vld:ce=0
Port [ mux_case_2106_out]:  wired=1; compound=0; hidden=0; nouse=0; global=0; static=0; extern=0; dir=1; type=0; pingpong=0; private_global=0; IO mode=ap_vld:ce=0
Port [ mux_case_196_out]:  wired=1; compound=0; hidden=0; nouse=0; global=0; static=0; extern=0; dir=1; type=0; pingpong=0; private_global=0; IO mode=ap_vld:ce=0
Port [ mux_case_086_out]:  wired=1; compound=0; hidden=0; nouse=0; global=0; static=0; extern=0; dir=1; type=0; pingpong=0; private_global=0; IO mode=ap_vld:ce=0
---------------- STG Properties END ------------------

---------------- Datapath Model BEGIN ----------------

<LifeTime>
<method=bitvector/>
wj                            (alloca           ) [ 0100]
wi                            (alloca           ) [ 0100]
indvar_flatten27              (alloca           ) [ 0100]
mux_case_086                  (alloca           ) [ 0111]
mux_case_196                  (alloca           ) [ 0111]
mux_case_2106                 (alloca           ) [ 0111]
mux_case_077116               (alloca           ) [ 0111]
mux_case_179126               (alloca           ) [ 0111]
mux_case_281136               (alloca           ) [ 0111]
empty                         (alloca           ) [ 0111]
empty_36                      (alloca           ) [ 0111]
empty_37                      (alloca           ) [ 0111]
empty_38                      (alloca           ) [ 0111]
empty_39                      (alloca           ) [ 0111]
empty_40                      (alloca           ) [ 0111]
empty_41                      (alloca           ) [ 0111]
empty_42                      (alloca           ) [ 0111]
empty_43                      (alloca           ) [ 0111]
select_ln139_1_read           (read             ) [ 0110]
mux_case_088_read             (read             ) [ 0000]
mux_case_198_read             (read             ) [ 0000]
mux_case_2108_read            (read             ) [ 0000]
mux_case_077118_read          (read             ) [ 0000]
mux_case_179128_read          (read             ) [ 0000]
mux_case_281138_read          (read             ) [ 0000]
window_i_1_1_promoted179_read (read             ) [ 0000]
window_i_1_0_promoted181_read (read             ) [ 0000]
window_i_1_2_promoted183_read (read             ) [ 0000]
window_i_0_1_promoted185_read (read             ) [ 0000]
window_i_0_0_promoted187_read (read             ) [ 0000]
window_i_0_2_promoted189_read (read             ) [ 0000]
window_i_2_1_promoted191_read (read             ) [ 0000]
window_i_2_0_promoted193_read (read             ) [ 0000]
window_i_2_2_promoted195_read (read             ) [ 0000]
store_ln0                     (store            ) [ 0000]
store_ln0                     (store            ) [ 0000]
store_ln0                     (store            ) [ 0000]
store_ln0                     (store            ) [ 0000]
store_ln0                     (store            ) [ 0000]
store_ln0                     (store            ) [ 0000]
store_ln0                     (store            ) [ 0000]
store_ln0                     (store            ) [ 0000]
store_ln0                     (store            ) [ 0000]
store_ln0                     (store            ) [ 0000]
store_ln0                     (store            ) [ 0000]
store_ln0                     (store            ) [ 0000]
store_ln0                     (store            ) [ 0000]
store_ln0                     (store            ) [ 0000]
store_ln0                     (store            ) [ 0000]
store_ln0                     (store            ) [ 0000]
store_ln0                     (store            ) [ 0000]
store_ln0                     (store            ) [ 0000]
br_ln0                        (br               ) [ 0000]
indvar_flatten27_load         (load             ) [ 0000]
icmp_ln49                     (icmp             ) [ 0110]
add_ln49_1                    (add              ) [ 0000]
br_ln49                       (br               ) [ 0000]
wj_load                       (load             ) [ 0000]
wi_load                       (load             ) [ 0000]
add_ln49                      (add              ) [ 0000]
icmp_ln50                     (icmp             ) [ 0000]
select_ln52                   (select           ) [ 0111]
select_ln52_1                 (select           ) [ 0111]
switch_ln52                   (switch           ) [ 0000]
switch_ln52                   (switch           ) [ 0000]
switch_ln52                   (switch           ) [ 0000]
switch_ln52                   (switch           ) [ 0000]
add_ln50                      (add              ) [ 0000]
store_ln50                    (store            ) [ 0000]
store_ln50                    (store            ) [ 0000]
store_ln50                    (store            ) [ 0000]
br_ln50                       (br               ) [ 0000]
zext_ln52                     (zext             ) [ 0000]
add_ln52                      (add              ) [ 0000]
tmp_s                         (bitconcatenate   ) [ 0000]
zext_ln52_1                   (zext             ) [ 0000]
tmp_23                        (bitconcatenate   ) [ 0000]
zext_ln52_2                   (zext             ) [ 0000]
sub_ln52                      (sub              ) [ 0000]
tmp_36_cast                   (partselect       ) [ 0000]
tmp_24                        (bitconcatenate   ) [ 0000]
zext_ln52_3                   (zext             ) [ 0000]
mem_1_0_addr                  (getelementptr    ) [ 0101]
specloopname_ln0              (specloopname     ) [ 0000]
empty_44                      (speclooptripcount) [ 0000]
specpipeline_ln51             (specpipeline     ) [ 0000]
specloopname_ln50             (specloopname     ) [ 0000]
mem_1_0_load                  (load             ) [ 0000]
store_ln52                    (store            ) [ 0000]
store_ln52                    (store            ) [ 0000]
br_ln52                       (br               ) [ 0000]
store_ln52                    (store            ) [ 0000]
br_ln52                       (br               ) [ 0000]
store_ln52                    (store            ) [ 0000]
store_ln52                    (store            ) [ 0000]
br_ln52                       (br               ) [ 0000]
store_ln52                    (store            ) [ 0000]
store_ln52                    (store            ) [ 0000]
br_ln52                       (br               ) [ 0000]
store_ln52                    (store            ) [ 0000]
br_ln52                       (br               ) [ 0000]
store_ln52                    (store            ) [ 0000]
store_ln52                    (store            ) [ 0000]
br_ln52                       (br               ) [ 0000]
store_ln52                    (store            ) [ 0000]
store_ln52                    (store            ) [ 0000]
br_ln52                       (br               ) [ 0000]
store_ln52                    (store            ) [ 0000]
br_ln52                       (br               ) [ 0000]
store_ln52                    (store            ) [ 0000]
store_ln52                    (store            ) [ 0000]
br_ln52                       (br               ) [ 0000]
mux_case_086_load             (load             ) [ 0000]
mux_case_196_load             (load             ) [ 0000]
mux_case_2106_load            (load             ) [ 0000]
mux_case_077116_load          (load             ) [ 0000]
mux_case_179126_load          (load             ) [ 0000]
mux_case_281136_load          (load             ) [ 0000]
p_load40                      (load             ) [ 0000]
p_load38                      (load             ) [ 0000]
p_load37                      (load             ) [ 0000]
p_load36                      (load             ) [ 0000]
p_load34                      (load             ) [ 0000]
p_load33                      (load             ) [ 0000]
p_load32                      (load             ) [ 0000]
p_load30                      (load             ) [ 0000]
p_load                        (load             ) [ 0000]
write_ln0                     (write            ) [ 0000]
write_ln0                     (write            ) [ 0000]
write_ln0                     (write            ) [ 0000]
write_ln0                     (write            ) [ 0000]
write_ln0                     (write            ) [ 0000]
write_ln0                     (write            ) [ 0000]
write_ln0                     (write            ) [ 0000]
write_ln0                     (write            ) [ 0000]
write_ln0                     (write            ) [ 0000]
write_ln0                     (write            ) [ 0000]
write_ln0                     (write            ) [ 0000]
write_ln0                     (write            ) [ 0000]
write_ln0                     (write            ) [ 0000]
write_ln0                     (write            ) [ 0000]
write_ln0                     (write            ) [ 0000]
ret_ln0                       (ret              ) [ 0000]
</LifeTime>

<model>

<comp_list>
<comp id="0" class="1000" name="window_i_2_2_promoted195">
<pin_list>
<pin id="1" dir="1" index="0" bw="1" slack="0"/>
</pin_list>
<bind>
<StgValue><ssdm name="window_i_2_2_promoted195"/></StgValue>
</bind>
</comp>

<comp id="2" class="1000" name="window_i_2_0_promoted193">
<pin_list>
<pin id="3" dir="1" index="0" bw="1" slack="0"/>
</pin_list>
<bind>
<StgValue><ssdm name="window_i_2_0_promoted193"/></StgValue>
</bind>
</comp>

<comp id="4" class="1000" name="window_i_2_1_promoted191">
<pin_list>
<pin id="5" dir="1" index="0" bw="1" slack="0"/>
</pin_list>
<bind>
<StgValue><ssdm name="window_i_2_1_promoted191"/></StgValue>
</bind>
</comp>

<comp id="6" class="1000" name="window_i_0_2_promoted189">
<pin_list>
<pin id="7" dir="1" index="0" bw="1" slack="0"/>
</pin_list>
<bind>
<StgValue><ssdm name="window_i_0_2_promoted189"/></StgValue>
</bind>
</comp>

<comp id="8" class="1000" name="window_i_0_0_promoted187">
<pin_list>
<pin id="9" dir="1" index="0" bw="1" slack="0"/>
</pin_list>
<bind>
<StgValue><ssdm name="window_i_0_0_promoted187"/></StgValue>
</bind>
</comp>

<comp id="10" class="1000" name="window_i_0_1_promoted185">
<pin_list>
<pin id="11" dir="1" index="0" bw="1" slack="0"/>
</pin_list>
<bind>
<StgValue><ssdm name="window_i_0_1_promoted185"/></StgValue>
</bind>
</comp>

<comp id="12" class="1000" name="window_i_1_2_promoted183">
<pin_list>
<pin id="13" dir="1" index="0" bw="1" slack="0"/>
</pin_list>
<bind>
<StgValue><ssdm name="window_i_1_2_promoted183"/></StgValue>
</bind>
</comp>

<comp id="14" class="1000" name="window_i_1_0_promoted181">
<pin_list>
<pin id="15" dir="1" index="0" bw="1" slack="0"/>
</pin_list>
<bind>
<StgValue><ssdm name="window_i_1_0_promoted181"/></StgValue>
</bind>
</comp>

<comp id="16" class="1000" name="window_i_1_1_promoted179">
<pin_list>
<pin id="17" dir="1" index="0" bw="1" slack="0"/>
</pin_list>
<bind>
<StgValue><ssdm name="window_i_1_1_promoted179"/></StgValue>
</bind>
</comp>

<comp id="18" class="1000" name="mux_case_281138">
<pin_list>
<pin id="19" dir="1" index="0" bw="1" slack="0"/>
</pin_list>
<bind>
<StgValue><ssdm name="mux_case_281138"/></StgValue>
</bind>
</comp>

<comp id="20" class="1000" name="mux_case_179128">
<pin_list>
<pin id="21" dir="1" index="0" bw="1" slack="0"/>
</pin_list>
<bind>
<StgValue><ssdm name="mux_case_179128"/></StgValue>
</bind>
</comp>

<comp id="22" class="1000" name="mux_case_077118">
<pin_list>
<pin id="23" dir="1" index="0" bw="1" slack="0"/>
</pin_list>
<bind>
<StgValue><ssdm name="mux_case_077118"/></StgValue>
</bind>
</comp>

<comp id="24" class="1000" name="mux_case_2108">
<pin_list>
<pin id="25" dir="1" index="0" bw="1" slack="0"/>
</pin_list>
<bind>
<StgValue><ssdm name="mux_case_2108"/></StgValue>
</bind>
</comp>

<comp id="26" class="1000" name="mux_case_198">
<pin_list>
<pin id="27" dir="1" index="0" bw="1" slack="0"/>
</pin_list>
<bind>
<StgValue><ssdm name="mux_case_198"/></StgValue>
</bind>
</comp>

<comp id="28" class="1000" name="mux_case_088">
<pin_list>
<pin id="29" dir="1" index="0" bw="1" slack="0"/>
</pin_list>
<bind>
<StgValue><ssdm name="mux_case_088"/></StgValue>
</bind>
</comp>

<comp id="30" class="1000" name="select_ln139_1">
<pin_list>
<pin id="31" dir="1" index="0" bw="1" slack="0"/>
</pin_list>
<bind>
<StgValue><ssdm name="select_ln139_1"/></StgValue>
</bind>
</comp>

<comp id="32" class="1000" name="mem_1_0">
<pin_list>
<pin id="33" dir="1" index="0" bw="1" slack="0"/>
</pin_list>
<bind>
<StgValue><ssdm name="mem_1_0"/><MemPortTyVec>1 3 </MemPortTyVec>
</StgValue>
</bind>
</comp>

<comp id="34" class="1000" name="p_out">
<pin_list>
<pin id="35" dir="1" index="0" bw="1" slack="0"/>
</pin_list>
<bind>
<StgValue><ssdm name="p_out"/></StgValue>
</bind>
</comp>

<comp id="36" class="1000" name="p_out1">
<pin_list>
<pin id="37" dir="1" index="0" bw="1" slack="0"/>
</pin_list>
<bind>
<StgValue><ssdm name="p_out1"/></StgValue>
</bind>
</comp>

<comp id="38" class="1000" name="p_out2">
<pin_list>
<pin id="39" dir="1" index="0" bw="1" slack="0"/>
</pin_list>
<bind>
<StgValue><ssdm name="p_out2"/></StgValue>
</bind>
</comp>

<comp id="40" class="1000" name="p_out3">
<pin_list>
<pin id="41" dir="1" index="0" bw="1" slack="0"/>
</pin_list>
<bind>
<StgValue><ssdm name="p_out3"/></StgValue>
</bind>
</comp>

<comp id="42" class="1000" name="p_out4">
<pin_list>
<pin id="43" dir="1" index="0" bw="1" slack="0"/>
</pin_list>
<bind>
<StgValue><ssdm name="p_out4"/></StgValue>
</bind>
</comp>

<comp id="44" class="1000" name="p_out5">
<pin_list>
<pin id="45" dir="1" index="0" bw="1" slack="0"/>
</pin_list>
<bind>
<StgValue><ssdm name="p_out5"/></StgValue>
</bind>
</comp>

<comp id="46" class="1000" name="p_out6">
<pin_list>
<pin id="47" dir="1" index="0" bw="1" slack="0"/>
</pin_list>
<bind>
<StgValue><ssdm name="p_out6"/></StgValue>
</bind>
</comp>

<comp id="48" class="1000" name="p_out7">
<pin_list>
<pin id="49" dir="1" index="0" bw="1" slack="0"/>
</pin_list>
<bind>
<StgValue><ssdm name="p_out7"/></StgValue>
</bind>
</comp>

<comp id="50" class="1000" name="p_out8">
<pin_list>
<pin id="51" dir="1" index="0" bw="1" slack="0"/>
</pin_list>
<bind>
<StgValue><ssdm name="p_out8"/></StgValue>
</bind>
</comp>

<comp id="52" class="1000" name="mux_case_281136_out">
<pin_list>
<pin id="53" dir="1" index="0" bw="1" slack="0"/>
</pin_list>
<bind>
<StgValue><ssdm name="mux_case_281136_out"/></StgValue>
</bind>
</comp>

<comp id="54" class="1000" name="mux_case_179126_out">
<pin_list>
<pin id="55" dir="1" index="0" bw="1" slack="0"/>
</pin_list>
<bind>
<StgValue><ssdm name="mux_case_179126_out"/></StgValue>
</bind>
</comp>

<comp id="56" class="1000" name="mux_case_077116_out">
<pin_list>
<pin id="57" dir="1" index="0" bw="1" slack="0"/>
</pin_list>
<bind>
<StgValue><ssdm name="mux_case_077116_out"/></StgValue>
</bind>
</comp>

<comp id="58" class="1000" name="mux_case_2106_out">
<pin_list>
<pin id="59" dir="1" index="0" bw="1" slack="0"/>
</pin_list>
<bind>
<StgValue><ssdm name="mux_case_2106_out"/></StgValue>
</bind>
</comp>

<comp id="60" class="1000" name="mux_case_196_out">
<pin_list>
<pin id="61" dir="1" index="0" bw="1" slack="0"/>
</pin_list>
<bind>
<StgValue><ssdm name="mux_case_196_out"/></StgValue>
</bind>
</comp>

<comp id="62" class="1000" name="mux_case_086_out">
<pin_list>
<pin id="63" dir="1" index="0" bw="1" slack="0"/>
</pin_list>
<bind>
<StgValue><ssdm name="mux_case_086_out"/></StgValue>
</bind>
</comp>

<comp id="64" class="1001" name="const_64">
<pin_list>
<pin id="65" dir="1" index="0" bw="1" slack="0"/>
</pin_list>
<bind>
<StgValue><ssdm name=""/></StgValue>
</bind>
</comp>

<comp id="66" class="1001" name="const_66">
<pin_list>
<pin id="67" dir="1" index="0" bw="1" slack="0"/>
</pin_list>
<bind>
<StgValue><ssdm name="_ssdm_op_Read.ap_auto.i5"/></StgValue>
</bind>
</comp>

<comp id="68" class="1001" name="const_68">
<pin_list>
<pin id="69" dir="1" index="0" bw="1" slack="0"/>
</pin_list>
<bind>
<StgValue><ssdm name="_ssdm_op_Read.ap_auto.float"/></StgValue>
</bind>
</comp>

<comp id="70" class="1001" name="const_70">
<pin_list>
<pin id="71" dir="1" index="0" bw="1" slack="0"/>
</pin_list>
<bind>
<StgValue><ssdm name=""/></StgValue>
</bind>
</comp>

<comp id="72" class="1001" name="const_72">
<pin_list>
<pin id="73" dir="1" index="0" bw="1" slack="0"/>
</pin_list>
<bind>
<StgValue><ssdm name=""/></StgValue>
</bind>
</comp>

<comp id="74" class="1001" name="const_74">
<pin_list>
<pin id="75" dir="1" index="0" bw="1" slack="0"/>
</pin_list>
<bind>
<StgValue><ssdm name=""/></StgValue>
</bind>
</comp>

<comp id="76" class="1001" name="const_76">
<pin_list>
<pin id="77" dir="1" index="0" bw="1" slack="0"/>
</pin_list>
<bind>
<StgValue><ssdm name=""/></StgValue>
</bind>
</comp>

<comp id="78" class="1001" name="const_78">
<pin_list>
<pin id="79" dir="1" index="0" bw="1" slack="0"/>
</pin_list>
<bind>
<StgValue><ssdm name=""/></StgValue>
</bind>
</comp>

<comp id="80" class="1001" name="const_80">
<pin_list>
<pin id="81" dir="1" index="0" bw="1" slack="0"/>
</pin_list>
<bind>
<StgValue><ssdm name=""/></StgValue>
</bind>
</comp>

<comp id="82" class="1001" name="const_82">
<pin_list>
<pin id="83" dir="1" index="0" bw="1" slack="0"/>
</pin_list>
<bind>
<StgValue><ssdm name="_ssdm_op_BitConcatenate.i10.i5.i5"/></StgValue>
</bind>
</comp>

<comp id="84" class="1001" name="const_84">
<pin_list>
<pin id="85" dir="1" index="0" bw="1" slack="0"/>
</pin_list>
<bind>
<StgValue><ssdm name=""/></StgValue>
</bind>
</comp>

<comp id="86" class="1001" name="const_86">
<pin_list>
<pin id="87" dir="1" index="0" bw="1" slack="0"/>
</pin_list>
<bind>
<StgValue><ssdm name="_ssdm_op_BitConcatenate.i7.i5.i2"/></StgValue>
</bind>
</comp>

<comp id="88" class="1001" name="const_88">
<pin_list>
<pin id="89" dir="1" index="0" bw="1" slack="0"/>
</pin_list>
<bind>
<StgValue><ssdm name="_ssdm_op_PartSelect.i8.i11.i32.i32"/></StgValue>
</bind>
</comp>

<comp id="90" class="1001" name="const_90">
<pin_list>
<pin id="91" dir="1" index="0" bw="1" slack="0"/>
</pin_list>
<bind>
<StgValue><ssdm name=""/></StgValue>
</bind>
</comp>

<comp id="92" class="1001" name="const_92">
<pin_list>
<pin id="93" dir="1" index="0" bw="1" slack="0"/>
</pin_list>
<bind>
<StgValue><ssdm name=""/></StgValue>
</bind>
</comp>

<comp id="94" class="1001" name="const_94">
<pin_list>
<pin id="95" dir="1" index="0" bw="1" slack="0"/>
</pin_list>
<bind>
<StgValue><ssdm name="_ssdm_op_BitConcatenate.i10.i8.i2"/></StgValue>
</bind>
</comp>

<comp id="96" class="1001" name="const_96">
<pin_list>
<pin id="97" dir="1" index="0" bw="1" slack="0"/>
</pin_list>
<bind>
<StgValue><ssdm name=""/></StgValue>
</bind>
</comp>

<comp id="98" class="1001" name="const_98">
<pin_list>
<pin id="99" dir="1" index="0" bw="1" slack="2147483647"/>
</pin_list>
<bind>
<StgValue><ssdm name="_ssdm_op_SpecLoopName"/></StgValue>
</bind>
</comp>

<comp id="100" class="1001" name="const_100">
<pin_list>
<pin id="101" dir="1" index="0" bw="1" slack="2147483647"/>
</pin_list>
<bind>
<StgValue><ssdm name="loadWinFull_VITIS_LOOP_50_1_str"/></StgValue>
</bind>
</comp>

<comp id="102" class="1001" name="const_102">
<pin_list>
<pin id="103" dir="1" index="0" bw="1" slack="2147483647"/>
</pin_list>
<bind>
<StgValue><ssdm name="_ssdm_op_SpecLoopTripCount"/></StgValue>
</bind>
</comp>

<comp id="104" class="1001" name="const_104">
<pin_list>
<pin id="105" dir="1" index="0" bw="1" slack="2147483647"/>
</pin_list>
<bind>
<StgValue><ssdm name=""/></StgValue>
</bind>
</comp>

<comp id="106" class="1001" name="const_106">
<pin_list>
<pin id="107" dir="1" index="0" bw="1" slack="2147483647"/>
</pin_list>
<bind>
<StgValue><ssdm name="_ssdm_op_SpecPipeline"/></StgValue>
</bind>
</comp>

<comp id="108" class="1001" name="const_108">
<pin_list>
<pin id="109" dir="1" index="0" bw="1" slack="2147483647"/>
</pin_list>
<bind>
<StgValue><ssdm name=""/></StgValue>
</bind>
</comp>

<comp id="110" class="1001" name="const_110">
<pin_list>
<pin id="111" dir="1" index="0" bw="1" slack="2147483647"/>
</pin_list>
<bind>
<StgValue><ssdm name=""/></StgValue>
</bind>
</comp>

<comp id="112" class="1001" name="const_112">
<pin_list>
<pin id="113" dir="1" index="0" bw="1" slack="2147483647"/>
</pin_list>
<bind>
<StgValue><ssdm name="empty_9"/></StgValue>
</bind>
</comp>

<comp id="114" class="1001" name="const_114">
<pin_list>
<pin id="115" dir="1" index="0" bw="1" slack="2147483647"/>
</pin_list>
<bind>
<StgValue><ssdm name="empty_13"/></StgValue>
</bind>
</comp>

<comp id="116" class="1001" name="const_116">
<pin_list>
<pin id="117" dir="1" index="0" bw="1" slack="0"/>
</pin_list>
<bind>
<StgValue><ssdm name="_ssdm_op_Write.ap_auto.floatP0A"/></StgValue>
</bind>
</comp>

<comp id="118" class="1004" name="wj_fu_118">
<pin_list>
<pin id="119" dir="0" index="0" bw="1" slack="0"/>
<pin id="120" dir="1" index="1" bw="2" slack="0"/>
</pin_list>
<bind>
<opcode="alloca(26) " fcode="alloca"/>
<opset="wj/1 "/>
</bind>
</comp>

<comp id="122" class="1004" name="wi_fu_122">
<pin_list>
<pin id="123" dir="0" index="0" bw="1" slack="0"/>
<pin id="124" dir="1" index="1" bw="2" slack="0"/>
</pin_list>
<bind>
<opcode="alloca(26) " fcode="alloca"/>
<opset="wi/1 "/>
</bind>
</comp>

<comp id="126" class="1004" name="indvar_flatten27_fu_126">
<pin_list>
<pin id="127" dir="0" index="0" bw="1" slack="0"/>
<pin id="128" dir="1" index="1" bw="4" slack="0"/>
</pin_list>
<bind>
<opcode="alloca(26) " fcode="alloca"/>
<opset="indvar_flatten27/1 "/>
</bind>
</comp>

<comp id="130" class="1004" name="mux_case_086_fu_130">
<pin_list>
<pin id="131" dir="0" index="0" bw="1" slack="0"/>
<pin id="132" dir="1" index="1" bw="32" slack="0"/>
</pin_list>
<bind>
<opcode="alloca(26) " fcode="alloca"/>
<opset="mux_case_086/1 "/>
</bind>
</comp>

<comp id="134" class="1004" name="mux_case_196_fu_134">
<pin_list>
<pin id="135" dir="0" index="0" bw="1" slack="0"/>
<pin id="136" dir="1" index="1" bw="32" slack="0"/>
</pin_list>
<bind>
<opcode="alloca(26) " fcode="alloca"/>
<opset="mux_case_196/1 "/>
</bind>
</comp>

<comp id="138" class="1004" name="mux_case_2106_fu_138">
<pin_list>
<pin id="139" dir="0" index="0" bw="1" slack="0"/>
<pin id="140" dir="1" index="1" bw="32" slack="0"/>
</pin_list>
<bind>
<opcode="alloca(26) " fcode="alloca"/>
<opset="mux_case_2106/1 "/>
</bind>
</comp>

<comp id="142" class="1004" name="mux_case_077116_fu_142">
<pin_list>
<pin id="143" dir="0" index="0" bw="1" slack="0"/>
<pin id="144" dir="1" index="1" bw="32" slack="0"/>
</pin_list>
<bind>
<opcode="alloca(26) " fcode="alloca"/>
<opset="mux_case_077116/1 "/>
</bind>
</comp>

<comp id="146" class="1004" name="mux_case_179126_fu_146">
<pin_list>
<pin id="147" dir="0" index="0" bw="1" slack="0"/>
<pin id="148" dir="1" index="1" bw="32" slack="0"/>
</pin_list>
<bind>
<opcode="alloca(26) " fcode="alloca"/>
<opset="mux_case_179126/1 "/>
</bind>
</comp>

<comp id="150" class="1004" name="mux_case_281136_fu_150">
<pin_list>
<pin id="151" dir="0" index="0" bw="1" slack="0"/>
<pin id="152" dir="1" index="1" bw="32" slack="0"/>
</pin_list>
<bind>
<opcode="alloca(26) " fcode="alloca"/>
<opset="mux_case_281136/1 "/>
</bind>
</comp>

<comp id="154" class="1004" name="empty_fu_154">
<pin_list>
<pin id="155" dir="0" index="0" bw="1" slack="0"/>
<pin id="156" dir="1" index="1" bw="32" slack="0"/>
</pin_list>
<bind>
<opcode="alloca(26) " fcode="alloca"/>
<opset="empty/1 "/>
</bind>
</comp>

<comp id="158" class="1004" name="empty_36_fu_158">
<pin_list>
<pin id="159" dir="0" index="0" bw="1" slack="0"/>
<pin id="160" dir="1" index="1" bw="32" slack="0"/>
</pin_list>
<bind>
<opcode="alloca(26) " fcode="alloca"/>
<opset="empty_36/1 "/>
</bind>
</comp>

<comp id="162" class="1004" name="empty_37_fu_162">
<pin_list>
<pin id="163" dir="0" index="0" bw="1" slack="0"/>
<pin id="164" dir="1" index="1" bw="32" slack="0"/>
</pin_list>
<bind>
<opcode="alloca(26) " fcode="alloca"/>
<opset="empty_37/1 "/>
</bind>
</comp>

<comp id="166" class="1004" name="empty_38_fu_166">
<pin_list>
<pin id="167" dir="0" index="0" bw="1" slack="0"/>
<pin id="168" dir="1" index="1" bw="32" slack="0"/>
</pin_list>
<bind>
<opcode="alloca(26) " fcode="alloca"/>
<opset="empty_38/1 "/>
</bind>
</comp>

<comp id="170" class="1004" name="empty_39_fu_170">
<pin_list>
<pin id="171" dir="0" index="0" bw="1" slack="0"/>
<pin id="172" dir="1" index="1" bw="32" slack="0"/>
</pin_list>
<bind>
<opcode="alloca(26) " fcode="alloca"/>
<opset="empty_39/1 "/>
</bind>
</comp>

<comp id="174" class="1004" name="empty_40_fu_174">
<pin_list>
<pin id="175" dir="0" index="0" bw="1" slack="0"/>
<pin id="176" dir="1" index="1" bw="32" slack="0"/>
</pin_list>
<bind>
<opcode="alloca(26) " fcode="alloca"/>
<opset="empty_40/1 "/>
</bind>
</comp>

<comp id="178" class="1004" name="empty_41_fu_178">
<pin_list>
<pin id="179" dir="0" index="0" bw="1" slack="0"/>
<pin id="180" dir="1" index="1" bw="32" slack="0"/>
</pin_list>
<bind>
<opcode="alloca(26) " fcode="alloca"/>
<opset="empty_41/1 "/>
</bind>
</comp>

<comp id="182" class="1004" name="empty_42_fu_182">
<pin_list>
<pin id="183" dir="0" index="0" bw="1" slack="0"/>
<pin id="184" dir="1" index="1" bw="32" slack="0"/>
</pin_list>
<bind>
<opcode="alloca(26) " fcode="alloca"/>
<opset="empty_42/1 "/>
</bind>
</comp>

<comp id="186" class="1004" name="empty_43_fu_186">
<pin_list>
<pin id="187" dir="0" index="0" bw="1" slack="0"/>
<pin id="188" dir="1" index="1" bw="32" slack="0"/>
</pin_list>
<bind>
<opcode="alloca(26) " fcode="alloca"/>
<opset="empty_43/1 "/>
</bind>
</comp>

<comp id="190" class="1004" name="select_ln139_1_read_read_fu_190">
<pin_list>
<pin id="191" dir="0" index="0" bw="5" slack="0"/>
<pin id="192" dir="0" index="1" bw="5" slack="0"/>
<pin id="193" dir="1" index="2" bw="5" slack="1"/>
</pin_list>
<bind>
<opcode="read(1150) " fcode="read"/>
<opset="select_ln139_1_read/1 "/>
</bind>
</comp>

<comp id="196" class="1004" name="mux_case_088_read_read_fu_196">
<pin_list>
<pin id="197" dir="0" index="0" bw="32" slack="0"/>
<pin id="198" dir="0" index="1" bw="32" slack="0"/>
<pin id="199" dir="1" index="2" bw="32" slack="0"/>
</pin_list>
<bind>
<opcode="read(1150) " fcode="read"/>
<opset="mux_case_088_read/1 "/>
</bind>
</comp>

<comp id="202" class="1004" name="mux_case_198_read_read_fu_202">
<pin_list>
<pin id="203" dir="0" index="0" bw="32" slack="0"/>
<pin id="204" dir="0" index="1" bw="32" slack="0"/>
<pin id="205" dir="1" index="2" bw="32" slack="0"/>
</pin_list>
<bind>
<opcode="read(1150) " fcode="read"/>
<opset="mux_case_198_read/1 "/>
</bind>
</comp>

<comp id="208" class="1004" name="mux_case_2108_read_read_fu_208">
<pin_list>
<pin id="209" dir="0" index="0" bw="32" slack="0"/>
<pin id="210" dir="0" index="1" bw="32" slack="0"/>
<pin id="211" dir="1" index="2" bw="32" slack="0"/>
</pin_list>
<bind>
<opcode="read(1150) " fcode="read"/>
<opset="mux_case_2108_read/1 "/>
</bind>
</comp>

<comp id="214" class="1004" name="mux_case_077118_read_read_fu_214">
<pin_list>
<pin id="215" dir="0" index="0" bw="32" slack="0"/>
<pin id="216" dir="0" index="1" bw="32" slack="0"/>
<pin id="217" dir="1" index="2" bw="32" slack="0"/>
</pin_list>
<bind>
<opcode="read(1150) " fcode="read"/>
<opset="mux_case_077118_read/1 "/>
</bind>
</comp>

<comp id="220" class="1004" name="mux_case_179128_read_read_fu_220">
<pin_list>
<pin id="221" dir="0" index="0" bw="32" slack="0"/>
<pin id="222" dir="0" index="1" bw="32" slack="0"/>
<pin id="223" dir="1" index="2" bw="32" slack="0"/>
</pin_list>
<bind>
<opcode="read(1150) " fcode="read"/>
<opset="mux_case_179128_read/1 "/>
</bind>
</comp>

<comp id="226" class="1004" name="mux_case_281138_read_read_fu_226">
<pin_list>
<pin id="227" dir="0" index="0" bw="32" slack="0"/>
<pin id="228" dir="0" index="1" bw="32" slack="0"/>
<pin id="229" dir="1" index="2" bw="32" slack="0"/>
</pin_list>
<bind>
<opcode="read(1150) " fcode="read"/>
<opset="mux_case_281138_read/1 "/>
</bind>
</comp>

<comp id="232" class="1004" name="window_i_1_1_promoted179_read_read_fu_232">
<pin_list>
<pin id="233" dir="0" index="0" bw="32" slack="0"/>
<pin id="234" dir="0" index="1" bw="32" slack="0"/>
<pin id="235" dir="1" index="2" bw="32" slack="0"/>
</pin_list>
<bind>
<opcode="read(1150) " fcode="read"/>
<opset="window_i_1_1_promoted179_read/1 "/>
</bind>
</comp>

<comp id="238" class="1004" name="window_i_1_0_promoted181_read_read_fu_238">
<pin_list>
<pin id="239" dir="0" index="0" bw="32" slack="0"/>
<pin id="240" dir="0" index="1" bw="32" slack="0"/>
<pin id="241" dir="1" index="2" bw="32" slack="0"/>
</pin_list>
<bind>
<opcode="read(1150) " fcode="read"/>
<opset="window_i_1_0_promoted181_read/1 "/>
</bind>
</comp>

<comp id="244" class="1004" name="window_i_1_2_promoted183_read_read_fu_244">
<pin_list>
<pin id="245" dir="0" index="0" bw="32" slack="0"/>
<pin id="246" dir="0" index="1" bw="32" slack="0"/>
<pin id="247" dir="1" index="2" bw="32" slack="0"/>
</pin_list>
<bind>
<opcode="read(1150) " fcode="read"/>
<opset="window_i_1_2_promoted183_read/1 "/>
</bind>
</comp>

<comp id="250" class="1004" name="window_i_0_1_promoted185_read_read_fu_250">
<pin_list>
<pin id="251" dir="0" index="0" bw="32" slack="0"/>
<pin id="252" dir="0" index="1" bw="32" slack="0"/>
<pin id="253" dir="1" index="2" bw="32" slack="0"/>
</pin_list>
<bind>
<opcode="read(1150) " fcode="read"/>
<opset="window_i_0_1_promoted185_read/1 "/>
</bind>
</comp>

<comp id="256" class="1004" name="window_i_0_0_promoted187_read_read_fu_256">
<pin_list>
<pin id="257" dir="0" index="0" bw="32" slack="0"/>
<pin id="258" dir="0" index="1" bw="32" slack="0"/>
<pin id="259" dir="1" index="2" bw="32" slack="0"/>
</pin_list>
<bind>
<opcode="read(1150) " fcode="read"/>
<opset="window_i_0_0_promoted187_read/1 "/>
</bind>
</comp>

<comp id="262" class="1004" name="window_i_0_2_promoted189_read_read_fu_262">
<pin_list>
<pin id="263" dir="0" index="0" bw="32" slack="0"/>
<pin id="264" dir="0" index="1" bw="32" slack="0"/>
<pin id="265" dir="1" index="2" bw="32" slack="0"/>
</pin_list>
<bind>
<opcode="read(1150) " fcode="read"/>
<opset="window_i_0_2_promoted189_read/1 "/>
</bind>
</comp>

<comp id="268" class="1004" name="window_i_2_1_promoted191_read_read_fu_268">
<pin_list>
<pin id="269" dir="0" index="0" bw="32" slack="0"/>
<pin id="270" dir="0" index="1" bw="32" slack="0"/>
<pin id="271" dir="1" index="2" bw="32" slack="0"/>
</pin_list>
<bind>
<opcode="read(1150) " fcode="read"/>
<opset="window_i_2_1_promoted191_read/1 "/>
</bind>
</comp>

<comp id="274" class="1004" name="window_i_2_0_promoted193_read_read_fu_274">
<pin_list>
<pin id="275" dir="0" index="0" bw="32" slack="0"/>
<pin id="276" dir="0" index="1" bw="32" slack="0"/>
<pin id="277" dir="1" index="2" bw="32" slack="0"/>
</pin_list>
<bind>
<opcode="read(1150) " fcode="read"/>
<opset="window_i_2_0_promoted193_read/1 "/>
</bind>
</comp>

<comp id="280" class="1004" name="window_i_2_2_promoted195_read_read_fu_280">
<pin_list>
<pin id="281" dir="0" index="0" bw="32" slack="0"/>
<pin id="282" dir="0" index="1" bw="32" slack="0"/>
<pin id="283" dir="1" index="2" bw="32" slack="0"/>
</pin_list>
<bind>
<opcode="read(1150) " fcode="read"/>
<opset="window_i_2_2_promoted195_read/1 "/>
</bind>
</comp>

<comp id="286" class="1004" name="write_ln0_write_fu_286">
<pin_list>
<pin id="287" dir="0" index="0" bw="0" slack="0"/>
<pin id="288" dir="0" index="1" bw="32" slack="0"/>
<pin id="289" dir="0" index="2" bw="32" slack="0"/>
<pin id="290" dir="1" index="3" bw="0" slack="2147483647"/>
</pin_list>
<bind>
<opcode="write(1151) " fcode="write"/>
<opset="write_ln0/2 "/>
</bind>
</comp>

<comp id="293" class="1004" name="write_ln0_write_fu_293">
<pin_list>
<pin id="294" dir="0" index="0" bw="0" slack="0"/>
<pin id="295" dir="0" index="1" bw="32" slack="0"/>
<pin id="296" dir="0" index="2" bw="32" slack="0"/>
<pin id="297" dir="1" index="3" bw="0" slack="2147483647"/>
</pin_list>
<bind>
<opcode="write(1151) " fcode="write"/>
<opset="write_ln0/2 "/>
</bind>
</comp>

<comp id="300" class="1004" name="write_ln0_write_fu_300">
<pin_list>
<pin id="301" dir="0" index="0" bw="0" slack="0"/>
<pin id="302" dir="0" index="1" bw="32" slack="0"/>
<pin id="303" dir="0" index="2" bw="32" slack="0"/>
<pin id="304" dir="1" index="3" bw="0" slack="2147483647"/>
</pin_list>
<bind>
<opcode="write(1151) " fcode="write"/>
<opset="write_ln0/2 "/>
</bind>
</comp>

<comp id="307" class="1004" name="write_ln0_write_fu_307">
<pin_list>
<pin id="308" dir="0" index="0" bw="0" slack="0"/>
<pin id="309" dir="0" index="1" bw="32" slack="0"/>
<pin id="310" dir="0" index="2" bw="32" slack="0"/>
<pin id="311" dir="1" index="3" bw="0" slack="2147483647"/>
</pin_list>
<bind>
<opcode="write(1151) " fcode="write"/>
<opset="write_ln0/2 "/>
</bind>
</comp>

<comp id="314" class="1004" name="write_ln0_write_fu_314">
<pin_list>
<pin id="315" dir="0" index="0" bw="0" slack="0"/>
<pin id="316" dir="0" index="1" bw="32" slack="0"/>
<pin id="317" dir="0" index="2" bw="32" slack="0"/>
<pin id="318" dir="1" index="3" bw="0" slack="2147483647"/>
</pin_list>
<bind>
<opcode="write(1151) " fcode="write"/>
<opset="write_ln0/2 "/>
</bind>
</comp>

<comp id="321" class="1004" name="write_ln0_write_fu_321">
<pin_list>
<pin id="322" dir="0" index="0" bw="0" slack="0"/>
<pin id="323" dir="0" index="1" bw="32" slack="0"/>
<pin id="324" dir="0" index="2" bw="32" slack="0"/>
<pin id="325" dir="1" index="3" bw="0" slack="2147483647"/>
</pin_list>
<bind>
<opcode="write(1151) " fcode="write"/>
<opset="write_ln0/2 "/>
</bind>
</comp>

<comp id="328" class="1004" name="write_ln0_write_fu_328">
<pin_list>
<pin id="329" dir="0" index="0" bw="0" slack="0"/>
<pin id="330" dir="0" index="1" bw="32" slack="0"/>
<pin id="331" dir="0" index="2" bw="32" slack="0"/>
<pin id="332" dir="1" index="3" bw="0" slack="2147483647"/>
</pin_list>
<bind>
<opcode="write(1151) " fcode="write"/>
<opset="write_ln0/2 "/>
</bind>
</comp>

<comp id="335" class="1004" name="write_ln0_write_fu_335">
<pin_list>
<pin id="336" dir="0" index="0" bw="0" slack="0"/>
<pin id="337" dir="0" index="1" bw="32" slack="0"/>
<pin id="338" dir="0" index="2" bw="32" slack="0"/>
<pin id="339" dir="1" index="3" bw="0" slack="2147483647"/>
</pin_list>
<bind>
<opcode="write(1151) " fcode="write"/>
<opset="write_ln0/2 "/>
</bind>
</comp>

<comp id="342" class="1004" name="write_ln0_write_fu_342">
<pin_list>
<pin id="343" dir="0" index="0" bw="0" slack="0"/>
<pin id="344" dir="0" index="1" bw="32" slack="0"/>
<pin id="345" dir="0" index="2" bw="32" slack="0"/>
<pin id="346" dir="1" index="3" bw="0" slack="2147483647"/>
</pin_list>
<bind>
<opcode="write(1151) " fcode="write"/>
<opset="write_ln0/2 "/>
</bind>
</comp>

<comp id="349" class="1004" name="write_ln0_write_fu_349">
<pin_list>
<pin id="350" dir="0" index="0" bw="0" slack="0"/>
<pin id="351" dir="0" index="1" bw="32" slack="0"/>
<pin id="352" dir="0" index="2" bw="32" slack="0"/>
<pin id="353" dir="1" index="3" bw="0" slack="2147483647"/>
</pin_list>
<bind>
<opcode="write(1151) " fcode="write"/>
<opset="write_ln0/2 "/>
</bind>
</comp>

<comp id="356" class="1004" name="write_ln0_write_fu_356">
<pin_list>
<pin id="357" dir="0" index="0" bw="0" slack="0"/>
<pin id="358" dir="0" index="1" bw="32" slack="0"/>
<pin id="359" dir="0" index="2" bw="32" slack="0"/>
<pin id="360" dir="1" index="3" bw="0" slack="2147483647"/>
</pin_list>
<bind>
<opcode="write(1151) " fcode="write"/>
<opset="write_ln0/2 "/>
</bind>
</comp>

<comp id="363" class="1004" name="write_ln0_write_fu_363">
<pin_list>
<pin id="364" dir="0" index="0" bw="0" slack="0"/>
<pin id="365" dir="0" index="1" bw="32" slack="0"/>
<pin id="366" dir="0" index="2" bw="32" slack="0"/>
<pin id="367" dir="1" index="3" bw="0" slack="2147483647"/>
</pin_list>
<bind>
<opcode="write(1151) " fcode="write"/>
<opset="write_ln0/2 "/>
</bind>
</comp>

<comp id="370" class="1004" name="write_ln0_write_fu_370">
<pin_list>
<pin id="371" dir="0" index="0" bw="0" slack="0"/>
<pin id="372" dir="0" index="1" bw="32" slack="0"/>
<pin id="373" dir="0" index="2" bw="32" slack="0"/>
<pin id="374" dir="1" index="3" bw="0" slack="2147483647"/>
</pin_list>
<bind>
<opcode="write(1151) " fcode="write"/>
<opset="write_ln0/2 "/>
</bind>
</comp>

<comp id="377" class="1004" name="write_ln0_write_fu_377">
<pin_list>
<pin id="378" dir="0" index="0" bw="0" slack="0"/>
<pin id="379" dir="0" index="1" bw="32" slack="0"/>
<pin id="380" dir="0" index="2" bw="32" slack="0"/>
<pin id="381" dir="1" index="3" bw="0" slack="2147483647"/>
</pin_list>
<bind>
<opcode="write(1151) " fcode="write"/>
<opset="write_ln0/2 "/>
</bind>
</comp>

<comp id="384" class="1004" name="write_ln0_write_fu_384">
<pin_list>
<pin id="385" dir="0" index="0" bw="0" slack="0"/>
<pin id="386" dir="0" index="1" bw="32" slack="0"/>
<pin id="387" dir="0" index="2" bw="32" slack="0"/>
<pin id="388" dir="1" index="3" bw="0" slack="2147483647"/>
</pin_list>
<bind>
<opcode="write(1151) " fcode="write"/>
<opset="write_ln0/2 "/>
</bind>
</comp>

<comp id="391" class="1004" name="mem_1_0_addr_gep_fu_391">
<pin_list>
<pin id="392" dir="0" index="0" bw="32" slack="0"/>
<pin id="393" dir="0" index="1" bw="1" slack="0"/>
<pin id="394" dir="0" index="2" bw="10" slack="0"/>
<pin id="395" dir="1" index="3" bw="10" slack="0"/>
</pin_list>
<bind>
<opcode="getelementptr(29) " fcode="getelementptr"/>
<opset="mem_1_0_addr/2 "/>
</bind>
</comp>

<comp id="398" class="1004" name="grp_access_fu_398">
<pin_list>
<pin id="399" dir="0" index="0" bw="10" slack="0"/>
<pin id="400" dir="0" index="1" bw="32" slack="2147483647"/>
<pin id="401" dir="0" index="2" bw="0" slack="2147483647"/>
<pin id="402" dir="1" index="3" bw="32" slack="0"/>
</pin_list>
<bind>
<opcode="load(27) " fcode="load"/>
<opset="mem_1_0_load/2 "/>
</bind>
</comp>

<comp id="404" class="1004" name="store_ln0_store_fu_404">
<pin_list>
<pin id="405" dir="0" index="0" bw="32" slack="0"/>
<pin id="406" dir="0" index="1" bw="32" slack="0"/>
<pin id="407" dir="1" index="2" bw="0" slack="2147483647"/>
</pin_list>
<bind>
<opcode="store(28) " fcode="store"/>
<opset="store_ln0/1 "/>
</bind>
</comp>

<comp id="409" class="1004" name="store_ln0_store_fu_409">
<pin_list>
<pin id="410" dir="0" index="0" bw="32" slack="0"/>
<pin id="411" dir="0" index="1" bw="32" slack="0"/>
<pin id="412" dir="1" index="2" bw="0" slack="2147483647"/>
</pin_list>
<bind>
<opcode="store(28) " fcode="store"/>
<opset="store_ln0/1 "/>
</bind>
</comp>

<comp id="414" class="1004" name="store_ln0_store_fu_414">
<pin_list>
<pin id="415" dir="0" index="0" bw="32" slack="0"/>
<pin id="416" dir="0" index="1" bw="32" slack="0"/>
<pin id="417" dir="1" index="2" bw="0" slack="2147483647"/>
</pin_list>
<bind>
<opcode="store(28) " fcode="store"/>
<opset="store_ln0/1 "/>
</bind>
</comp>

<comp id="419" class="1004" name="store_ln0_store_fu_419">
<pin_list>
<pin id="420" dir="0" index="0" bw="32" slack="0"/>
<pin id="421" dir="0" index="1" bw="32" slack="0"/>
<pin id="422" dir="1" index="2" bw="0" slack="2147483647"/>
</pin_list>
<bind>
<opcode="store(28) " fcode="store"/>
<opset="store_ln0/1 "/>
</bind>
</comp>

<comp id="424" class="1004" name="store_ln0_store_fu_424">
<pin_list>
<pin id="425" dir="0" index="0" bw="32" slack="0"/>
<pin id="426" dir="0" index="1" bw="32" slack="0"/>
<pin id="427" dir="1" index="2" bw="0" slack="2147483647"/>
</pin_list>
<bind>
<opcode="store(28) " fcode="store"/>
<opset="store_ln0/1 "/>
</bind>
</comp>

<comp id="429" class="1004" name="store_ln0_store_fu_429">
<pin_list>
<pin id="430" dir="0" index="0" bw="32" slack="0"/>
<pin id="431" dir="0" index="1" bw="32" slack="0"/>
<pin id="432" dir="1" index="2" bw="0" slack="2147483647"/>
</pin_list>
<bind>
<opcode="store(28) " fcode="store"/>
<opset="store_ln0/1 "/>
</bind>
</comp>

<comp id="434" class="1004" name="store_ln0_store_fu_434">
<pin_list>
<pin id="435" dir="0" index="0" bw="32" slack="0"/>
<pin id="436" dir="0" index="1" bw="32" slack="0"/>
<pin id="437" dir="1" index="2" bw="0" slack="2147483647"/>
</pin_list>
<bind>
<opcode="store(28) " fcode="store"/>
<opset="store_ln0/1 "/>
</bind>
</comp>

<comp id="439" class="1004" name="store_ln0_store_fu_439">
<pin_list>
<pin id="440" dir="0" index="0" bw="32" slack="0"/>
<pin id="441" dir="0" index="1" bw="32" slack="0"/>
<pin id="442" dir="1" index="2" bw="0" slack="2147483647"/>
</pin_list>
<bind>
<opcode="store(28) " fcode="store"/>
<opset="store_ln0/1 "/>
</bind>
</comp>

<comp id="444" class="1004" name="store_ln0_store_fu_444">
<pin_list>
<pin id="445" dir="0" index="0" bw="32" slack="0"/>
<pin id="446" dir="0" index="1" bw="32" slack="0"/>
<pin id="447" dir="1" index="2" bw="0" slack="2147483647"/>
</pin_list>
<bind>
<opcode="store(28) " fcode="store"/>
<opset="store_ln0/1 "/>
</bind>
</comp>

<comp id="449" class="1004" name="store_ln0_store_fu_449">
<pin_list>
<pin id="450" dir="0" index="0" bw="32" slack="0"/>
<pin id="451" dir="0" index="1" bw="32" slack="0"/>
<pin id="452" dir="1" index="2" bw="0" slack="2147483647"/>
</pin_list>
<bind>
<opcode="store(28) " fcode="store"/>
<opset="store_ln0/1 "/>
</bind>
</comp>

<comp id="454" class="1004" name="store_ln0_store_fu_454">
<pin_list>
<pin id="455" dir="0" index="0" bw="32" slack="0"/>
<pin id="456" dir="0" index="1" bw="32" slack="0"/>
<pin id="457" dir="1" index="2" bw="0" slack="2147483647"/>
</pin_list>
<bind>
<opcode="store(28) " fcode="store"/>
<opset="store_ln0/1 "/>
</bind>
</comp>

<comp id="459" class="1004" name="store_ln0_store_fu_459">
<pin_list>
<pin id="460" dir="0" index="0" bw="32" slack="0"/>
<pin id="461" dir="0" index="1" bw="32" slack="0"/>
<pin id="462" dir="1" index="2" bw="0" slack="2147483647"/>
</pin_list>
<bind>
<opcode="store(28) " fcode="store"/>
<opset="store_ln0/1 "/>
</bind>
</comp>

<comp id="464" class="1004" name="store_ln0_store_fu_464">
<pin_list>
<pin id="465" dir="0" index="0" bw="32" slack="0"/>
<pin id="466" dir="0" index="1" bw="32" slack="0"/>
<pin id="467" dir="1" index="2" bw="0" slack="2147483647"/>
</pin_list>
<bind>
<opcode="store(28) " fcode="store"/>
<opset="store_ln0/1 "/>
</bind>
</comp>

<comp id="469" class="1004" name="store_ln0_store_fu_469">
<pin_list>
<pin id="470" dir="0" index="0" bw="32" slack="0"/>
<pin id="471" dir="0" index="1" bw="32" slack="0"/>
<pin id="472" dir="1" index="2" bw="0" slack="2147483647"/>
</pin_list>
<bind>
<opcode="store(28) " fcode="store"/>
<opset="store_ln0/1 "/>
</bind>
</comp>

<comp id="474" class="1004" name="store_ln0_store_fu_474">
<pin_list>
<pin id="475" dir="0" index="0" bw="32" slack="0"/>
<pin id="476" dir="0" index="1" bw="32" slack="0"/>
<pin id="477" dir="1" index="2" bw="0" slack="2147483647"/>
</pin_list>
<bind>
<opcode="store(28) " fcode="store"/>
<opset="store_ln0/1 "/>
</bind>
</comp>

<comp id="479" class="1004" name="store_ln0_store_fu_479">
<pin_list>
<pin id="480" dir="0" index="0" bw="1" slack="0"/>
<pin id="481" dir="0" index="1" bw="4" slack="0"/>
<pin id="482" dir="1" index="2" bw="0" slack="2147483647"/>
</pin_list>
<bind>
<opcode="store(28) " fcode="store"/>
<opset="store_ln0/1 "/>
</bind>
</comp>

<comp id="484" class="1004" name="store_ln0_store_fu_484">
<pin_list>
<pin id="485" dir="0" index="0" bw="1" slack="0"/>
<pin id="486" dir="0" index="1" bw="2" slack="0"/>
<pin id="487" dir="1" index="2" bw="0" slack="2147483647"/>
</pin_list>
<bind>
<opcode="store(28) " fcode="store"/>
<opset="store_ln0/1 "/>
</bind>
</comp>

<comp id="489" class="1004" name="store_ln0_store_fu_489">
<pin_list>
<pin id="490" dir="0" index="0" bw="1" slack="0"/>
<pin id="491" dir="0" index="1" bw="2" slack="0"/>
<pin id="492" dir="1" index="2" bw="0" slack="2147483647"/>
</pin_list>
<bind>
<opcode="store(28) " fcode="store"/>
<opset="store_ln0/1 "/>
</bind>
</comp>

<comp id="494" class="1004" name="indvar_flatten27_load_load_fu_494">
<pin_list>
<pin id="495" dir="0" index="0" bw="4" slack="0"/>
<pin id="496" dir="1" index="1" bw="4" slack="0"/>
</pin_list>
<bind>
<opcode="load(27) " fcode="load"/>
<opset="indvar_flatten27_load/1 "/>
</bind>
</comp>

<comp id="497" class="1004" name="icmp_ln49_fu_497">
<pin_list>
<pin id="498" dir="0" index="0" bw="4" slack="0"/>
<pin id="499" dir="0" index="1" bw="4" slack="0"/>
<pin id="500" dir="1" index="2" bw="1" slack="1"/>
</pin_list>
<bind>
<opcode="icmp(45) " fcode="icmp"/>
<opset="icmp_ln49/1 "/>
</bind>
</comp>

<comp id="503" class="1004" name="add_ln49_1_fu_503">
<pin_list>
<pin id="504" dir="0" index="0" bw="4" slack="0"/>
<pin id="505" dir="0" index="1" bw="1" slack="0"/>
<pin id="506" dir="1" index="2" bw="4" slack="0"/>
</pin_list>
<bind>
<opcode="add(8) " fcode="add"/>
<opset="add_ln49_1/1 "/>
</bind>
</comp>

<comp id="509" class="1004" name="wj_load_load_fu_509">
<pin_list>
<pin id="510" dir="0" index="0" bw="2" slack="0"/>
<pin id="511" dir="1" index="1" bw="2" slack="0"/>
</pin_list>
<bind>
<opcode="load(27) " fcode="load"/>
<opset="wj_load/1 "/>
</bind>
</comp>

<comp id="512" class="1004" name="wi_load_load_fu_512">
<pin_list>
<pin id="513" dir="0" index="0" bw="2" slack="0"/>
<pin id="514" dir="1" index="1" bw="2" slack="0"/>
</pin_list>
<bind>
<opcode="load(27) " fcode="load"/>
<opset="wi_load/1 "/>
</bind>
</comp>

<comp id="515" class="1004" name="add_ln49_fu_515">
<pin_list>
<pin id="516" dir="0" index="0" bw="2" slack="0"/>
<pin id="517" dir="0" index="1" bw="1" slack="0"/>
<pin id="518" dir="1" index="2" bw="2" slack="0"/>
</pin_list>
<bind>
<opcode="add(8) " fcode="add"/>
<opset="add_ln49/1 "/>
</bind>
</comp>

<comp id="521" class="1004" name="icmp_ln50_fu_521">
<pin_list>
<pin id="522" dir="0" index="0" bw="2" slack="0"/>
<pin id="523" dir="0" index="1" bw="2" slack="0"/>
<pin id="524" dir="1" index="2" bw="1" slack="0"/>
</pin_list>
<bind>
<opcode="icmp(45) " fcode="icmp"/>
<opset="icmp_ln50/1 "/>
</bind>
</comp>

<comp id="527" class="1004" name="select_ln52_fu_527">
<pin_list>
<pin id="528" dir="0" index="0" bw="1" slack="0"/>
<pin id="529" dir="0" index="1" bw="2" slack="0"/>
<pin id="530" dir="0" index="2" bw="2" slack="0"/>
<pin id="531" dir="1" index="3" bw="2" slack="0"/>
</pin_list>
<bind>
<opcode="select(49) " fcode="select"/>
<opset="select_ln52/1 "/>
</bind>
</comp>

<comp id="535" class="1004" name="select_ln52_1_fu_535">
<pin_list>
<pin id="536" dir="0" index="0" bw="1" slack="0"/>
<pin id="537" dir="0" index="1" bw="2" slack="0"/>
<pin id="538" dir="0" index="2" bw="2" slack="0"/>
<pin id="539" dir="1" index="3" bw="2" slack="0"/>
</pin_list>
<bind>
<opcode="select(49) " fcode="select"/>
<opset="select_ln52_1/1 "/>
</bind>
</comp>

<comp id="543" class="1004" name="add_ln50_fu_543">
<pin_list>
<pin id="544" dir="0" index="0" bw="2" slack="0"/>
<pin id="545" dir="0" index="1" bw="1" slack="0"/>
<pin id="546" dir="1" index="2" bw="2" slack="0"/>
</pin_list>
<bind>
<opcode="add(8) " fcode="add"/>
<opset="add_ln50/1 "/>
</bind>
</comp>

<comp id="549" class="1004" name="store_ln50_store_fu_549">
<pin_list>
<pin id="550" dir="0" index="0" bw="4" slack="0"/>
<pin id="551" dir="0" index="1" bw="4" slack="0"/>
<pin id="552" dir="1" index="2" bw="0" slack="2147483647"/>
</pin_list>
<bind>
<opcode="store(28) " fcode="store"/>
<opset="store_ln50/1 "/>
</bind>
</comp>

<comp id="554" class="1004" name="store_ln50_store_fu_554">
<pin_list>
<pin id="555" dir="0" index="0" bw="2" slack="0"/>
<pin id="556" dir="0" index="1" bw="2" slack="0"/>
<pin id="557" dir="1" index="2" bw="0" slack="2147483647"/>
</pin_list>
<bind>
<opcode="store(28) " fcode="store"/>
<opset="store_ln50/1 "/>
</bind>
</comp>

<comp id="559" class="1004" name="store_ln50_store_fu_559">
<pin_list>
<pin id="560" dir="0" index="0" bw="2" slack="0"/>
<pin id="561" dir="0" index="1" bw="2" slack="0"/>
<pin id="562" dir="1" index="2" bw="0" slack="2147483647"/>
</pin_list>
<bind>
<opcode="store(28) " fcode="store"/>
<opset="store_ln50/1 "/>
</bind>
</comp>

<comp id="564" class="1004" name="zext_ln52_fu_564">
<pin_list>
<pin id="565" dir="0" index="0" bw="2" slack="1"/>
<pin id="566" dir="1" index="1" bw="5" slack="0"/>
</pin_list>
<bind>
<opcode="zext(34) " fcode="zext"/>
<opset="zext_ln52/2 "/>
</bind>
</comp>

<comp id="567" class="1004" name="add_ln52_fu_567">
<pin_list>
<pin id="568" dir="0" index="0" bw="5" slack="1"/>
<pin id="569" dir="0" index="1" bw="2" slack="0"/>
<pin id="570" dir="1" index="2" bw="5" slack="0"/>
</pin_list>
<bind>
<opcode="add(8) " fcode="add"/>
<opset="add_ln52/2 "/>
</bind>
</comp>

<comp id="572" class="1004" name="tmp_s_fu_572">
<pin_list>
<pin id="573" dir="0" index="0" bw="10" slack="0"/>
<pin id="574" dir="0" index="1" bw="5" slack="0"/>
<pin id="575" dir="0" index="2" bw="1" slack="0"/>
<pin id="576" dir="1" index="3" bw="10" slack="0"/>
</pin_list>
<bind>
<opcode="bitconcatenate(1004) " fcode="bitconcatenate"/>
<opset="tmp_s/2 "/>
</bind>
</comp>

<comp id="580" class="1004" name="zext_ln52_1_fu_580">
<pin_list>
<pin id="581" dir="0" index="0" bw="10" slack="0"/>
<pin id="582" dir="1" index="1" bw="11" slack="0"/>
</pin_list>
<bind>
<opcode="zext(34) " fcode="zext"/>
<opset="zext_ln52_1/2 "/>
</bind>
</comp>

<comp id="584" class="1004" name="tmp_23_fu_584">
<pin_list>
<pin id="585" dir="0" index="0" bw="7" slack="0"/>
<pin id="586" dir="0" index="1" bw="5" slack="0"/>
<pin id="587" dir="0" index="2" bw="1" slack="0"/>
<pin id="588" dir="1" index="3" bw="7" slack="0"/>
</pin_list>
<bind>
<opcode="bitconcatenate(1004) " fcode="bitconcatenate"/>
<opset="tmp_23/2 "/>
</bind>
</comp>

<comp id="592" class="1004" name="zext_ln52_2_fu_592">
<pin_list>
<pin id="593" dir="0" index="0" bw="7" slack="0"/>
<pin id="594" dir="1" index="1" bw="11" slack="0"/>
</pin_list>
<bind>
<opcode="zext(34) " fcode="zext"/>
<opset="zext_ln52_2/2 "/>
</bind>
</comp>

<comp id="596" class="1004" name="sub_ln52_fu_596">
<pin_list>
<pin id="597" dir="0" index="0" bw="10" slack="0"/>
<pin id="598" dir="0" index="1" bw="7" slack="0"/>
<pin id="599" dir="1" index="2" bw="11" slack="0"/>
</pin_list>
<bind>
<opcode="sub(10) " fcode="sub"/>
<opset="sub_ln52/2 "/>
</bind>
</comp>

<comp id="602" class="1004" name="tmp_36_cast_fu_602">
<pin_list>
<pin id="603" dir="0" index="0" bw="8" slack="0"/>
<pin id="604" dir="0" index="1" bw="11" slack="0"/>
<pin id="605" dir="0" index="2" bw="3" slack="0"/>
<pin id="606" dir="0" index="3" bw="5" slack="0"/>
<pin id="607" dir="1" index="4" bw="8" slack="0"/>
</pin_list>
<bind>
<opcode="partselect(1002) " fcode="partselect"/>
<opset="tmp_36_cast/2 "/>
</bind>
</comp>

<comp id="612" class="1004" name="tmp_24_fu_612">
<pin_list>
<pin id="613" dir="0" index="0" bw="10" slack="0"/>
<pin id="614" dir="0" index="1" bw="8" slack="0"/>
<pin id="615" dir="0" index="2" bw="2" slack="1"/>
<pin id="616" dir="1" index="3" bw="10" slack="0"/>
</pin_list>
<bind>
<opcode="bitconcatenate(1004) " fcode="bitconcatenate"/>
<opset="tmp_24/2 "/>
</bind>
</comp>

<comp id="619" class="1004" name="zext_ln52_3_fu_619">
<pin_list>
<pin id="620" dir="0" index="0" bw="10" slack="0"/>
<pin id="621" dir="1" index="1" bw="64" slack="0"/>
</pin_list>
<bind>
<opcode="zext(34) " fcode="zext"/>
<opset="zext_ln52_3/2 "/>
</bind>
</comp>

<comp id="624" class="1004" name="store_ln52_store_fu_624">
<pin_list>
<pin id="625" dir="0" index="0" bw="32" slack="0"/>
<pin id="626" dir="0" index="1" bw="32" slack="2"/>
<pin id="627" dir="1" index="2" bw="0" slack="2147483647"/>
</pin_list>
<bind>
<opcode="store(28) " fcode="store"/>
<opset="store_ln52/3 "/>
</bind>
</comp>

<comp id="629" class="1004" name="store_ln52_store_fu_629">
<pin_list>
<pin id="630" dir="0" index="0" bw="32" slack="0"/>
<pin id="631" dir="0" index="1" bw="32" slack="2"/>
<pin id="632" dir="1" index="2" bw="0" slack="2147483647"/>
</pin_list>
<bind>
<opcode="store(28) " fcode="store"/>
<opset="store_ln52/3 "/>
</bind>
</comp>

<comp id="634" class="1004" name="store_ln52_store_fu_634">
<pin_list>
<pin id="635" dir="0" index="0" bw="32" slack="0"/>
<pin id="636" dir="0" index="1" bw="32" slack="2"/>
<pin id="637" dir="1" index="2" bw="0" slack="2147483647"/>
</pin_list>
<bind>
<opcode="store(28) " fcode="store"/>
<opset="store_ln52/3 "/>
</bind>
</comp>

<comp id="639" class="1004" name="store_ln52_store_fu_639">
<pin_list>
<pin id="640" dir="0" index="0" bw="32" slack="0"/>
<pin id="641" dir="0" index="1" bw="32" slack="2"/>
<pin id="642" dir="1" index="2" bw="0" slack="2147483647"/>
</pin_list>
<bind>
<opcode="store(28) " fcode="store"/>
<opset="store_ln52/3 "/>
</bind>
</comp>

<comp id="644" class="1004" name="store_ln52_store_fu_644">
<pin_list>
<pin id="645" dir="0" index="0" bw="32" slack="0"/>
<pin id="646" dir="0" index="1" bw="32" slack="2"/>
<pin id="647" dir="1" index="2" bw="0" slack="2147483647"/>
</pin_list>
<bind>
<opcode="store(28) " fcode="store"/>
<opset="store_ln52/3 "/>
</bind>
</comp>

<comp id="649" class="1004" name="store_ln52_store_fu_649">
<pin_list>
<pin id="650" dir="0" index="0" bw="32" slack="0"/>
<pin id="651" dir="0" index="1" bw="32" slack="2"/>
<pin id="652" dir="1" index="2" bw="0" slack="2147483647"/>
</pin_list>
<bind>
<opcode="store(28) " fcode="store"/>
<opset="store_ln52/3 "/>
</bind>
</comp>

<comp id="654" class="1004" name="store_ln52_store_fu_654">
<pin_list>
<pin id="655" dir="0" index="0" bw="32" slack="0"/>
<pin id="656" dir="0" index="1" bw="32" slack="2"/>
<pin id="657" dir="1" index="2" bw="0" slack="2147483647"/>
</pin_list>
<bind>
<opcode="store(28) " fcode="store"/>
<opset="store_ln52/3 "/>
</bind>
</comp>

<comp id="659" class="1004" name="store_ln52_store_fu_659">
<pin_list>
<pin id="660" dir="0" index="0" bw="32" slack="0"/>
<pin id="661" dir="0" index="1" bw="32" slack="2"/>
<pin id="662" dir="1" index="2" bw="0" slack="2147483647"/>
</pin_list>
<bind>
<opcode="store(28) " fcode="store"/>
<opset="store_ln52/3 "/>
</bind>
</comp>

<comp id="664" class="1004" name="store_ln52_store_fu_664">
<pin_list>
<pin id="665" dir="0" index="0" bw="32" slack="0"/>
<pin id="666" dir="0" index="1" bw="32" slack="2"/>
<pin id="667" dir="1" index="2" bw="0" slack="2147483647"/>
</pin_list>
<bind>
<opcode="store(28) " fcode="store"/>
<opset="store_ln52/3 "/>
</bind>
</comp>

<comp id="669" class="1004" name="store_ln52_store_fu_669">
<pin_list>
<pin id="670" dir="0" index="0" bw="32" slack="0"/>
<pin id="671" dir="0" index="1" bw="32" slack="2"/>
<pin id="672" dir="1" index="2" bw="0" slack="2147483647"/>
</pin_list>
<bind>
<opcode="store(28) " fcode="store"/>
<opset="store_ln52/3 "/>
</bind>
</comp>

<comp id="674" class="1004" name="store_ln52_store_fu_674">
<pin_list>
<pin id="675" dir="0" index="0" bw="32" slack="0"/>
<pin id="676" dir="0" index="1" bw="32" slack="2"/>
<pin id="677" dir="1" index="2" bw="0" slack="2147483647"/>
</pin_list>
<bind>
<opcode="store(28) " fcode="store"/>
<opset="store_ln52/3 "/>
</bind>
</comp>

<comp id="679" class="1004" name="store_ln52_store_fu_679">
<pin_list>
<pin id="680" dir="0" index="0" bw="32" slack="0"/>
<pin id="681" dir="0" index="1" bw="32" slack="2"/>
<pin id="682" dir="1" index="2" bw="0" slack="2147483647"/>
</pin_list>
<bind>
<opcode="store(28) " fcode="store"/>
<opset="store_ln52/3 "/>
</bind>
</comp>

<comp id="684" class="1004" name="store_ln52_store_fu_684">
<pin_list>
<pin id="685" dir="0" index="0" bw="32" slack="0"/>
<pin id="686" dir="0" index="1" bw="32" slack="2"/>
<pin id="687" dir="1" index="2" bw="0" slack="2147483647"/>
</pin_list>
<bind>
<opcode="store(28) " fcode="store"/>
<opset="store_ln52/3 "/>
</bind>
</comp>

<comp id="689" class="1004" name="store_ln52_store_fu_689">
<pin_list>
<pin id="690" dir="0" index="0" bw="32" slack="0"/>
<pin id="691" dir="0" index="1" bw="32" slack="2"/>
<pin id="692" dir="1" index="2" bw="0" slack="2147483647"/>
</pin_list>
<bind>
<opcode="store(28) " fcode="store"/>
<opset="store_ln52/3 "/>
</bind>
</comp>

<comp id="694" class="1004" name="store_ln52_store_fu_694">
<pin_list>
<pin id="695" dir="0" index="0" bw="32" slack="0"/>
<pin id="696" dir="0" index="1" bw="32" slack="2"/>
<pin id="697" dir="1" index="2" bw="0" slack="2147483647"/>
</pin_list>
<bind>
<opcode="store(28) " fcode="store"/>
<opset="store_ln52/3 "/>
</bind>
</comp>

<comp id="699" class="1004" name="mux_case_086_load_load_fu_699">
<pin_list>
<pin id="700" dir="0" index="0" bw="32" slack="1"/>
<pin id="701" dir="1" index="1" bw="32" slack="0"/>
</pin_list>
<bind>
<opcode="load(27) " fcode="load"/>
<opset="mux_case_086_load/2 "/>
</bind>
</comp>

<comp id="703" class="1004" name="mux_case_196_load_load_fu_703">
<pin_list>
<pin id="704" dir="0" index="0" bw="32" slack="1"/>
<pin id="705" dir="1" index="1" bw="32" slack="0"/>
</pin_list>
<bind>
<opcode="load(27) " fcode="load"/>
<opset="mux_case_196_load/2 "/>
</bind>
</comp>

<comp id="707" class="1004" name="mux_case_2106_load_load_fu_707">
<pin_list>
<pin id="708" dir="0" index="0" bw="32" slack="1"/>
<pin id="709" dir="1" index="1" bw="32" slack="0"/>
</pin_list>
<bind>
<opcode="load(27) " fcode="load"/>
<opset="mux_case_2106_load/2 "/>
</bind>
</comp>

<comp id="711" class="1004" name="mux_case_077116_load_load_fu_711">
<pin_list>
<pin id="712" dir="0" index="0" bw="32" slack="1"/>
<pin id="713" dir="1" index="1" bw="32" slack="0"/>
</pin_list>
<bind>
<opcode="load(27) " fcode="load"/>
<opset="mux_case_077116_load/2 "/>
</bind>
</comp>

<comp id="715" class="1004" name="mux_case_179126_load_load_fu_715">
<pin_list>
<pin id="716" dir="0" index="0" bw="32" slack="1"/>
<pin id="717" dir="1" index="1" bw="32" slack="0"/>
</pin_list>
<bind>
<opcode="load(27) " fcode="load"/>
<opset="mux_case_179126_load/2 "/>
</bind>
</comp>

<comp id="719" class="1004" name="mux_case_281136_load_load_fu_719">
<pin_list>
<pin id="720" dir="0" index="0" bw="32" slack="1"/>
<pin id="721" dir="1" index="1" bw="32" slack="0"/>
</pin_list>
<bind>
<opcode="load(27) " fcode="load"/>
<opset="mux_case_281136_load/2 "/>
</bind>
</comp>

<comp id="723" class="1004" name="p_load40_load_fu_723">
<pin_list>
<pin id="724" dir="0" index="0" bw="32" slack="1"/>
<pin id="725" dir="1" index="1" bw="32" slack="0"/>
</pin_list>
<bind>
<opcode="load(27) " fcode="load"/>
<opset="p_load40/2 "/>
</bind>
</comp>

<comp id="727" class="1004" name="p_load38_load_fu_727">
<pin_list>
<pin id="728" dir="0" index="0" bw="32" slack="1"/>
<pin id="729" dir="1" index="1" bw="32" slack="0"/>
</pin_list>
<bind>
<opcode="load(27) " fcode="load"/>
<opset="p_load38/2 "/>
</bind>
</comp>

<comp id="731" class="1004" name="p_load37_load_fu_731">
<pin_list>
<pin id="732" dir="0" index="0" bw="32" slack="1"/>
<pin id="733" dir="1" index="1" bw="32" slack="0"/>
</pin_list>
<bind>
<opcode="load(27) " fcode="load"/>
<opset="p_load37/2 "/>
</bind>
</comp>

<comp id="735" class="1004" name="p_load36_load_fu_735">
<pin_list>
<pin id="736" dir="0" index="0" bw="32" slack="1"/>
<pin id="737" dir="1" index="1" bw="32" slack="0"/>
</pin_list>
<bind>
<opcode="load(27) " fcode="load"/>
<opset="p_load36/2 "/>
</bind>
</comp>

<comp id="739" class="1004" name="p_load34_load_fu_739">
<pin_list>
<pin id="740" dir="0" index="0" bw="32" slack="1"/>
<pin id="741" dir="1" index="1" bw="32" slack="0"/>
</pin_list>
<bind>
<opcode="load(27) " fcode="load"/>
<opset="p_load34/2 "/>
</bind>
</comp>

<comp id="743" class="1004" name="p_load33_load_fu_743">
<pin_list>
<pin id="744" dir="0" index="0" bw="32" slack="1"/>
<pin id="745" dir="1" index="1" bw="32" slack="0"/>
</pin_list>
<bind>
<opcode="load(27) " fcode="load"/>
<opset="p_load33/2 "/>
</bind>
</comp>

<comp id="747" class="1004" name="p_load32_load_fu_747">
<pin_list>
<pin id="748" dir="0" index="0" bw="32" slack="1"/>
<pin id="749" dir="1" index="1" bw="32" slack="0"/>
</pin_list>
<bind>
<opcode="load(27) " fcode="load"/>
<opset="p_load32/2 "/>
</bind>
</comp>

<comp id="751" class="1004" name="p_load30_load_fu_751">
<pin_list>
<pin id="752" dir="0" index="0" bw="32" slack="1"/>
<pin id="753" dir="1" index="1" bw="32" slack="0"/>
</pin_list>
<bind>
<opcode="load(27) " fcode="load"/>
<opset="p_load30/2 "/>
</bind>
</comp>

<comp id="755" class="1004" name="p_load_load_fu_755">
<pin_list>
<pin id="756" dir="0" index="0" bw="32" slack="1"/>
<pin id="757" dir="1" index="1" bw="32" slack="0"/>
</pin_list>
<bind>
<opcode="load(27) " fcode="load"/>
<opset="p_load/2 "/>
</bind>
</comp>

<comp id="759" class="1005" name="wj_reg_759">
<pin_list>
<pin id="760" dir="0" index="0" bw="2" slack="0"/>
<pin id="761" dir="1" index="1" bw="2" slack="0"/>
</pin_list>
<bind>
<opset="wj "/>
</bind>
</comp>

<comp id="766" class="1005" name="wi_reg_766">
<pin_list>
<pin id="767" dir="0" index="0" bw="2" slack="0"/>
<pin id="768" dir="1" index="1" bw="2" slack="0"/>
</pin_list>
<bind>
<opset="wi "/>
</bind>
</comp>

<comp id="773" class="1005" name="indvar_flatten27_reg_773">
<pin_list>
<pin id="774" dir="0" index="0" bw="4" slack="0"/>
<pin id="775" dir="1" index="1" bw="4" slack="0"/>
</pin_list>
<bind>
<opset="indvar_flatten27 "/>
</bind>
</comp>

<comp id="780" class="1005" name="mux_case_086_reg_780">
<pin_list>
<pin id="781" dir="0" index="0" bw="32" slack="0"/>
<pin id="782" dir="1" index="1" bw="32" slack="0"/>
</pin_list>
<bind>
<opset="mux_case_086 "/>
</bind>
</comp>

<comp id="787" class="1005" name="mux_case_196_reg_787">
<pin_list>
<pin id="788" dir="0" index="0" bw="32" slack="0"/>
<pin id="789" dir="1" index="1" bw="32" slack="0"/>
</pin_list>
<bind>
<opset="mux_case_196 "/>
</bind>
</comp>

<comp id="794" class="1005" name="mux_case_2106_reg_794">
<pin_list>
<pin id="795" dir="0" index="0" bw="32" slack="0"/>
<pin id="796" dir="1" index="1" bw="32" slack="0"/>
</pin_list>
<bind>
<opset="mux_case_2106 "/>
</bind>
</comp>

<comp id="801" class="1005" name="mux_case_077116_reg_801">
<pin_list>
<pin id="802" dir="0" index="0" bw="32" slack="0"/>
<pin id="803" dir="1" index="1" bw="32" slack="0"/>
</pin_list>
<bind>
<opset="mux_case_077116 "/>
</bind>
</comp>

<comp id="808" class="1005" name="mux_case_179126_reg_808">
<pin_list>
<pin id="809" dir="0" index="0" bw="32" slack="0"/>
<pin id="810" dir="1" index="1" bw="32" slack="0"/>
</pin_list>
<bind>
<opset="mux_case_179126 "/>
</bind>
</comp>

<comp id="815" class="1005" name="mux_case_281136_reg_815">
<pin_list>
<pin id="816" dir="0" index="0" bw="32" slack="0"/>
<pin id="817" dir="1" index="1" bw="32" slack="0"/>
</pin_list>
<bind>
<opset="mux_case_281136 "/>
</bind>
</comp>

<comp id="822" class="1005" name="empty_reg_822">
<pin_list>
<pin id="823" dir="0" index="0" bw="32" slack="0"/>
<pin id="824" dir="1" index="1" bw="32" slack="0"/>
</pin_list>
<bind>
<opset="empty "/>
</bind>
</comp>

<comp id="829" class="1005" name="empty_36_reg_829">
<pin_list>
<pin id="830" dir="0" index="0" bw="32" slack="0"/>
<pin id="831" dir="1" index="1" bw="32" slack="0"/>
</pin_list>
<bind>
<opset="empty_36 "/>
</bind>
</comp>

<comp id="836" class="1005" name="empty_37_reg_836">
<pin_list>
<pin id="837" dir="0" index="0" bw="32" slack="0"/>
<pin id="838" dir="1" index="1" bw="32" slack="0"/>
</pin_list>
<bind>
<opset="empty_37 "/>
</bind>
</comp>

<comp id="843" class="1005" name="empty_38_reg_843">
<pin_list>
<pin id="844" dir="0" index="0" bw="32" slack="0"/>
<pin id="845" dir="1" index="1" bw="32" slack="0"/>
</pin_list>
<bind>
<opset="empty_38 "/>
</bind>
</comp>

<comp id="850" class="1005" name="empty_39_reg_850">
<pin_list>
<pin id="851" dir="0" index="0" bw="32" slack="0"/>
<pin id="852" dir="1" index="1" bw="32" slack="0"/>
</pin_list>
<bind>
<opset="empty_39 "/>
</bind>
</comp>

<comp id="857" class="1005" name="empty_40_reg_857">
<pin_list>
<pin id="858" dir="0" index="0" bw="32" slack="0"/>
<pin id="859" dir="1" index="1" bw="32" slack="0"/>
</pin_list>
<bind>
<opset="empty_40 "/>
</bind>
</comp>

<comp id="864" class="1005" name="empty_41_reg_864">
<pin_list>
<pin id="865" dir="0" index="0" bw="32" slack="0"/>
<pin id="866" dir="1" index="1" bw="32" slack="0"/>
</pin_list>
<bind>
<opset="empty_41 "/>
</bind>
</comp>

<comp id="871" class="1005" name="empty_42_reg_871">
<pin_list>
<pin id="872" dir="0" index="0" bw="32" slack="0"/>
<pin id="873" dir="1" index="1" bw="32" slack="0"/>
</pin_list>
<bind>
<opset="empty_42 "/>
</bind>
</comp>

<comp id="878" class="1005" name="empty_43_reg_878">
<pin_list>
<pin id="879" dir="0" index="0" bw="32" slack="0"/>
<pin id="880" dir="1" index="1" bw="32" slack="0"/>
</pin_list>
<bind>
<opset="empty_43 "/>
</bind>
</comp>

<comp id="885" class="1005" name="select_ln139_1_read_reg_885">
<pin_list>
<pin id="886" dir="0" index="0" bw="5" slack="1"/>
<pin id="887" dir="1" index="1" bw="5" slack="1"/>
</pin_list>
<bind>
<opset="select_ln139_1_read "/>
</bind>
</comp>

<comp id="890" class="1005" name="icmp_ln49_reg_890">
<pin_list>
<pin id="891" dir="0" index="0" bw="1" slack="1"/>
<pin id="892" dir="1" index="1" bw="1" slack="2147483647"/>
</pin_list>
<bind>
<opset="icmp_ln49 "/>
</bind>
</comp>

<comp id="894" class="1005" name="select_ln52_reg_894">
<pin_list>
<pin id="895" dir="0" index="0" bw="2" slack="1"/>
<pin id="896" dir="1" index="1" bw="2" slack="1"/>
</pin_list>
<bind>
<opset="select_ln52 "/>
</bind>
</comp>

<comp id="899" class="1005" name="select_ln52_1_reg_899">
<pin_list>
<pin id="900" dir="0" index="0" bw="2" slack="1"/>
<pin id="901" dir="1" index="1" bw="2" slack="1"/>
</pin_list>
<bind>
<opset="select_ln52_1 "/>
</bind>
</comp>

<comp id="904" class="1005" name="mem_1_0_addr_reg_904">
<pin_list>
<pin id="905" dir="0" index="0" bw="10" slack="1"/>
<pin id="906" dir="1" index="1" bw="10" slack="1"/>
</pin_list>
<bind>
<opset="mem_1_0_addr "/>
</bind>
</comp>

</comp_list>

<net_list>
<net id="121"><net_src comp="64" pin="0"/><net_sink comp="118" pin=0"/></net>

<net id="125"><net_src comp="64" pin="0"/><net_sink comp="122" pin=0"/></net>

<net id="129"><net_src comp="64" pin="0"/><net_sink comp="126" pin=0"/></net>

<net id="133"><net_src comp="64" pin="0"/><net_sink comp="130" pin=0"/></net>

<net id="137"><net_src comp="64" pin="0"/><net_sink comp="134" pin=0"/></net>

<net id="141"><net_src comp="64" pin="0"/><net_sink comp="138" pin=0"/></net>

<net id="145"><net_src comp="64" pin="0"/><net_sink comp="142" pin=0"/></net>

<net id="149"><net_src comp="64" pin="0"/><net_sink comp="146" pin=0"/></net>

<net id="153"><net_src comp="64" pin="0"/><net_sink comp="150" pin=0"/></net>

<net id="157"><net_src comp="64" pin="0"/><net_sink comp="154" pin=0"/></net>

<net id="161"><net_src comp="64" pin="0"/><net_sink comp="158" pin=0"/></net>

<net id="165"><net_src comp="64" pin="0"/><net_sink comp="162" pin=0"/></net>

<net id="169"><net_src comp="64" pin="0"/><net_sink comp="166" pin=0"/></net>

<net id="173"><net_src comp="64" pin="0"/><net_sink comp="170" pin=0"/></net>

<net id="177"><net_src comp="64" pin="0"/><net_sink comp="174" pin=0"/></net>

<net id="181"><net_src comp="64" pin="0"/><net_sink comp="178" pin=0"/></net>

<net id="185"><net_src comp="64" pin="0"/><net_sink comp="182" pin=0"/></net>

<net id="189"><net_src comp="64" pin="0"/><net_sink comp="186" pin=0"/></net>

<net id="194"><net_src comp="66" pin="0"/><net_sink comp="190" pin=0"/></net>

<net id="195"><net_src comp="30" pin="0"/><net_sink comp="190" pin=1"/></net>

<net id="200"><net_src comp="68" pin="0"/><net_sink comp="196" pin=0"/></net>

<net id="201"><net_src comp="28" pin="0"/><net_sink comp="196" pin=1"/></net>

<net id="206"><net_src comp="68" pin="0"/><net_sink comp="202" pin=0"/></net>

<net id="207"><net_src comp="26" pin="0"/><net_sink comp="202" pin=1"/></net>

<net id="212"><net_src comp="68" pin="0"/><net_sink comp="208" pin=0"/></net>

<net id="213"><net_src comp="24" pin="0"/><net_sink comp="208" pin=1"/></net>

<net id="218"><net_src comp="68" pin="0"/><net_sink comp="214" pin=0"/></net>

<net id="219"><net_src comp="22" pin="0"/><net_sink comp="214" pin=1"/></net>

<net id="224"><net_src comp="68" pin="0"/><net_sink comp="220" pin=0"/></net>

<net id="225"><net_src comp="20" pin="0"/><net_sink comp="220" pin=1"/></net>

<net id="230"><net_src comp="68" pin="0"/><net_sink comp="226" pin=0"/></net>

<net id="231"><net_src comp="18" pin="0"/><net_sink comp="226" pin=1"/></net>

<net id="236"><net_src comp="68" pin="0"/><net_sink comp="232" pin=0"/></net>

<net id="237"><net_src comp="16" pin="0"/><net_sink comp="232" pin=1"/></net>

<net id="242"><net_src comp="68" pin="0"/><net_sink comp="238" pin=0"/></net>

<net id="243"><net_src comp="14" pin="0"/><net_sink comp="238" pin=1"/></net>

<net id="248"><net_src comp="68" pin="0"/><net_sink comp="244" pin=0"/></net>

<net id="249"><net_src comp="12" pin="0"/><net_sink comp="244" pin=1"/></net>

<net id="254"><net_src comp="68" pin="0"/><net_sink comp="250" pin=0"/></net>

<net id="255"><net_src comp="10" pin="0"/><net_sink comp="250" pin=1"/></net>

<net id="260"><net_src comp="68" pin="0"/><net_sink comp="256" pin=0"/></net>

<net id="261"><net_src comp="8" pin="0"/><net_sink comp="256" pin=1"/></net>

<net id="266"><net_src comp="68" pin="0"/><net_sink comp="262" pin=0"/></net>

<net id="267"><net_src comp="6" pin="0"/><net_sink comp="262" pin=1"/></net>

<net id="272"><net_src comp="68" pin="0"/><net_sink comp="268" pin=0"/></net>

<net id="273"><net_src comp="4" pin="0"/><net_sink comp="268" pin=1"/></net>

<net id="278"><net_src comp="68" pin="0"/><net_sink comp="274" pin=0"/></net>

<net id="279"><net_src comp="2" pin="0"/><net_sink comp="274" pin=1"/></net>

<net id="284"><net_src comp="68" pin="0"/><net_sink comp="280" pin=0"/></net>

<net id="285"><net_src comp="0" pin="0"/><net_sink comp="280" pin=1"/></net>

<net id="291"><net_src comp="116" pin="0"/><net_sink comp="286" pin=0"/></net>

<net id="292"><net_src comp="34" pin="0"/><net_sink comp="286" pin=1"/></net>

<net id="298"><net_src comp="116" pin="0"/><net_sink comp="293" pin=0"/></net>

<net id="299"><net_src comp="36" pin="0"/><net_sink comp="293" pin=1"/></net>

<net id="305"><net_src comp="116" pin="0"/><net_sink comp="300" pin=0"/></net>

<net id="306"><net_src comp="38" pin="0"/><net_sink comp="300" pin=1"/></net>

<net id="312"><net_src comp="116" pin="0"/><net_sink comp="307" pin=0"/></net>

<net id="313"><net_src comp="40" pin="0"/><net_sink comp="307" pin=1"/></net>

<net id="319"><net_src comp="116" pin="0"/><net_sink comp="314" pin=0"/></net>

<net id="320"><net_src comp="42" pin="0"/><net_sink comp="314" pin=1"/></net>

<net id="326"><net_src comp="116" pin="0"/><net_sink comp="321" pin=0"/></net>

<net id="327"><net_src comp="44" pin="0"/><net_sink comp="321" pin=1"/></net>

<net id="333"><net_src comp="116" pin="0"/><net_sink comp="328" pin=0"/></net>

<net id="334"><net_src comp="46" pin="0"/><net_sink comp="328" pin=1"/></net>

<net id="340"><net_src comp="116" pin="0"/><net_sink comp="335" pin=0"/></net>

<net id="341"><net_src comp="48" pin="0"/><net_sink comp="335" pin=1"/></net>

<net id="347"><net_src comp="116" pin="0"/><net_sink comp="342" pin=0"/></net>

<net id="348"><net_src comp="50" pin="0"/><net_sink comp="342" pin=1"/></net>

<net id="354"><net_src comp="116" pin="0"/><net_sink comp="349" pin=0"/></net>

<net id="355"><net_src comp="52" pin="0"/><net_sink comp="349" pin=1"/></net>

<net id="361"><net_src comp="116" pin="0"/><net_sink comp="356" pin=0"/></net>

<net id="362"><net_src comp="54" pin="0"/><net_sink comp="356" pin=1"/></net>

<net id="368"><net_src comp="116" pin="0"/><net_sink comp="363" pin=0"/></net>

<net id="369"><net_src comp="56" pin="0"/><net_sink comp="363" pin=1"/></net>

<net id="375"><net_src comp="116" pin="0"/><net_sink comp="370" pin=0"/></net>

<net id="376"><net_src comp="58" pin="0"/><net_sink comp="370" pin=1"/></net>

<net id="382"><net_src comp="116" pin="0"/><net_sink comp="377" pin=0"/></net>

<net id="383"><net_src comp="60" pin="0"/><net_sink comp="377" pin=1"/></net>

<net id="389"><net_src comp="116" pin="0"/><net_sink comp="384" pin=0"/></net>

<net id="390"><net_src comp="62" pin="0"/><net_sink comp="384" pin=1"/></net>

<net id="396"><net_src comp="32" pin="0"/><net_sink comp="391" pin=0"/></net>

<net id="397"><net_src comp="96" pin="0"/><net_sink comp="391" pin=1"/></net>

<net id="403"><net_src comp="391" pin="3"/><net_sink comp="398" pin=0"/></net>

<net id="408"><net_src comp="280" pin="2"/><net_sink comp="404" pin=0"/></net>

<net id="413"><net_src comp="274" pin="2"/><net_sink comp="409" pin=0"/></net>

<net id="418"><net_src comp="268" pin="2"/><net_sink comp="414" pin=0"/></net>

<net id="423"><net_src comp="262" pin="2"/><net_sink comp="419" pin=0"/></net>

<net id="428"><net_src comp="256" pin="2"/><net_sink comp="424" pin=0"/></net>

<net id="433"><net_src comp="250" pin="2"/><net_sink comp="429" pin=0"/></net>

<net id="438"><net_src comp="244" pin="2"/><net_sink comp="434" pin=0"/></net>

<net id="443"><net_src comp="238" pin="2"/><net_sink comp="439" pin=0"/></net>

<net id="448"><net_src comp="232" pin="2"/><net_sink comp="444" pin=0"/></net>

<net id="453"><net_src comp="226" pin="2"/><net_sink comp="449" pin=0"/></net>

<net id="458"><net_src comp="220" pin="2"/><net_sink comp="454" pin=0"/></net>

<net id="463"><net_src comp="214" pin="2"/><net_sink comp="459" pin=0"/></net>

<net id="468"><net_src comp="208" pin="2"/><net_sink comp="464" pin=0"/></net>

<net id="473"><net_src comp="202" pin="2"/><net_sink comp="469" pin=0"/></net>

<net id="478"><net_src comp="196" pin="2"/><net_sink comp="474" pin=0"/></net>

<net id="483"><net_src comp="70" pin="0"/><net_sink comp="479" pin=0"/></net>

<net id="488"><net_src comp="72" pin="0"/><net_sink comp="484" pin=0"/></net>

<net id="493"><net_src comp="72" pin="0"/><net_sink comp="489" pin=0"/></net>

<net id="501"><net_src comp="494" pin="1"/><net_sink comp="497" pin=0"/></net>

<net id="502"><net_src comp="74" pin="0"/><net_sink comp="497" pin=1"/></net>

<net id="507"><net_src comp="494" pin="1"/><net_sink comp="503" pin=0"/></net>

<net id="508"><net_src comp="76" pin="0"/><net_sink comp="503" pin=1"/></net>

<net id="519"><net_src comp="512" pin="1"/><net_sink comp="515" pin=0"/></net>

<net id="520"><net_src comp="78" pin="0"/><net_sink comp="515" pin=1"/></net>

<net id="525"><net_src comp="509" pin="1"/><net_sink comp="521" pin=0"/></net>

<net id="526"><net_src comp="80" pin="0"/><net_sink comp="521" pin=1"/></net>

<net id="532"><net_src comp="521" pin="2"/><net_sink comp="527" pin=0"/></net>

<net id="533"><net_src comp="72" pin="0"/><net_sink comp="527" pin=1"/></net>

<net id="534"><net_src comp="509" pin="1"/><net_sink comp="527" pin=2"/></net>

<net id="540"><net_src comp="521" pin="2"/><net_sink comp="535" pin=0"/></net>

<net id="541"><net_src comp="515" pin="2"/><net_sink comp="535" pin=1"/></net>

<net id="542"><net_src comp="512" pin="1"/><net_sink comp="535" pin=2"/></net>

<net id="547"><net_src comp="527" pin="3"/><net_sink comp="543" pin=0"/></net>

<net id="548"><net_src comp="78" pin="0"/><net_sink comp="543" pin=1"/></net>

<net id="553"><net_src comp="503" pin="2"/><net_sink comp="549" pin=0"/></net>

<net id="558"><net_src comp="535" pin="3"/><net_sink comp="554" pin=0"/></net>

<net id="563"><net_src comp="543" pin="2"/><net_sink comp="559" pin=0"/></net>

<net id="571"><net_src comp="564" pin="1"/><net_sink comp="567" pin=1"/></net>

<net id="577"><net_src comp="82" pin="0"/><net_sink comp="572" pin=0"/></net>

<net id="578"><net_src comp="567" pin="2"/><net_sink comp="572" pin=1"/></net>

<net id="579"><net_src comp="84" pin="0"/><net_sink comp="572" pin=2"/></net>

<net id="583"><net_src comp="572" pin="3"/><net_sink comp="580" pin=0"/></net>

<net id="589"><net_src comp="86" pin="0"/><net_sink comp="584" pin=0"/></net>

<net id="590"><net_src comp="567" pin="2"/><net_sink comp="584" pin=1"/></net>

<net id="591"><net_src comp="72" pin="0"/><net_sink comp="584" pin=2"/></net>

<net id="595"><net_src comp="584" pin="3"/><net_sink comp="592" pin=0"/></net>

<net id="600"><net_src comp="580" pin="1"/><net_sink comp="596" pin=0"/></net>

<net id="601"><net_src comp="592" pin="1"/><net_sink comp="596" pin=1"/></net>

<net id="608"><net_src comp="88" pin="0"/><net_sink comp="602" pin=0"/></net>

<net id="609"><net_src comp="596" pin="2"/><net_sink comp="602" pin=1"/></net>

<net id="610"><net_src comp="90" pin="0"/><net_sink comp="602" pin=2"/></net>

<net id="611"><net_src comp="92" pin="0"/><net_sink comp="602" pin=3"/></net>

<net id="617"><net_src comp="94" pin="0"/><net_sink comp="612" pin=0"/></net>

<net id="618"><net_src comp="602" pin="4"/><net_sink comp="612" pin=1"/></net>

<net id="622"><net_src comp="612" pin="3"/><net_sink comp="619" pin=0"/></net>

<net id="623"><net_src comp="619" pin="1"/><net_sink comp="391" pin=2"/></net>

<net id="628"><net_src comp="398" pin="3"/><net_sink comp="624" pin=0"/></net>

<net id="633"><net_src comp="398" pin="3"/><net_sink comp="629" pin=0"/></net>

<net id="638"><net_src comp="398" pin="3"/><net_sink comp="634" pin=0"/></net>

<net id="643"><net_src comp="398" pin="3"/><net_sink comp="639" pin=0"/></net>

<net id="648"><net_src comp="398" pin="3"/><net_sink comp="644" pin=0"/></net>

<net id="653"><net_src comp="398" pin="3"/><net_sink comp="649" pin=0"/></net>

<net id="658"><net_src comp="398" pin="3"/><net_sink comp="654" pin=0"/></net>

<net id="663"><net_src comp="398" pin="3"/><net_sink comp="659" pin=0"/></net>

<net id="668"><net_src comp="398" pin="3"/><net_sink comp="664" pin=0"/></net>

<net id="673"><net_src comp="398" pin="3"/><net_sink comp="669" pin=0"/></net>

<net id="678"><net_src comp="398" pin="3"/><net_sink comp="674" pin=0"/></net>

<net id="683"><net_src comp="398" pin="3"/><net_sink comp="679" pin=0"/></net>

<net id="688"><net_src comp="398" pin="3"/><net_sink comp="684" pin=0"/></net>

<net id="693"><net_src comp="398" pin="3"/><net_sink comp="689" pin=0"/></net>

<net id="698"><net_src comp="398" pin="3"/><net_sink comp="694" pin=0"/></net>

<net id="702"><net_src comp="699" pin="1"/><net_sink comp="384" pin=2"/></net>

<net id="706"><net_src comp="703" pin="1"/><net_sink comp="377" pin=2"/></net>

<net id="710"><net_src comp="707" pin="1"/><net_sink comp="370" pin=2"/></net>

<net id="714"><net_src comp="711" pin="1"/><net_sink comp="363" pin=2"/></net>

<net id="718"><net_src comp="715" pin="1"/><net_sink comp="356" pin=2"/></net>

<net id="722"><net_src comp="719" pin="1"/><net_sink comp="349" pin=2"/></net>

<net id="726"><net_src comp="723" pin="1"/><net_sink comp="342" pin=2"/></net>

<net id="730"><net_src comp="727" pin="1"/><net_sink comp="335" pin=2"/></net>

<net id="734"><net_src comp="731" pin="1"/><net_sink comp="328" pin=2"/></net>

<net id="738"><net_src comp="735" pin="1"/><net_sink comp="321" pin=2"/></net>

<net id="742"><net_src comp="739" pin="1"/><net_sink comp="314" pin=2"/></net>

<net id="746"><net_src comp="743" pin="1"/><net_sink comp="307" pin=2"/></net>

<net id="750"><net_src comp="747" pin="1"/><net_sink comp="300" pin=2"/></net>

<net id="754"><net_src comp="751" pin="1"/><net_sink comp="293" pin=2"/></net>

<net id="758"><net_src comp="755" pin="1"/><net_sink comp="286" pin=2"/></net>

<net id="762"><net_src comp="118" pin="1"/><net_sink comp="759" pin=0"/></net>

<net id="763"><net_src comp="759" pin="1"/><net_sink comp="489" pin=1"/></net>

<net id="764"><net_src comp="759" pin="1"/><net_sink comp="509" pin=0"/></net>

<net id="765"><net_src comp="759" pin="1"/><net_sink comp="559" pin=1"/></net>

<net id="769"><net_src comp="122" pin="1"/><net_sink comp="766" pin=0"/></net>

<net id="770"><net_src comp="766" pin="1"/><net_sink comp="484" pin=1"/></net>

<net id="771"><net_src comp="766" pin="1"/><net_sink comp="512" pin=0"/></net>

<net id="772"><net_src comp="766" pin="1"/><net_sink comp="554" pin=1"/></net>

<net id="776"><net_src comp="126" pin="1"/><net_sink comp="773" pin=0"/></net>

<net id="777"><net_src comp="773" pin="1"/><net_sink comp="479" pin=1"/></net>

<net id="778"><net_src comp="773" pin="1"/><net_sink comp="494" pin=0"/></net>

<net id="779"><net_src comp="773" pin="1"/><net_sink comp="549" pin=1"/></net>

<net id="783"><net_src comp="130" pin="1"/><net_sink comp="780" pin=0"/></net>

<net id="784"><net_src comp="780" pin="1"/><net_sink comp="474" pin=1"/></net>

<net id="785"><net_src comp="780" pin="1"/><net_sink comp="654" pin=1"/></net>

<net id="786"><net_src comp="780" pin="1"/><net_sink comp="699" pin=0"/></net>

<net id="790"><net_src comp="134" pin="1"/><net_sink comp="787" pin=0"/></net>

<net id="791"><net_src comp="787" pin="1"/><net_sink comp="469" pin=1"/></net>

<net id="792"><net_src comp="787" pin="1"/><net_sink comp="629" pin=1"/></net>

<net id="793"><net_src comp="787" pin="1"/><net_sink comp="703" pin=0"/></net>

<net id="797"><net_src comp="138" pin="1"/><net_sink comp="794" pin=0"/></net>

<net id="798"><net_src comp="794" pin="1"/><net_sink comp="464" pin=1"/></net>

<net id="799"><net_src comp="794" pin="1"/><net_sink comp="679" pin=1"/></net>

<net id="800"><net_src comp="794" pin="1"/><net_sink comp="707" pin=0"/></net>

<net id="804"><net_src comp="142" pin="1"/><net_sink comp="801" pin=0"/></net>

<net id="805"><net_src comp="801" pin="1"/><net_sink comp="459" pin=1"/></net>

<net id="806"><net_src comp="801" pin="1"/><net_sink comp="669" pin=1"/></net>

<net id="807"><net_src comp="801" pin="1"/><net_sink comp="711" pin=0"/></net>

<net id="811"><net_src comp="146" pin="1"/><net_sink comp="808" pin=0"/></net>

<net id="812"><net_src comp="808" pin="1"/><net_sink comp="454" pin=1"/></net>

<net id="813"><net_src comp="808" pin="1"/><net_sink comp="644" pin=1"/></net>

<net id="814"><net_src comp="808" pin="1"/><net_sink comp="715" pin=0"/></net>

<net id="818"><net_src comp="150" pin="1"/><net_sink comp="815" pin=0"/></net>

<net id="819"><net_src comp="815" pin="1"/><net_sink comp="449" pin=1"/></net>

<net id="820"><net_src comp="815" pin="1"/><net_sink comp="694" pin=1"/></net>

<net id="821"><net_src comp="815" pin="1"/><net_sink comp="719" pin=0"/></net>

<net id="825"><net_src comp="154" pin="1"/><net_sink comp="822" pin=0"/></net>

<net id="826"><net_src comp="822" pin="1"/><net_sink comp="444" pin=1"/></net>

<net id="827"><net_src comp="822" pin="1"/><net_sink comp="624" pin=1"/></net>

<net id="828"><net_src comp="822" pin="1"/><net_sink comp="723" pin=0"/></net>

<net id="832"><net_src comp="158" pin="1"/><net_sink comp="829" pin=0"/></net>

<net id="833"><net_src comp="829" pin="1"/><net_sink comp="439" pin=1"/></net>

<net id="834"><net_src comp="829" pin="1"/><net_sink comp="634" pin=1"/></net>

<net id="835"><net_src comp="829" pin="1"/><net_sink comp="727" pin=0"/></net>

<net id="839"><net_src comp="162" pin="1"/><net_sink comp="836" pin=0"/></net>

<net id="840"><net_src comp="836" pin="1"/><net_sink comp="434" pin=1"/></net>

<net id="841"><net_src comp="836" pin="1"/><net_sink comp="639" pin=1"/></net>

<net id="842"><net_src comp="836" pin="1"/><net_sink comp="731" pin=0"/></net>

<net id="846"><net_src comp="166" pin="1"/><net_sink comp="843" pin=0"/></net>

<net id="847"><net_src comp="843" pin="1"/><net_sink comp="429" pin=1"/></net>

<net id="848"><net_src comp="843" pin="1"/><net_sink comp="649" pin=1"/></net>

<net id="849"><net_src comp="843" pin="1"/><net_sink comp="735" pin=0"/></net>

<net id="853"><net_src comp="170" pin="1"/><net_sink comp="850" pin=0"/></net>

<net id="854"><net_src comp="850" pin="1"/><net_sink comp="424" pin=1"/></net>

<net id="855"><net_src comp="850" pin="1"/><net_sink comp="659" pin=1"/></net>

<net id="856"><net_src comp="850" pin="1"/><net_sink comp="739" pin=0"/></net>

<net id="860"><net_src comp="174" pin="1"/><net_sink comp="857" pin=0"/></net>

<net id="861"><net_src comp="857" pin="1"/><net_sink comp="419" pin=1"/></net>

<net id="862"><net_src comp="857" pin="1"/><net_sink comp="664" pin=1"/></net>

<net id="863"><net_src comp="857" pin="1"/><net_sink comp="743" pin=0"/></net>

<net id="867"><net_src comp="178" pin="1"/><net_sink comp="864" pin=0"/></net>

<net id="868"><net_src comp="864" pin="1"/><net_sink comp="414" pin=1"/></net>

<net id="869"><net_src comp="864" pin="1"/><net_sink comp="674" pin=1"/></net>

<net id="870"><net_src comp="864" pin="1"/><net_sink comp="747" pin=0"/></net>

<net id="874"><net_src comp="182" pin="1"/><net_sink comp="871" pin=0"/></net>

<net id="875"><net_src comp="871" pin="1"/><net_sink comp="409" pin=1"/></net>

<net id="876"><net_src comp="871" pin="1"/><net_sink comp="684" pin=1"/></net>

<net id="877"><net_src comp="871" pin="1"/><net_sink comp="751" pin=0"/></net>

<net id="881"><net_src comp="186" pin="1"/><net_sink comp="878" pin=0"/></net>

<net id="882"><net_src comp="878" pin="1"/><net_sink comp="404" pin=1"/></net>

<net id="883"><net_src comp="878" pin="1"/><net_sink comp="689" pin=1"/></net>

<net id="884"><net_src comp="878" pin="1"/><net_sink comp="755" pin=0"/></net>

<net id="888"><net_src comp="190" pin="2"/><net_sink comp="885" pin=0"/></net>

<net id="889"><net_src comp="885" pin="1"/><net_sink comp="567" pin=0"/></net>

<net id="893"><net_src comp="497" pin="2"/><net_sink comp="890" pin=0"/></net>

<net id="897"><net_src comp="527" pin="3"/><net_sink comp="894" pin=0"/></net>

<net id="898"><net_src comp="894" pin="1"/><net_sink comp="612" pin=2"/></net>

<net id="902"><net_src comp="535" pin="3"/><net_sink comp="899" pin=0"/></net>

<net id="903"><net_src comp="899" pin="1"/><net_sink comp="564" pin=0"/></net>

<net id="907"><net_src comp="391" pin="3"/><net_sink comp="904" pin=0"/></net>

<net id="908"><net_src comp="904" pin="1"/><net_sink comp="398" pin=0"/></net>

</net_list>

</model> 
---------------- Datapath Model END ------------------

* FSMD analyzer results:
  - Output states:
	Port: mem_1_0 | {}
	Port: p_out | {2 }
	Port: p_out1 | {2 }
	Port: p_out2 | {2 }
	Port: p_out3 | {2 }
	Port: p_out4 | {2 }
	Port: p_out5 | {2 }
	Port: p_out6 | {2 }
	Port: p_out7 | {2 }
	Port: p_out8 | {2 }
	Port: mux_case_281136_out | {2 }
	Port: mux_case_179126_out | {2 }
	Port: mux_case_077116_out | {2 }
	Port: mux_case_2106_out | {2 }
	Port: mux_case_196_out | {2 }
	Port: mux_case_086_out | {2 }
 - Input state : 
	Port: conv1_Pipeline_loadWinFull_VITIS_LOOP_50_1 : window_i_2_2_promoted195 | {1 }
	Port: conv1_Pipeline_loadWinFull_VITIS_LOOP_50_1 : window_i_2_0_promoted193 | {1 }
	Port: conv1_Pipeline_loadWinFull_VITIS_LOOP_50_1 : window_i_2_1_promoted191 | {1 }
	Port: conv1_Pipeline_loadWinFull_VITIS_LOOP_50_1 : window_i_0_2_promoted189 | {1 }
	Port: conv1_Pipeline_loadWinFull_VITIS_LOOP_50_1 : window_i_0_0_promoted187 | {1 }
	Port: conv1_Pipeline_loadWinFull_VITIS_LOOP_50_1 : window_i_0_1_promoted185 | {1 }
	Port: conv1_Pipeline_loadWinFull_VITIS_LOOP_50_1 : window_i_1_2_promoted183 | {1 }
	Port: conv1_Pipeline_loadWinFull_VITIS_LOOP_50_1 : window_i_1_0_promoted181 | {1 }
	Port: conv1_Pipeline_loadWinFull_VITIS_LOOP_50_1 : window_i_1_1_promoted179 | {1 }
	Port: conv1_Pipeline_loadWinFull_VITIS_LOOP_50_1 : mux_case_281138 | {1 }
	Port: conv1_Pipeline_loadWinFull_VITIS_LOOP_50_1 : mux_case_179128 | {1 }
	Port: conv1_Pipeline_loadWinFull_VITIS_LOOP_50_1 : mux_case_077118 | {1 }
	Port: conv1_Pipeline_loadWinFull_VITIS_LOOP_50_1 : mux_case_2108 | {1 }
	Port: conv1_Pipeline_loadWinFull_VITIS_LOOP_50_1 : mux_case_198 | {1 }
	Port: conv1_Pipeline_loadWinFull_VITIS_LOOP_50_1 : mux_case_088 | {1 }
	Port: conv1_Pipeline_loadWinFull_VITIS_LOOP_50_1 : select_ln139_1 | {1 }
	Port: conv1_Pipeline_loadWinFull_VITIS_LOOP_50_1 : mem_1_0 | {2 3 }
  - Chain level:
	State 1
		store_ln0 : 1
		store_ln0 : 1
		store_ln0 : 1
		indvar_flatten27_load : 1
		icmp_ln49 : 2
		add_ln49_1 : 2
		br_ln49 : 3
		wj_load : 1
		wi_load : 1
		add_ln49 : 2
		icmp_ln50 : 2
		select_ln52 : 3
		select_ln52_1 : 3
		switch_ln52 : 4
		switch_ln52 : 4
		switch_ln52 : 4
		switch_ln52 : 4
		add_ln50 : 4
		store_ln50 : 3
		store_ln50 : 4
		store_ln50 : 5
	State 2
		add_ln52 : 1
		tmp_s : 2
		zext_ln52_1 : 3
		tmp_23 : 2
		zext_ln52_2 : 3
		sub_ln52 : 4
		tmp_36_cast : 5
		tmp_24 : 6
		zext_ln52_3 : 7
		mem_1_0_addr : 8
		mem_1_0_load : 9
		write_ln0 : 1
		write_ln0 : 1
		write_ln0 : 1
		write_ln0 : 1
		write_ln0 : 1
		write_ln0 : 1
		write_ln0 : 1
		write_ln0 : 1
		write_ln0 : 1
		write_ln0 : 1
		write_ln0 : 1
		write_ln0 : 1
		write_ln0 : 1
		write_ln0 : 1
		write_ln0 : 1
	State 3
		store_ln52 : 1
		store_ln52 : 1
		store_ln52 : 1
		store_ln52 : 1
		store_ln52 : 1
		store_ln52 : 1
		store_ln52 : 1
		store_ln52 : 1
		store_ln52 : 1
		store_ln52 : 1
		store_ln52 : 1
		store_ln52 : 1
		store_ln52 : 1
		store_ln52 : 1
		store_ln52 : 1


============================================================
+ Verbose Summary: Datapath Resource usage 
============================================================

* Functional unit list:
|----------|-------------------------------------------|---------|---------|
| Operation|              Functional Unit              |    FF   |   LUT   |
|----------|-------------------------------------------|---------|---------|
|          |             add_ln49_1_fu_503             |    0    |    13   |
|    add   |              add_ln49_fu_515              |    0    |    10   |
|          |              add_ln50_fu_543              |    0    |    10   |
|          |              add_ln52_fu_567              |    0    |    13   |
|----------|-------------------------------------------|---------|---------|
|   icmp   |              icmp_ln49_fu_497             |    0    |    9    |
|          |              icmp_ln50_fu_521             |    0    |    8    |
|----------|-------------------------------------------|---------|---------|
|    sub   |              sub_ln52_fu_596              |    0    |    13   |
|----------|-------------------------------------------|---------|---------|
|  select  |             select_ln52_fu_527            |    0    |    2    |
|          |            select_ln52_1_fu_535           |    0    |    2    |
|----------|-------------------------------------------|---------|---------|
|          |      select_ln139_1_read_read_fu_190      |    0    |    0    |
|          |       mux_case_088_read_read_fu_196       |    0    |    0    |
|          |       mux_case_198_read_read_fu_202       |    0    |    0    |
|          |       mux_case_2108_read_read_fu_208      |    0    |    0    |
|          |      mux_case_077118_read_read_fu_214     |    0    |    0    |
|          |      mux_case_179128_read_read_fu_220     |    0    |    0    |
|          |      mux_case_281138_read_read_fu_226     |    0    |    0    |
|   read   | window_i_1_1_promoted179_read_read_fu_232 |    0    |    0    |
|          | window_i_1_0_promoted181_read_read_fu_238 |    0    |    0    |
|          | window_i_1_2_promoted183_read_read_fu_244 |    0    |    0    |
|          | window_i_0_1_promoted185_read_read_fu_250 |    0    |    0    |
|          | window_i_0_0_promoted187_read_read_fu_256 |    0    |    0    |
|          | window_i_0_2_promoted189_read_read_fu_262 |    0    |    0    |
|          | window_i_2_1_promoted191_read_read_fu_268 |    0    |    0    |
|          | window_i_2_0_promoted193_read_read_fu_274 |    0    |    0    |
|          | window_i_2_2_promoted195_read_read_fu_280 |    0    |    0    |
|----------|-------------------------------------------|---------|---------|
|          |           write_ln0_write_fu_286          |    0    |    0    |
|          |           write_ln0_write_fu_293          |    0    |    0    |
|          |           write_ln0_write_fu_300          |    0    |    0    |
|          |           write_ln0_write_fu_307          |    0    |    0    |
|          |           write_ln0_write_fu_314          |    0    |    0    |
|          |           write_ln0_write_fu_321          |    0    |    0    |
|          |           write_ln0_write_fu_328          |    0    |    0    |
|   write  |           write_ln0_write_fu_335          |    0    |    0    |
|          |           write_ln0_write_fu_342          |    0    |    0    |
|          |           write_ln0_write_fu_349          |    0    |    0    |
|          |           write_ln0_write_fu_356          |    0    |    0    |
|          |           write_ln0_write_fu_363          |    0    |    0    |
|          |           write_ln0_write_fu_370          |    0    |    0    |
|          |           write_ln0_write_fu_377          |    0    |    0    |
|          |           write_ln0_write_fu_384          |    0    |    0    |
|----------|-------------------------------------------|---------|---------|
|          |              zext_ln52_fu_564             |    0    |    0    |
|   zext   |             zext_ln52_1_fu_580            |    0    |    0    |
|          |             zext_ln52_2_fu_592            |    0    |    0    |
|          |             zext_ln52_3_fu_619            |    0    |    0    |
|----------|-------------------------------------------|---------|---------|
|          |                tmp_s_fu_572               |    0    |    0    |
|bitconcatenate|               tmp_23_fu_584               |    0    |    0    |
|          |               tmp_24_fu_612               |    0    |    0    |
|----------|-------------------------------------------|---------|---------|
|partselect|             tmp_36_cast_fu_602            |    0    |    0    |
|----------|-------------------------------------------|---------|---------|
|   Total  |                                           |    0    |    80   |
|----------|-------------------------------------------|---------|---------|

Memories:
N/A

* Register list:
+---------------------------+--------+
|                           |   FF   |
+---------------------------+--------+
|      empty_36_reg_829     |   32   |
|      empty_37_reg_836     |   32   |
|      empty_38_reg_843     |   32   |
|      empty_39_reg_850     |   32   |
|      empty_40_reg_857     |   32   |
|      empty_41_reg_864     |   32   |
|      empty_42_reg_871     |   32   |
|      empty_43_reg_878     |   32   |
|       empty_reg_822       |   32   |
|     icmp_ln49_reg_890     |    1   |
|  indvar_flatten27_reg_773 |    4   |
|    mem_1_0_addr_reg_904   |   10   |
|  mux_case_077116_reg_801  |   32   |
|    mux_case_086_reg_780   |   32   |
|  mux_case_179126_reg_808  |   32   |
|    mux_case_196_reg_787   |   32   |
|   mux_case_2106_reg_794   |   32   |
|  mux_case_281136_reg_815  |   32   |
|select_ln139_1_read_reg_885|    5   |
|   select_ln52_1_reg_899   |    2   |
|    select_ln52_reg_894    |    2   |
|         wi_reg_766        |    2   |
|         wj_reg_759        |    2   |
+---------------------------+--------+
|           Total           |   508  |
+---------------------------+--------+

* Multiplexer (MUX) list: 
|-------------------|------|------|------|--------||---------||---------|
|        Comp       |  Pin | Size |  BW  | S x BW ||  Delay  ||   LUT   |
|-------------------|------|------|------|--------||---------||---------|
| grp_access_fu_398 |  p0  |   2  |  10  |   20   ||    9    |
|-------------------|------|------|------|--------||---------||---------|
|       Total       |      |      |      |   20   ||  1.588  ||    9    |
|-------------------|------|------|------|--------||---------||---------|



* Summary:
+-----------+--------+--------+--------+
|           |  Delay |   FF   |   LUT  |
+-----------+--------+--------+--------+
|  Function |    -   |    0   |   80   |
|   Memory  |    -   |    -   |    -   |
|Multiplexer|    1   |    -   |    9   |
|  Register |    -   |   508  |    -   |
+-----------+--------+--------+--------+
|   Total   |    1   |   508  |   89   |
+-----------+--------+--------+--------+
