

================================================================
== Vitis HLS Report for 'conv1_Pipeline_Fil_load_r_Fil_load_c'
================================================================
* Date:           Thu Dec 25 17:04:43 2025

* Version:        2022.1 (Build 3526262 on Mon Apr 18 15:48:16 MDT 2022)
* Project:        Day_5_final_boss
* Solution:       hellojio (Vivado IP Flow Target)
* Product family: zynq
* Target device:  xc7z020-clg400-1


================================================================
== Performance Estimates
================================================================
+ Timing: 
    * Summary: 
    +--------+----------+----------+------------+
    |  Clock |  Target  | Estimated| Uncertainty|
    +--------+----------+----------+------------+
    |ap_clk  |  10.00 ns|  6.905 ns|     2.70 ns|
    +--------+----------+----------+------------+

+ Latency: 
    * Summary: 
    +---------+---------+----------+----------+-----+-----+---------+
    |  Latency (cycles) |  Latency (absolute) |  Interval | Pipeline|
    |   min   |   max   |    min   |    max   | min | max |   Type  |
    +---------+---------+----------+----------+-----+-----+---------+
    |       12|       12|  0.120 us|  0.120 us|   12|   12|       no|
    +---------+---------+----------+----------+-----+-----+---------+

    + Detail: 
        * Instance: 
        N/A

        * Loop: 
        +-------------------------+---------+---------+----------+-----------+-----------+------+----------+
        |                         |  Latency (cycles) | Iteration|  Initiation Interval  | Trip |          |
        |        Loop Name        |   min   |   max   |  Latency |  achieved |   target  | Count| Pipelined|
        +-------------------------+---------+---------+----------+-----------+-----------+------+----------+
        |- Fil_load_r_Fil_load_c  |       10|       10|         3|          1|          1|     9|       yes|
        +-------------------------+---------+---------+----------+-----------+-----------+------+----------+



================================================================
== Utilization Estimates
================================================================
* Summary: 
+-----------------+---------+-----+--------+-------+-----+
|       Name      | BRAM_18K| DSP |   FF   |  LUT  | URAM|
+-----------------+---------+-----+--------+-------+-----+
|DSP              |        -|    -|       -|      -|    -|
|Expression       |        -|    -|       0|    132|    -|
|FIFO             |        -|    -|       -|      -|    -|
|Instance         |        -|    -|       -|      -|    -|
|Memory           |        1|    -|       0|      0|    -|
|Multiplexer      |        -|    -|       -|    153|    -|
|Register         |        -|    -|     316|      -|    -|
+-----------------+---------+-----+--------+-------+-----+
|Total            |        1|    0|     316|    285|    0|
+-----------------+---------+-----+--------+-------+-----+
|Available        |      280|  220|  106400|  53200|    0|
+-----------------+---------+-----+--------+-------+-----+
|Utilization (%)  |       ~0|    0|      ~0|     ~0|    0|
+-----------------+---------+-----+--------+-------+-----+

+ Detail: 
    * Instance: 
    N/A

    * DSP: 
    N/A

    * Memory: 
    +----------------+---------------------------------------------------------------+---------+---+----+-----+------+-----+------+-------------+
    |     Memory     |                             Module                            | BRAM_18K| FF| LUT| URAM| Words| Bits| Banks| W*Bits*Banks|
    +----------------+---------------------------------------------------------------+---------+---+----+-----+------+-----+------+-------------+
    |conv1_weight_U  |conv1_Pipeline_Fil_load_r_Fil_load_c_conv1_weight_ROM_AUTO_1R  |        1|  0|   0|    0|    36|   32|     1|         1152|
    +----------------+---------------------------------------------------------------+---------+---+----+-----+------+-----+------+-------------+
    |Total           |                                                               |        1|  0|   0|    0|    36|   32|     1|         1152|
    +----------------+---------------------------------------------------------------+---------+---+----+-----+------+-----+------+-------------+

    * FIFO: 
    N/A

    * Expression: 
    +-------------------------+----------+----+---+----+------------+------------+
    |      Variable Name      | Operation| DSP| FF| LUT| Bitwidth P0| Bitwidth P1|
    +-------------------------+----------+----+---+----+------------+------------+
    |add_ln19_1_fu_360_p2     |         +|   0|  0|  13|           4|           1|
    |add_ln19_fu_369_p2       |         +|   0|  0|  10|           2|           1|
    |add_ln22_fu_447_p2       |         +|   0|  0|  10|           2|           1|
    |add_ln25_fu_431_p2       |         +|   0|  0|  13|           5|           5|
    |add_ln26_fu_441_p2       |         +|   0|  0|  14|           6|           6|
    |empty_53_fu_348_p2       |         -|   0|  0|  13|           5|           5|
    |p_mid1_fu_405_p2         |         -|   0|  0|  13|           5|           5|
    |ap_condition_373         |       and|   0|  0|   2|           1|           1|
    |ap_condition_378         |       and|   0|  0|   2|           1|           1|
    |ap_condition_382         |       and|   0|  0|   2|           1|           1|
    |ap_condition_385         |       and|   0|  0|   2|           1|           1|
    |ap_condition_388         |       and|   0|  0|   2|           1|           1|
    |ap_condition_392         |       and|   0|  0|   2|           1|           1|
    |ap_condition_395         |       and|   0|  0|   2|           1|           1|
    |ap_condition_400         |       and|   0|  0|   2|           1|           1|
    |ap_condition_403         |       and|   0|  0|   2|           1|           1|
    |icmp_ln19_fu_354_p2      |      icmp|   0|  0|   9|           4|           4|
    |icmp_ln22_fu_375_p2      |      icmp|   0|  0|   8|           2|           2|
    |select_ln19_1_fu_411_p3  |    select|   0|  0|   5|           1|           5|
    |select_ln19_2_fu_419_p3  |    select|   0|  0|   2|           1|           2|
    |select_ln19_fu_381_p3    |    select|   0|  0|   2|           1|           1|
    |ap_enable_pp0            |       xor|   0|  0|   2|           1|           2|
    +-------------------------+----------+----+---+----+------------+------------+
    |Total                    |          |   0|  0| 132|          48|          49|
    +-------------------------+----------+----+---+----+------------+------------+

    * Multiplexer: 
    +--------------------------------------+----+-----------+-----+-----------+
    |                 Name                 | LUT| Input Size| Bits| Total Bits|
    +--------------------------------------+----+-----------+-----+-----------+
    |ap_done_int                           |   9|          2|    1|          2|
    |ap_enable_reg_pp0_iter1               |   9|          2|    1|          2|
    |ap_sig_allocacmp_indvar_flatten_load  |   9|          2|    4|          8|
    |ap_sig_allocacmp_kh_1                 |   9|          2|    2|          4|
    |ap_sig_allocacmp_kw_load              |   9|          2|    2|          4|
    |empty_45_fu_98                        |   9|          2|   32|         64|
    |empty_46_fu_102                       |   9|          2|   32|         64|
    |empty_47_fu_106                       |   9|          2|   32|         64|
    |empty_48_fu_110                       |   9|          2|   32|         64|
    |empty_49_fu_114                       |   9|          2|   32|         64|
    |empty_50_fu_118                       |   9|          2|   32|         64|
    |empty_51_fu_122                       |   9|          2|   32|         64|
    |empty_52_fu_126                       |   9|          2|   32|         64|
    |empty_fu_94                           |   9|          2|   32|         64|
    |indvar_flatten_fu_90                  |   9|          2|    4|          8|
    |kh_fu_86                              |   9|          2|    2|          4|
    |kw_fu_82                              |   9|          2|    2|          4|
    +--------------------------------------+----+-----------+-----+-----------+
    |Total                                 | 153|         34|  306|        612|
    +--------------------------------------+----+-----------+-----+-----------+

    * Register: 
    +-------------------------------------+----+----+-----+-----------+
    |                 Name                | FF | LUT| Bits| Const Bits|
    +-------------------------------------+----+----+-----+-----------+
    |add_ln26_reg_649                     |   6|   0|    6|          0|
    |ap_CS_fsm                            |   1|   0|    1|          0|
    |ap_done_reg                          |   1|   0|    1|          0|
    |ap_enable_reg_pp0_iter1              |   1|   0|    1|          0|
    |ap_enable_reg_pp0_iter2              |   1|   0|    1|          0|
    |ap_loop_exit_ready_pp0_iter1_reg     |   1|   0|    1|          0|
    |empty_45_fu_98                       |  32|   0|   32|          0|
    |empty_46_fu_102                      |  32|   0|   32|          0|
    |empty_47_fu_106                      |  32|   0|   32|          0|
    |empty_48_fu_110                      |  32|   0|   32|          0|
    |empty_49_fu_114                      |  32|   0|   32|          0|
    |empty_50_fu_118                      |  32|   0|   32|          0|
    |empty_51_fu_122                      |  32|   0|   32|          0|
    |empty_52_fu_126                      |  32|   0|   32|          0|
    |empty_fu_94                          |  32|   0|   32|          0|
    |icmp_ln19_reg_637                    |   1|   0|    1|          0|
    |indvar_flatten_fu_90                 |   4|   0|    4|          0|
    |kh_fu_86                             |   2|   0|    2|          0|
    |kw_fu_82                             |   2|   0|    2|          0|
    |select_ln19_2_reg_645                |   2|   0|    2|          0|
    |select_ln19_2_reg_645_pp0_iter1_reg  |   2|   0|    2|          0|
    |select_ln19_reg_641                  |   2|   0|    2|          0|
    |select_ln19_reg_641_pp0_iter1_reg    |   2|   0|    2|          0|
    +-------------------------------------+----+----+-----+-----------+
    |Total                                | 316|   0|  316|          0|
    +-------------------------------------+----+----+-----+-----------+



================================================================
== Interface
================================================================
* Summary: 
+--------------------------+-----+-----+------------+--------------------------------------+--------------+
|         RTL Ports        | Dir | Bits|  Protocol  |             Source Object            |    C Type    |
+--------------------------+-----+-----+------------+--------------------------------------+--------------+
|ap_clk                    |   in|    1|  ap_ctrl_hs|  conv1_Pipeline_Fil_load_r_Fil_load_c|  return value|
|ap_rst                    |   in|    1|  ap_ctrl_hs|  conv1_Pipeline_Fil_load_r_Fil_load_c|  return value|
|ap_start                  |   in|    1|  ap_ctrl_hs|  conv1_Pipeline_Fil_load_r_Fil_load_c|  return value|
|ap_done                   |  out|    1|  ap_ctrl_hs|  conv1_Pipeline_Fil_load_r_Fil_load_c|  return value|
|ap_idle                   |  out|    1|  ap_ctrl_hs|  conv1_Pipeline_Fil_load_r_Fil_load_c|  return value|
|ap_ready                  |  out|    1|  ap_ctrl_hs|  conv1_Pipeline_Fil_load_r_Fil_load_c|  return value|
|kernel_i_2_2_promoted168  |   in|   32|     ap_none|              kernel_i_2_2_promoted168|        scalar|
|kernel_i_2_0_promoted166  |   in|   32|     ap_none|              kernel_i_2_0_promoted166|        scalar|
|kernel_i_2_1_promoted164  |   in|   32|     ap_none|              kernel_i_2_1_promoted164|        scalar|
|kernel_i_0_2_promoted162  |   in|   32|     ap_none|              kernel_i_0_2_promoted162|        scalar|
|kernel_i_0_0_promoted160  |   in|   32|     ap_none|              kernel_i_0_0_promoted160|        scalar|
|kernel_i_0_1_promoted158  |   in|   32|     ap_none|              kernel_i_0_1_promoted158|        scalar|
|kernel_i_1_2_promoted156  |   in|   32|     ap_none|              kernel_i_1_2_promoted156|        scalar|
|kernel_i_1_0_promoted154  |   in|   32|     ap_none|              kernel_i_1_0_promoted154|        scalar|
|kernel_i_1_1_promoted152  |   in|   32|     ap_none|              kernel_i_1_1_promoted152|        scalar|
|or_ln26                   |   in|    6|     ap_none|                               or_ln26|        scalar|
|p_out                     |  out|   32|      ap_vld|                                 p_out|       pointer|
|p_out_ap_vld              |  out|    1|      ap_vld|                                 p_out|       pointer|
|p_out1                    |  out|   32|      ap_vld|                                p_out1|       pointer|
|p_out1_ap_vld             |  out|    1|      ap_vld|                                p_out1|       pointer|
|p_out2                    |  out|   32|      ap_vld|                                p_out2|       pointer|
|p_out2_ap_vld             |  out|    1|      ap_vld|                                p_out2|       pointer|
|p_out3                    |  out|   32|      ap_vld|                                p_out3|       pointer|
|p_out3_ap_vld             |  out|    1|      ap_vld|                                p_out3|       pointer|
|p_out4                    |  out|   32|      ap_vld|                                p_out4|       pointer|
|p_out4_ap_vld             |  out|    1|      ap_vld|                                p_out4|       pointer|
|p_out5                    |  out|   32|      ap_vld|                                p_out5|       pointer|
|p_out5_ap_vld             |  out|    1|      ap_vld|                                p_out5|       pointer|
|p_out6                    |  out|   32|      ap_vld|                                p_out6|       pointer|
|p_out6_ap_vld             |  out|    1|      ap_vld|                                p_out6|       pointer|
|p_out7                    |  out|   32|      ap_vld|                                p_out7|       pointer|
|p_out7_ap_vld             |  out|    1|      ap_vld|                                p_out7|       pointer|
|p_out8                    |  out|   32|      ap_vld|                                p_out8|       pointer|
|p_out8_ap_vld             |  out|    1|      ap_vld|                                p_out8|       pointer|
+--------------------------+-----+-----+------------+--------------------------------------+--------------+

============================================================
+ Verbose Summary: Synthesis Manager
============================================================
InlineROM: 1
ExposeGlobal: 0
============================================================
+ Verbose Summary: CDFG Model
============================================================
IsTopModel: 0
ResetActiveHigh: 1
IsCombinational: 2
IsDatapathOnly: 2
HasWiredReturn: 1
HasMFsm: 2
HasVarLatency: 1
IsPipeline: 0
IsRtlPipelined: 0
IsInstanceOverlapped: 0
IsDontTouch: 0
HasImplIP: 0
IsGatedGlobalClock: 0

+ Individual pipeline summary: 
  * Pipeline-0: initiation interval (II) = 1, depth = 3


============================================================
+ Verbose Summary: Schedule
============================================================
* Number of FSM states : 3
* Pipeline : 1
  Pipeline-0 : II = 1, D = 3, States = { 1 2 3 }
* Dataflow Pipeline: 0

* FSM state transitions: 
1 --> 2 
2 --> 3 
3 --> 

* FSM state operations: 

State 1 <SV = 0> <Delay = 6.90>
ST_1 : Operation 6 [1/1] (0.00ns)   --->   "%kw = alloca i32 1"   --->   Operation 6 'alloca' 'kw' <Predicate = true> <Delay = 0.00>
ST_1 : Operation 7 [1/1] (0.00ns)   --->   "%kh = alloca i32 1"   --->   Operation 7 'alloca' 'kh' <Predicate = true> <Delay = 0.00>
ST_1 : Operation 8 [1/1] (0.00ns)   --->   "%indvar_flatten = alloca i32 1"   --->   Operation 8 'alloca' 'indvar_flatten' <Predicate = true> <Delay = 0.00>
ST_1 : Operation 9 [1/1] (0.00ns)   --->   "%empty = alloca i32 1"   --->   Operation 9 'alloca' 'empty' <Predicate = true> <Delay = 0.00>
ST_1 : Operation 10 [1/1] (0.00ns)   --->   "%empty_45 = alloca i32 1"   --->   Operation 10 'alloca' 'empty_45' <Predicate = true> <Delay = 0.00>
ST_1 : Operation 11 [1/1] (0.00ns)   --->   "%empty_46 = alloca i32 1"   --->   Operation 11 'alloca' 'empty_46' <Predicate = true> <Delay = 0.00>
ST_1 : Operation 12 [1/1] (0.00ns)   --->   "%empty_47 = alloca i32 1"   --->   Operation 12 'alloca' 'empty_47' <Predicate = true> <Delay = 0.00>
ST_1 : Operation 13 [1/1] (0.00ns)   --->   "%empty_48 = alloca i32 1"   --->   Operation 13 'alloca' 'empty_48' <Predicate = true> <Delay = 0.00>
ST_1 : Operation 14 [1/1] (0.00ns)   --->   "%empty_49 = alloca i32 1"   --->   Operation 14 'alloca' 'empty_49' <Predicate = true> <Delay = 0.00>
ST_1 : Operation 15 [1/1] (0.00ns)   --->   "%empty_50 = alloca i32 1"   --->   Operation 15 'alloca' 'empty_50' <Predicate = true> <Delay = 0.00>
ST_1 : Operation 16 [1/1] (0.00ns)   --->   "%empty_51 = alloca i32 1"   --->   Operation 16 'alloca' 'empty_51' <Predicate = true> <Delay = 0.00>
ST_1 : Operation 17 [1/1] (0.00ns)   --->   "%empty_52 = alloca i32 1"   --->   Operation 17 'alloca' 'empty_52' <Predicate = true> <Delay = 0.00>
ST_1 : Operation 18 [1/1] (0.00ns)   --->   "%or_ln26_read = read i6 @_ssdm_op_Read.ap_auto.i6, i6 %or_ln26"   --->   Operation 18 'read' 'or_ln26_read' <Predicate = true> <Delay = 0.00>
ST_1 : Operation 19 [1/1] (0.00ns)   --->   "%kernel_i_1_1_promoted152_read = read i32 @_ssdm_op_Read.ap_auto.float, i32 %kernel_i_1_1_promoted152"   --->   Operation 19 'read' 'kernel_i_1_1_promoted152_read' <Predicate = true> <Delay = 0.00>
ST_1 : Operation 20 [1/1] (0.00ns)   --->   "%kernel_i_1_0_promoted154_read = read i32 @_ssdm_op_Read.ap_auto.float, i32 %kernel_i_1_0_promoted154"   --->   Operation 20 'read' 'kernel_i_1_0_promoted154_read' <Predicate = true> <Delay = 0.00>
ST_1 : Operation 21 [1/1] (0.00ns)   --->   "%kernel_i_1_2_promoted156_read = read i32 @_ssdm_op_Read.ap_auto.float, i32 %kernel_i_1_2_promoted156"   --->   Operation 21 'read' 'kernel_i_1_2_promoted156_read' <Predicate = true> <Delay = 0.00>
ST_1 : Operation 22 [1/1] (0.00ns)   --->   "%kernel_i_0_1_promoted158_read = read i32 @_ssdm_op_Read.ap_auto.float, i32 %kernel_i_0_1_promoted158"   --->   Operation 22 'read' 'kernel_i_0_1_promoted158_read' <Predicate = true> <Delay = 0.00>
ST_1 : Operation 23 [1/1] (0.00ns)   --->   "%kernel_i_0_0_promoted160_read = read i32 @_ssdm_op_Read.ap_auto.float, i32 %kernel_i_0_0_promoted160"   --->   Operation 23 'read' 'kernel_i_0_0_promoted160_read' <Predicate = true> <Delay = 0.00>
ST_1 : Operation 24 [1/1] (0.00ns)   --->   "%kernel_i_0_2_promoted162_read = read i32 @_ssdm_op_Read.ap_auto.float, i32 %kernel_i_0_2_promoted162"   --->   Operation 24 'read' 'kernel_i_0_2_promoted162_read' <Predicate = true> <Delay = 0.00>
ST_1 : Operation 25 [1/1] (0.00ns)   --->   "%kernel_i_2_1_promoted164_read = read i32 @_ssdm_op_Read.ap_auto.float, i32 %kernel_i_2_1_promoted164"   --->   Operation 25 'read' 'kernel_i_2_1_promoted164_read' <Predicate = true> <Delay = 0.00>
ST_1 : Operation 26 [1/1] (0.00ns)   --->   "%kernel_i_2_0_promoted166_read = read i32 @_ssdm_op_Read.ap_auto.float, i32 %kernel_i_2_0_promoted166"   --->   Operation 26 'read' 'kernel_i_2_0_promoted166_read' <Predicate = true> <Delay = 0.00>
ST_1 : Operation 27 [1/1] (0.00ns)   --->   "%kernel_i_2_2_promoted168_read = read i32 @_ssdm_op_Read.ap_auto.float, i32 %kernel_i_2_2_promoted168"   --->   Operation 27 'read' 'kernel_i_2_2_promoted168_read' <Predicate = true> <Delay = 0.00>
ST_1 : Operation 28 [1/1] (1.58ns)   --->   "%store_ln0 = store i32 %kernel_i_2_2_promoted168_read, i32 %empty_52"   --->   Operation 28 'store' 'store_ln0' <Predicate = true> <Delay = 1.58>
ST_1 : Operation 29 [1/1] (1.58ns)   --->   "%store_ln0 = store i32 %kernel_i_2_0_promoted166_read, i32 %empty_51"   --->   Operation 29 'store' 'store_ln0' <Predicate = true> <Delay = 1.58>
ST_1 : Operation 30 [1/1] (1.58ns)   --->   "%store_ln0 = store i32 %kernel_i_2_1_promoted164_read, i32 %empty_50"   --->   Operation 30 'store' 'store_ln0' <Predicate = true> <Delay = 1.58>
ST_1 : Operation 31 [1/1] (1.58ns)   --->   "%store_ln0 = store i32 %kernel_i_0_2_promoted162_read, i32 %empty_49"   --->   Operation 31 'store' 'store_ln0' <Predicate = true> <Delay = 1.58>
ST_1 : Operation 32 [1/1] (1.58ns)   --->   "%store_ln0 = store i32 %kernel_i_0_0_promoted160_read, i32 %empty_48"   --->   Operation 32 'store' 'store_ln0' <Predicate = true> <Delay = 1.58>
ST_1 : Operation 33 [1/1] (1.58ns)   --->   "%store_ln0 = store i32 %kernel_i_0_1_promoted158_read, i32 %empty_47"   --->   Operation 33 'store' 'store_ln0' <Predicate = true> <Delay = 1.58>
ST_1 : Operation 34 [1/1] (1.58ns)   --->   "%store_ln0 = store i32 %kernel_i_1_2_promoted156_read, i32 %empty_46"   --->   Operation 34 'store' 'store_ln0' <Predicate = true> <Delay = 1.58>
ST_1 : Operation 35 [1/1] (1.58ns)   --->   "%store_ln0 = store i32 %kernel_i_1_0_promoted154_read, i32 %empty_45"   --->   Operation 35 'store' 'store_ln0' <Predicate = true> <Delay = 1.58>
ST_1 : Operation 36 [1/1] (1.58ns)   --->   "%store_ln0 = store i32 %kernel_i_1_1_promoted152_read, i32 %empty"   --->   Operation 36 'store' 'store_ln0' <Predicate = true> <Delay = 1.58>
ST_1 : Operation 37 [1/1] (1.58ns)   --->   "%store_ln0 = store i4 0, i4 %indvar_flatten"   --->   Operation 37 'store' 'store_ln0' <Predicate = true> <Delay = 1.58>
ST_1 : Operation 38 [1/1] (1.58ns)   --->   "%store_ln0 = store i2 0, i2 %kh"   --->   Operation 38 'store' 'store_ln0' <Predicate = true> <Delay = 1.58>
ST_1 : Operation 39 [1/1] (1.58ns)   --->   "%store_ln0 = store i2 0, i2 %kw"   --->   Operation 39 'store' 'store_ln0' <Predicate = true> <Delay = 1.58>
ST_1 : Operation 40 [1/1] (0.00ns)   --->   "%br_ln0 = br void %for.inc.i.i"   --->   Operation 40 'br' 'br_ln0' <Predicate = true> <Delay = 0.00>
ST_1 : Operation 41 [1/1] (0.00ns)   --->   "%kh_1 = load i2 %kh" [codes_lab5/HLS_sources_final/templatedFuncs.h:19]   --->   Operation 41 'load' 'kh_1' <Predicate = true> <Delay = 0.00>
ST_1 : Operation 42 [1/1] (0.00ns)   --->   "%indvar_flatten_load = load i4 %indvar_flatten" [codes_lab5/HLS_sources_final/templatedFuncs.h:19]   --->   Operation 42 'load' 'indvar_flatten_load' <Predicate = true> <Delay = 0.00>
ST_1 : Operation 43 [1/1] (0.00ns)   --->   "%zext_ln19 = zext i2 %kh_1" [codes_lab5/HLS_sources_final/templatedFuncs.h:19]   --->   Operation 43 'zext' 'zext_ln19' <Predicate = true> <Delay = 0.00>
ST_1 : Operation 44 [1/1] (0.00ns)   --->   "%p_shl = bitconcatenate i4 @_ssdm_op_BitConcatenate.i4.i2.i2, i2 %kh_1, i2 0" [codes_lab5/HLS_sources_final/templatedFuncs.h:19]   --->   Operation 44 'bitconcatenate' 'p_shl' <Predicate = true> <Delay = 0.00>
ST_1 : Operation 45 [1/1] (0.00ns)   --->   "%p_shl_cast = zext i4 %p_shl" [codes_lab5/HLS_sources_final/templatedFuncs.h:19]   --->   Operation 45 'zext' 'p_shl_cast' <Predicate = true> <Delay = 0.00>
ST_1 : Operation 46 [1/1] (1.73ns)   --->   "%empty_53 = sub i5 %p_shl_cast, i5 %zext_ln19" [codes_lab5/HLS_sources_final/templatedFuncs.h:19]   --->   Operation 46 'sub' 'empty_53' <Predicate = true> <Delay = 1.73> <CoreInst = "Adder">   --->   Core 1 'Adder' <Latency = 0> <II = 1> <Delay = 1.78> <FuncUnit> <Opcode : 'add' 'sub'> <InPorts = 2> <OutPorts = 1>
ST_1 : Operation 47 [1/1] (1.30ns)   --->   "%icmp_ln19 = icmp_eq  i4 %indvar_flatten_load, i4 9" [codes_lab5/HLS_sources_final/templatedFuncs.h:19]   --->   Operation 47 'icmp' 'icmp_ln19' <Predicate = true> <Delay = 1.30> <CoreInst = "Cmp">   --->   Core 9 'Cmp' <Latency = 0> <II = 1> <Delay = 1.30> <FuncUnit> <Opcode : 'icmp'> <InPorts = 2> <OutPorts = 1>
ST_1 : Operation 48 [1/1] (1.73ns)   --->   "%add_ln19_1 = add i4 %indvar_flatten_load, i4 1" [codes_lab5/HLS_sources_final/templatedFuncs.h:19]   --->   Operation 48 'add' 'add_ln19_1' <Predicate = true> <Delay = 1.73> <CoreInst = "Adder">   --->   Core 1 'Adder' <Latency = 0> <II = 1> <Delay = 1.73> <FuncUnit> <Opcode : 'add' 'sub'> <InPorts = 2> <OutPorts = 1>
ST_1 : Operation 49 [1/1] (0.00ns)   --->   "%br_ln19 = br i1 %icmp_ln19, void %for.inc18.i.i, void %_Z12load_filtersILi1ELi3EEvPKfPAT0__AT0__f.exit.i.exitStub" [codes_lab5/HLS_sources_final/templatedFuncs.h:19]   --->   Operation 49 'br' 'br_ln19' <Predicate = true> <Delay = 0.00>
ST_1 : Operation 50 [1/1] (0.00ns)   --->   "%kw_load = load i2 %kw" [codes_lab5/HLS_sources_final/templatedFuncs.h:22]   --->   Operation 50 'load' 'kw_load' <Predicate = (!icmp_ln19)> <Delay = 0.00>
ST_1 : Operation 51 [1/1] (1.56ns)   --->   "%add_ln19 = add i2 %kh_1, i2 1" [codes_lab5/HLS_sources_final/templatedFuncs.h:19]   --->   Operation 51 'add' 'add_ln19' <Predicate = (!icmp_ln19)> <Delay = 1.56> <CoreInst = "Adder">   --->   Core 1 'Adder' <Latency = 0> <II = 1> <Delay = 1.56> <FuncUnit> <Opcode : 'add' 'sub'> <InPorts = 2> <OutPorts = 1>
ST_1 : Operation 52 [1/1] (0.95ns)   --->   "%icmp_ln22 = icmp_eq  i2 %kw_load, i2 3" [codes_lab5/HLS_sources_final/templatedFuncs.h:22]   --->   Operation 52 'icmp' 'icmp_ln22' <Predicate = (!icmp_ln19)> <Delay = 0.95> <CoreInst = "Cmp">   --->   Core 9 'Cmp' <Latency = 0> <II = 1> <Delay = 0.95> <FuncUnit> <Opcode : 'icmp'> <InPorts = 2> <OutPorts = 1>
ST_1 : Operation 53 [1/1] (0.99ns)   --->   "%select_ln19 = select i1 %icmp_ln22, i2 0, i2 %kw_load" [codes_lab5/HLS_sources_final/templatedFuncs.h:19]   --->   Operation 53 'select' 'select_ln19' <Predicate = (!icmp_ln19)> <Delay = 0.99> <CoreInst = "Sel">   --->   Core 73 'Sel' <Latency = 0> <II = 1> <Delay = 0.99> <FuncUnit> <Opcode : 'select'> <InPorts = 3> <OutPorts = 1>
ST_1 : Operation 54 [1/1] (0.00ns)   --->   "%zext_ln19_1 = zext i2 %add_ln19" [codes_lab5/HLS_sources_final/templatedFuncs.h:19]   --->   Operation 54 'zext' 'zext_ln19_1' <Predicate = (!icmp_ln19)> <Delay = 0.00>
ST_1 : Operation 55 [1/1] (0.00ns)   --->   "%p_shl_mid1 = bitconcatenate i4 @_ssdm_op_BitConcatenate.i4.i2.i2, i2 %add_ln19, i2 0" [codes_lab5/HLS_sources_final/templatedFuncs.h:19]   --->   Operation 55 'bitconcatenate' 'p_shl_mid1' <Predicate = (!icmp_ln19)> <Delay = 0.00>
ST_1 : Operation 56 [1/1] (0.00ns)   --->   "%p_shl_cast_mid1 = zext i4 %p_shl_mid1" [codes_lab5/HLS_sources_final/templatedFuncs.h:19]   --->   Operation 56 'zext' 'p_shl_cast_mid1' <Predicate = (!icmp_ln19)> <Delay = 0.00>
ST_1 : Operation 57 [1/1] (1.73ns)   --->   "%p_mid1 = sub i5 %p_shl_cast_mid1, i5 %zext_ln19_1" [codes_lab5/HLS_sources_final/templatedFuncs.h:19]   --->   Operation 57 'sub' 'p_mid1' <Predicate = (!icmp_ln19)> <Delay = 1.73> <CoreInst = "Adder">   --->   Core 1 'Adder' <Latency = 0> <II = 1> <Delay = 1.78> <FuncUnit> <Opcode : 'add' 'sub'> <InPorts = 2> <OutPorts = 1>
ST_1 : Operation 58 [1/1] (0.00ns) (grouped into LUT with out node add_ln25)   --->   "%select_ln19_1 = select i1 %icmp_ln22, i5 %p_mid1, i5 %empty_53" [codes_lab5/HLS_sources_final/templatedFuncs.h:19]   --->   Operation 58 'select' 'select_ln19_1' <Predicate = (!icmp_ln19)> <Delay = 0.00> <CoreInst = "Sel">   --->   Core 73 'Sel' <Latency = 0> <II = 1> <Delay = 1.21> <FuncUnit> <Opcode : 'select'> <InPorts = 3> <OutPorts = 1>
ST_1 : Operation 59 [1/1] (0.99ns)   --->   "%select_ln19_2 = select i1 %icmp_ln22, i2 %add_ln19, i2 %kh_1" [codes_lab5/HLS_sources_final/templatedFuncs.h:19]   --->   Operation 59 'select' 'select_ln19_2' <Predicate = (!icmp_ln19)> <Delay = 0.99> <CoreInst = "Sel">   --->   Core 73 'Sel' <Latency = 0> <II = 1> <Delay = 0.99> <FuncUnit> <Opcode : 'select'> <InPorts = 3> <OutPorts = 1>
ST_1 : Operation 60 [1/1] (0.00ns) (grouped into LUT with out node add_ln25)   --->   "%zext_ln22 = zext i2 %select_ln19" [codes_lab5/HLS_sources_final/templatedFuncs.h:22]   --->   Operation 60 'zext' 'zext_ln22' <Predicate = (!icmp_ln19)> <Delay = 0.00>
ST_1 : Operation 61 [1/1] (1.78ns) (out node of the LUT)   --->   "%add_ln25 = add i5 %select_ln19_1, i5 %zext_ln22" [codes_lab5/HLS_sources_final/templatedFuncs.h:25]   --->   Operation 61 'add' 'add_ln25' <Predicate = (!icmp_ln19)> <Delay = 1.78> <CoreInst = "Adder">   --->   Core 1 'Adder' <Latency = 0> <II = 1> <Delay = 1.78> <FuncUnit> <Opcode : 'add' 'sub'> <InPorts = 2> <OutPorts = 1>
ST_1 : Operation 62 [1/1] (0.00ns)   --->   "%sext_ln26 = sext i5 %add_ln25" [codes_lab5/HLS_sources_final/templatedFuncs.h:26]   --->   Operation 62 'sext' 'sext_ln26' <Predicate = (!icmp_ln19)> <Delay = 0.00>
ST_1 : Operation 63 [1/1] (1.82ns)   --->   "%add_ln26 = add i6 %or_ln26_read, i6 %sext_ln26" [codes_lab5/HLS_sources_final/templatedFuncs.h:26]   --->   Operation 63 'add' 'add_ln26' <Predicate = (!icmp_ln19)> <Delay = 1.82> <CoreInst = "Adder">   --->   Core 1 'Adder' <Latency = 0> <II = 1> <Delay = 1.82> <FuncUnit> <Opcode : 'add' 'sub'> <InPorts = 2> <OutPorts = 1>
ST_1 : Operation 64 [1/1] (0.95ns)   --->   "%switch_ln26 = switch i2 %select_ln19_2, void %arrayidx172.i.i2.case.2, i2 0, void %arrayidx172.i.i2.case.0, i2 1, void %arrayidx172.i.i2.case.1" [codes_lab5/HLS_sources_final/templatedFuncs.h:26]   --->   Operation 64 'switch' 'switch_ln26' <Predicate = (!icmp_ln19)> <Delay = 0.95>
ST_1 : Operation 65 [1/1] (0.95ns)   --->   "%switch_ln26 = switch i2 %select_ln19, void %arrayidx172.i.i2.case.251, i2 0, void %arrayidx172.i.i2.case.1.arrayidx172.i.i2.exit_crit_edge, i2 1, void %arrayidx172.i.i2.case.1.arrayidx172.i.i2.exit_crit_edge24" [codes_lab5/HLS_sources_final/templatedFuncs.h:26]   --->   Operation 65 'switch' 'switch_ln26' <Predicate = (!icmp_ln19 & select_ln19_2 == 1)> <Delay = 0.95>
ST_1 : Operation 66 [1/1] (0.95ns)   --->   "%switch_ln26 = switch i2 %select_ln19, void %arrayidx172.i.i2.case.246, i2 0, void %arrayidx172.i.i2.case.0.arrayidx172.i.i2.exit_crit_edge, i2 1, void %arrayidx172.i.i2.case.0.arrayidx172.i.i2.exit_crit_edge20" [codes_lab5/HLS_sources_final/templatedFuncs.h:26]   --->   Operation 66 'switch' 'switch_ln26' <Predicate = (!icmp_ln19 & select_ln19_2 == 0)> <Delay = 0.95>
ST_1 : Operation 67 [1/1] (0.95ns)   --->   "%switch_ln26 = switch i2 %select_ln19, void %arrayidx172.i.i2.case.256, i2 0, void %arrayidx172.i.i2.case.2.arrayidx172.i.i2.exit_crit_edge, i2 1, void %arrayidx172.i.i2.case.2.arrayidx172.i.i2.exit_crit_edge16" [codes_lab5/HLS_sources_final/templatedFuncs.h:26]   --->   Operation 67 'switch' 'switch_ln26' <Predicate = (!icmp_ln19 & select_ln19_2 != 0 & select_ln19_2 != 1)> <Delay = 0.95>
ST_1 : Operation 68 [1/1] (1.56ns)   --->   "%add_ln22 = add i2 %select_ln19, i2 1" [codes_lab5/HLS_sources_final/templatedFuncs.h:22]   --->   Operation 68 'add' 'add_ln22' <Predicate = (!icmp_ln19)> <Delay = 1.56> <CoreInst = "Adder">   --->   Core 1 'Adder' <Latency = 0> <II = 1> <Delay = 1.56> <FuncUnit> <Opcode : 'add' 'sub'> <InPorts = 2> <OutPorts = 1>
ST_1 : Operation 69 [1/1] (1.58ns)   --->   "%store_ln22 = store i4 %add_ln19_1, i4 %indvar_flatten" [codes_lab5/HLS_sources_final/templatedFuncs.h:22]   --->   Operation 69 'store' 'store_ln22' <Predicate = (!icmp_ln19)> <Delay = 1.58>
ST_1 : Operation 70 [1/1] (1.58ns)   --->   "%store_ln22 = store i2 %select_ln19_2, i2 %kh" [codes_lab5/HLS_sources_final/templatedFuncs.h:22]   --->   Operation 70 'store' 'store_ln22' <Predicate = (!icmp_ln19)> <Delay = 1.58>
ST_1 : Operation 71 [1/1] (1.58ns)   --->   "%store_ln22 = store i2 %add_ln22, i2 %kw" [codes_lab5/HLS_sources_final/templatedFuncs.h:22]   --->   Operation 71 'store' 'store_ln22' <Predicate = (!icmp_ln19)> <Delay = 1.58>
ST_1 : Operation 72 [1/1] (0.00ns)   --->   "%br_ln22 = br void %for.inc.i.i" [codes_lab5/HLS_sources_final/templatedFuncs.h:22]   --->   Operation 72 'br' 'br_ln22' <Predicate = (!icmp_ln19)> <Delay = 0.00>

State 2 <SV = 1> <Delay = 3.25>
ST_2 : Operation 73 [1/1] (0.00ns)   --->   "%zext_ln26 = zext i6 %add_ln26" [codes_lab5/HLS_sources_final/templatedFuncs.h:26]   --->   Operation 73 'zext' 'zext_ln26' <Predicate = true> <Delay = 0.00>
ST_2 : Operation 74 [1/1] (0.00ns)   --->   "%conv1_weight_addr = getelementptr i32 %conv1_weight, i64 0, i64 %zext_ln26" [codes_lab5/HLS_sources_final/templatedFuncs.h:26]   --->   Operation 74 'getelementptr' 'conv1_weight_addr' <Predicate = true> <Delay = 0.00>
ST_2 : Operation 75 [2/2] (3.25ns)   --->   "%conv1_weight_load = load i6 %conv1_weight_addr" [codes_lab5/HLS_sources_final/templatedFuncs.h:26]   --->   Operation 75 'load' 'conv1_weight_load' <Predicate = true> <Delay = 3.25> <CoreInst = "ROM">   --->   Core 95 'ROM' <Latency = 1> <II = 1> <Delay = 3.25> <Storage> <Opcode : 'load'> <Ports = 0> <Width = 32> <Depth = 36> <ROM>
ST_2 : Operation 99 [1/1] (0.00ns)   --->   "%p_load25 = load i32 %empty"   --->   Operation 99 'load' 'p_load25' <Predicate = (icmp_ln19)> <Delay = 0.00>
ST_2 : Operation 100 [1/1] (0.00ns)   --->   "%p_load23 = load i32 %empty_45"   --->   Operation 100 'load' 'p_load23' <Predicate = (icmp_ln19)> <Delay = 0.00>
ST_2 : Operation 101 [1/1] (0.00ns)   --->   "%p_load22 = load i32 %empty_46"   --->   Operation 101 'load' 'p_load22' <Predicate = (icmp_ln19)> <Delay = 0.00>
ST_2 : Operation 102 [1/1] (0.00ns)   --->   "%p_load21 = load i32 %empty_47"   --->   Operation 102 'load' 'p_load21' <Predicate = (icmp_ln19)> <Delay = 0.00>
ST_2 : Operation 103 [1/1] (0.00ns)   --->   "%p_load19 = load i32 %empty_48"   --->   Operation 103 'load' 'p_load19' <Predicate = (icmp_ln19)> <Delay = 0.00>
ST_2 : Operation 104 [1/1] (0.00ns)   --->   "%p_load18 = load i32 %empty_49"   --->   Operation 104 'load' 'p_load18' <Predicate = (icmp_ln19)> <Delay = 0.00>
ST_2 : Operation 105 [1/1] (0.00ns)   --->   "%p_load17 = load i32 %empty_50"   --->   Operation 105 'load' 'p_load17' <Predicate = (icmp_ln19)> <Delay = 0.00>
ST_2 : Operation 106 [1/1] (0.00ns)   --->   "%p_load15 = load i32 %empty_51"   --->   Operation 106 'load' 'p_load15' <Predicate = (icmp_ln19)> <Delay = 0.00>
ST_2 : Operation 107 [1/1] (0.00ns)   --->   "%p_load = load i32 %empty_52"   --->   Operation 107 'load' 'p_load' <Predicate = (icmp_ln19)> <Delay = 0.00>
ST_2 : Operation 108 [1/1] (0.00ns)   --->   "%write_ln0 = write void @_ssdm_op_Write.ap_auto.floatP0A, i32 %p_out, i32 %p_load"   --->   Operation 108 'write' 'write_ln0' <Predicate = (icmp_ln19)> <Delay = 0.00>
ST_2 : Operation 109 [1/1] (0.00ns)   --->   "%write_ln0 = write void @_ssdm_op_Write.ap_auto.floatP0A, i32 %p_out1, i32 %p_load15"   --->   Operation 109 'write' 'write_ln0' <Predicate = (icmp_ln19)> <Delay = 0.00>
ST_2 : Operation 110 [1/1] (0.00ns)   --->   "%write_ln0 = write void @_ssdm_op_Write.ap_auto.floatP0A, i32 %p_out2, i32 %p_load17"   --->   Operation 110 'write' 'write_ln0' <Predicate = (icmp_ln19)> <Delay = 0.00>
ST_2 : Operation 111 [1/1] (0.00ns)   --->   "%write_ln0 = write void @_ssdm_op_Write.ap_auto.floatP0A, i32 %p_out3, i32 %p_load18"   --->   Operation 111 'write' 'write_ln0' <Predicate = (icmp_ln19)> <Delay = 0.00>
ST_2 : Operation 112 [1/1] (0.00ns)   --->   "%write_ln0 = write void @_ssdm_op_Write.ap_auto.floatP0A, i32 %p_out4, i32 %p_load19"   --->   Operation 112 'write' 'write_ln0' <Predicate = (icmp_ln19)> <Delay = 0.00>
ST_2 : Operation 113 [1/1] (0.00ns)   --->   "%write_ln0 = write void @_ssdm_op_Write.ap_auto.floatP0A, i32 %p_out5, i32 %p_load21"   --->   Operation 113 'write' 'write_ln0' <Predicate = (icmp_ln19)> <Delay = 0.00>
ST_2 : Operation 114 [1/1] (0.00ns)   --->   "%write_ln0 = write void @_ssdm_op_Write.ap_auto.floatP0A, i32 %p_out6, i32 %p_load22"   --->   Operation 114 'write' 'write_ln0' <Predicate = (icmp_ln19)> <Delay = 0.00>
ST_2 : Operation 115 [1/1] (0.00ns)   --->   "%write_ln0 = write void @_ssdm_op_Write.ap_auto.floatP0A, i32 %p_out7, i32 %p_load23"   --->   Operation 115 'write' 'write_ln0' <Predicate = (icmp_ln19)> <Delay = 0.00>
ST_2 : Operation 116 [1/1] (0.00ns)   --->   "%write_ln0 = write void @_ssdm_op_Write.ap_auto.floatP0A, i32 %p_out8, i32 %p_load25"   --->   Operation 116 'write' 'write_ln0' <Predicate = (icmp_ln19)> <Delay = 0.00>
ST_2 : Operation 117 [1/1] (0.00ns)   --->   "%ret_ln0 = ret"   --->   Operation 117 'ret' 'ret_ln0' <Predicate = (icmp_ln19)> <Delay = 0.00>

State 3 <SV = 2> <Delay = 4.84>
ST_3 : Operation 76 [1/1] (0.00ns)   --->   "%specloopname_ln0 = specloopname void @_ssdm_op_SpecLoopName, void @Fil_load_r_Fil_load_c_str"   --->   Operation 76 'specloopname' 'specloopname_ln0' <Predicate = true> <Delay = 0.00>
ST_3 : Operation 77 [1/1] (0.00ns)   --->   "%empty_54 = speclooptripcount i32 @_ssdm_op_SpecLoopTripCount, i64 9, i64 9, i64 9"   --->   Operation 77 'speclooptripcount' 'empty_54' <Predicate = true> <Delay = 0.00>
ST_3 : Operation 78 [1/1] (0.00ns)   --->   "%specpipeline_ln24 = specpipeline void @_ssdm_op_SpecPipeline, i32 4294967295, i32 0, i32 0, i32 0, void @empty_9" [codes_lab5/HLS_sources_final/templatedFuncs.h:24]   --->   Operation 78 'specpipeline' 'specpipeline_ln24' <Predicate = true> <Delay = 0.00>
ST_3 : Operation 79 [1/1] (0.00ns)   --->   "%specloopname_ln22 = specloopname void @_ssdm_op_SpecLoopName, void @empty_3" [codes_lab5/HLS_sources_final/templatedFuncs.h:22]   --->   Operation 79 'specloopname' 'specloopname_ln22' <Predicate = true> <Delay = 0.00>
ST_3 : Operation 80 [1/2] (3.25ns)   --->   "%conv1_weight_load = load i6 %conv1_weight_addr" [codes_lab5/HLS_sources_final/templatedFuncs.h:26]   --->   Operation 80 'load' 'conv1_weight_load' <Predicate = true> <Delay = 3.25> <CoreInst = "ROM">   --->   Core 95 'ROM' <Latency = 1> <II = 1> <Delay = 3.25> <Storage> <Opcode : 'load'> <Ports = 0> <Width = 32> <Depth = 36> <ROM>
ST_3 : Operation 81 [1/1] (1.58ns)   --->   "%store_ln26 = store i32 %conv1_weight_load, i32 %empty" [codes_lab5/HLS_sources_final/templatedFuncs.h:26]   --->   Operation 81 'store' 'store_ln26' <Predicate = (select_ln19_2 == 1 & select_ln19 == 1)> <Delay = 1.58>
ST_3 : Operation 82 [1/1] (0.00ns)   --->   "%br_ln26 = br void %arrayidx172.i.i2.exit" [codes_lab5/HLS_sources_final/templatedFuncs.h:26]   --->   Operation 82 'br' 'br_ln26' <Predicate = (select_ln19_2 == 1 & select_ln19 == 1)> <Delay = 0.00>
ST_3 : Operation 83 [1/1] (1.58ns)   --->   "%store_ln26 = store i32 %conv1_weight_load, i32 %empty_45" [codes_lab5/HLS_sources_final/templatedFuncs.h:26]   --->   Operation 83 'store' 'store_ln26' <Predicate = (select_ln19_2 == 1 & select_ln19 == 0)> <Delay = 1.58>
ST_3 : Operation 84 [1/1] (0.00ns)   --->   "%br_ln26 = br void %arrayidx172.i.i2.exit" [codes_lab5/HLS_sources_final/templatedFuncs.h:26]   --->   Operation 84 'br' 'br_ln26' <Predicate = (select_ln19_2 == 1 & select_ln19 == 0)> <Delay = 0.00>
ST_3 : Operation 85 [1/1] (1.58ns)   --->   "%store_ln26 = store i32 %conv1_weight_load, i32 %empty_46" [codes_lab5/HLS_sources_final/templatedFuncs.h:26]   --->   Operation 85 'store' 'store_ln26' <Predicate = (select_ln19_2 == 1 & select_ln19 != 0 & select_ln19 != 1)> <Delay = 1.58>
ST_3 : Operation 86 [1/1] (0.00ns)   --->   "%br_ln26 = br void %arrayidx172.i.i2.exit" [codes_lab5/HLS_sources_final/templatedFuncs.h:26]   --->   Operation 86 'br' 'br_ln26' <Predicate = (select_ln19_2 == 1 & select_ln19 != 0 & select_ln19 != 1)> <Delay = 0.00>
ST_3 : Operation 87 [1/1] (1.58ns)   --->   "%store_ln26 = store i32 %conv1_weight_load, i32 %empty_47" [codes_lab5/HLS_sources_final/templatedFuncs.h:26]   --->   Operation 87 'store' 'store_ln26' <Predicate = (select_ln19_2 == 0 & select_ln19 == 1)> <Delay = 1.58>
ST_3 : Operation 88 [1/1] (0.00ns)   --->   "%br_ln26 = br void %arrayidx172.i.i2.exit" [codes_lab5/HLS_sources_final/templatedFuncs.h:26]   --->   Operation 88 'br' 'br_ln26' <Predicate = (select_ln19_2 == 0 & select_ln19 == 1)> <Delay = 0.00>
ST_3 : Operation 89 [1/1] (1.58ns)   --->   "%store_ln26 = store i32 %conv1_weight_load, i32 %empty_48" [codes_lab5/HLS_sources_final/templatedFuncs.h:26]   --->   Operation 89 'store' 'store_ln26' <Predicate = (select_ln19_2 == 0 & select_ln19 == 0)> <Delay = 1.58>
ST_3 : Operation 90 [1/1] (0.00ns)   --->   "%br_ln26 = br void %arrayidx172.i.i2.exit" [codes_lab5/HLS_sources_final/templatedFuncs.h:26]   --->   Operation 90 'br' 'br_ln26' <Predicate = (select_ln19_2 == 0 & select_ln19 == 0)> <Delay = 0.00>
ST_3 : Operation 91 [1/1] (1.58ns)   --->   "%store_ln26 = store i32 %conv1_weight_load, i32 %empty_49" [codes_lab5/HLS_sources_final/templatedFuncs.h:26]   --->   Operation 91 'store' 'store_ln26' <Predicate = (select_ln19_2 == 0 & select_ln19 != 0 & select_ln19 != 1)> <Delay = 1.58>
ST_3 : Operation 92 [1/1] (0.00ns)   --->   "%br_ln26 = br void %arrayidx172.i.i2.exit" [codes_lab5/HLS_sources_final/templatedFuncs.h:26]   --->   Operation 92 'br' 'br_ln26' <Predicate = (select_ln19_2 == 0 & select_ln19 != 0 & select_ln19 != 1)> <Delay = 0.00>
ST_3 : Operation 93 [1/1] (1.58ns)   --->   "%store_ln26 = store i32 %conv1_weight_load, i32 %empty_50" [codes_lab5/HLS_sources_final/templatedFuncs.h:26]   --->   Operation 93 'store' 'store_ln26' <Predicate = (select_ln19_2 != 0 & select_ln19_2 != 1 & select_ln19 == 1)> <Delay = 1.58>
ST_3 : Operation 94 [1/1] (0.00ns)   --->   "%br_ln26 = br void %arrayidx172.i.i2.exit" [codes_lab5/HLS_sources_final/templatedFuncs.h:26]   --->   Operation 94 'br' 'br_ln26' <Predicate = (select_ln19_2 != 0 & select_ln19_2 != 1 & select_ln19 == 1)> <Delay = 0.00>
ST_3 : Operation 95 [1/1] (1.58ns)   --->   "%store_ln26 = store i32 %conv1_weight_load, i32 %empty_51" [codes_lab5/HLS_sources_final/templatedFuncs.h:26]   --->   Operation 95 'store' 'store_ln26' <Predicate = (select_ln19_2 != 0 & select_ln19_2 != 1 & select_ln19 == 0)> <Delay = 1.58>
ST_3 : Operation 96 [1/1] (0.00ns)   --->   "%br_ln26 = br void %arrayidx172.i.i2.exit" [codes_lab5/HLS_sources_final/templatedFuncs.h:26]   --->   Operation 96 'br' 'br_ln26' <Predicate = (select_ln19_2 != 0 & select_ln19_2 != 1 & select_ln19 == 0)> <Delay = 0.00>
ST_3 : Operation 97 [1/1] (1.58ns)   --->   "%store_ln26 = store i32 %conv1_weight_load, i32 %empty_52" [codes_lab5/HLS_sources_final/templatedFuncs.h:26]   --->   Operation 97 'store' 'store_ln26' <Predicate = (select_ln19_2 != 0 & select_ln19_2 != 1 & select_ln19 != 0 & select_ln19 != 1)> <Delay = 1.58>
ST_3 : Operation 98 [1/1] (0.00ns)   --->   "%br_ln26 = br void %arrayidx172.i.i2.exit" [codes_lab5/HLS_sources_final/templatedFuncs.h:26]   --->   Operation 98 'br' 'br_ln26' <Predicate = (select_ln19_2 != 0 & select_ln19_2 != 1 & select_ln19 != 0 & select_ln19 != 1)> <Delay = 0.00>


============================================================
+ Verbose Summary: Binding
============================================================
STG Binding: 
---------------- STG Properties BEGIN ----------------
- Is combinational: 0
- Is one-state seq: 0
- Is datapath-only: 0
- Is pipelined: 0
- Is top level: 0
Port [ Return ] is wired: 1; IO mode=ap_ctrl_hs:ce=0
Port [ kernel_i_2_2_promoted168]:  wired=1; compound=0; hidden=0; nouse=0; global=0; static=0; extern=0; dir=0; type=0; pingpong=0; private_global=0; IO mode=ap_none:ce=0
Port [ kernel_i_2_0_promoted166]:  wired=1; compound=0; hidden=0; nouse=0; global=0; static=0; extern=0; dir=0; type=0; pingpong=0; private_global=0; IO mode=ap_none:ce=0
Port [ kernel_i_2_1_promoted164]:  wired=1; compound=0; hidden=0; nouse=0; global=0; static=0; extern=0; dir=0; type=0; pingpong=0; private_global=0; IO mode=ap_none:ce=0
Port [ kernel_i_0_2_promoted162]:  wired=1; compound=0; hidden=0; nouse=0; global=0; static=0; extern=0; dir=0; type=0; pingpong=0; private_global=0; IO mode=ap_none:ce=0
Port [ kernel_i_0_0_promoted160]:  wired=1; compound=0; hidden=0; nouse=0; global=0; static=0; extern=0; dir=0; type=0; pingpong=0; private_global=0; IO mode=ap_none:ce=0
Port [ kernel_i_0_1_promoted158]:  wired=1; compound=0; hidden=0; nouse=0; global=0; static=0; extern=0; dir=0; type=0; pingpong=0; private_global=0; IO mode=ap_none:ce=0
Port [ kernel_i_1_2_promoted156]:  wired=1; compound=0; hidden=0; nouse=0; global=0; static=0; extern=0; dir=0; type=0; pingpong=0; private_global=0; IO mode=ap_none:ce=0
Port [ kernel_i_1_0_promoted154]:  wired=1; compound=0; hidden=0; nouse=0; global=0; static=0; extern=0; dir=0; type=0; pingpong=0; private_global=0; IO mode=ap_none:ce=0
Port [ kernel_i_1_1_promoted152]:  wired=1; compound=0; hidden=0; nouse=0; global=0; static=0; extern=0; dir=0; type=0; pingpong=0; private_global=0; IO mode=ap_none:ce=0
Port [ or_ln26]:  wired=1; compound=0; hidden=0; nouse=0; global=0; static=0; extern=0; dir=0; type=0; pingpong=0; private_global=0; IO mode=ap_none:ce=0
Port [ p_out]:  wired=1; compound=0; hidden=0; nouse=0; global=0; static=0; extern=0; dir=1; type=0; pingpong=0; private_global=0; IO mode=ap_vld:ce=0
Port [ p_out1]:  wired=1; compound=0; hidden=0; nouse=0; global=0; static=0; extern=0; dir=1; type=0; pingpong=0; private_global=0; IO mode=ap_vld:ce=0
Port [ p_out2]:  wired=1; compound=0; hidden=0; nouse=0; global=0; static=0; extern=0; dir=1; type=0; pingpong=0; private_global=0; IO mode=ap_vld:ce=0
Port [ p_out3]:  wired=1; compound=0; hidden=0; nouse=0; global=0; static=0; extern=0; dir=1; type=0; pingpong=0; private_global=0; IO mode=ap_vld:ce=0
Port [ p_out4]:  wired=1; compound=0; hidden=0; nouse=0; global=0; static=0; extern=0; dir=1; type=0; pingpong=0; private_global=0; IO mode=ap_vld:ce=0
Port [ p_out5]:  wired=1; compound=0; hidden=0; nouse=0; global=0; static=0; extern=0; dir=1; type=0; pingpong=0; private_global=0; IO mode=ap_vld:ce=0
Port [ p_out6]:  wired=1; compound=0; hidden=0; nouse=0; global=0; static=0; extern=0; dir=1; type=0; pingpong=0; private_global=0; IO mode=ap_vld:ce=0
Port [ p_out7]:  wired=1; compound=0; hidden=0; nouse=0; global=0; static=0; extern=0; dir=1; type=0; pingpong=0; private_global=0; IO mode=ap_vld:ce=0
Port [ p_out8]:  wired=1; compound=0; hidden=0; nouse=0; global=0; static=0; extern=0; dir=1; type=0; pingpong=0; private_global=0; IO mode=ap_vld:ce=0
Port [ conv1_weight]:  wired=0; compound=1; hidden=1; nouse=0; global=1; static=1; extern=0; dir=0; type=1; pingpong=0; private_global=1; MemPort=[1]; IO mode=ap_memory:ce=0
---------------- STG Properties END ------------------

---------------- Datapath Model BEGIN ----------------

<LifeTime>
<method=bitvector/>
kw                            (alloca           ) [ 0100]
kh                            (alloca           ) [ 0100]
indvar_flatten                (alloca           ) [ 0100]
empty                         (alloca           ) [ 0111]
empty_45                      (alloca           ) [ 0111]
empty_46                      (alloca           ) [ 0111]
empty_47                      (alloca           ) [ 0111]
empty_48                      (alloca           ) [ 0111]
empty_49                      (alloca           ) [ 0111]
empty_50                      (alloca           ) [ 0111]
empty_51                      (alloca           ) [ 0111]
empty_52                      (alloca           ) [ 0111]
or_ln26_read                  (read             ) [ 0000]
kernel_i_1_1_promoted152_read (read             ) [ 0000]
kernel_i_1_0_promoted154_read (read             ) [ 0000]
kernel_i_1_2_promoted156_read (read             ) [ 0000]
kernel_i_0_1_promoted158_read (read             ) [ 0000]
kernel_i_0_0_promoted160_read (read             ) [ 0000]
kernel_i_0_2_promoted162_read (read             ) [ 0000]
kernel_i_2_1_promoted164_read (read             ) [ 0000]
kernel_i_2_0_promoted166_read (read             ) [ 0000]
kernel_i_2_2_promoted168_read (read             ) [ 0000]
store_ln0                     (store            ) [ 0000]
store_ln0                     (store            ) [ 0000]
store_ln0                     (store            ) [ 0000]
store_ln0                     (store            ) [ 0000]
store_ln0                     (store            ) [ 0000]
store_ln0                     (store            ) [ 0000]
store_ln0                     (store            ) [ 0000]
store_ln0                     (store            ) [ 0000]
store_ln0                     (store            ) [ 0000]
store_ln0                     (store            ) [ 0000]
store_ln0                     (store            ) [ 0000]
store_ln0                     (store            ) [ 0000]
br_ln0                        (br               ) [ 0000]
kh_1                          (load             ) [ 0000]
indvar_flatten_load           (load             ) [ 0000]
zext_ln19                     (zext             ) [ 0000]
p_shl                         (bitconcatenate   ) [ 0000]
p_shl_cast                    (zext             ) [ 0000]
empty_53                      (sub              ) [ 0000]
icmp_ln19                     (icmp             ) [ 0110]
add_ln19_1                    (add              ) [ 0000]
br_ln19                       (br               ) [ 0000]
kw_load                       (load             ) [ 0000]
add_ln19                      (add              ) [ 0000]
icmp_ln22                     (icmp             ) [ 0000]
select_ln19                   (select           ) [ 0111]
zext_ln19_1                   (zext             ) [ 0000]
p_shl_mid1                    (bitconcatenate   ) [ 0000]
p_shl_cast_mid1               (zext             ) [ 0000]
p_mid1                        (sub              ) [ 0000]
select_ln19_1                 (select           ) [ 0000]
select_ln19_2                 (select           ) [ 0111]
zext_ln22                     (zext             ) [ 0000]
add_ln25                      (add              ) [ 0000]
sext_ln26                     (sext             ) [ 0000]
add_ln26                      (add              ) [ 0110]
switch_ln26                   (switch           ) [ 0000]
switch_ln26                   (switch           ) [ 0000]
switch_ln26                   (switch           ) [ 0000]
switch_ln26                   (switch           ) [ 0000]
add_ln22                      (add              ) [ 0000]
store_ln22                    (store            ) [ 0000]
store_ln22                    (store            ) [ 0000]
store_ln22                    (store            ) [ 0000]
br_ln22                       (br               ) [ 0000]
zext_ln26                     (zext             ) [ 0000]
conv1_weight_addr             (getelementptr    ) [ 0101]
specloopname_ln0              (specloopname     ) [ 0000]
empty_54                      (speclooptripcount) [ 0000]
specpipeline_ln24             (specpipeline     ) [ 0000]
specloopname_ln22             (specloopname     ) [ 0000]
conv1_weight_load             (load             ) [ 0000]
store_ln26                    (store            ) [ 0000]
br_ln26                       (br               ) [ 0000]
store_ln26                    (store            ) [ 0000]
br_ln26                       (br               ) [ 0000]
store_ln26                    (store            ) [ 0000]
br_ln26                       (br               ) [ 0000]
store_ln26                    (store            ) [ 0000]
br_ln26                       (br               ) [ 0000]
store_ln26                    (store            ) [ 0000]
br_ln26                       (br               ) [ 0000]
store_ln26                    (store            ) [ 0000]
br_ln26                       (br               ) [ 0000]
store_ln26                    (store            ) [ 0000]
br_ln26                       (br               ) [ 0000]
store_ln26                    (store            ) [ 0000]
br_ln26                       (br               ) [ 0000]
store_ln26                    (store            ) [ 0000]
br_ln26                       (br               ) [ 0000]
p_load25                      (load             ) [ 0000]
p_load23                      (load             ) [ 0000]
p_load22                      (load             ) [ 0000]
p_load21                      (load             ) [ 0000]
p_load19                      (load             ) [ 0000]
p_load18                      (load             ) [ 0000]
p_load17                      (load             ) [ 0000]
p_load15                      (load             ) [ 0000]
p_load                        (load             ) [ 0000]
write_ln0                     (write            ) [ 0000]
write_ln0                     (write            ) [ 0000]
write_ln0                     (write            ) [ 0000]
write_ln0                     (write            ) [ 0000]
write_ln0                     (write            ) [ 0000]
write_ln0                     (write            ) [ 0000]
write_ln0                     (write            ) [ 0000]
write_ln0                     (write            ) [ 0000]
write_ln0                     (write            ) [ 0000]
ret_ln0                       (ret              ) [ 0000]
</LifeTime>

<model>

<comp_list>
<comp id="0" class="1000" name="kernel_i_2_2_promoted168">
<pin_list>
<pin id="1" dir="1" index="0" bw="1" slack="0"/>
</pin_list>
<bind>
<StgValue><ssdm name="kernel_i_2_2_promoted168"/></StgValue>
</bind>
</comp>

<comp id="2" class="1000" name="kernel_i_2_0_promoted166">
<pin_list>
<pin id="3" dir="1" index="0" bw="1" slack="0"/>
</pin_list>
<bind>
<StgValue><ssdm name="kernel_i_2_0_promoted166"/></StgValue>
</bind>
</comp>

<comp id="4" class="1000" name="kernel_i_2_1_promoted164">
<pin_list>
<pin id="5" dir="1" index="0" bw="1" slack="0"/>
</pin_list>
<bind>
<StgValue><ssdm name="kernel_i_2_1_promoted164"/></StgValue>
</bind>
</comp>

<comp id="6" class="1000" name="kernel_i_0_2_promoted162">
<pin_list>
<pin id="7" dir="1" index="0" bw="1" slack="0"/>
</pin_list>
<bind>
<StgValue><ssdm name="kernel_i_0_2_promoted162"/></StgValue>
</bind>
</comp>

<comp id="8" class="1000" name="kernel_i_0_0_promoted160">
<pin_list>
<pin id="9" dir="1" index="0" bw="1" slack="0"/>
</pin_list>
<bind>
<StgValue><ssdm name="kernel_i_0_0_promoted160"/></StgValue>
</bind>
</comp>

<comp id="10" class="1000" name="kernel_i_0_1_promoted158">
<pin_list>
<pin id="11" dir="1" index="0" bw="1" slack="0"/>
</pin_list>
<bind>
<StgValue><ssdm name="kernel_i_0_1_promoted158"/></StgValue>
</bind>
</comp>

<comp id="12" class="1000" name="kernel_i_1_2_promoted156">
<pin_list>
<pin id="13" dir="1" index="0" bw="1" slack="0"/>
</pin_list>
<bind>
<StgValue><ssdm name="kernel_i_1_2_promoted156"/></StgValue>
</bind>
</comp>

<comp id="14" class="1000" name="kernel_i_1_0_promoted154">
<pin_list>
<pin id="15" dir="1" index="0" bw="1" slack="0"/>
</pin_list>
<bind>
<StgValue><ssdm name="kernel_i_1_0_promoted154"/></StgValue>
</bind>
</comp>

<comp id="16" class="1000" name="kernel_i_1_1_promoted152">
<pin_list>
<pin id="17" dir="1" index="0" bw="1" slack="0"/>
</pin_list>
<bind>
<StgValue><ssdm name="kernel_i_1_1_promoted152"/></StgValue>
</bind>
</comp>

<comp id="18" class="1000" name="or_ln26">
<pin_list>
<pin id="19" dir="1" index="0" bw="1" slack="0"/>
</pin_list>
<bind>
<StgValue><ssdm name="or_ln26"/></StgValue>
</bind>
</comp>

<comp id="20" class="1000" name="p_out">
<pin_list>
<pin id="21" dir="1" index="0" bw="1" slack="0"/>
</pin_list>
<bind>
<StgValue><ssdm name="p_out"/></StgValue>
</bind>
</comp>

<comp id="22" class="1000" name="p_out1">
<pin_list>
<pin id="23" dir="1" index="0" bw="1" slack="0"/>
</pin_list>
<bind>
<StgValue><ssdm name="p_out1"/></StgValue>
</bind>
</comp>

<comp id="24" class="1000" name="p_out2">
<pin_list>
<pin id="25" dir="1" index="0" bw="1" slack="0"/>
</pin_list>
<bind>
<StgValue><ssdm name="p_out2"/></StgValue>
</bind>
</comp>

<comp id="26" class="1000" name="p_out3">
<pin_list>
<pin id="27" dir="1" index="0" bw="1" slack="0"/>
</pin_list>
<bind>
<StgValue><ssdm name="p_out3"/></StgValue>
</bind>
</comp>

<comp id="28" class="1000" name="p_out4">
<pin_list>
<pin id="29" dir="1" index="0" bw="1" slack="0"/>
</pin_list>
<bind>
<StgValue><ssdm name="p_out4"/></StgValue>
</bind>
</comp>

<comp id="30" class="1000" name="p_out5">
<pin_list>
<pin id="31" dir="1" index="0" bw="1" slack="0"/>
</pin_list>
<bind>
<StgValue><ssdm name="p_out5"/></StgValue>
</bind>
</comp>

<comp id="32" class="1000" name="p_out6">
<pin_list>
<pin id="33" dir="1" index="0" bw="1" slack="0"/>
</pin_list>
<bind>
<StgValue><ssdm name="p_out6"/></StgValue>
</bind>
</comp>

<comp id="34" class="1000" name="p_out7">
<pin_list>
<pin id="35" dir="1" index="0" bw="1" slack="0"/>
</pin_list>
<bind>
<StgValue><ssdm name="p_out7"/></StgValue>
</bind>
</comp>

<comp id="36" class="1000" name="p_out8">
<pin_list>
<pin id="37" dir="1" index="0" bw="1" slack="0"/>
</pin_list>
<bind>
<StgValue><ssdm name="p_out8"/></StgValue>
</bind>
</comp>

<comp id="38" class="1000" name="conv1_weight">
<pin_list>
<pin id="39" dir="1" index="0" bw="1" slack="0"/>
</pin_list>
<bind>
<StgValue><ssdm name="conv1_weight"/><MemPortTyVec>1 </MemPortTyVec>
</StgValue>
</bind>
</comp>

<comp id="40" class="1001" name="const_40">
<pin_list>
<pin id="41" dir="1" index="0" bw="1" slack="0"/>
</pin_list>
<bind>
<StgValue><ssdm name=""/></StgValue>
</bind>
</comp>

<comp id="42" class="1001" name="const_42">
<pin_list>
<pin id="43" dir="1" index="0" bw="1" slack="0"/>
</pin_list>
<bind>
<StgValue><ssdm name="_ssdm_op_Read.ap_auto.i6"/></StgValue>
</bind>
</comp>

<comp id="44" class="1001" name="const_44">
<pin_list>
<pin id="45" dir="1" index="0" bw="1" slack="0"/>
</pin_list>
<bind>
<StgValue><ssdm name="_ssdm_op_Read.ap_auto.float"/></StgValue>
</bind>
</comp>

<comp id="46" class="1001" name="const_46">
<pin_list>
<pin id="47" dir="1" index="0" bw="1" slack="0"/>
</pin_list>
<bind>
<StgValue><ssdm name=""/></StgValue>
</bind>
</comp>

<comp id="48" class="1001" name="const_48">
<pin_list>
<pin id="49" dir="1" index="0" bw="1" slack="0"/>
</pin_list>
<bind>
<StgValue><ssdm name=""/></StgValue>
</bind>
</comp>

<comp id="50" class="1001" name="const_50">
<pin_list>
<pin id="51" dir="1" index="0" bw="1" slack="0"/>
</pin_list>
<bind>
<StgValue><ssdm name="_ssdm_op_BitConcatenate.i4.i2.i2"/></StgValue>
</bind>
</comp>

<comp id="52" class="1001" name="const_52">
<pin_list>
<pin id="53" dir="1" index="0" bw="1" slack="0"/>
</pin_list>
<bind>
<StgValue><ssdm name=""/></StgValue>
</bind>
</comp>

<comp id="54" class="1001" name="const_54">
<pin_list>
<pin id="55" dir="1" index="0" bw="1" slack="0"/>
</pin_list>
<bind>
<StgValue><ssdm name=""/></StgValue>
</bind>
</comp>

<comp id="56" class="1001" name="const_56">
<pin_list>
<pin id="57" dir="1" index="0" bw="1" slack="0"/>
</pin_list>
<bind>
<StgValue><ssdm name=""/></StgValue>
</bind>
</comp>

<comp id="58" class="1001" name="const_58">
<pin_list>
<pin id="59" dir="1" index="0" bw="1" slack="0"/>
</pin_list>
<bind>
<StgValue><ssdm name=""/></StgValue>
</bind>
</comp>

<comp id="60" class="1001" name="const_60">
<pin_list>
<pin id="61" dir="1" index="0" bw="1" slack="0"/>
</pin_list>
<bind>
<StgValue><ssdm name=""/></StgValue>
</bind>
</comp>

<comp id="62" class="1001" name="const_62">
<pin_list>
<pin id="63" dir="1" index="0" bw="1" slack="2147483647"/>
</pin_list>
<bind>
<StgValue><ssdm name="_ssdm_op_SpecLoopName"/></StgValue>
</bind>
</comp>

<comp id="64" class="1001" name="const_64">
<pin_list>
<pin id="65" dir="1" index="0" bw="1" slack="2147483647"/>
</pin_list>
<bind>
<StgValue><ssdm name="Fil_load_r_Fil_load_c_str"/></StgValue>
</bind>
</comp>

<comp id="66" class="1001" name="const_66">
<pin_list>
<pin id="67" dir="1" index="0" bw="1" slack="2147483647"/>
</pin_list>
<bind>
<StgValue><ssdm name="_ssdm_op_SpecLoopTripCount"/></StgValue>
</bind>
</comp>

<comp id="68" class="1001" name="const_68">
<pin_list>
<pin id="69" dir="1" index="0" bw="1" slack="2147483647"/>
</pin_list>
<bind>
<StgValue><ssdm name=""/></StgValue>
</bind>
</comp>

<comp id="70" class="1001" name="const_70">
<pin_list>
<pin id="71" dir="1" index="0" bw="1" slack="2147483647"/>
</pin_list>
<bind>
<StgValue><ssdm name="_ssdm_op_SpecPipeline"/></StgValue>
</bind>
</comp>

<comp id="72" class="1001" name="const_72">
<pin_list>
<pin id="73" dir="1" index="0" bw="1" slack="2147483647"/>
</pin_list>
<bind>
<StgValue><ssdm name=""/></StgValue>
</bind>
</comp>

<comp id="74" class="1001" name="const_74">
<pin_list>
<pin id="75" dir="1" index="0" bw="1" slack="2147483647"/>
</pin_list>
<bind>
<StgValue><ssdm name=""/></StgValue>
</bind>
</comp>

<comp id="76" class="1001" name="const_76">
<pin_list>
<pin id="77" dir="1" index="0" bw="1" slack="2147483647"/>
</pin_list>
<bind>
<StgValue><ssdm name="empty_9"/></StgValue>
</bind>
</comp>

<comp id="78" class="1001" name="const_78">
<pin_list>
<pin id="79" dir="1" index="0" bw="1" slack="2147483647"/>
</pin_list>
<bind>
<StgValue><ssdm name="empty_3"/></StgValue>
</bind>
</comp>

<comp id="80" class="1001" name="const_80">
<pin_list>
<pin id="81" dir="1" index="0" bw="1" slack="0"/>
</pin_list>
<bind>
<StgValue><ssdm name="_ssdm_op_Write.ap_auto.floatP0A"/></StgValue>
</bind>
</comp>

<comp id="82" class="1004" name="kw_fu_82">
<pin_list>
<pin id="83" dir="0" index="0" bw="1" slack="0"/>
<pin id="84" dir="1" index="1" bw="2" slack="0"/>
</pin_list>
<bind>
<opcode="alloca(26) " fcode="alloca"/>
<opset="kw/1 "/>
</bind>
</comp>

<comp id="86" class="1004" name="kh_fu_86">
<pin_list>
<pin id="87" dir="0" index="0" bw="1" slack="0"/>
<pin id="88" dir="1" index="1" bw="2" slack="0"/>
</pin_list>
<bind>
<opcode="alloca(26) " fcode="alloca"/>
<opset="kh/1 "/>
</bind>
</comp>

<comp id="90" class="1004" name="indvar_flatten_fu_90">
<pin_list>
<pin id="91" dir="0" index="0" bw="1" slack="0"/>
<pin id="92" dir="1" index="1" bw="4" slack="0"/>
</pin_list>
<bind>
<opcode="alloca(26) " fcode="alloca"/>
<opset="indvar_flatten/1 "/>
</bind>
</comp>

<comp id="94" class="1004" name="empty_fu_94">
<pin_list>
<pin id="95" dir="0" index="0" bw="1" slack="0"/>
<pin id="96" dir="1" index="1" bw="32" slack="0"/>
</pin_list>
<bind>
<opcode="alloca(26) " fcode="alloca"/>
<opset="empty/1 "/>
</bind>
</comp>

<comp id="98" class="1004" name="empty_45_fu_98">
<pin_list>
<pin id="99" dir="0" index="0" bw="1" slack="0"/>
<pin id="100" dir="1" index="1" bw="32" slack="0"/>
</pin_list>
<bind>
<opcode="alloca(26) " fcode="alloca"/>
<opset="empty_45/1 "/>
</bind>
</comp>

<comp id="102" class="1004" name="empty_46_fu_102">
<pin_list>
<pin id="103" dir="0" index="0" bw="1" slack="0"/>
<pin id="104" dir="1" index="1" bw="32" slack="0"/>
</pin_list>
<bind>
<opcode="alloca(26) " fcode="alloca"/>
<opset="empty_46/1 "/>
</bind>
</comp>

<comp id="106" class="1004" name="empty_47_fu_106">
<pin_list>
<pin id="107" dir="0" index="0" bw="1" slack="0"/>
<pin id="108" dir="1" index="1" bw="32" slack="0"/>
</pin_list>
<bind>
<opcode="alloca(26) " fcode="alloca"/>
<opset="empty_47/1 "/>
</bind>
</comp>

<comp id="110" class="1004" name="empty_48_fu_110">
<pin_list>
<pin id="111" dir="0" index="0" bw="1" slack="0"/>
<pin id="112" dir="1" index="1" bw="32" slack="0"/>
</pin_list>
<bind>
<opcode="alloca(26) " fcode="alloca"/>
<opset="empty_48/1 "/>
</bind>
</comp>

<comp id="114" class="1004" name="empty_49_fu_114">
<pin_list>
<pin id="115" dir="0" index="0" bw="1" slack="0"/>
<pin id="116" dir="1" index="1" bw="32" slack="0"/>
</pin_list>
<bind>
<opcode="alloca(26) " fcode="alloca"/>
<opset="empty_49/1 "/>
</bind>
</comp>

<comp id="118" class="1004" name="empty_50_fu_118">
<pin_list>
<pin id="119" dir="0" index="0" bw="1" slack="0"/>
<pin id="120" dir="1" index="1" bw="32" slack="0"/>
</pin_list>
<bind>
<opcode="alloca(26) " fcode="alloca"/>
<opset="empty_50/1 "/>
</bind>
</comp>

<comp id="122" class="1004" name="empty_51_fu_122">
<pin_list>
<pin id="123" dir="0" index="0" bw="1" slack="0"/>
<pin id="124" dir="1" index="1" bw="32" slack="0"/>
</pin_list>
<bind>
<opcode="alloca(26) " fcode="alloca"/>
<opset="empty_51/1 "/>
</bind>
</comp>

<comp id="126" class="1004" name="empty_52_fu_126">
<pin_list>
<pin id="127" dir="0" index="0" bw="1" slack="0"/>
<pin id="128" dir="1" index="1" bw="32" slack="0"/>
</pin_list>
<bind>
<opcode="alloca(26) " fcode="alloca"/>
<opset="empty_52/1 "/>
</bind>
</comp>

<comp id="130" class="1004" name="or_ln26_read_read_fu_130">
<pin_list>
<pin id="131" dir="0" index="0" bw="6" slack="0"/>
<pin id="132" dir="0" index="1" bw="6" slack="0"/>
<pin id="133" dir="1" index="2" bw="6" slack="0"/>
</pin_list>
<bind>
<opcode="read(1150) " fcode="read"/>
<opset="or_ln26_read/1 "/>
</bind>
</comp>

<comp id="136" class="1004" name="kernel_i_1_1_promoted152_read_read_fu_136">
<pin_list>
<pin id="137" dir="0" index="0" bw="32" slack="0"/>
<pin id="138" dir="0" index="1" bw="32" slack="0"/>
<pin id="139" dir="1" index="2" bw="32" slack="0"/>
</pin_list>
<bind>
<opcode="read(1150) " fcode="read"/>
<opset="kernel_i_1_1_promoted152_read/1 "/>
</bind>
</comp>

<comp id="142" class="1004" name="kernel_i_1_0_promoted154_read_read_fu_142">
<pin_list>
<pin id="143" dir="0" index="0" bw="32" slack="0"/>
<pin id="144" dir="0" index="1" bw="32" slack="0"/>
<pin id="145" dir="1" index="2" bw="32" slack="0"/>
</pin_list>
<bind>
<opcode="read(1150) " fcode="read"/>
<opset="kernel_i_1_0_promoted154_read/1 "/>
</bind>
</comp>

<comp id="148" class="1004" name="kernel_i_1_2_promoted156_read_read_fu_148">
<pin_list>
<pin id="149" dir="0" index="0" bw="32" slack="0"/>
<pin id="150" dir="0" index="1" bw="32" slack="0"/>
<pin id="151" dir="1" index="2" bw="32" slack="0"/>
</pin_list>
<bind>
<opcode="read(1150) " fcode="read"/>
<opset="kernel_i_1_2_promoted156_read/1 "/>
</bind>
</comp>

<comp id="154" class="1004" name="kernel_i_0_1_promoted158_read_read_fu_154">
<pin_list>
<pin id="155" dir="0" index="0" bw="32" slack="0"/>
<pin id="156" dir="0" index="1" bw="32" slack="0"/>
<pin id="157" dir="1" index="2" bw="32" slack="0"/>
</pin_list>
<bind>
<opcode="read(1150) " fcode="read"/>
<opset="kernel_i_0_1_promoted158_read/1 "/>
</bind>
</comp>

<comp id="160" class="1004" name="kernel_i_0_0_promoted160_read_read_fu_160">
<pin_list>
<pin id="161" dir="0" index="0" bw="32" slack="0"/>
<pin id="162" dir="0" index="1" bw="32" slack="0"/>
<pin id="163" dir="1" index="2" bw="32" slack="0"/>
</pin_list>
<bind>
<opcode="read(1150) " fcode="read"/>
<opset="kernel_i_0_0_promoted160_read/1 "/>
</bind>
</comp>

<comp id="166" class="1004" name="kernel_i_0_2_promoted162_read_read_fu_166">
<pin_list>
<pin id="167" dir="0" index="0" bw="32" slack="0"/>
<pin id="168" dir="0" index="1" bw="32" slack="0"/>
<pin id="169" dir="1" index="2" bw="32" slack="0"/>
</pin_list>
<bind>
<opcode="read(1150) " fcode="read"/>
<opset="kernel_i_0_2_promoted162_read/1 "/>
</bind>
</comp>

<comp id="172" class="1004" name="kernel_i_2_1_promoted164_read_read_fu_172">
<pin_list>
<pin id="173" dir="0" index="0" bw="32" slack="0"/>
<pin id="174" dir="0" index="1" bw="32" slack="0"/>
<pin id="175" dir="1" index="2" bw="32" slack="0"/>
</pin_list>
<bind>
<opcode="read(1150) " fcode="read"/>
<opset="kernel_i_2_1_promoted164_read/1 "/>
</bind>
</comp>

<comp id="178" class="1004" name="kernel_i_2_0_promoted166_read_read_fu_178">
<pin_list>
<pin id="179" dir="0" index="0" bw="32" slack="0"/>
<pin id="180" dir="0" index="1" bw="32" slack="0"/>
<pin id="181" dir="1" index="2" bw="32" slack="0"/>
</pin_list>
<bind>
<opcode="read(1150) " fcode="read"/>
<opset="kernel_i_2_0_promoted166_read/1 "/>
</bind>
</comp>

<comp id="184" class="1004" name="kernel_i_2_2_promoted168_read_read_fu_184">
<pin_list>
<pin id="185" dir="0" index="0" bw="32" slack="0"/>
<pin id="186" dir="0" index="1" bw="32" slack="0"/>
<pin id="187" dir="1" index="2" bw="32" slack="0"/>
</pin_list>
<bind>
<opcode="read(1150) " fcode="read"/>
<opset="kernel_i_2_2_promoted168_read/1 "/>
</bind>
</comp>

<comp id="190" class="1004" name="write_ln0_write_fu_190">
<pin_list>
<pin id="191" dir="0" index="0" bw="0" slack="0"/>
<pin id="192" dir="0" index="1" bw="32" slack="0"/>
<pin id="193" dir="0" index="2" bw="32" slack="0"/>
<pin id="194" dir="1" index="3" bw="0" slack="2147483647"/>
</pin_list>
<bind>
<opcode="write(1151) " fcode="write"/>
<opset="write_ln0/2 "/>
</bind>
</comp>

<comp id="197" class="1004" name="write_ln0_write_fu_197">
<pin_list>
<pin id="198" dir="0" index="0" bw="0" slack="0"/>
<pin id="199" dir="0" index="1" bw="32" slack="0"/>
<pin id="200" dir="0" index="2" bw="32" slack="0"/>
<pin id="201" dir="1" index="3" bw="0" slack="2147483647"/>
</pin_list>
<bind>
<opcode="write(1151) " fcode="write"/>
<opset="write_ln0/2 "/>
</bind>
</comp>

<comp id="204" class="1004" name="write_ln0_write_fu_204">
<pin_list>
<pin id="205" dir="0" index="0" bw="0" slack="0"/>
<pin id="206" dir="0" index="1" bw="32" slack="0"/>
<pin id="207" dir="0" index="2" bw="32" slack="0"/>
<pin id="208" dir="1" index="3" bw="0" slack="2147483647"/>
</pin_list>
<bind>
<opcode="write(1151) " fcode="write"/>
<opset="write_ln0/2 "/>
</bind>
</comp>

<comp id="211" class="1004" name="write_ln0_write_fu_211">
<pin_list>
<pin id="212" dir="0" index="0" bw="0" slack="0"/>
<pin id="213" dir="0" index="1" bw="32" slack="0"/>
<pin id="214" dir="0" index="2" bw="32" slack="0"/>
<pin id="215" dir="1" index="3" bw="0" slack="2147483647"/>
</pin_list>
<bind>
<opcode="write(1151) " fcode="write"/>
<opset="write_ln0/2 "/>
</bind>
</comp>

<comp id="218" class="1004" name="write_ln0_write_fu_218">
<pin_list>
<pin id="219" dir="0" index="0" bw="0" slack="0"/>
<pin id="220" dir="0" index="1" bw="32" slack="0"/>
<pin id="221" dir="0" index="2" bw="32" slack="0"/>
<pin id="222" dir="1" index="3" bw="0" slack="2147483647"/>
</pin_list>
<bind>
<opcode="write(1151) " fcode="write"/>
<opset="write_ln0/2 "/>
</bind>
</comp>

<comp id="225" class="1004" name="write_ln0_write_fu_225">
<pin_list>
<pin id="226" dir="0" index="0" bw="0" slack="0"/>
<pin id="227" dir="0" index="1" bw="32" slack="0"/>
<pin id="228" dir="0" index="2" bw="32" slack="0"/>
<pin id="229" dir="1" index="3" bw="0" slack="2147483647"/>
</pin_list>
<bind>
<opcode="write(1151) " fcode="write"/>
<opset="write_ln0/2 "/>
</bind>
</comp>

<comp id="232" class="1004" name="write_ln0_write_fu_232">
<pin_list>
<pin id="233" dir="0" index="0" bw="0" slack="0"/>
<pin id="234" dir="0" index="1" bw="32" slack="0"/>
<pin id="235" dir="0" index="2" bw="32" slack="0"/>
<pin id="236" dir="1" index="3" bw="0" slack="2147483647"/>
</pin_list>
<bind>
<opcode="write(1151) " fcode="write"/>
<opset="write_ln0/2 "/>
</bind>
</comp>

<comp id="239" class="1004" name="write_ln0_write_fu_239">
<pin_list>
<pin id="240" dir="0" index="0" bw="0" slack="0"/>
<pin id="241" dir="0" index="1" bw="32" slack="0"/>
<pin id="242" dir="0" index="2" bw="32" slack="0"/>
<pin id="243" dir="1" index="3" bw="0" slack="2147483647"/>
</pin_list>
<bind>
<opcode="write(1151) " fcode="write"/>
<opset="write_ln0/2 "/>
</bind>
</comp>

<comp id="246" class="1004" name="write_ln0_write_fu_246">
<pin_list>
<pin id="247" dir="0" index="0" bw="0" slack="0"/>
<pin id="248" dir="0" index="1" bw="32" slack="0"/>
<pin id="249" dir="0" index="2" bw="32" slack="0"/>
<pin id="250" dir="1" index="3" bw="0" slack="2147483647"/>
</pin_list>
<bind>
<opcode="write(1151) " fcode="write"/>
<opset="write_ln0/2 "/>
</bind>
</comp>

<comp id="253" class="1004" name="conv1_weight_addr_gep_fu_253">
<pin_list>
<pin id="254" dir="0" index="0" bw="32" slack="0"/>
<pin id="255" dir="0" index="1" bw="1" slack="0"/>
<pin id="256" dir="0" index="2" bw="6" slack="0"/>
<pin id="257" dir="1" index="3" bw="6" slack="0"/>
</pin_list>
<bind>
<opcode="getelementptr(29) " fcode="getelementptr"/>
<opset="conv1_weight_addr/2 "/>
</bind>
</comp>

<comp id="260" class="1004" name="grp_access_fu_260">
<pin_list>
<pin id="261" dir="0" index="0" bw="6" slack="0"/>
<pin id="262" dir="0" index="1" bw="32" slack="2147483647"/>
<pin id="263" dir="0" index="2" bw="0" slack="2147483647"/>
<pin id="264" dir="1" index="3" bw="32" slack="0"/>
</pin_list>
<bind>
<opcode="load(27) " fcode="load"/>
<opset="conv1_weight_load/2 "/>
</bind>
</comp>

<comp id="266" class="1004" name="store_ln0_store_fu_266">
<pin_list>
<pin id="267" dir="0" index="0" bw="32" slack="0"/>
<pin id="268" dir="0" index="1" bw="32" slack="0"/>
<pin id="269" dir="1" index="2" bw="0" slack="2147483647"/>
</pin_list>
<bind>
<opcode="store(28) " fcode="store"/>
<opset="store_ln0/1 "/>
</bind>
</comp>

<comp id="271" class="1004" name="store_ln0_store_fu_271">
<pin_list>
<pin id="272" dir="0" index="0" bw="32" slack="0"/>
<pin id="273" dir="0" index="1" bw="32" slack="0"/>
<pin id="274" dir="1" index="2" bw="0" slack="2147483647"/>
</pin_list>
<bind>
<opcode="store(28) " fcode="store"/>
<opset="store_ln0/1 "/>
</bind>
</comp>

<comp id="276" class="1004" name="store_ln0_store_fu_276">
<pin_list>
<pin id="277" dir="0" index="0" bw="32" slack="0"/>
<pin id="278" dir="0" index="1" bw="32" slack="0"/>
<pin id="279" dir="1" index="2" bw="0" slack="2147483647"/>
</pin_list>
<bind>
<opcode="store(28) " fcode="store"/>
<opset="store_ln0/1 "/>
</bind>
</comp>

<comp id="281" class="1004" name="store_ln0_store_fu_281">
<pin_list>
<pin id="282" dir="0" index="0" bw="32" slack="0"/>
<pin id="283" dir="0" index="1" bw="32" slack="0"/>
<pin id="284" dir="1" index="2" bw="0" slack="2147483647"/>
</pin_list>
<bind>
<opcode="store(28) " fcode="store"/>
<opset="store_ln0/1 "/>
</bind>
</comp>

<comp id="286" class="1004" name="store_ln0_store_fu_286">
<pin_list>
<pin id="287" dir="0" index="0" bw="32" slack="0"/>
<pin id="288" dir="0" index="1" bw="32" slack="0"/>
<pin id="289" dir="1" index="2" bw="0" slack="2147483647"/>
</pin_list>
<bind>
<opcode="store(28) " fcode="store"/>
<opset="store_ln0/1 "/>
</bind>
</comp>

<comp id="291" class="1004" name="store_ln0_store_fu_291">
<pin_list>
<pin id="292" dir="0" index="0" bw="32" slack="0"/>
<pin id="293" dir="0" index="1" bw="32" slack="0"/>
<pin id="294" dir="1" index="2" bw="0" slack="2147483647"/>
</pin_list>
<bind>
<opcode="store(28) " fcode="store"/>
<opset="store_ln0/1 "/>
</bind>
</comp>

<comp id="296" class="1004" name="store_ln0_store_fu_296">
<pin_list>
<pin id="297" dir="0" index="0" bw="32" slack="0"/>
<pin id="298" dir="0" index="1" bw="32" slack="0"/>
<pin id="299" dir="1" index="2" bw="0" slack="2147483647"/>
</pin_list>
<bind>
<opcode="store(28) " fcode="store"/>
<opset="store_ln0/1 "/>
</bind>
</comp>

<comp id="301" class="1004" name="store_ln0_store_fu_301">
<pin_list>
<pin id="302" dir="0" index="0" bw="32" slack="0"/>
<pin id="303" dir="0" index="1" bw="32" slack="0"/>
<pin id="304" dir="1" index="2" bw="0" slack="2147483647"/>
</pin_list>
<bind>
<opcode="store(28) " fcode="store"/>
<opset="store_ln0/1 "/>
</bind>
</comp>

<comp id="306" class="1004" name="store_ln0_store_fu_306">
<pin_list>
<pin id="307" dir="0" index="0" bw="32" slack="0"/>
<pin id="308" dir="0" index="1" bw="32" slack="0"/>
<pin id="309" dir="1" index="2" bw="0" slack="2147483647"/>
</pin_list>
<bind>
<opcode="store(28) " fcode="store"/>
<opset="store_ln0/1 "/>
</bind>
</comp>

<comp id="311" class="1004" name="store_ln0_store_fu_311">
<pin_list>
<pin id="312" dir="0" index="0" bw="1" slack="0"/>
<pin id="313" dir="0" index="1" bw="4" slack="0"/>
<pin id="314" dir="1" index="2" bw="0" slack="2147483647"/>
</pin_list>
<bind>
<opcode="store(28) " fcode="store"/>
<opset="store_ln0/1 "/>
</bind>
</comp>

<comp id="316" class="1004" name="store_ln0_store_fu_316">
<pin_list>
<pin id="317" dir="0" index="0" bw="1" slack="0"/>
<pin id="318" dir="0" index="1" bw="2" slack="0"/>
<pin id="319" dir="1" index="2" bw="0" slack="2147483647"/>
</pin_list>
<bind>
<opcode="store(28) " fcode="store"/>
<opset="store_ln0/1 "/>
</bind>
</comp>

<comp id="321" class="1004" name="store_ln0_store_fu_321">
<pin_list>
<pin id="322" dir="0" index="0" bw="1" slack="0"/>
<pin id="323" dir="0" index="1" bw="2" slack="0"/>
<pin id="324" dir="1" index="2" bw="0" slack="2147483647"/>
</pin_list>
<bind>
<opcode="store(28) " fcode="store"/>
<opset="store_ln0/1 "/>
</bind>
</comp>

<comp id="326" class="1004" name="kh_1_load_fu_326">
<pin_list>
<pin id="327" dir="0" index="0" bw="2" slack="0"/>
<pin id="328" dir="1" index="1" bw="2" slack="0"/>
</pin_list>
<bind>
<opcode="load(27) " fcode="load"/>
<opset="kh_1/1 "/>
</bind>
</comp>

<comp id="329" class="1004" name="indvar_flatten_load_load_fu_329">
<pin_list>
<pin id="330" dir="0" index="0" bw="4" slack="0"/>
<pin id="331" dir="1" index="1" bw="4" slack="0"/>
</pin_list>
<bind>
<opcode="load(27) " fcode="load"/>
<opset="indvar_flatten_load/1 "/>
</bind>
</comp>

<comp id="332" class="1004" name="zext_ln19_fu_332">
<pin_list>
<pin id="333" dir="0" index="0" bw="2" slack="0"/>
<pin id="334" dir="1" index="1" bw="5" slack="0"/>
</pin_list>
<bind>
<opcode="zext(34) " fcode="zext"/>
<opset="zext_ln19/1 "/>
</bind>
</comp>

<comp id="336" class="1004" name="p_shl_fu_336">
<pin_list>
<pin id="337" dir="0" index="0" bw="4" slack="0"/>
<pin id="338" dir="0" index="1" bw="2" slack="0"/>
<pin id="339" dir="0" index="2" bw="1" slack="0"/>
<pin id="340" dir="1" index="3" bw="4" slack="0"/>
</pin_list>
<bind>
<opcode="bitconcatenate(1004) " fcode="bitconcatenate"/>
<opset="p_shl/1 "/>
</bind>
</comp>

<comp id="344" class="1004" name="p_shl_cast_fu_344">
<pin_list>
<pin id="345" dir="0" index="0" bw="4" slack="0"/>
<pin id="346" dir="1" index="1" bw="5" slack="0"/>
</pin_list>
<bind>
<opcode="zext(34) " fcode="zext"/>
<opset="p_shl_cast/1 "/>
</bind>
</comp>

<comp id="348" class="1004" name="empty_53_fu_348">
<pin_list>
<pin id="349" dir="0" index="0" bw="4" slack="0"/>
<pin id="350" dir="0" index="1" bw="2" slack="0"/>
<pin id="351" dir="1" index="2" bw="5" slack="0"/>
</pin_list>
<bind>
<opcode="sub(10) " fcode="sub"/>
<opset="empty_53/1 "/>
</bind>
</comp>

<comp id="354" class="1004" name="icmp_ln19_fu_354">
<pin_list>
<pin id="355" dir="0" index="0" bw="4" slack="0"/>
<pin id="356" dir="0" index="1" bw="4" slack="0"/>
<pin id="357" dir="1" index="2" bw="1" slack="1"/>
</pin_list>
<bind>
<opcode="icmp(45) " fcode="icmp"/>
<opset="icmp_ln19/1 "/>
</bind>
</comp>

<comp id="360" class="1004" name="add_ln19_1_fu_360">
<pin_list>
<pin id="361" dir="0" index="0" bw="4" slack="0"/>
<pin id="362" dir="0" index="1" bw="1" slack="0"/>
<pin id="363" dir="1" index="2" bw="4" slack="0"/>
</pin_list>
<bind>
<opcode="add(8) " fcode="add"/>
<opset="add_ln19_1/1 "/>
</bind>
</comp>

<comp id="366" class="1004" name="kw_load_load_fu_366">
<pin_list>
<pin id="367" dir="0" index="0" bw="2" slack="0"/>
<pin id="368" dir="1" index="1" bw="2" slack="0"/>
</pin_list>
<bind>
<opcode="load(27) " fcode="load"/>
<opset="kw_load/1 "/>
</bind>
</comp>

<comp id="369" class="1004" name="add_ln19_fu_369">
<pin_list>
<pin id="370" dir="0" index="0" bw="2" slack="0"/>
<pin id="371" dir="0" index="1" bw="1" slack="0"/>
<pin id="372" dir="1" index="2" bw="2" slack="0"/>
</pin_list>
<bind>
<opcode="add(8) " fcode="add"/>
<opset="add_ln19/1 "/>
</bind>
</comp>

<comp id="375" class="1004" name="icmp_ln22_fu_375">
<pin_list>
<pin id="376" dir="0" index="0" bw="2" slack="0"/>
<pin id="377" dir="0" index="1" bw="2" slack="0"/>
<pin id="378" dir="1" index="2" bw="1" slack="0"/>
</pin_list>
<bind>
<opcode="icmp(45) " fcode="icmp"/>
<opset="icmp_ln22/1 "/>
</bind>
</comp>

<comp id="381" class="1004" name="select_ln19_fu_381">
<pin_list>
<pin id="382" dir="0" index="0" bw="1" slack="0"/>
<pin id="383" dir="0" index="1" bw="2" slack="0"/>
<pin id="384" dir="0" index="2" bw="2" slack="0"/>
<pin id="385" dir="1" index="3" bw="2" slack="0"/>
</pin_list>
<bind>
<opcode="select(49) " fcode="select"/>
<opset="select_ln19/1 "/>
</bind>
</comp>

<comp id="389" class="1004" name="zext_ln19_1_fu_389">
<pin_list>
<pin id="390" dir="0" index="0" bw="2" slack="0"/>
<pin id="391" dir="1" index="1" bw="5" slack="0"/>
</pin_list>
<bind>
<opcode="zext(34) " fcode="zext"/>
<opset="zext_ln19_1/1 "/>
</bind>
</comp>

<comp id="393" class="1004" name="p_shl_mid1_fu_393">
<pin_list>
<pin id="394" dir="0" index="0" bw="4" slack="0"/>
<pin id="395" dir="0" index="1" bw="2" slack="0"/>
<pin id="396" dir="0" index="2" bw="1" slack="0"/>
<pin id="397" dir="1" index="3" bw="4" slack="0"/>
</pin_list>
<bind>
<opcode="bitconcatenate(1004) " fcode="bitconcatenate"/>
<opset="p_shl_mid1/1 "/>
</bind>
</comp>

<comp id="401" class="1004" name="p_shl_cast_mid1_fu_401">
<pin_list>
<pin id="402" dir="0" index="0" bw="4" slack="0"/>
<pin id="403" dir="1" index="1" bw="5" slack="0"/>
</pin_list>
<bind>
<opcode="zext(34) " fcode="zext"/>
<opset="p_shl_cast_mid1/1 "/>
</bind>
</comp>

<comp id="405" class="1004" name="p_mid1_fu_405">
<pin_list>
<pin id="406" dir="0" index="0" bw="4" slack="0"/>
<pin id="407" dir="0" index="1" bw="2" slack="0"/>
<pin id="408" dir="1" index="2" bw="5" slack="0"/>
</pin_list>
<bind>
<opcode="sub(10) " fcode="sub"/>
<opset="p_mid1/1 "/>
</bind>
</comp>

<comp id="411" class="1004" name="select_ln19_1_fu_411">
<pin_list>
<pin id="412" dir="0" index="0" bw="1" slack="0"/>
<pin id="413" dir="0" index="1" bw="5" slack="0"/>
<pin id="414" dir="0" index="2" bw="5" slack="0"/>
<pin id="415" dir="1" index="3" bw="5" slack="0"/>
</pin_list>
<bind>
<opcode="select(49) " fcode="select"/>
<opset="select_ln19_1/1 "/>
</bind>
</comp>

<comp id="419" class="1004" name="select_ln19_2_fu_419">
<pin_list>
<pin id="420" dir="0" index="0" bw="1" slack="0"/>
<pin id="421" dir="0" index="1" bw="2" slack="0"/>
<pin id="422" dir="0" index="2" bw="2" slack="0"/>
<pin id="423" dir="1" index="3" bw="2" slack="0"/>
</pin_list>
<bind>
<opcode="select(49) " fcode="select"/>
<opset="select_ln19_2/1 "/>
</bind>
</comp>

<comp id="427" class="1004" name="zext_ln22_fu_427">
<pin_list>
<pin id="428" dir="0" index="0" bw="2" slack="0"/>
<pin id="429" dir="1" index="1" bw="5" slack="0"/>
</pin_list>
<bind>
<opcode="zext(34) " fcode="zext"/>
<opset="zext_ln22/1 "/>
</bind>
</comp>

<comp id="431" class="1004" name="add_ln25_fu_431">
<pin_list>
<pin id="432" dir="0" index="0" bw="5" slack="0"/>
<pin id="433" dir="0" index="1" bw="2" slack="0"/>
<pin id="434" dir="1" index="2" bw="5" slack="0"/>
</pin_list>
<bind>
<opcode="add(8) " fcode="add"/>
<opset="add_ln25/1 "/>
</bind>
</comp>

<comp id="437" class="1004" name="sext_ln26_fu_437">
<pin_list>
<pin id="438" dir="0" index="0" bw="5" slack="0"/>
<pin id="439" dir="1" index="1" bw="6" slack="0"/>
</pin_list>
<bind>
<opcode="sext(35) " fcode="sext"/>
<opset="sext_ln26/1 "/>
</bind>
</comp>

<comp id="441" class="1004" name="add_ln26_fu_441">
<pin_list>
<pin id="442" dir="0" index="0" bw="6" slack="0"/>
<pin id="443" dir="0" index="1" bw="5" slack="0"/>
<pin id="444" dir="1" index="2" bw="6" slack="1"/>
</pin_list>
<bind>
<opcode="add(8) " fcode="add"/>
<opset="add_ln26/1 "/>
</bind>
</comp>

<comp id="447" class="1004" name="add_ln22_fu_447">
<pin_list>
<pin id="448" dir="0" index="0" bw="2" slack="0"/>
<pin id="449" dir="0" index="1" bw="1" slack="0"/>
<pin id="450" dir="1" index="2" bw="2" slack="0"/>
</pin_list>
<bind>
<opcode="add(8) " fcode="add"/>
<opset="add_ln22/1 "/>
</bind>
</comp>

<comp id="453" class="1004" name="store_ln22_store_fu_453">
<pin_list>
<pin id="454" dir="0" index="0" bw="4" slack="0"/>
<pin id="455" dir="0" index="1" bw="4" slack="0"/>
<pin id="456" dir="1" index="2" bw="0" slack="2147483647"/>
</pin_list>
<bind>
<opcode="store(28) " fcode="store"/>
<opset="store_ln22/1 "/>
</bind>
</comp>

<comp id="458" class="1004" name="store_ln22_store_fu_458">
<pin_list>
<pin id="459" dir="0" index="0" bw="2" slack="0"/>
<pin id="460" dir="0" index="1" bw="2" slack="0"/>
<pin id="461" dir="1" index="2" bw="0" slack="2147483647"/>
</pin_list>
<bind>
<opcode="store(28) " fcode="store"/>
<opset="store_ln22/1 "/>
</bind>
</comp>

<comp id="463" class="1004" name="store_ln22_store_fu_463">
<pin_list>
<pin id="464" dir="0" index="0" bw="2" slack="0"/>
<pin id="465" dir="0" index="1" bw="2" slack="0"/>
<pin id="466" dir="1" index="2" bw="0" slack="2147483647"/>
</pin_list>
<bind>
<opcode="store(28) " fcode="store"/>
<opset="store_ln22/1 "/>
</bind>
</comp>

<comp id="468" class="1004" name="zext_ln26_fu_468">
<pin_list>
<pin id="469" dir="0" index="0" bw="6" slack="1"/>
<pin id="470" dir="1" index="1" bw="64" slack="0"/>
</pin_list>
<bind>
<opcode="zext(34) " fcode="zext"/>
<opset="zext_ln26/2 "/>
</bind>
</comp>

<comp id="472" class="1004" name="store_ln26_store_fu_472">
<pin_list>
<pin id="473" dir="0" index="0" bw="32" slack="0"/>
<pin id="474" dir="0" index="1" bw="32" slack="2"/>
<pin id="475" dir="1" index="2" bw="0" slack="2147483647"/>
</pin_list>
<bind>
<opcode="store(28) " fcode="store"/>
<opset="store_ln26/3 "/>
</bind>
</comp>

<comp id="477" class="1004" name="store_ln26_store_fu_477">
<pin_list>
<pin id="478" dir="0" index="0" bw="32" slack="0"/>
<pin id="479" dir="0" index="1" bw="32" slack="2"/>
<pin id="480" dir="1" index="2" bw="0" slack="2147483647"/>
</pin_list>
<bind>
<opcode="store(28) " fcode="store"/>
<opset="store_ln26/3 "/>
</bind>
</comp>

<comp id="482" class="1004" name="store_ln26_store_fu_482">
<pin_list>
<pin id="483" dir="0" index="0" bw="32" slack="0"/>
<pin id="484" dir="0" index="1" bw="32" slack="2"/>
<pin id="485" dir="1" index="2" bw="0" slack="2147483647"/>
</pin_list>
<bind>
<opcode="store(28) " fcode="store"/>
<opset="store_ln26/3 "/>
</bind>
</comp>

<comp id="487" class="1004" name="store_ln26_store_fu_487">
<pin_list>
<pin id="488" dir="0" index="0" bw="32" slack="0"/>
<pin id="489" dir="0" index="1" bw="32" slack="2"/>
<pin id="490" dir="1" index="2" bw="0" slack="2147483647"/>
</pin_list>
<bind>
<opcode="store(28) " fcode="store"/>
<opset="store_ln26/3 "/>
</bind>
</comp>

<comp id="492" class="1004" name="store_ln26_store_fu_492">
<pin_list>
<pin id="493" dir="0" index="0" bw="32" slack="0"/>
<pin id="494" dir="0" index="1" bw="32" slack="2"/>
<pin id="495" dir="1" index="2" bw="0" slack="2147483647"/>
</pin_list>
<bind>
<opcode="store(28) " fcode="store"/>
<opset="store_ln26/3 "/>
</bind>
</comp>

<comp id="497" class="1004" name="store_ln26_store_fu_497">
<pin_list>
<pin id="498" dir="0" index="0" bw="32" slack="0"/>
<pin id="499" dir="0" index="1" bw="32" slack="2"/>
<pin id="500" dir="1" index="2" bw="0" slack="2147483647"/>
</pin_list>
<bind>
<opcode="store(28) " fcode="store"/>
<opset="store_ln26/3 "/>
</bind>
</comp>

<comp id="502" class="1004" name="store_ln26_store_fu_502">
<pin_list>
<pin id="503" dir="0" index="0" bw="32" slack="0"/>
<pin id="504" dir="0" index="1" bw="32" slack="2"/>
<pin id="505" dir="1" index="2" bw="0" slack="2147483647"/>
</pin_list>
<bind>
<opcode="store(28) " fcode="store"/>
<opset="store_ln26/3 "/>
</bind>
</comp>

<comp id="507" class="1004" name="store_ln26_store_fu_507">
<pin_list>
<pin id="508" dir="0" index="0" bw="32" slack="0"/>
<pin id="509" dir="0" index="1" bw="32" slack="2"/>
<pin id="510" dir="1" index="2" bw="0" slack="2147483647"/>
</pin_list>
<bind>
<opcode="store(28) " fcode="store"/>
<opset="store_ln26/3 "/>
</bind>
</comp>

<comp id="512" class="1004" name="store_ln26_store_fu_512">
<pin_list>
<pin id="513" dir="0" index="0" bw="32" slack="0"/>
<pin id="514" dir="0" index="1" bw="32" slack="2"/>
<pin id="515" dir="1" index="2" bw="0" slack="2147483647"/>
</pin_list>
<bind>
<opcode="store(28) " fcode="store"/>
<opset="store_ln26/3 "/>
</bind>
</comp>

<comp id="517" class="1004" name="p_load25_load_fu_517">
<pin_list>
<pin id="518" dir="0" index="0" bw="32" slack="1"/>
<pin id="519" dir="1" index="1" bw="32" slack="0"/>
</pin_list>
<bind>
<opcode="load(27) " fcode="load"/>
<opset="p_load25/2 "/>
</bind>
</comp>

<comp id="521" class="1004" name="p_load23_load_fu_521">
<pin_list>
<pin id="522" dir="0" index="0" bw="32" slack="1"/>
<pin id="523" dir="1" index="1" bw="32" slack="0"/>
</pin_list>
<bind>
<opcode="load(27) " fcode="load"/>
<opset="p_load23/2 "/>
</bind>
</comp>

<comp id="525" class="1004" name="p_load22_load_fu_525">
<pin_list>
<pin id="526" dir="0" index="0" bw="32" slack="1"/>
<pin id="527" dir="1" index="1" bw="32" slack="0"/>
</pin_list>
<bind>
<opcode="load(27) " fcode="load"/>
<opset="p_load22/2 "/>
</bind>
</comp>

<comp id="529" class="1004" name="p_load21_load_fu_529">
<pin_list>
<pin id="530" dir="0" index="0" bw="32" slack="1"/>
<pin id="531" dir="1" index="1" bw="32" slack="0"/>
</pin_list>
<bind>
<opcode="load(27) " fcode="load"/>
<opset="p_load21/2 "/>
</bind>
</comp>

<comp id="533" class="1004" name="p_load19_load_fu_533">
<pin_list>
<pin id="534" dir="0" index="0" bw="32" slack="1"/>
<pin id="535" dir="1" index="1" bw="32" slack="0"/>
</pin_list>
<bind>
<opcode="load(27) " fcode="load"/>
<opset="p_load19/2 "/>
</bind>
</comp>

<comp id="537" class="1004" name="p_load18_load_fu_537">
<pin_list>
<pin id="538" dir="0" index="0" bw="32" slack="1"/>
<pin id="539" dir="1" index="1" bw="32" slack="0"/>
</pin_list>
<bind>
<opcode="load(27) " fcode="load"/>
<opset="p_load18/2 "/>
</bind>
</comp>

<comp id="541" class="1004" name="p_load17_load_fu_541">
<pin_list>
<pin id="542" dir="0" index="0" bw="32" slack="1"/>
<pin id="543" dir="1" index="1" bw="32" slack="0"/>
</pin_list>
<bind>
<opcode="load(27) " fcode="load"/>
<opset="p_load17/2 "/>
</bind>
</comp>

<comp id="545" class="1004" name="p_load15_load_fu_545">
<pin_list>
<pin id="546" dir="0" index="0" bw="32" slack="1"/>
<pin id="547" dir="1" index="1" bw="32" slack="0"/>
</pin_list>
<bind>
<opcode="load(27) " fcode="load"/>
<opset="p_load15/2 "/>
</bind>
</comp>

<comp id="549" class="1004" name="p_load_load_fu_549">
<pin_list>
<pin id="550" dir="0" index="0" bw="32" slack="1"/>
<pin id="551" dir="1" index="1" bw="32" slack="0"/>
</pin_list>
<bind>
<opcode="load(27) " fcode="load"/>
<opset="p_load/2 "/>
</bind>
</comp>

<comp id="553" class="1005" name="kw_reg_553">
<pin_list>
<pin id="554" dir="0" index="0" bw="2" slack="0"/>
<pin id="555" dir="1" index="1" bw="2" slack="0"/>
</pin_list>
<bind>
<opset="kw "/>
</bind>
</comp>

<comp id="560" class="1005" name="kh_reg_560">
<pin_list>
<pin id="561" dir="0" index="0" bw="2" slack="0"/>
<pin id="562" dir="1" index="1" bw="2" slack="0"/>
</pin_list>
<bind>
<opset="kh "/>
</bind>
</comp>

<comp id="567" class="1005" name="indvar_flatten_reg_567">
<pin_list>
<pin id="568" dir="0" index="0" bw="4" slack="0"/>
<pin id="569" dir="1" index="1" bw="4" slack="0"/>
</pin_list>
<bind>
<opset="indvar_flatten "/>
</bind>
</comp>

<comp id="574" class="1005" name="empty_reg_574">
<pin_list>
<pin id="575" dir="0" index="0" bw="32" slack="0"/>
<pin id="576" dir="1" index="1" bw="32" slack="0"/>
</pin_list>
<bind>
<opset="empty "/>
</bind>
</comp>

<comp id="581" class="1005" name="empty_45_reg_581">
<pin_list>
<pin id="582" dir="0" index="0" bw="32" slack="0"/>
<pin id="583" dir="1" index="1" bw="32" slack="0"/>
</pin_list>
<bind>
<opset="empty_45 "/>
</bind>
</comp>

<comp id="588" class="1005" name="empty_46_reg_588">
<pin_list>
<pin id="589" dir="0" index="0" bw="32" slack="0"/>
<pin id="590" dir="1" index="1" bw="32" slack="0"/>
</pin_list>
<bind>
<opset="empty_46 "/>
</bind>
</comp>

<comp id="595" class="1005" name="empty_47_reg_595">
<pin_list>
<pin id="596" dir="0" index="0" bw="32" slack="0"/>
<pin id="597" dir="1" index="1" bw="32" slack="0"/>
</pin_list>
<bind>
<opset="empty_47 "/>
</bind>
</comp>

<comp id="602" class="1005" name="empty_48_reg_602">
<pin_list>
<pin id="603" dir="0" index="0" bw="32" slack="0"/>
<pin id="604" dir="1" index="1" bw="32" slack="0"/>
</pin_list>
<bind>
<opset="empty_48 "/>
</bind>
</comp>

<comp id="609" class="1005" name="empty_49_reg_609">
<pin_list>
<pin id="610" dir="0" index="0" bw="32" slack="0"/>
<pin id="611" dir="1" index="1" bw="32" slack="0"/>
</pin_list>
<bind>
<opset="empty_49 "/>
</bind>
</comp>

<comp id="616" class="1005" name="empty_50_reg_616">
<pin_list>
<pin id="617" dir="0" index="0" bw="32" slack="0"/>
<pin id="618" dir="1" index="1" bw="32" slack="0"/>
</pin_list>
<bind>
<opset="empty_50 "/>
</bind>
</comp>

<comp id="623" class="1005" name="empty_51_reg_623">
<pin_list>
<pin id="624" dir="0" index="0" bw="32" slack="0"/>
<pin id="625" dir="1" index="1" bw="32" slack="0"/>
</pin_list>
<bind>
<opset="empty_51 "/>
</bind>
</comp>

<comp id="630" class="1005" name="empty_52_reg_630">
<pin_list>
<pin id="631" dir="0" index="0" bw="32" slack="0"/>
<pin id="632" dir="1" index="1" bw="32" slack="0"/>
</pin_list>
<bind>
<opset="empty_52 "/>
</bind>
</comp>

<comp id="637" class="1005" name="icmp_ln19_reg_637">
<pin_list>
<pin id="638" dir="0" index="0" bw="1" slack="1"/>
<pin id="639" dir="1" index="1" bw="1" slack="2147483647"/>
</pin_list>
<bind>
<opset="icmp_ln19 "/>
</bind>
</comp>

<comp id="641" class="1005" name="select_ln19_reg_641">
<pin_list>
<pin id="642" dir="0" index="0" bw="2" slack="2"/>
<pin id="643" dir="1" index="1" bw="2" slack="2147483647"/>
</pin_list>
<bind>
<opset="select_ln19 "/>
</bind>
</comp>

<comp id="645" class="1005" name="select_ln19_2_reg_645">
<pin_list>
<pin id="646" dir="0" index="0" bw="2" slack="2"/>
<pin id="647" dir="1" index="1" bw="2" slack="2147483647"/>
</pin_list>
<bind>
<opset="select_ln19_2 "/>
</bind>
</comp>

<comp id="649" class="1005" name="add_ln26_reg_649">
<pin_list>
<pin id="650" dir="0" index="0" bw="6" slack="1"/>
<pin id="651" dir="1" index="1" bw="6" slack="1"/>
</pin_list>
<bind>
<opset="add_ln26 "/>
</bind>
</comp>

<comp id="654" class="1005" name="conv1_weight_addr_reg_654">
<pin_list>
<pin id="655" dir="0" index="0" bw="6" slack="1"/>
<pin id="656" dir="1" index="1" bw="6" slack="1"/>
</pin_list>
<bind>
<opset="conv1_weight_addr "/>
</bind>
</comp>

</comp_list>

<net_list>
<net id="85"><net_src comp="40" pin="0"/><net_sink comp="82" pin=0"/></net>

<net id="89"><net_src comp="40" pin="0"/><net_sink comp="86" pin=0"/></net>

<net id="93"><net_src comp="40" pin="0"/><net_sink comp="90" pin=0"/></net>

<net id="97"><net_src comp="40" pin="0"/><net_sink comp="94" pin=0"/></net>

<net id="101"><net_src comp="40" pin="0"/><net_sink comp="98" pin=0"/></net>

<net id="105"><net_src comp="40" pin="0"/><net_sink comp="102" pin=0"/></net>

<net id="109"><net_src comp="40" pin="0"/><net_sink comp="106" pin=0"/></net>

<net id="113"><net_src comp="40" pin="0"/><net_sink comp="110" pin=0"/></net>

<net id="117"><net_src comp="40" pin="0"/><net_sink comp="114" pin=0"/></net>

<net id="121"><net_src comp="40" pin="0"/><net_sink comp="118" pin=0"/></net>

<net id="125"><net_src comp="40" pin="0"/><net_sink comp="122" pin=0"/></net>

<net id="129"><net_src comp="40" pin="0"/><net_sink comp="126" pin=0"/></net>

<net id="134"><net_src comp="42" pin="0"/><net_sink comp="130" pin=0"/></net>

<net id="135"><net_src comp="18" pin="0"/><net_sink comp="130" pin=1"/></net>

<net id="140"><net_src comp="44" pin="0"/><net_sink comp="136" pin=0"/></net>

<net id="141"><net_src comp="16" pin="0"/><net_sink comp="136" pin=1"/></net>

<net id="146"><net_src comp="44" pin="0"/><net_sink comp="142" pin=0"/></net>

<net id="147"><net_src comp="14" pin="0"/><net_sink comp="142" pin=1"/></net>

<net id="152"><net_src comp="44" pin="0"/><net_sink comp="148" pin=0"/></net>

<net id="153"><net_src comp="12" pin="0"/><net_sink comp="148" pin=1"/></net>

<net id="158"><net_src comp="44" pin="0"/><net_sink comp="154" pin=0"/></net>

<net id="159"><net_src comp="10" pin="0"/><net_sink comp="154" pin=1"/></net>

<net id="164"><net_src comp="44" pin="0"/><net_sink comp="160" pin=0"/></net>

<net id="165"><net_src comp="8" pin="0"/><net_sink comp="160" pin=1"/></net>

<net id="170"><net_src comp="44" pin="0"/><net_sink comp="166" pin=0"/></net>

<net id="171"><net_src comp="6" pin="0"/><net_sink comp="166" pin=1"/></net>

<net id="176"><net_src comp="44" pin="0"/><net_sink comp="172" pin=0"/></net>

<net id="177"><net_src comp="4" pin="0"/><net_sink comp="172" pin=1"/></net>

<net id="182"><net_src comp="44" pin="0"/><net_sink comp="178" pin=0"/></net>

<net id="183"><net_src comp="2" pin="0"/><net_sink comp="178" pin=1"/></net>

<net id="188"><net_src comp="44" pin="0"/><net_sink comp="184" pin=0"/></net>

<net id="189"><net_src comp="0" pin="0"/><net_sink comp="184" pin=1"/></net>

<net id="195"><net_src comp="80" pin="0"/><net_sink comp="190" pin=0"/></net>

<net id="196"><net_src comp="20" pin="0"/><net_sink comp="190" pin=1"/></net>

<net id="202"><net_src comp="80" pin="0"/><net_sink comp="197" pin=0"/></net>

<net id="203"><net_src comp="22" pin="0"/><net_sink comp="197" pin=1"/></net>

<net id="209"><net_src comp="80" pin="0"/><net_sink comp="204" pin=0"/></net>

<net id="210"><net_src comp="24" pin="0"/><net_sink comp="204" pin=1"/></net>

<net id="216"><net_src comp="80" pin="0"/><net_sink comp="211" pin=0"/></net>

<net id="217"><net_src comp="26" pin="0"/><net_sink comp="211" pin=1"/></net>

<net id="223"><net_src comp="80" pin="0"/><net_sink comp="218" pin=0"/></net>

<net id="224"><net_src comp="28" pin="0"/><net_sink comp="218" pin=1"/></net>

<net id="230"><net_src comp="80" pin="0"/><net_sink comp="225" pin=0"/></net>

<net id="231"><net_src comp="30" pin="0"/><net_sink comp="225" pin=1"/></net>

<net id="237"><net_src comp="80" pin="0"/><net_sink comp="232" pin=0"/></net>

<net id="238"><net_src comp="32" pin="0"/><net_sink comp="232" pin=1"/></net>

<net id="244"><net_src comp="80" pin="0"/><net_sink comp="239" pin=0"/></net>

<net id="245"><net_src comp="34" pin="0"/><net_sink comp="239" pin=1"/></net>

<net id="251"><net_src comp="80" pin="0"/><net_sink comp="246" pin=0"/></net>

<net id="252"><net_src comp="36" pin="0"/><net_sink comp="246" pin=1"/></net>

<net id="258"><net_src comp="38" pin="0"/><net_sink comp="253" pin=0"/></net>

<net id="259"><net_src comp="60" pin="0"/><net_sink comp="253" pin=1"/></net>

<net id="265"><net_src comp="253" pin="3"/><net_sink comp="260" pin=0"/></net>

<net id="270"><net_src comp="184" pin="2"/><net_sink comp="266" pin=0"/></net>

<net id="275"><net_src comp="178" pin="2"/><net_sink comp="271" pin=0"/></net>

<net id="280"><net_src comp="172" pin="2"/><net_sink comp="276" pin=0"/></net>

<net id="285"><net_src comp="166" pin="2"/><net_sink comp="281" pin=0"/></net>

<net id="290"><net_src comp="160" pin="2"/><net_sink comp="286" pin=0"/></net>

<net id="295"><net_src comp="154" pin="2"/><net_sink comp="291" pin=0"/></net>

<net id="300"><net_src comp="148" pin="2"/><net_sink comp="296" pin=0"/></net>

<net id="305"><net_src comp="142" pin="2"/><net_sink comp="301" pin=0"/></net>

<net id="310"><net_src comp="136" pin="2"/><net_sink comp="306" pin=0"/></net>

<net id="315"><net_src comp="46" pin="0"/><net_sink comp="311" pin=0"/></net>

<net id="320"><net_src comp="48" pin="0"/><net_sink comp="316" pin=0"/></net>

<net id="325"><net_src comp="48" pin="0"/><net_sink comp="321" pin=0"/></net>

<net id="335"><net_src comp="326" pin="1"/><net_sink comp="332" pin=0"/></net>

<net id="341"><net_src comp="50" pin="0"/><net_sink comp="336" pin=0"/></net>

<net id="342"><net_src comp="326" pin="1"/><net_sink comp="336" pin=1"/></net>

<net id="343"><net_src comp="48" pin="0"/><net_sink comp="336" pin=2"/></net>

<net id="347"><net_src comp="336" pin="3"/><net_sink comp="344" pin=0"/></net>

<net id="352"><net_src comp="344" pin="1"/><net_sink comp="348" pin=0"/></net>

<net id="353"><net_src comp="332" pin="1"/><net_sink comp="348" pin=1"/></net>

<net id="358"><net_src comp="329" pin="1"/><net_sink comp="354" pin=0"/></net>

<net id="359"><net_src comp="52" pin="0"/><net_sink comp="354" pin=1"/></net>

<net id="364"><net_src comp="329" pin="1"/><net_sink comp="360" pin=0"/></net>

<net id="365"><net_src comp="54" pin="0"/><net_sink comp="360" pin=1"/></net>

<net id="373"><net_src comp="326" pin="1"/><net_sink comp="369" pin=0"/></net>

<net id="374"><net_src comp="56" pin="0"/><net_sink comp="369" pin=1"/></net>

<net id="379"><net_src comp="366" pin="1"/><net_sink comp="375" pin=0"/></net>

<net id="380"><net_src comp="58" pin="0"/><net_sink comp="375" pin=1"/></net>

<net id="386"><net_src comp="375" pin="2"/><net_sink comp="381" pin=0"/></net>

<net id="387"><net_src comp="48" pin="0"/><net_sink comp="381" pin=1"/></net>

<net id="388"><net_src comp="366" pin="1"/><net_sink comp="381" pin=2"/></net>

<net id="392"><net_src comp="369" pin="2"/><net_sink comp="389" pin=0"/></net>

<net id="398"><net_src comp="50" pin="0"/><net_sink comp="393" pin=0"/></net>

<net id="399"><net_src comp="369" pin="2"/><net_sink comp="393" pin=1"/></net>

<net id="400"><net_src comp="48" pin="0"/><net_sink comp="393" pin=2"/></net>

<net id="404"><net_src comp="393" pin="3"/><net_sink comp="401" pin=0"/></net>

<net id="409"><net_src comp="401" pin="1"/><net_sink comp="405" pin=0"/></net>

<net id="410"><net_src comp="389" pin="1"/><net_sink comp="405" pin=1"/></net>

<net id="416"><net_src comp="375" pin="2"/><net_sink comp="411" pin=0"/></net>

<net id="417"><net_src comp="405" pin="2"/><net_sink comp="411" pin=1"/></net>

<net id="418"><net_src comp="348" pin="2"/><net_sink comp="411" pin=2"/></net>

<net id="424"><net_src comp="375" pin="2"/><net_sink comp="419" pin=0"/></net>

<net id="425"><net_src comp="369" pin="2"/><net_sink comp="419" pin=1"/></net>

<net id="426"><net_src comp="326" pin="1"/><net_sink comp="419" pin=2"/></net>

<net id="430"><net_src comp="381" pin="3"/><net_sink comp="427" pin=0"/></net>

<net id="435"><net_src comp="411" pin="3"/><net_sink comp="431" pin=0"/></net>

<net id="436"><net_src comp="427" pin="1"/><net_sink comp="431" pin=1"/></net>

<net id="440"><net_src comp="431" pin="2"/><net_sink comp="437" pin=0"/></net>

<net id="445"><net_src comp="130" pin="2"/><net_sink comp="441" pin=0"/></net>

<net id="446"><net_src comp="437" pin="1"/><net_sink comp="441" pin=1"/></net>

<net id="451"><net_src comp="381" pin="3"/><net_sink comp="447" pin=0"/></net>

<net id="452"><net_src comp="56" pin="0"/><net_sink comp="447" pin=1"/></net>

<net id="457"><net_src comp="360" pin="2"/><net_sink comp="453" pin=0"/></net>

<net id="462"><net_src comp="419" pin="3"/><net_sink comp="458" pin=0"/></net>

<net id="467"><net_src comp="447" pin="2"/><net_sink comp="463" pin=0"/></net>

<net id="471"><net_src comp="468" pin="1"/><net_sink comp="253" pin=2"/></net>

<net id="476"><net_src comp="260" pin="3"/><net_sink comp="472" pin=0"/></net>

<net id="481"><net_src comp="260" pin="3"/><net_sink comp="477" pin=0"/></net>

<net id="486"><net_src comp="260" pin="3"/><net_sink comp="482" pin=0"/></net>

<net id="491"><net_src comp="260" pin="3"/><net_sink comp="487" pin=0"/></net>

<net id="496"><net_src comp="260" pin="3"/><net_sink comp="492" pin=0"/></net>

<net id="501"><net_src comp="260" pin="3"/><net_sink comp="497" pin=0"/></net>

<net id="506"><net_src comp="260" pin="3"/><net_sink comp="502" pin=0"/></net>

<net id="511"><net_src comp="260" pin="3"/><net_sink comp="507" pin=0"/></net>

<net id="516"><net_src comp="260" pin="3"/><net_sink comp="512" pin=0"/></net>

<net id="520"><net_src comp="517" pin="1"/><net_sink comp="246" pin=2"/></net>

<net id="524"><net_src comp="521" pin="1"/><net_sink comp="239" pin=2"/></net>

<net id="528"><net_src comp="525" pin="1"/><net_sink comp="232" pin=2"/></net>

<net id="532"><net_src comp="529" pin="1"/><net_sink comp="225" pin=2"/></net>

<net id="536"><net_src comp="533" pin="1"/><net_sink comp="218" pin=2"/></net>

<net id="540"><net_src comp="537" pin="1"/><net_sink comp="211" pin=2"/></net>

<net id="544"><net_src comp="541" pin="1"/><net_sink comp="204" pin=2"/></net>

<net id="548"><net_src comp="545" pin="1"/><net_sink comp="197" pin=2"/></net>

<net id="552"><net_src comp="549" pin="1"/><net_sink comp="190" pin=2"/></net>

<net id="556"><net_src comp="82" pin="1"/><net_sink comp="553" pin=0"/></net>

<net id="557"><net_src comp="553" pin="1"/><net_sink comp="321" pin=1"/></net>

<net id="558"><net_src comp="553" pin="1"/><net_sink comp="366" pin=0"/></net>

<net id="559"><net_src comp="553" pin="1"/><net_sink comp="463" pin=1"/></net>

<net id="563"><net_src comp="86" pin="1"/><net_sink comp="560" pin=0"/></net>

<net id="564"><net_src comp="560" pin="1"/><net_sink comp="316" pin=1"/></net>

<net id="565"><net_src comp="560" pin="1"/><net_sink comp="326" pin=0"/></net>

<net id="566"><net_src comp="560" pin="1"/><net_sink comp="458" pin=1"/></net>

<net id="570"><net_src comp="90" pin="1"/><net_sink comp="567" pin=0"/></net>

<net id="571"><net_src comp="567" pin="1"/><net_sink comp="311" pin=1"/></net>

<net id="572"><net_src comp="567" pin="1"/><net_sink comp="329" pin=0"/></net>

<net id="573"><net_src comp="567" pin="1"/><net_sink comp="453" pin=1"/></net>

<net id="577"><net_src comp="94" pin="1"/><net_sink comp="574" pin=0"/></net>

<net id="578"><net_src comp="574" pin="1"/><net_sink comp="306" pin=1"/></net>

<net id="579"><net_src comp="574" pin="1"/><net_sink comp="472" pin=1"/></net>

<net id="580"><net_src comp="574" pin="1"/><net_sink comp="517" pin=0"/></net>

<net id="584"><net_src comp="98" pin="1"/><net_sink comp="581" pin=0"/></net>

<net id="585"><net_src comp="581" pin="1"/><net_sink comp="301" pin=1"/></net>

<net id="586"><net_src comp="581" pin="1"/><net_sink comp="477" pin=1"/></net>

<net id="587"><net_src comp="581" pin="1"/><net_sink comp="521" pin=0"/></net>

<net id="591"><net_src comp="102" pin="1"/><net_sink comp="588" pin=0"/></net>

<net id="592"><net_src comp="588" pin="1"/><net_sink comp="296" pin=1"/></net>

<net id="593"><net_src comp="588" pin="1"/><net_sink comp="482" pin=1"/></net>

<net id="594"><net_src comp="588" pin="1"/><net_sink comp="525" pin=0"/></net>

<net id="598"><net_src comp="106" pin="1"/><net_sink comp="595" pin=0"/></net>

<net id="599"><net_src comp="595" pin="1"/><net_sink comp="291" pin=1"/></net>

<net id="600"><net_src comp="595" pin="1"/><net_sink comp="487" pin=1"/></net>

<net id="601"><net_src comp="595" pin="1"/><net_sink comp="529" pin=0"/></net>

<net id="605"><net_src comp="110" pin="1"/><net_sink comp="602" pin=0"/></net>

<net id="606"><net_src comp="602" pin="1"/><net_sink comp="286" pin=1"/></net>

<net id="607"><net_src comp="602" pin="1"/><net_sink comp="492" pin=1"/></net>

<net id="608"><net_src comp="602" pin="1"/><net_sink comp="533" pin=0"/></net>

<net id="612"><net_src comp="114" pin="1"/><net_sink comp="609" pin=0"/></net>

<net id="613"><net_src comp="609" pin="1"/><net_sink comp="281" pin=1"/></net>

<net id="614"><net_src comp="609" pin="1"/><net_sink comp="497" pin=1"/></net>

<net id="615"><net_src comp="609" pin="1"/><net_sink comp="537" pin=0"/></net>

<net id="619"><net_src comp="118" pin="1"/><net_sink comp="616" pin=0"/></net>

<net id="620"><net_src comp="616" pin="1"/><net_sink comp="276" pin=1"/></net>

<net id="621"><net_src comp="616" pin="1"/><net_sink comp="502" pin=1"/></net>

<net id="622"><net_src comp="616" pin="1"/><net_sink comp="541" pin=0"/></net>

<net id="626"><net_src comp="122" pin="1"/><net_sink comp="623" pin=0"/></net>

<net id="627"><net_src comp="623" pin="1"/><net_sink comp="271" pin=1"/></net>

<net id="628"><net_src comp="623" pin="1"/><net_sink comp="507" pin=1"/></net>

<net id="629"><net_src comp="623" pin="1"/><net_sink comp="545" pin=0"/></net>

<net id="633"><net_src comp="126" pin="1"/><net_sink comp="630" pin=0"/></net>

<net id="634"><net_src comp="630" pin="1"/><net_sink comp="266" pin=1"/></net>

<net id="635"><net_src comp="630" pin="1"/><net_sink comp="512" pin=1"/></net>

<net id="636"><net_src comp="630" pin="1"/><net_sink comp="549" pin=0"/></net>

<net id="640"><net_src comp="354" pin="2"/><net_sink comp="637" pin=0"/></net>

<net id="644"><net_src comp="381" pin="3"/><net_sink comp="641" pin=0"/></net>

<net id="648"><net_src comp="419" pin="3"/><net_sink comp="645" pin=0"/></net>

<net id="652"><net_src comp="441" pin="2"/><net_sink comp="649" pin=0"/></net>

<net id="653"><net_src comp="649" pin="1"/><net_sink comp="468" pin=0"/></net>

<net id="657"><net_src comp="253" pin="3"/><net_sink comp="654" pin=0"/></net>

<net id="658"><net_src comp="654" pin="1"/><net_sink comp="260" pin=0"/></net>

</net_list>

</model> 
---------------- Datapath Model END ------------------

* FSMD analyzer results:
  - Output states:
	Port: p_out | {2 }
	Port: p_out1 | {2 }
	Port: p_out2 | {2 }
	Port: p_out3 | {2 }
	Port: p_out4 | {2 }
	Port: p_out5 | {2 }
	Port: p_out6 | {2 }
	Port: p_out7 | {2 }
	Port: p_out8 | {2 }
	Port: conv1_weight | {}
 - Input state : 
	Port: conv1_Pipeline_Fil_load_r_Fil_load_c : kernel_i_2_2_promoted168 | {1 }
	Port: conv1_Pipeline_Fil_load_r_Fil_load_c : kernel_i_2_0_promoted166 | {1 }
	Port: conv1_Pipeline_Fil_load_r_Fil_load_c : kernel_i_2_1_promoted164 | {1 }
	Port: conv1_Pipeline_Fil_load_r_Fil_load_c : kernel_i_0_2_promoted162 | {1 }
	Port: conv1_Pipeline_Fil_load_r_Fil_load_c : kernel_i_0_0_promoted160 | {1 }
	Port: conv1_Pipeline_Fil_load_r_Fil_load_c : kernel_i_0_1_promoted158 | {1 }
	Port: conv1_Pipeline_Fil_load_r_Fil_load_c : kernel_i_1_2_promoted156 | {1 }
	Port: conv1_Pipeline_Fil_load_r_Fil_load_c : kernel_i_1_0_promoted154 | {1 }
	Port: conv1_Pipeline_Fil_load_r_Fil_load_c : kernel_i_1_1_promoted152 | {1 }
	Port: conv1_Pipeline_Fil_load_r_Fil_load_c : or_ln26 | {1 }
	Port: conv1_Pipeline_Fil_load_r_Fil_load_c : conv1_weight | {2 3 }
  - Chain level:
	State 1
		store_ln0 : 1
		store_ln0 : 1
		store_ln0 : 1
		kh_1 : 1
		indvar_flatten_load : 1
		zext_ln19 : 2
		p_shl : 2
		p_shl_cast : 3
		empty_53 : 4
		icmp_ln19 : 2
		add_ln19_1 : 2
		br_ln19 : 3
		kw_load : 1
		add_ln19 : 2
		icmp_ln22 : 2
		select_ln19 : 3
		zext_ln19_1 : 3
		p_shl_mid1 : 3
		p_shl_cast_mid1 : 4
		p_mid1 : 5
		select_ln19_1 : 6
		select_ln19_2 : 3
		zext_ln22 : 4
		add_ln25 : 7
		sext_ln26 : 8
		add_ln26 : 9
		switch_ln26 : 4
		switch_ln26 : 4
		switch_ln26 : 4
		switch_ln26 : 4
		add_ln22 : 4
		store_ln22 : 3
		store_ln22 : 4
		store_ln22 : 5
	State 2
		conv1_weight_addr : 1
		conv1_weight_load : 2
		write_ln0 : 1
		write_ln0 : 1
		write_ln0 : 1
		write_ln0 : 1
		write_ln0 : 1
		write_ln0 : 1
		write_ln0 : 1
		write_ln0 : 1
		write_ln0 : 1
	State 3
		store_ln26 : 1
		store_ln26 : 1
		store_ln26 : 1
		store_ln26 : 1
		store_ln26 : 1
		store_ln26 : 1
		store_ln26 : 1
		store_ln26 : 1
		store_ln26 : 1


============================================================
+ Verbose Summary: Datapath Resource usage 
============================================================

* Functional unit list:
|----------|-------------------------------------------|---------|---------|
| Operation|              Functional Unit              |    FF   |   LUT   |
|----------|-------------------------------------------|---------|---------|
|          |             add_ln19_1_fu_360             |    0    |    13   |
|          |              add_ln19_fu_369              |    0    |    10   |
|    add   |              add_ln25_fu_431              |    0    |    13   |
|          |              add_ln26_fu_441              |    0    |    14   |
|          |              add_ln22_fu_447              |    0    |    10   |
|----------|-------------------------------------------|---------|---------|
|    sub   |              empty_53_fu_348              |    0    |    13   |
|          |               p_mid1_fu_405               |    0    |    13   |
|----------|-------------------------------------------|---------|---------|
|   icmp   |              icmp_ln19_fu_354             |    0    |    9    |
|          |              icmp_ln22_fu_375             |    0    |    8    |
|----------|-------------------------------------------|---------|---------|
|          |             select_ln19_fu_381            |    0    |    2    |
|  select  |            select_ln19_1_fu_411           |    0    |    5    |
|          |            select_ln19_2_fu_419           |    0    |    2    |
|----------|-------------------------------------------|---------|---------|
|          |          or_ln26_read_read_fu_130         |    0    |    0    |
|          | kernel_i_1_1_promoted152_read_read_fu_136 |    0    |    0    |
|          | kernel_i_1_0_promoted154_read_read_fu_142 |    0    |    0    |
|          | kernel_i_1_2_promoted156_read_read_fu_148 |    0    |    0    |
|   read   | kernel_i_0_1_promoted158_read_read_fu_154 |    0    |    0    |
|          | kernel_i_0_0_promoted160_read_read_fu_160 |    0    |    0    |
|          | kernel_i_0_2_promoted162_read_read_fu_166 |    0    |    0    |
|          | kernel_i_2_1_promoted164_read_read_fu_172 |    0    |    0    |
|          | kernel_i_2_0_promoted166_read_read_fu_178 |    0    |    0    |
|          | kernel_i_2_2_promoted168_read_read_fu_184 |    0    |    0    |
|----------|-------------------------------------------|---------|---------|
|          |           write_ln0_write_fu_190          |    0    |    0    |
|          |           write_ln0_write_fu_197          |    0    |    0    |
|          |           write_ln0_write_fu_204          |    0    |    0    |
|          |           write_ln0_write_fu_211          |    0    |    0    |
|   write  |           write_ln0_write_fu_218          |    0    |    0    |
|          |           write_ln0_write_fu_225          |    0    |    0    |
|          |           write_ln0_write_fu_232          |    0    |    0    |
|          |           write_ln0_write_fu_239          |    0    |    0    |
|          |           write_ln0_write_fu_246          |    0    |    0    |
|----------|-------------------------------------------|---------|---------|
|          |              zext_ln19_fu_332             |    0    |    0    |
|          |             p_shl_cast_fu_344             |    0    |    0    |
|   zext   |             zext_ln19_1_fu_389            |    0    |    0    |
|          |           p_shl_cast_mid1_fu_401          |    0    |    0    |
|          |              zext_ln22_fu_427             |    0    |    0    |
|          |              zext_ln26_fu_468             |    0    |    0    |
|----------|-------------------------------------------|---------|---------|
|bitconcatenate|                p_shl_fu_336               |    0    |    0    |
|          |             p_shl_mid1_fu_393             |    0    |    0    |
|----------|-------------------------------------------|---------|---------|
|   sext   |              sext_ln26_fu_437             |    0    |    0    |
|----------|-------------------------------------------|---------|---------|
|   Total  |                                           |    0    |   112   |
|----------|-------------------------------------------|---------|---------|

Memories:
N/A

* Register list:
+-------------------------+--------+
|                         |   FF   |
+-------------------------+--------+
|     add_ln26_reg_649    |    6   |
|conv1_weight_addr_reg_654|    6   |
|     empty_45_reg_581    |   32   |
|     empty_46_reg_588    |   32   |
|     empty_47_reg_595    |   32   |
|     empty_48_reg_602    |   32   |
|     empty_49_reg_609    |   32   |
|     empty_50_reg_616    |   32   |
|     empty_51_reg_623    |   32   |
|     empty_52_reg_630    |   32   |
|      empty_reg_574      |   32   |
|    icmp_ln19_reg_637    |    1   |
|  indvar_flatten_reg_567 |    4   |
|        kh_reg_560       |    2   |
|        kw_reg_553       |    2   |
|  select_ln19_2_reg_645  |    2   |
|   select_ln19_reg_641   |    2   |
+-------------------------+--------+
|          Total          |   313  |
+-------------------------+--------+

* Multiplexer (MUX) list: 
|-------------------|------|------|------|--------||---------||---------|
|        Comp       |  Pin | Size |  BW  | S x BW ||  Delay  ||   LUT   |
|-------------------|------|------|------|--------||---------||---------|
| grp_access_fu_260 |  p0  |   2  |   6  |   12   ||    9    |
|-------------------|------|------|------|--------||---------||---------|
|       Total       |      |      |      |   12   ||  1.588  ||    9    |
|-------------------|------|------|------|--------||---------||---------|



* Summary:
+-----------+--------+--------+--------+
|           |  Delay |   FF   |   LUT  |
+-----------+--------+--------+--------+
|  Function |    -   |    0   |   112  |
|   Memory  |    -   |    -   |    -   |
|Multiplexer|    1   |    -   |    9   |
|  Register |    -   |   313  |    -   |
+-----------+--------+--------+--------+
|   Total   |    1   |   313  |   121  |
+-----------+--------+--------+--------+
