

================================================================
== Vitis HLS Report for 'Conv_func_4_26_4_24_s'
================================================================
* Date:           Thu Dec 25 17:04:46 2025

* Version:        2022.1 (Build 3526262 on Mon Apr 18 15:48:16 MDT 2022)
* Project:        Day_5_final_boss
* Solution:       hellojio (Vivado IP Flow Target)
* Product family: zynq
* Target device:  xc7z020-clg400-1


================================================================
== Performance Estimates
================================================================
+ Timing: 
    * Summary: 
    +--------+----------+----------+------------+
    |  Clock |  Target  | Estimated| Uncertainty|
    +--------+----------+----------+------------+
    |ap_clk  |  10.00 ns|  7.256 ns|     2.70 ns|
    +--------+----------+----------+------------+

+ Latency: 
    * Summary: 
    +---------+---------+----------+----------+--------+--------+---------+
    |  Latency (cycles) |  Latency (absolute) |     Interval    | Pipeline|
    |   min   |   max   |    min   |    max   |   min  |   max  |   Type  |
    +---------+---------+----------+----------+--------+--------+---------+
    |   387245|   451757|  3.872 ms|  4.518 ms|  387245|  451757|       no|
    +---------+---------+----------+----------+--------+--------+---------+

    + Detail: 
        * Instance: 
        +---------------------------------------------------------------------------+----------------------------------------------------------------+---------+---------+-----------+-----------+-----+-----+---------+
        |                                                                           |                                                                |  Latency (cycles) |   Latency (absolute)  |  Interval | Pipeline|
        |                                  Instance                                 |                             Module                             |   min   |   max   |    min    |    max    | min | max |   Type  |
        +---------------------------------------------------------------------------+----------------------------------------------------------------+---------+---------+-----------+-----------+-----+-----+---------+
        |grp_Conv_func_4_26_4_24_Pipeline_Fil_load_ch_Fil_load_r_Fil_load_c_fu_985  |Conv_func_4_26_4_24_Pipeline_Fil_load_ch_Fil_load_r_Fil_load_c  |       39|       39|   0.390 us|   0.390 us|   39|   39|       no|
        |grp_Conv_func_4_26_4_24_Pipeline_loadWinShift_fu_1064                      |Conv_func_4_26_4_24_Pipeline_loadWinShift                       |        8|        8|  80.000 ns|  80.000 ns|    8|    8|       no|
        |grp_Conv_func_4_26_4_24_Pipeline_loadWinFull_VITIS_LOOP_50_1_fu_1121       |Conv_func_4_26_4_24_Pipeline_loadWinFull_VITIS_LOOP_50_1        |       14|       14|   0.140 us|   0.140 us|   14|   14|       no|
        |grp_conv2D_4_s_fu_1159                                                     |conv2D_4_s                                                      |       24|       24|   0.240 us|   0.240 us|    1|    1|      yes|
        +---------------------------------------------------------------------------+----------------------------------------------------------------+---------+---------+-----------+-----------+-----+-----+---------+

        * Loop: 
        +---------------+---------+---------+----------------+-----------+-----------+------+----------+
        |               |  Latency (cycles) |    Iteration   |  Initiation Interval  | Trip |          |
        |   Loop Name   |   min   |   max   |     Latency    |  achieved |   target  | Count| Pipelined|
        +---------------+---------+---------+----------------+-----------+-----------+------+----------+
        |- C1_fil_load  |   387244|   451756|  96811 ~ 112939|          -|          -|     4|        no|
        | + inCh_VS_HS  |    96768|   112896|         42 ~ 49|          -|          -|  2304|        no|
        +---------------+---------+---------+----------------+-----------+-----------+------+----------+



================================================================
== Utilization Estimates
================================================================
* Summary: 
+-----------------+---------+-----+--------+-------+-----+
|       Name      | BRAM_18K| DSP |   FF   |  LUT  | URAM|
+-----------------+---------+-----+--------+-------+-----+
|DSP              |        -|    -|       -|      -|    -|
|Expression       |        -|    -|       0|    351|    -|
|FIFO             |        -|    -|       -|      -|    -|
|Instance         |        1|   47|    8700|   8150|    -|
|Memory           |        0|    -|      32|      2|    -|
|Multiplexer      |        -|    -|       -|    543|    -|
|Register         |        -|    -|    2996|      -|    -|
+-----------------+---------+-----+--------+-------+-----+
|Total            |        1|   47|   11728|   9046|    0|
+-----------------+---------+-----+--------+-------+-----+
|Available        |      280|  220|  106400|  53200|    0|
+-----------------+---------+-----+--------+-------+-----+
|Utilization (%)  |       ~0|   21|      11|     17|    0|
+-----------------+---------+-----+--------+-------+-----+

+ Detail: 
    * Instance: 
    +---------------------------------------------------------------------------+----------------------------------------------------------------+---------+----+------+------+-----+
    |                                  Instance                                 |                             Module                             | BRAM_18K| DSP|  FF  |  LUT | URAM|
    +---------------------------------------------------------------------------+----------------------------------------------------------------+---------+----+------+------+-----+
    |grp_Conv_func_4_26_4_24_Pipeline_Fil_load_ch_Fil_load_r_Fil_load_c_fu_985  |Conv_func_4_26_4_24_Pipeline_Fil_load_ch_Fil_load_r_Fil_load_c  |        1|   0|  1205|   703|    0|
    |grp_Conv_func_4_26_4_24_Pipeline_loadWinFull_VITIS_LOOP_50_1_fu_1121       |Conv_func_4_26_4_24_Pipeline_loadWinFull_VITIS_LOOP_50_1        |        0|   1|   694|   390|    0|
    |grp_Conv_func_4_26_4_24_Pipeline_loadWinShift_fu_1064                      |Conv_func_4_26_4_24_Pipeline_loadWinShift                       |        0|   1|   915|   379|    0|
    |grp_conv2D_4_s_fu_1159                                                     |conv2D_4_s                                                      |        0|  45|  5886|  6643|    0|
    |fcmp_32ns_32ns_1_2_no_dsp_1_U402                                           |fcmp_32ns_32ns_1_2_no_dsp_1                                     |        0|   0|     0|     0|    0|
    |mul_3ns_6ns_8_1_1_U403                                                     |mul_3ns_6ns_8_1_1                                               |        0|   0|     0|    26|    0|
    |mux_21_32_1_1_U404                                                         |mux_21_32_1_1                                                   |        0|   0|     0|     9|    0|
    +---------------------------------------------------------------------------+----------------------------------------------------------------+---------+----+------+------+-----+
    |Total                                                                      |                                                                |        1|  47|  8700|  8150|    0|
    +---------------------------------------------------------------------------+----------------------------------------------------------------+---------+----+------+------+-----+

    * DSP: 
    N/A

    * Memory: 
    +--------------+----------------------------------------------+---------+----+----+-----+------+-----+------+-------------+
    |    Memory    |                    Module                    | BRAM_18K| FF | LUT| URAM| Words| Bits| Banks| W*Bits*Banks|
    +--------------+----------------------------------------------+---------+----+----+-----+------+-----+------+-------------+
    |conv2_bias_U  |Conv_func_4_26_4_24_s_conv2_bias_ROM_AUTO_1R  |        0|  32|   2|    0|     4|   32|     1|          128|
    +--------------+----------------------------------------------+---------+----+----+-----+------+-----+------+-------------+
    |Total         |                                              |        0|  32|   2|    0|     4|   32|     1|          128|
    +--------------+----------------------------------------------+---------+----+----+-----+------+-----+------+-------------+

    * FIFO: 
    N/A

    * Expression: 
    +---------------------------+----------+----+---+----+------------+------------+
    |       Variable Name       | Operation| DSP| FF| LUT| Bitwidth P0| Bitwidth P1|
    +---------------------------+----------+----+---+----+------------+------------+
    |add_ln133_fu_1238_p2       |         +|   0|  0|  11|           3|           1|
    |add_ln137_1_fu_1549_p2     |         +|   0|  0|  12|          12|           1|
    |add_ln137_fu_1717_p2       |         +|   0|  0|  11|           3|           1|
    |add_ln139_2_fu_2169_p2     |         +|   0|  0|  13|          10|           1|
    |add_ln139_fu_1799_p2       |         +|   0|  0|  13|           5|           1|
    |add_ln141_fu_2164_p2       |         +|   0|  0|  13|           5|           1|
    |add_ln146_1_fu_2090_p2     |         +|   0|  0|  12|          11|          11|
    |add_ln146_fu_1828_p2       |         +|   0|  0|  13|          10|          10|
    |empty_189_fu_1954_p2       |         +|   0|  0|  13|           5|           2|
    |sub_ln146_1_fu_1857_p2     |         -|   0|  0|  12|          11|          11|
    |sub_ln146_fu_1425_p2       |         -|   0|  0|  14|           9|           9|
    |and_ln137_fu_1793_p2       |       and|   0|  0|   2|           1|           1|
    |and_ln73_fu_2151_p2        |       and|   0|  0|   2|           1|           1|
    |cmp1597_fu_1746_p2         |      icmp|   0|  0|   8|           3|           1|
    |cmp15_mid1_fu_1740_p2      |      icmp|   0|  0|   8|           3|           1|
    |cmp2896_fu_1765_p2         |      icmp|   0|  0|   8|           3|           2|
    |cmp28_mid1_fu_1759_p2      |      icmp|   0|  0|   8|           3|           2|
    |icmp_ln133_fu_1232_p2      |      icmp|   0|  0|   9|           3|           4|
    |icmp_ln137_fu_1543_p2      |      icmp|   0|  0|  12|          12|          12|
    |icmp_ln139_fu_1555_p2      |      icmp|   0|  0|  11|          10|          10|
    |icmp_ln141_fu_1787_p2      |      icmp|   0|  0|   9|           5|           5|
    |icmp_ln46_fu_1867_p2       |      icmp|   0|  0|   9|           5|           1|
    |icmp_ln73_17_fu_2139_p2    |      icmp|   0|  0|  15|          23|           1|
    |icmp_ln73_fu_2133_p2       |      icmp|   0|  0|  11|           8|           2|
    |or_ln139_fu_1804_p2        |        or|   0|  0|   2|           1|           1|
    |or_ln73_fu_2145_p2         |        or|   0|  0|   2|           1|           1|
    |prev_sum_fu_2110_p3        |    select|   0|  0|  32|           1|          32|
    |select_ln137_1_fu_1723_p3  |    select|   0|  0|   3|           1|           3|
    |select_ln137_2_fu_1752_p3  |    select|   0|  0|   2|           1|           1|
    |select_ln137_3_fu_1771_p3  |    select|   0|  0|   2|           1|           1|
    |select_ln137_fu_1561_p3    |    select|   0|  0|   5|           1|           1|
    |select_ln139_2_fu_1817_p3  |    select|   0|  0|   5|           1|           5|
    |select_ln139_3_fu_2175_p3  |    select|   0|  0|  10|           1|           1|
    |select_ln139_fu_1809_p3    |    select|   0|  0|   5|           1|           1|
    |select_ln73_fu_2157_p3     |    select|   0|  0|  32|           1|           1|
    |xor_ln137_fu_1782_p2       |       xor|   0|  0|   2|           1|           2|
    +---------------------------+----------+----+---+----+------------+------------+
    |Total                      |          |   0|  0| 351|         176|         142|
    +---------------------------+----------+----+---+----+------------+------------+

    * Multiplexer: 
    +-----------------------------------+-----+-----------+-----+-----------+
    |                Name               | LUT | Input Size| Bits| Total Bits|
    +-----------------------------------+-----+-----------+-----+-----------+
    |ap_NS_fsm                          |  189|         43|    1|         43|
    |ifmap_address0                     |   14|          3|   12|         36|
    |ifmap_ce0                          |   14|          3|    1|          3|
    |indvar_flatten157_reg_710          |    9|          2|   10|         20|
    |indvar_flatten219_reg_687          |    9|          2|   12|         24|
    |kch_reg_698                        |    9|          2|    3|          6|
    |mux_case_06_reg_975                |    9|          2|   32|         64|
    |mux_case_08443_reg_945             |    9|          2|   32|         64|
    |mux_case_117_reg_965               |    9|          2|   32|         64|
    |mux_case_18554_reg_935             |    9|          2|   32|         64|
    |mux_case_228_reg_955               |    9|          2|   32|         64|
    |mux_case_28665_reg_925             |    9|          2|   32|         64|
    |n_f_fu_104                         |    9|          2|    3|          6|
    |ofmap_0_address0                   |   14|          3|   11|         33|
    |ofmap_0_d0                         |   14|          3|   32|         96|
    |ofmap_1_address0                   |   14|          3|   11|         33|
    |ofmap_1_d0                         |   14|          3|   32|         96|
    |oh_reg_722                         |    9|          2|    5|         10|
    |ow_reg_733                         |    9|          2|    5|         10|
    |window41_reg_825                   |    9|          2|   32|         64|
    |window_0_0_promoted245325_reg_875  |    9|          2|   32|         64|
    |window_0_1_promoted243318_reg_885  |    9|          2|   32|         64|
    |window_0_2_promoted247332_reg_865  |    9|          2|   32|         64|
    |window_1_0_promoted239304_reg_905  |    9|          2|   32|         64|
    |window_1_1_promoted237297_reg_915  |    9|          2|   32|         64|
    |window_1_2_promoted241311_reg_895  |    9|          2|   32|         64|
    |window_2142_reg_815                |    9|          2|   32|         64|
    |window_2243_reg_805                |    9|          2|   32|         64|
    |window_2344_reg_795                |    9|          2|   32|         64|
    |window_2445_reg_785                |    9|          2|   32|         64|
    |window_2546_reg_775                |    9|          2|   32|         64|
    |window_2647_reg_765                |    9|          2|   32|         64|
    |window_2748_reg_755                |    9|          2|   32|         64|
    |window_2849_reg_745                |    9|          2|   32|         64|
    |window_2_0_promoted251346_reg_845  |    9|          2|   32|         64|
    |window_2_1_promoted249339_reg_855  |    9|          2|   32|         64|
    |window_2_2_promoted253353_reg_835  |    9|          2|   32|         64|
    +-----------------------------------+-----+-----------+-----+-----------+
    |Total                              |  543|        121|  906|       1952|
    +-----------------------------------+-----+-----------+-----+-----------+

    * Register: 
    +----------------------------------------------------------------------------------------+----+----+-----+-----------+
    |                                          Name                                          | FF | LUT| Bits| Const Bits|
    +----------------------------------------------------------------------------------------+----+----+-----+-----------+
    |add_ln133_reg_3125                                                                      |   3|   0|    3|          0|
    |add_ln137_1_reg_3369                                                                    |  12|   0|   12|          0|
    |ap_CS_fsm                                                                               |  42|   0|   42|          0|
    |conv2_bias_load_reg_3361                                                                |  32|   0|   32|          0|
    |empty_189_reg_3515                                                                      |   5|   0|    5|          0|
    |grp_Conv_func_4_26_4_24_Pipeline_Fil_load_ch_Fil_load_r_Fil_load_c_fu_985_ap_start_reg  |   1|   0|    1|          0|
    |grp_Conv_func_4_26_4_24_Pipeline_loadWinFull_VITIS_LOOP_50_1_fu_1121_ap_start_reg       |   1|   0|    1|          0|
    |grp_Conv_func_4_26_4_24_Pipeline_loadWinShift_fu_1064_ap_start_reg                      |   1|   0|    1|          0|
    |icmp_ln139_reg_3374                                                                     |   1|   0|    1|          0|
    |icmp_ln46_reg_3439                                                                      |   1|   0|    1|          0|
    |indvar_flatten157_reg_710                                                               |  10|   0|   10|          0|
    |indvar_flatten219_reg_687                                                               |  12|   0|   12|          0|
    |kch_reg_698                                                                             |   3|   0|    3|          0|
    |kernel_0_0_0_promoted_fu_196                                                            |  32|   0|   32|          0|
    |kernel_0_0_1_promoted_fu_192                                                            |  32|   0|   32|          0|
    |kernel_0_0_2_promoted_fu_200                                                            |  32|   0|   32|          0|
    |kernel_0_1_0_promoted_fu_184                                                            |  32|   0|   32|          0|
    |kernel_0_1_1_promoted_fu_180                                                            |  32|   0|   32|          0|
    |kernel_0_1_2_promoted_fu_188                                                            |  32|   0|   32|          0|
    |kernel_0_2_0_promoted_fu_208                                                            |  32|   0|   32|          0|
    |kernel_0_2_1_promoted_fu_204                                                            |  32|   0|   32|          0|
    |kernel_0_2_2_promoted_fu_212                                                            |  32|   0|   32|          0|
    |kernel_1_0_0_promoted_fu_160                                                            |  32|   0|   32|          0|
    |kernel_1_0_1_promoted_fu_156                                                            |  32|   0|   32|          0|
    |kernel_1_0_2_promoted_fu_164                                                            |  32|   0|   32|          0|
    |kernel_1_1_0_promoted_fu_148                                                            |  32|   0|   32|          0|
    |kernel_1_1_1_promoted_fu_144                                                            |  32|   0|   32|          0|
    |kernel_1_1_2_promoted_fu_152                                                            |  32|   0|   32|          0|
    |kernel_1_2_0_promoted_fu_172                                                            |  32|   0|   32|          0|
    |kernel_1_2_1_promoted_fu_168                                                            |  32|   0|   32|          0|
    |kernel_1_2_2_promoted_fu_176                                                            |  32|   0|   32|          0|
    |kernel_2_0_0_promoted_fu_124                                                            |  32|   0|   32|          0|
    |kernel_2_0_1_promoted_fu_120                                                            |  32|   0|   32|          0|
    |kernel_2_0_2_promoted_fu_128                                                            |  32|   0|   32|          0|
    |kernel_2_1_0_promoted_fu_112                                                            |  32|   0|   32|          0|
    |kernel_2_1_1_promoted_fu_108                                                            |  32|   0|   32|          0|
    |kernel_2_1_2_promoted_fu_116                                                            |  32|   0|   32|          0|
    |kernel_2_2_0_promoted_fu_136                                                            |  32|   0|   32|          0|
    |kernel_2_2_1_promoted_fu_132                                                            |  32|   0|   32|          0|
    |kernel_2_2_2_promoted_fu_140                                                            |  32|   0|   32|          0|
    |kernel_3_0_0_promoted_fu_232                                                            |  32|   0|   32|          0|
    |kernel_3_0_1_promoted_fu_228                                                            |  32|   0|   32|          0|
    |kernel_3_0_2_promoted_fu_236                                                            |  32|   0|   32|          0|
    |kernel_3_1_0_promoted_fu_220                                                            |  32|   0|   32|          0|
    |kernel_3_1_1_promoted_fu_216                                                            |  32|   0|   32|          0|
    |kernel_3_1_2_promoted_fu_224                                                            |  32|   0|   32|          0|
    |kernel_3_2_0_promoted_fu_244                                                            |  32|   0|   32|          0|
    |kernel_3_2_1_promoted_fu_240                                                            |  32|   0|   32|          0|
    |kernel_3_2_2_promoted_fu_248                                                            |  32|   0|   32|          0|
    |mul_ln52_reg_3395                                                                       |   8|   0|    8|          0|
    |mux_case_01_fu_252                                                                      |  32|   0|   32|          0|
    |mux_case_06_reg_975                                                                     |  32|   0|   32|          0|
    |mux_case_08435_fu_264                                                                   |  32|   0|   32|          0|
    |mux_case_08443_reg_945                                                                  |  32|   0|   32|          0|
    |mux_case_113_fu_256                                                                     |  32|   0|   32|          0|
    |mux_case_117_reg_965                                                                    |  32|   0|   32|          0|
    |mux_case_18546_fu_268                                                                   |  32|   0|   32|          0|
    |mux_case_18554_reg_935                                                                  |  32|   0|   32|          0|
    |mux_case_224_fu_260                                                                     |  32|   0|   32|          0|
    |mux_case_228_reg_955                                                                    |  32|   0|   32|          0|
    |mux_case_28657_fu_272                                                                   |  32|   0|   32|          0|
    |mux_case_28665_reg_925                                                                  |  32|   0|   32|          0|
    |n_f_fu_104                                                                              |   3|   0|    3|          0|
    |ofmap_0_addr_reg_3676                                                                   |  11|   0|   11|          0|
    |ofmap_1_addr_reg_3681                                                                   |  11|   0|   11|          0|
    |oh_reg_722                                                                              |   5|   0|    5|          0|
    |or_ln_reg_3238                                                                          |   6|   0|    8|          2|
    |ow_reg_733                                                                              |   5|   0|    5|          0|
    |prev_sum_reg_3686                                                                       |  32|   0|   32|          0|
    |select_ln137_1_reg_3390                                                                 |   3|   0|    3|          0|
    |select_ln137_2_reg_3401                                                                 |   1|   0|    1|          0|
    |select_ln137_3_reg_3406                                                                 |   1|   0|    1|          0|
    |select_ln137_reg_3384                                                                   |   5|   0|    5|          0|
    |select_ln139_2_reg_3422                                                                 |   5|   0|    5|          0|
    |select_ln139_reg_3415                                                                   |   5|   0|    5|          0|
    |select_ln73_reg_3700                                                                    |  32|   0|   32|          0|
    |sext_ln133_reg_3248                                                                     |   7|   0|   10|          3|
    |sub_ln146_1_reg_3429                                                                    |   9|   0|   11|          2|
    |sum_reg_3691                                                                            |  32|   0|   32|          0|
    |trunc_ln137_reg_3410                                                                    |   2|   0|    2|          0|
    |trunc_ln141_reg_3434                                                                    |   1|   0|    1|          0|
    |window4153_fu_312                                                                       |  32|   0|   32|          0|
    |window41_reg_825                                                                        |  32|   0|   32|          0|
    |window_0_0_promoted245319_fu_292                                                        |  32|   0|   32|          0|
    |window_0_0_promoted245325_reg_875                                                       |  32|   0|   32|          0|
    |window_0_1_promoted243312_fu_288                                                        |  32|   0|   32|          0|
    |window_0_1_promoted243318_reg_885                                                       |  32|   0|   32|          0|
    |window_0_2_promoted247326_fu_296                                                        |  32|   0|   32|          0|
    |window_0_2_promoted247332_reg_865                                                       |  32|   0|   32|          0|
    |window_1_0_promoted239298_fu_280                                                        |  32|   0|   32|          0|
    |window_1_0_promoted239304_reg_905                                                       |  32|   0|   32|          0|
    |window_1_1_promoted237291_fu_276                                                        |  32|   0|   32|          0|
    |window_1_1_promoted237297_reg_915                                                       |  32|   0|   32|          0|
    |window_1_2_promoted241305_fu_284                                                        |  32|   0|   32|          0|
    |window_1_2_promoted241311_reg_895                                                       |  32|   0|   32|          0|
    |window_214260_fu_316                                                                    |  32|   0|   32|          0|
    |window_2142_reg_815                                                                     |  32|   0|   32|          0|
    |window_224367_fu_320                                                                    |  32|   0|   32|          0|
    |window_2243_reg_805                                                                     |  32|   0|   32|          0|
    |window_234474_fu_324                                                                    |  32|   0|   32|          0|
    |window_2344_reg_795                                                                     |  32|   0|   32|          0|
    |window_244581_fu_328                                                                    |  32|   0|   32|          0|
    |window_2445_reg_785                                                                     |  32|   0|   32|          0|
    |window_254688_fu_332                                                                    |  32|   0|   32|          0|
    |window_2546_reg_775                                                                     |  32|   0|   32|          0|
    |window_264795_fu_336                                                                    |  32|   0|   32|          0|
    |window_2647_reg_765                                                                     |  32|   0|   32|          0|
    |window_2748102_fu_340                                                                   |  32|   0|   32|          0|
    |window_2748_reg_755                                                                     |  32|   0|   32|          0|
    |window_2849109_fu_344                                                                   |  32|   0|   32|          0|
    |window_2849_reg_745                                                                     |  32|   0|   32|          0|
    |window_2_0_promoted251340_fu_304                                                        |  32|   0|   32|          0|
    |window_2_0_promoted251346_reg_845                                                       |  32|   0|   32|          0|
    |window_2_1_promoted249333_fu_300                                                        |  32|   0|   32|          0|
    |window_2_1_promoted249339_reg_855                                                       |  32|   0|   32|          0|
    |window_2_2_promoted253347_fu_308                                                        |  32|   0|   32|          0|
    |window_2_2_promoted253353_reg_835                                                       |  32|   0|   32|          0|
    +----------------------------------------------------------------------------------------+----+----+-----+-----------+
    |Total                                                                                   |2996|   0| 3003|          7|
    +----------------------------------------------------------------------------------------+----+----+-----+-----------+



================================================================
== Interface
================================================================
* Summary: 
+------------------+-----+-----+------------+-------------------------+--------------+
|     RTL Ports    | Dir | Bits|  Protocol  |      Source Object      |    C Type    |
+------------------+-----+-----+------------+-------------------------+--------------+
|ap_clk            |   in|    1|  ap_ctrl_hs|  Conv_func<4, 26, 4, 24>|  return value|
|ap_rst            |   in|    1|  ap_ctrl_hs|  Conv_func<4, 26, 4, 24>|  return value|
|ap_start          |   in|    1|  ap_ctrl_hs|  Conv_func<4, 26, 4, 24>|  return value|
|ap_done           |  out|    1|  ap_ctrl_hs|  Conv_func<4, 26, 4, 24>|  return value|
|ap_idle           |  out|    1|  ap_ctrl_hs|  Conv_func<4, 26, 4, 24>|  return value|
|ap_ready          |  out|    1|  ap_ctrl_hs|  Conv_func<4, 26, 4, 24>|  return value|
|ifmap_address0    |  out|   12|   ap_memory|                    ifmap|         array|
|ifmap_ce0         |  out|    1|   ap_memory|                    ifmap|         array|
|ifmap_q0          |   in|   32|   ap_memory|                    ifmap|         array|
|ofmap_0_address0  |  out|   11|   ap_memory|                  ofmap_0|         array|
|ofmap_0_ce0       |  out|    1|   ap_memory|                  ofmap_0|         array|
|ofmap_0_we0       |  out|    1|   ap_memory|                  ofmap_0|         array|
|ofmap_0_d0        |  out|   32|   ap_memory|                  ofmap_0|         array|
|ofmap_0_q0        |   in|   32|   ap_memory|                  ofmap_0|         array|
|ofmap_1_address0  |  out|   11|   ap_memory|                  ofmap_1|         array|
|ofmap_1_ce0       |  out|    1|   ap_memory|                  ofmap_1|         array|
|ofmap_1_we0       |  out|    1|   ap_memory|                  ofmap_1|         array|
|ofmap_1_d0        |  out|   32|   ap_memory|                  ofmap_1|         array|
|ofmap_1_q0        |   in|   32|   ap_memory|                  ofmap_1|         array|
+------------------+-----+-----+------------+-------------------------+--------------+

============================================================
+ Verbose Summary: Synthesis Manager
============================================================
InlineROM: 1
ExposeGlobal: 0
============================================================
+ Verbose Summary: CDFG Model
============================================================
IsTopModel: 0
ResetActiveHigh: 1
IsCombinational: 2
IsDatapathOnly: 2
HasWiredReturn: 1
HasMFsm: 0
HasVarLatency: 1
IsPipeline: 0
IsRtlPipelined: 0
IsInstanceOverlapped: 0
IsDontTouch: 0
HasImplIP: 0
IsGatedGlobalClock: 0


============================================================
+ Verbose Summary: Schedule
============================================================
* Number of FSM states : 42
* Pipeline : 0
* Dataflow Pipeline: 0

* FSM state transitions: 
1 --> 2 
2 --> 3 
3 --> 4 
4 --> 5 
5 --> 6 2 
6 --> 7 10 
7 --> 8 
8 --> 9 
9 --> 12 
10 --> 11 
11 --> 9 
12 --> 13 
13 --> 14 
14 --> 15 
15 --> 16 
16 --> 17 
17 --> 18 
18 --> 19 
19 --> 20 
20 --> 21 
21 --> 22 
22 --> 23 
23 --> 24 
24 --> 25 
25 --> 26 
26 --> 27 
27 --> 28 
28 --> 29 
29 --> 30 
30 --> 31 
31 --> 32 
32 --> 33 
33 --> 34 
34 --> 35 
35 --> 36 
36 --> 37 
37 --> 38 
38 --> 40 39 
39 --> 42 
40 --> 41 
41 --> 42 
42 --> 5 

* FSM state operations: 

State 1 <SV = 0> <Delay = 1.58>
ST_1 : Operation 43 [1/1] (0.00ns)   --->   "%n_f = alloca i32 1"   --->   Operation 43 'alloca' 'n_f' <Predicate = true> <Delay = 0.00>
ST_1 : Operation 44 [1/1] (0.00ns)   --->   "%kernel_2_1_1_promoted = alloca i32 1"   --->   Operation 44 'alloca' 'kernel_2_1_1_promoted' <Predicate = true> <Delay = 0.00>
ST_1 : Operation 45 [1/1] (0.00ns)   --->   "%kernel_2_1_0_promoted = alloca i32 1"   --->   Operation 45 'alloca' 'kernel_2_1_0_promoted' <Predicate = true> <Delay = 0.00>
ST_1 : Operation 46 [1/1] (0.00ns)   --->   "%kernel_2_1_2_promoted = alloca i32 1"   --->   Operation 46 'alloca' 'kernel_2_1_2_promoted' <Predicate = true> <Delay = 0.00>
ST_1 : Operation 47 [1/1] (0.00ns)   --->   "%kernel_2_0_1_promoted = alloca i32 1"   --->   Operation 47 'alloca' 'kernel_2_0_1_promoted' <Predicate = true> <Delay = 0.00>
ST_1 : Operation 48 [1/1] (0.00ns)   --->   "%kernel_2_0_0_promoted = alloca i32 1"   --->   Operation 48 'alloca' 'kernel_2_0_0_promoted' <Predicate = true> <Delay = 0.00>
ST_1 : Operation 49 [1/1] (0.00ns)   --->   "%kernel_2_0_2_promoted = alloca i32 1"   --->   Operation 49 'alloca' 'kernel_2_0_2_promoted' <Predicate = true> <Delay = 0.00>
ST_1 : Operation 50 [1/1] (0.00ns)   --->   "%kernel_2_2_1_promoted = alloca i32 1"   --->   Operation 50 'alloca' 'kernel_2_2_1_promoted' <Predicate = true> <Delay = 0.00>
ST_1 : Operation 51 [1/1] (0.00ns)   --->   "%kernel_2_2_0_promoted = alloca i32 1"   --->   Operation 51 'alloca' 'kernel_2_2_0_promoted' <Predicate = true> <Delay = 0.00>
ST_1 : Operation 52 [1/1] (0.00ns)   --->   "%kernel_2_2_2_promoted = alloca i32 1"   --->   Operation 52 'alloca' 'kernel_2_2_2_promoted' <Predicate = true> <Delay = 0.00>
ST_1 : Operation 53 [1/1] (0.00ns)   --->   "%kernel_1_1_1_promoted = alloca i32 1"   --->   Operation 53 'alloca' 'kernel_1_1_1_promoted' <Predicate = true> <Delay = 0.00>
ST_1 : Operation 54 [1/1] (0.00ns)   --->   "%kernel_1_1_0_promoted = alloca i32 1"   --->   Operation 54 'alloca' 'kernel_1_1_0_promoted' <Predicate = true> <Delay = 0.00>
ST_1 : Operation 55 [1/1] (0.00ns)   --->   "%kernel_1_1_2_promoted = alloca i32 1"   --->   Operation 55 'alloca' 'kernel_1_1_2_promoted' <Predicate = true> <Delay = 0.00>
ST_1 : Operation 56 [1/1] (0.00ns)   --->   "%kernel_1_0_1_promoted = alloca i32 1"   --->   Operation 56 'alloca' 'kernel_1_0_1_promoted' <Predicate = true> <Delay = 0.00>
ST_1 : Operation 57 [1/1] (0.00ns)   --->   "%kernel_1_0_0_promoted = alloca i32 1"   --->   Operation 57 'alloca' 'kernel_1_0_0_promoted' <Predicate = true> <Delay = 0.00>
ST_1 : Operation 58 [1/1] (0.00ns)   --->   "%kernel_1_0_2_promoted = alloca i32 1"   --->   Operation 58 'alloca' 'kernel_1_0_2_promoted' <Predicate = true> <Delay = 0.00>
ST_1 : Operation 59 [1/1] (0.00ns)   --->   "%kernel_1_2_1_promoted = alloca i32 1"   --->   Operation 59 'alloca' 'kernel_1_2_1_promoted' <Predicate = true> <Delay = 0.00>
ST_1 : Operation 60 [1/1] (0.00ns)   --->   "%kernel_1_2_0_promoted = alloca i32 1"   --->   Operation 60 'alloca' 'kernel_1_2_0_promoted' <Predicate = true> <Delay = 0.00>
ST_1 : Operation 61 [1/1] (0.00ns)   --->   "%kernel_1_2_2_promoted = alloca i32 1"   --->   Operation 61 'alloca' 'kernel_1_2_2_promoted' <Predicate = true> <Delay = 0.00>
ST_1 : Operation 62 [1/1] (0.00ns)   --->   "%kernel_0_1_1_promoted = alloca i32 1"   --->   Operation 62 'alloca' 'kernel_0_1_1_promoted' <Predicate = true> <Delay = 0.00>
ST_1 : Operation 63 [1/1] (0.00ns)   --->   "%kernel_0_1_0_promoted = alloca i32 1"   --->   Operation 63 'alloca' 'kernel_0_1_0_promoted' <Predicate = true> <Delay = 0.00>
ST_1 : Operation 64 [1/1] (0.00ns)   --->   "%kernel_0_1_2_promoted = alloca i32 1"   --->   Operation 64 'alloca' 'kernel_0_1_2_promoted' <Predicate = true> <Delay = 0.00>
ST_1 : Operation 65 [1/1] (0.00ns)   --->   "%kernel_0_0_1_promoted = alloca i32 1"   --->   Operation 65 'alloca' 'kernel_0_0_1_promoted' <Predicate = true> <Delay = 0.00>
ST_1 : Operation 66 [1/1] (0.00ns)   --->   "%kernel_0_0_0_promoted = alloca i32 1"   --->   Operation 66 'alloca' 'kernel_0_0_0_promoted' <Predicate = true> <Delay = 0.00>
ST_1 : Operation 67 [1/1] (0.00ns)   --->   "%kernel_0_0_2_promoted = alloca i32 1"   --->   Operation 67 'alloca' 'kernel_0_0_2_promoted' <Predicate = true> <Delay = 0.00>
ST_1 : Operation 68 [1/1] (0.00ns)   --->   "%kernel_0_2_1_promoted = alloca i32 1"   --->   Operation 68 'alloca' 'kernel_0_2_1_promoted' <Predicate = true> <Delay = 0.00>
ST_1 : Operation 69 [1/1] (0.00ns)   --->   "%kernel_0_2_0_promoted = alloca i32 1"   --->   Operation 69 'alloca' 'kernel_0_2_0_promoted' <Predicate = true> <Delay = 0.00>
ST_1 : Operation 70 [1/1] (0.00ns)   --->   "%kernel_0_2_2_promoted = alloca i32 1"   --->   Operation 70 'alloca' 'kernel_0_2_2_promoted' <Predicate = true> <Delay = 0.00>
ST_1 : Operation 71 [1/1] (0.00ns)   --->   "%kernel_3_1_1_promoted = alloca i32 1"   --->   Operation 71 'alloca' 'kernel_3_1_1_promoted' <Predicate = true> <Delay = 0.00>
ST_1 : Operation 72 [1/1] (0.00ns)   --->   "%kernel_3_1_0_promoted = alloca i32 1"   --->   Operation 72 'alloca' 'kernel_3_1_0_promoted' <Predicate = true> <Delay = 0.00>
ST_1 : Operation 73 [1/1] (0.00ns)   --->   "%kernel_3_1_2_promoted = alloca i32 1"   --->   Operation 73 'alloca' 'kernel_3_1_2_promoted' <Predicate = true> <Delay = 0.00>
ST_1 : Operation 74 [1/1] (0.00ns)   --->   "%kernel_3_0_1_promoted = alloca i32 1"   --->   Operation 74 'alloca' 'kernel_3_0_1_promoted' <Predicate = true> <Delay = 0.00>
ST_1 : Operation 75 [1/1] (0.00ns)   --->   "%kernel_3_0_0_promoted = alloca i32 1"   --->   Operation 75 'alloca' 'kernel_3_0_0_promoted' <Predicate = true> <Delay = 0.00>
ST_1 : Operation 76 [1/1] (0.00ns)   --->   "%kernel_3_0_2_promoted = alloca i32 1"   --->   Operation 76 'alloca' 'kernel_3_0_2_promoted' <Predicate = true> <Delay = 0.00>
ST_1 : Operation 77 [1/1] (0.00ns)   --->   "%kernel_3_2_1_promoted = alloca i32 1"   --->   Operation 77 'alloca' 'kernel_3_2_1_promoted' <Predicate = true> <Delay = 0.00>
ST_1 : Operation 78 [1/1] (0.00ns)   --->   "%kernel_3_2_0_promoted = alloca i32 1"   --->   Operation 78 'alloca' 'kernel_3_2_0_promoted' <Predicate = true> <Delay = 0.00>
ST_1 : Operation 79 [1/1] (0.00ns)   --->   "%kernel_3_2_2_promoted = alloca i32 1"   --->   Operation 79 'alloca' 'kernel_3_2_2_promoted' <Predicate = true> <Delay = 0.00>
ST_1 : Operation 80 [1/1] (0.00ns)   --->   "%mux_case_01 = alloca i32 1"   --->   Operation 80 'alloca' 'mux_case_01' <Predicate = true> <Delay = 0.00>
ST_1 : Operation 81 [1/1] (0.00ns)   --->   "%mux_case_113 = alloca i32 1"   --->   Operation 81 'alloca' 'mux_case_113' <Predicate = true> <Delay = 0.00>
ST_1 : Operation 82 [1/1] (0.00ns)   --->   "%mux_case_224 = alloca i32 1"   --->   Operation 82 'alloca' 'mux_case_224' <Predicate = true> <Delay = 0.00>
ST_1 : Operation 83 [1/1] (0.00ns)   --->   "%mux_case_08435 = alloca i32 1"   --->   Operation 83 'alloca' 'mux_case_08435' <Predicate = true> <Delay = 0.00>
ST_1 : Operation 84 [1/1] (0.00ns)   --->   "%mux_case_18546 = alloca i32 1"   --->   Operation 84 'alloca' 'mux_case_18546' <Predicate = true> <Delay = 0.00>
ST_1 : Operation 85 [1/1] (0.00ns)   --->   "%mux_case_28657 = alloca i32 1"   --->   Operation 85 'alloca' 'mux_case_28657' <Predicate = true> <Delay = 0.00>
ST_1 : Operation 86 [1/1] (0.00ns)   --->   "%window_1_1_promoted237291 = alloca i32 1"   --->   Operation 86 'alloca' 'window_1_1_promoted237291' <Predicate = true> <Delay = 0.00>
ST_1 : Operation 87 [1/1] (0.00ns)   --->   "%window_1_0_promoted239298 = alloca i32 1"   --->   Operation 87 'alloca' 'window_1_0_promoted239298' <Predicate = true> <Delay = 0.00>
ST_1 : Operation 88 [1/1] (0.00ns)   --->   "%window_1_2_promoted241305 = alloca i32 1"   --->   Operation 88 'alloca' 'window_1_2_promoted241305' <Predicate = true> <Delay = 0.00>
ST_1 : Operation 89 [1/1] (0.00ns)   --->   "%window_0_1_promoted243312 = alloca i32 1"   --->   Operation 89 'alloca' 'window_0_1_promoted243312' <Predicate = true> <Delay = 0.00>
ST_1 : Operation 90 [1/1] (0.00ns)   --->   "%window_0_0_promoted245319 = alloca i32 1"   --->   Operation 90 'alloca' 'window_0_0_promoted245319' <Predicate = true> <Delay = 0.00>
ST_1 : Operation 91 [1/1] (0.00ns)   --->   "%window_0_2_promoted247326 = alloca i32 1"   --->   Operation 91 'alloca' 'window_0_2_promoted247326' <Predicate = true> <Delay = 0.00>
ST_1 : Operation 92 [1/1] (0.00ns)   --->   "%window_2_1_promoted249333 = alloca i32 1"   --->   Operation 92 'alloca' 'window_2_1_promoted249333' <Predicate = true> <Delay = 0.00>
ST_1 : Operation 93 [1/1] (0.00ns)   --->   "%window_2_0_promoted251340 = alloca i32 1"   --->   Operation 93 'alloca' 'window_2_0_promoted251340' <Predicate = true> <Delay = 0.00>
ST_1 : Operation 94 [1/1] (0.00ns)   --->   "%window_2_2_promoted253347 = alloca i32 1"   --->   Operation 94 'alloca' 'window_2_2_promoted253347' <Predicate = true> <Delay = 0.00>
ST_1 : Operation 95 [1/1] (0.00ns)   --->   "%window4153 = alloca i32 1"   --->   Operation 95 'alloca' 'window4153' <Predicate = true> <Delay = 0.00>
ST_1 : Operation 96 [1/1] (0.00ns)   --->   "%window_214260 = alloca i32 1"   --->   Operation 96 'alloca' 'window_214260' <Predicate = true> <Delay = 0.00>
ST_1 : Operation 97 [1/1] (0.00ns)   --->   "%window_224367 = alloca i32 1"   --->   Operation 97 'alloca' 'window_224367' <Predicate = true> <Delay = 0.00>
ST_1 : Operation 98 [1/1] (0.00ns)   --->   "%window_234474 = alloca i32 1"   --->   Operation 98 'alloca' 'window_234474' <Predicate = true> <Delay = 0.00>
ST_1 : Operation 99 [1/1] (0.00ns)   --->   "%window_244581 = alloca i32 1"   --->   Operation 99 'alloca' 'window_244581' <Predicate = true> <Delay = 0.00>
ST_1 : Operation 100 [1/1] (0.00ns)   --->   "%window_254688 = alloca i32 1"   --->   Operation 100 'alloca' 'window_254688' <Predicate = true> <Delay = 0.00>
ST_1 : Operation 101 [1/1] (0.00ns)   --->   "%window_264795 = alloca i32 1"   --->   Operation 101 'alloca' 'window_264795' <Predicate = true> <Delay = 0.00>
ST_1 : Operation 102 [1/1] (0.00ns)   --->   "%window_2748102 = alloca i32 1"   --->   Operation 102 'alloca' 'window_2748102' <Predicate = true> <Delay = 0.00>
ST_1 : Operation 103 [1/1] (0.00ns)   --->   "%window_2849109 = alloca i32 1"   --->   Operation 103 'alloca' 'window_2849109' <Predicate = true> <Delay = 0.00>
ST_1 : Operation 104 [1/1] (0.00ns)   --->   "%mux_case_0_loc = alloca i64 1"   --->   Operation 104 'alloca' 'mux_case_0_loc' <Predicate = true> <Delay = 0.00>
ST_1 : Operation 105 [1/1] (0.00ns)   --->   "%mux_case_1_loc = alloca i64 1"   --->   Operation 105 'alloca' 'mux_case_1_loc' <Predicate = true> <Delay = 0.00>
ST_1 : Operation 106 [1/1] (0.00ns)   --->   "%mux_case_2_loc = alloca i64 1"   --->   Operation 106 'alloca' 'mux_case_2_loc' <Predicate = true> <Delay = 0.00>
ST_1 : Operation 107 [1/1] (0.00ns)   --->   "%mux_case_084_loc = alloca i64 1"   --->   Operation 107 'alloca' 'mux_case_084_loc' <Predicate = true> <Delay = 0.00>
ST_1 : Operation 108 [1/1] (0.00ns)   --->   "%mux_case_185_loc = alloca i64 1"   --->   Operation 108 'alloca' 'mux_case_185_loc' <Predicate = true> <Delay = 0.00>
ST_1 : Operation 109 [1/1] (0.00ns)   --->   "%mux_case_286_loc = alloca i64 1"   --->   Operation 109 'alloca' 'mux_case_286_loc' <Predicate = true> <Delay = 0.00>
ST_1 : Operation 110 [1/1] (0.00ns)   --->   "%window_1_1_promoted237295_loc = alloca i64 1"   --->   Operation 110 'alloca' 'window_1_1_promoted237295_loc' <Predicate = true> <Delay = 0.00>
ST_1 : Operation 111 [1/1] (0.00ns)   --->   "%window_1_0_promoted239302_loc = alloca i64 1"   --->   Operation 111 'alloca' 'window_1_0_promoted239302_loc' <Predicate = true> <Delay = 0.00>
ST_1 : Operation 112 [1/1] (0.00ns)   --->   "%window_1_2_promoted241309_loc = alloca i64 1"   --->   Operation 112 'alloca' 'window_1_2_promoted241309_loc' <Predicate = true> <Delay = 0.00>
ST_1 : Operation 113 [1/1] (0.00ns)   --->   "%window_0_1_promoted243316_loc = alloca i64 1"   --->   Operation 113 'alloca' 'window_0_1_promoted243316_loc' <Predicate = true> <Delay = 0.00>
ST_1 : Operation 114 [1/1] (0.00ns)   --->   "%window_0_0_promoted245323_loc = alloca i64 1"   --->   Operation 114 'alloca' 'window_0_0_promoted245323_loc' <Predicate = true> <Delay = 0.00>
ST_1 : Operation 115 [1/1] (0.00ns)   --->   "%window_0_2_promoted247330_loc = alloca i64 1"   --->   Operation 115 'alloca' 'window_0_2_promoted247330_loc' <Predicate = true> <Delay = 0.00>
ST_1 : Operation 116 [1/1] (0.00ns)   --->   "%window_2_1_promoted249337_loc = alloca i64 1"   --->   Operation 116 'alloca' 'window_2_1_promoted249337_loc' <Predicate = true> <Delay = 0.00>
ST_1 : Operation 117 [1/1] (0.00ns)   --->   "%window_2_0_promoted251344_loc = alloca i64 1"   --->   Operation 117 'alloca' 'window_2_0_promoted251344_loc' <Predicate = true> <Delay = 0.00>
ST_1 : Operation 118 [1/1] (0.00ns)   --->   "%window_2_2_promoted253351_loc = alloca i64 1"   --->   Operation 118 'alloca' 'window_2_2_promoted253351_loc' <Predicate = true> <Delay = 0.00>
ST_1 : Operation 119 [1/1] (0.00ns)   --->   "%window4151_loc = alloca i64 1"   --->   Operation 119 'alloca' 'window4151_loc' <Predicate = true> <Delay = 0.00>
ST_1 : Operation 120 [1/1] (0.00ns)   --->   "%window_214258_loc = alloca i64 1"   --->   Operation 120 'alloca' 'window_214258_loc' <Predicate = true> <Delay = 0.00>
ST_1 : Operation 121 [1/1] (0.00ns)   --->   "%window_224365_loc = alloca i64 1"   --->   Operation 121 'alloca' 'window_224365_loc' <Predicate = true> <Delay = 0.00>
ST_1 : Operation 122 [1/1] (0.00ns)   --->   "%window_234472_loc = alloca i64 1"   --->   Operation 122 'alloca' 'window_234472_loc' <Predicate = true> <Delay = 0.00>
ST_1 : Operation 123 [1/1] (0.00ns)   --->   "%window_244579_loc = alloca i64 1"   --->   Operation 123 'alloca' 'window_244579_loc' <Predicate = true> <Delay = 0.00>
ST_1 : Operation 124 [1/1] (0.00ns)   --->   "%window_254686_loc = alloca i64 1"   --->   Operation 124 'alloca' 'window_254686_loc' <Predicate = true> <Delay = 0.00>
ST_1 : Operation 125 [1/1] (0.00ns)   --->   "%window_264793_loc = alloca i64 1"   --->   Operation 125 'alloca' 'window_264793_loc' <Predicate = true> <Delay = 0.00>
ST_1 : Operation 126 [1/1] (0.00ns)   --->   "%window_2748100_loc = alloca i64 1"   --->   Operation 126 'alloca' 'window_2748100_loc' <Predicate = true> <Delay = 0.00>
ST_1 : Operation 127 [1/1] (0.00ns)   --->   "%window_2849107_loc = alloca i64 1"   --->   Operation 127 'alloca' 'window_2849107_loc' <Predicate = true> <Delay = 0.00>
ST_1 : Operation 128 [1/1] (0.00ns)   --->   "%mux_case_08_loc = alloca i64 1"   --->   Operation 128 'alloca' 'mux_case_08_loc' <Predicate = true> <Delay = 0.00>
ST_1 : Operation 129 [1/1] (0.00ns)   --->   "%mux_case_119_loc = alloca i64 1"   --->   Operation 129 'alloca' 'mux_case_119_loc' <Predicate = true> <Delay = 0.00>
ST_1 : Operation 130 [1/1] (0.00ns)   --->   "%mux_case_230_loc = alloca i64 1"   --->   Operation 130 'alloca' 'mux_case_230_loc' <Predicate = true> <Delay = 0.00>
ST_1 : Operation 131 [1/1] (0.00ns)   --->   "%mux_case_08440_loc = alloca i64 1"   --->   Operation 131 'alloca' 'mux_case_08440_loc' <Predicate = true> <Delay = 0.00>
ST_1 : Operation 132 [1/1] (0.00ns)   --->   "%mux_case_18551_loc = alloca i64 1"   --->   Operation 132 'alloca' 'mux_case_18551_loc' <Predicate = true> <Delay = 0.00>
ST_1 : Operation 133 [1/1] (0.00ns)   --->   "%mux_case_28662_loc = alloca i64 1"   --->   Operation 133 'alloca' 'mux_case_28662_loc' <Predicate = true> <Delay = 0.00>
ST_1 : Operation 134 [1/1] (0.00ns)   --->   "%p_loc187 = alloca i64 1"   --->   Operation 134 'alloca' 'p_loc187' <Predicate = true> <Delay = 0.00>
ST_1 : Operation 135 [1/1] (0.00ns)   --->   "%p_loc186 = alloca i64 1"   --->   Operation 135 'alloca' 'p_loc186' <Predicate = true> <Delay = 0.00>
ST_1 : Operation 136 [1/1] (0.00ns)   --->   "%p_loc185 = alloca i64 1"   --->   Operation 136 'alloca' 'p_loc185' <Predicate = true> <Delay = 0.00>
ST_1 : Operation 137 [1/1] (0.00ns)   --->   "%p_loc184 = alloca i64 1"   --->   Operation 137 'alloca' 'p_loc184' <Predicate = true> <Delay = 0.00>
ST_1 : Operation 138 [1/1] (0.00ns)   --->   "%p_loc183 = alloca i64 1"   --->   Operation 138 'alloca' 'p_loc183' <Predicate = true> <Delay = 0.00>
ST_1 : Operation 139 [1/1] (0.00ns)   --->   "%p_loc182 = alloca i64 1"   --->   Operation 139 'alloca' 'p_loc182' <Predicate = true> <Delay = 0.00>
ST_1 : Operation 140 [1/1] (0.00ns)   --->   "%p_loc181 = alloca i64 1"   --->   Operation 140 'alloca' 'p_loc181' <Predicate = true> <Delay = 0.00>
ST_1 : Operation 141 [1/1] (0.00ns)   --->   "%p_loc180 = alloca i64 1"   --->   Operation 141 'alloca' 'p_loc180' <Predicate = true> <Delay = 0.00>
ST_1 : Operation 142 [1/1] (0.00ns)   --->   "%p_loc179 = alloca i64 1"   --->   Operation 142 'alloca' 'p_loc179' <Predicate = true> <Delay = 0.00>
ST_1 : Operation 143 [1/1] (0.00ns)   --->   "%p_loc142 = alloca i64 1"   --->   Operation 143 'alloca' 'p_loc142' <Predicate = true> <Delay = 0.00>
ST_1 : Operation 144 [1/1] (0.00ns)   --->   "%p_loc141 = alloca i64 1"   --->   Operation 144 'alloca' 'p_loc141' <Predicate = true> <Delay = 0.00>
ST_1 : Operation 145 [1/1] (0.00ns)   --->   "%p_loc140 = alloca i64 1"   --->   Operation 145 'alloca' 'p_loc140' <Predicate = true> <Delay = 0.00>
ST_1 : Operation 146 [1/1] (0.00ns)   --->   "%p_loc139 = alloca i64 1"   --->   Operation 146 'alloca' 'p_loc139' <Predicate = true> <Delay = 0.00>
ST_1 : Operation 147 [1/1] (0.00ns)   --->   "%p_loc138 = alloca i64 1"   --->   Operation 147 'alloca' 'p_loc138' <Predicate = true> <Delay = 0.00>
ST_1 : Operation 148 [1/1] (0.00ns)   --->   "%p_loc137 = alloca i64 1"   --->   Operation 148 'alloca' 'p_loc137' <Predicate = true> <Delay = 0.00>
ST_1 : Operation 149 [1/1] (0.00ns)   --->   "%p_loc136 = alloca i64 1"   --->   Operation 149 'alloca' 'p_loc136' <Predicate = true> <Delay = 0.00>
ST_1 : Operation 150 [1/1] (0.00ns)   --->   "%p_loc135 = alloca i64 1"   --->   Operation 150 'alloca' 'p_loc135' <Predicate = true> <Delay = 0.00>
ST_1 : Operation 151 [1/1] (0.00ns)   --->   "%p_loc134 = alloca i64 1"   --->   Operation 151 'alloca' 'p_loc134' <Predicate = true> <Delay = 0.00>
ST_1 : Operation 152 [1/1] (0.00ns)   --->   "%p_loc133 = alloca i64 1"   --->   Operation 152 'alloca' 'p_loc133' <Predicate = true> <Delay = 0.00>
ST_1 : Operation 153 [1/1] (0.00ns)   --->   "%p_loc132 = alloca i64 1"   --->   Operation 153 'alloca' 'p_loc132' <Predicate = true> <Delay = 0.00>
ST_1 : Operation 154 [1/1] (0.00ns)   --->   "%p_loc131 = alloca i64 1"   --->   Operation 154 'alloca' 'p_loc131' <Predicate = true> <Delay = 0.00>
ST_1 : Operation 155 [1/1] (0.00ns)   --->   "%p_loc130 = alloca i64 1"   --->   Operation 155 'alloca' 'p_loc130' <Predicate = true> <Delay = 0.00>
ST_1 : Operation 156 [1/1] (0.00ns)   --->   "%p_loc129 = alloca i64 1"   --->   Operation 156 'alloca' 'p_loc129' <Predicate = true> <Delay = 0.00>
ST_1 : Operation 157 [1/1] (0.00ns)   --->   "%p_loc128 = alloca i64 1"   --->   Operation 157 'alloca' 'p_loc128' <Predicate = true> <Delay = 0.00>
ST_1 : Operation 158 [1/1] (0.00ns)   --->   "%p_loc127 = alloca i64 1"   --->   Operation 158 'alloca' 'p_loc127' <Predicate = true> <Delay = 0.00>
ST_1 : Operation 159 [1/1] (0.00ns)   --->   "%p_loc126 = alloca i64 1"   --->   Operation 159 'alloca' 'p_loc126' <Predicate = true> <Delay = 0.00>
ST_1 : Operation 160 [1/1] (0.00ns)   --->   "%p_loc125 = alloca i64 1"   --->   Operation 160 'alloca' 'p_loc125' <Predicate = true> <Delay = 0.00>
ST_1 : Operation 161 [1/1] (0.00ns)   --->   "%p_loc124 = alloca i64 1"   --->   Operation 161 'alloca' 'p_loc124' <Predicate = true> <Delay = 0.00>
ST_1 : Operation 162 [1/1] (0.00ns)   --->   "%p_loc123 = alloca i64 1"   --->   Operation 162 'alloca' 'p_loc123' <Predicate = true> <Delay = 0.00>
ST_1 : Operation 163 [1/1] (0.00ns)   --->   "%p_loc122 = alloca i64 1"   --->   Operation 163 'alloca' 'p_loc122' <Predicate = true> <Delay = 0.00>
ST_1 : Operation 164 [1/1] (0.00ns)   --->   "%p_loc121 = alloca i64 1"   --->   Operation 164 'alloca' 'p_loc121' <Predicate = true> <Delay = 0.00>
ST_1 : Operation 165 [1/1] (0.00ns)   --->   "%p_loc120 = alloca i64 1"   --->   Operation 165 'alloca' 'p_loc120' <Predicate = true> <Delay = 0.00>
ST_1 : Operation 166 [1/1] (0.00ns)   --->   "%p_loc119 = alloca i64 1"   --->   Operation 166 'alloca' 'p_loc119' <Predicate = true> <Delay = 0.00>
ST_1 : Operation 167 [1/1] (0.00ns)   --->   "%p_loc118 = alloca i64 1"   --->   Operation 167 'alloca' 'p_loc118' <Predicate = true> <Delay = 0.00>
ST_1 : Operation 168 [1/1] (0.00ns)   --->   "%p_loc117 = alloca i64 1"   --->   Operation 168 'alloca' 'p_loc117' <Predicate = true> <Delay = 0.00>
ST_1 : Operation 169 [1/1] (0.00ns)   --->   "%p_loc116 = alloca i64 1"   --->   Operation 169 'alloca' 'p_loc116' <Predicate = true> <Delay = 0.00>
ST_1 : Operation 170 [1/1] (0.00ns)   --->   "%p_loc115 = alloca i64 1"   --->   Operation 170 'alloca' 'p_loc115' <Predicate = true> <Delay = 0.00>
ST_1 : Operation 171 [1/1] (0.00ns)   --->   "%p_loc114 = alloca i64 1"   --->   Operation 171 'alloca' 'p_loc114' <Predicate = true> <Delay = 0.00>
ST_1 : Operation 172 [1/1] (0.00ns)   --->   "%p_loc113 = alloca i64 1"   --->   Operation 172 'alloca' 'p_loc113' <Predicate = true> <Delay = 0.00>
ST_1 : Operation 173 [1/1] (0.00ns)   --->   "%p_loc112 = alloca i64 1"   --->   Operation 173 'alloca' 'p_loc112' <Predicate = true> <Delay = 0.00>
ST_1 : Operation 174 [1/1] (0.00ns)   --->   "%p_loc111 = alloca i64 1"   --->   Operation 174 'alloca' 'p_loc111' <Predicate = true> <Delay = 0.00>
ST_1 : Operation 175 [1/1] (0.00ns)   --->   "%p_loc110 = alloca i64 1"   --->   Operation 175 'alloca' 'p_loc110' <Predicate = true> <Delay = 0.00>
ST_1 : Operation 176 [1/1] (0.00ns)   --->   "%p_loc109 = alloca i64 1"   --->   Operation 176 'alloca' 'p_loc109' <Predicate = true> <Delay = 0.00>
ST_1 : Operation 177 [1/1] (0.00ns)   --->   "%p_loc108 = alloca i64 1"   --->   Operation 177 'alloca' 'p_loc108' <Predicate = true> <Delay = 0.00>
ST_1 : Operation 178 [1/1] (0.00ns)   --->   "%p_loc = alloca i64 1"   --->   Operation 178 'alloca' 'p_loc' <Predicate = true> <Delay = 0.00>
ST_1 : Operation 179 [1/1] (1.58ns)   --->   "%store_ln133 = store i3 0, i3 %n_f" [codes_lab5/HLS_sources_final/templatedFuncs.h:133]   --->   Operation 179 'store' 'store_ln133' <Predicate = true> <Delay = 1.58>
ST_1 : Operation 180 [1/1] (0.00ns)   --->   "%br_ln133 = br void %inCh" [codes_lab5/HLS_sources_final/templatedFuncs.h:133]   --->   Operation 180 'br' 'br_ln133' <Predicate = true> <Delay = 0.00>

State 2 <SV = 1> <Delay = 2.71>
ST_2 : Operation 181 [1/1] (0.00ns)   --->   "%n_f_2 = load i3 %n_f" [codes_lab5/HLS_sources_final/templatedFuncs.h:133]   --->   Operation 181 'load' 'n_f_2' <Predicate = true> <Delay = 0.00>
ST_2 : Operation 182 [1/1] (1.13ns)   --->   "%icmp_ln133 = icmp_eq  i3 %n_f_2, i3 4" [codes_lab5/HLS_sources_final/templatedFuncs.h:133]   --->   Operation 182 'icmp' 'icmp_ln133' <Predicate = true> <Delay = 1.13> <CoreInst = "Cmp">   --->   Core 9 'Cmp' <Latency = 0> <II = 1> <Delay = 1.30> <FuncUnit> <Opcode : 'icmp'> <InPorts = 2> <OutPorts = 1>
ST_2 : Operation 183 [1/1] (0.00ns)   --->   "%empty = speclooptripcount i32 @_ssdm_op_SpecLoopTripCount, i64 4, i64 4, i64 4"   --->   Operation 183 'speclooptripcount' 'empty' <Predicate = true> <Delay = 0.00>
ST_2 : Operation 184 [1/1] (1.65ns)   --->   "%add_ln133 = add i3 %n_f_2, i3 1" [codes_lab5/HLS_sources_final/templatedFuncs.h:133]   --->   Operation 184 'add' 'add_ln133' <Predicate = true> <Delay = 1.65> <CoreInst = "Adder">   --->   Core 1 'Adder' <Latency = 0> <II = 1> <Delay = 1.65> <FuncUnit> <Opcode : 'add' 'sub'> <InPorts = 2> <OutPorts = 1>
ST_2 : Operation 185 [1/1] (0.00ns)   --->   "%br_ln133 = br i1 %icmp_ln133, void %inCh.split, void %for.end50" [codes_lab5/HLS_sources_final/templatedFuncs.h:133]   --->   Operation 185 'br' 'br_ln133' <Predicate = true> <Delay = 0.00>
ST_2 : Operation 186 [1/1] (0.00ns)   --->   "%kernel_2_1_1_promoted_load = load i32 %kernel_2_1_1_promoted"   --->   Operation 186 'load' 'kernel_2_1_1_promoted_load' <Predicate = (!icmp_ln133)> <Delay = 0.00>
ST_2 : Operation 187 [1/1] (0.00ns)   --->   "%kernel_2_1_0_promoted_load = load i32 %kernel_2_1_0_promoted"   --->   Operation 187 'load' 'kernel_2_1_0_promoted_load' <Predicate = (!icmp_ln133)> <Delay = 0.00>
ST_2 : Operation 188 [1/1] (0.00ns)   --->   "%kernel_2_1_2_promoted_load = load i32 %kernel_2_1_2_promoted"   --->   Operation 188 'load' 'kernel_2_1_2_promoted_load' <Predicate = (!icmp_ln133)> <Delay = 0.00>
ST_2 : Operation 189 [1/1] (0.00ns)   --->   "%kernel_2_0_1_promoted_load = load i32 %kernel_2_0_1_promoted"   --->   Operation 189 'load' 'kernel_2_0_1_promoted_load' <Predicate = (!icmp_ln133)> <Delay = 0.00>
ST_2 : Operation 190 [1/1] (0.00ns)   --->   "%kernel_2_0_0_promoted_load = load i32 %kernel_2_0_0_promoted"   --->   Operation 190 'load' 'kernel_2_0_0_promoted_load' <Predicate = (!icmp_ln133)> <Delay = 0.00>
ST_2 : Operation 191 [1/1] (0.00ns)   --->   "%kernel_2_0_2_promoted_load = load i32 %kernel_2_0_2_promoted"   --->   Operation 191 'load' 'kernel_2_0_2_promoted_load' <Predicate = (!icmp_ln133)> <Delay = 0.00>
ST_2 : Operation 192 [1/1] (0.00ns)   --->   "%kernel_2_2_1_promoted_load = load i32 %kernel_2_2_1_promoted"   --->   Operation 192 'load' 'kernel_2_2_1_promoted_load' <Predicate = (!icmp_ln133)> <Delay = 0.00>
ST_2 : Operation 193 [1/1] (0.00ns)   --->   "%kernel_2_2_0_promoted_load = load i32 %kernel_2_2_0_promoted"   --->   Operation 193 'load' 'kernel_2_2_0_promoted_load' <Predicate = (!icmp_ln133)> <Delay = 0.00>
ST_2 : Operation 194 [1/1] (0.00ns)   --->   "%kernel_2_2_2_promoted_load = load i32 %kernel_2_2_2_promoted"   --->   Operation 194 'load' 'kernel_2_2_2_promoted_load' <Predicate = (!icmp_ln133)> <Delay = 0.00>
ST_2 : Operation 195 [1/1] (0.00ns)   --->   "%kernel_1_1_1_promoted_load = load i32 %kernel_1_1_1_promoted"   --->   Operation 195 'load' 'kernel_1_1_1_promoted_load' <Predicate = (!icmp_ln133)> <Delay = 0.00>
ST_2 : Operation 196 [1/1] (0.00ns)   --->   "%kernel_1_1_0_promoted_load = load i32 %kernel_1_1_0_promoted"   --->   Operation 196 'load' 'kernel_1_1_0_promoted_load' <Predicate = (!icmp_ln133)> <Delay = 0.00>
ST_2 : Operation 197 [1/1] (0.00ns)   --->   "%kernel_1_1_2_promoted_load = load i32 %kernel_1_1_2_promoted"   --->   Operation 197 'load' 'kernel_1_1_2_promoted_load' <Predicate = (!icmp_ln133)> <Delay = 0.00>
ST_2 : Operation 198 [1/1] (0.00ns)   --->   "%kernel_1_0_1_promoted_load = load i32 %kernel_1_0_1_promoted"   --->   Operation 198 'load' 'kernel_1_0_1_promoted_load' <Predicate = (!icmp_ln133)> <Delay = 0.00>
ST_2 : Operation 199 [1/1] (0.00ns)   --->   "%kernel_1_0_0_promoted_load = load i32 %kernel_1_0_0_promoted"   --->   Operation 199 'load' 'kernel_1_0_0_promoted_load' <Predicate = (!icmp_ln133)> <Delay = 0.00>
ST_2 : Operation 200 [1/1] (0.00ns)   --->   "%kernel_1_0_2_promoted_load = load i32 %kernel_1_0_2_promoted"   --->   Operation 200 'load' 'kernel_1_0_2_promoted_load' <Predicate = (!icmp_ln133)> <Delay = 0.00>
ST_2 : Operation 201 [1/1] (0.00ns)   --->   "%kernel_1_2_1_promoted_load = load i32 %kernel_1_2_1_promoted"   --->   Operation 201 'load' 'kernel_1_2_1_promoted_load' <Predicate = (!icmp_ln133)> <Delay = 0.00>
ST_2 : Operation 202 [1/1] (0.00ns)   --->   "%kernel_1_2_0_promoted_load = load i32 %kernel_1_2_0_promoted"   --->   Operation 202 'load' 'kernel_1_2_0_promoted_load' <Predicate = (!icmp_ln133)> <Delay = 0.00>
ST_2 : Operation 203 [1/1] (0.00ns)   --->   "%kernel_1_2_2_promoted_load = load i32 %kernel_1_2_2_promoted"   --->   Operation 203 'load' 'kernel_1_2_2_promoted_load' <Predicate = (!icmp_ln133)> <Delay = 0.00>
ST_2 : Operation 204 [1/1] (0.00ns)   --->   "%kernel_0_1_1_promoted_load = load i32 %kernel_0_1_1_promoted"   --->   Operation 204 'load' 'kernel_0_1_1_promoted_load' <Predicate = (!icmp_ln133)> <Delay = 0.00>
ST_2 : Operation 205 [1/1] (0.00ns)   --->   "%kernel_0_1_0_promoted_load = load i32 %kernel_0_1_0_promoted"   --->   Operation 205 'load' 'kernel_0_1_0_promoted_load' <Predicate = (!icmp_ln133)> <Delay = 0.00>
ST_2 : Operation 206 [1/1] (0.00ns)   --->   "%kernel_0_1_2_promoted_load = load i32 %kernel_0_1_2_promoted"   --->   Operation 206 'load' 'kernel_0_1_2_promoted_load' <Predicate = (!icmp_ln133)> <Delay = 0.00>
ST_2 : Operation 207 [1/1] (0.00ns)   --->   "%kernel_0_0_1_promoted_load = load i32 %kernel_0_0_1_promoted"   --->   Operation 207 'load' 'kernel_0_0_1_promoted_load' <Predicate = (!icmp_ln133)> <Delay = 0.00>
ST_2 : Operation 208 [1/1] (0.00ns)   --->   "%kernel_0_0_0_promoted_load = load i32 %kernel_0_0_0_promoted"   --->   Operation 208 'load' 'kernel_0_0_0_promoted_load' <Predicate = (!icmp_ln133)> <Delay = 0.00>
ST_2 : Operation 209 [1/1] (0.00ns)   --->   "%kernel_0_0_2_promoted_load = load i32 %kernel_0_0_2_promoted"   --->   Operation 209 'load' 'kernel_0_0_2_promoted_load' <Predicate = (!icmp_ln133)> <Delay = 0.00>
ST_2 : Operation 210 [1/1] (0.00ns)   --->   "%kernel_0_2_1_promoted_load = load i32 %kernel_0_2_1_promoted"   --->   Operation 210 'load' 'kernel_0_2_1_promoted_load' <Predicate = (!icmp_ln133)> <Delay = 0.00>
ST_2 : Operation 211 [1/1] (0.00ns)   --->   "%kernel_0_2_0_promoted_load = load i32 %kernel_0_2_0_promoted"   --->   Operation 211 'load' 'kernel_0_2_0_promoted_load' <Predicate = (!icmp_ln133)> <Delay = 0.00>
ST_2 : Operation 212 [1/1] (0.00ns)   --->   "%kernel_0_2_2_promoted_load = load i32 %kernel_0_2_2_promoted"   --->   Operation 212 'load' 'kernel_0_2_2_promoted_load' <Predicate = (!icmp_ln133)> <Delay = 0.00>
ST_2 : Operation 213 [1/1] (0.00ns)   --->   "%kernel_3_1_1_promoted_load = load i32 %kernel_3_1_1_promoted"   --->   Operation 213 'load' 'kernel_3_1_1_promoted_load' <Predicate = (!icmp_ln133)> <Delay = 0.00>
ST_2 : Operation 214 [1/1] (0.00ns)   --->   "%kernel_3_1_0_promoted_load = load i32 %kernel_3_1_0_promoted"   --->   Operation 214 'load' 'kernel_3_1_0_promoted_load' <Predicate = (!icmp_ln133)> <Delay = 0.00>
ST_2 : Operation 215 [1/1] (0.00ns)   --->   "%kernel_3_1_2_promoted_load = load i32 %kernel_3_1_2_promoted"   --->   Operation 215 'load' 'kernel_3_1_2_promoted_load' <Predicate = (!icmp_ln133)> <Delay = 0.00>
ST_2 : Operation 216 [1/1] (0.00ns)   --->   "%kernel_3_0_1_promoted_load = load i32 %kernel_3_0_1_promoted"   --->   Operation 216 'load' 'kernel_3_0_1_promoted_load' <Predicate = (!icmp_ln133)> <Delay = 0.00>
ST_2 : Operation 217 [1/1] (0.00ns)   --->   "%kernel_3_0_0_promoted_load = load i32 %kernel_3_0_0_promoted"   --->   Operation 217 'load' 'kernel_3_0_0_promoted_load' <Predicate = (!icmp_ln133)> <Delay = 0.00>
ST_2 : Operation 218 [1/1] (0.00ns)   --->   "%kernel_3_0_2_promoted_load = load i32 %kernel_3_0_2_promoted"   --->   Operation 218 'load' 'kernel_3_0_2_promoted_load' <Predicate = (!icmp_ln133)> <Delay = 0.00>
ST_2 : Operation 219 [1/1] (0.00ns)   --->   "%kernel_3_2_1_promoted_load = load i32 %kernel_3_2_1_promoted"   --->   Operation 219 'load' 'kernel_3_2_1_promoted_load' <Predicate = (!icmp_ln133)> <Delay = 0.00>
ST_2 : Operation 220 [1/1] (0.00ns)   --->   "%kernel_3_2_0_promoted_load = load i32 %kernel_3_2_0_promoted"   --->   Operation 220 'load' 'kernel_3_2_0_promoted_load' <Predicate = (!icmp_ln133)> <Delay = 0.00>
ST_2 : Operation 221 [1/1] (0.00ns)   --->   "%kernel_3_2_2_promoted_load = load i32 %kernel_3_2_2_promoted"   --->   Operation 221 'load' 'kernel_3_2_2_promoted_load' <Predicate = (!icmp_ln133)> <Delay = 0.00>
ST_2 : Operation 222 [1/1] (0.00ns)   --->   "%or_ln = bitconcatenate i8 @_ssdm_op_BitConcatenate.i8.i3.i3.i2, i3 %n_f_2, i3 %n_f_2, i2 0" [codes_lab5/HLS_sources_final/templatedFuncs.h:26]   --->   Operation 222 'bitconcatenate' 'or_ln' <Predicate = (!icmp_ln133)> <Delay = 0.00>
ST_2 : Operation 223 [2/2] (1.58ns)   --->   "%call_ln26 = call void @Conv_func<4, 26, 4, 24>_Pipeline_Fil_load_ch_Fil_load_r_Fil_load_c, i32 %kernel_3_2_2_promoted_load, i32 %kernel_3_2_0_promoted_load, i32 %kernel_3_2_1_promoted_load, i32 %kernel_3_0_2_promoted_load, i32 %kernel_3_0_0_promoted_load, i32 %kernel_3_0_1_promoted_load, i32 %kernel_3_1_2_promoted_load, i32 %kernel_3_1_0_promoted_load, i32 %kernel_3_1_1_promoted_load, i32 %kernel_0_2_2_promoted_load, i32 %kernel_0_2_0_promoted_load, i32 %kernel_0_2_1_promoted_load, i32 %kernel_0_0_2_promoted_load, i32 %kernel_0_0_0_promoted_load, i32 %kernel_0_0_1_promoted_load, i32 %kernel_0_1_2_promoted_load, i32 %kernel_0_1_0_promoted_load, i32 %kernel_0_1_1_promoted_load, i32 %kernel_1_2_2_promoted_load, i32 %kernel_1_2_0_promoted_load, i32 %kernel_1_2_1_promoted_load, i32 %kernel_1_0_2_promoted_load, i32 %kernel_1_0_0_promoted_load, i32 %kernel_1_0_1_promoted_load, i32 %kernel_1_1_2_promoted_load, i32 %kernel_1_1_0_promoted_load, i32 %kernel_1_1_1_promoted_load, i32 %kernel_2_2_2_promoted_load, i32 %kernel_2_2_0_promoted_load, i32 %kernel_2_2_1_promoted_load, i32 %kernel_2_0_2_promoted_load, i32 %kernel_2_0_0_promoted_load, i32 %kernel_2_0_1_promoted_load, i32 %kernel_2_1_2_promoted_load, i32 %kernel_2_1_0_promoted_load, i32 %kernel_2_1_1_promoted_load, i8 %or_ln, i32 %p_loc, i32 %p_loc108, i32 %p_loc109, i32 %p_loc110, i32 %p_loc111, i32 %p_loc112, i32 %p_loc113, i32 %p_loc114, i32 %p_loc115, i32 %p_loc116, i32 %p_loc117, i32 %p_loc118, i32 %p_loc119, i32 %p_loc120, i32 %p_loc121, i32 %p_loc122, i32 %p_loc123, i32 %p_loc124, i32 %p_loc125, i32 %p_loc126, i32 %p_loc127, i32 %p_loc128, i32 %p_loc129, i32 %p_loc130, i32 %p_loc131, i32 %p_loc132, i32 %p_loc133, i32 %p_loc134, i32 %p_loc135, i32 %p_loc136, i32 %p_loc137, i32 %p_loc138, i32 %p_loc139, i32 %p_loc140, i32 %p_loc141, i32 %p_loc142, i32 %conv2_weight" [codes_lab5/HLS_sources_final/templatedFuncs.h:26]   --->   Operation 223 'call' 'call_ln26' <Predicate = (!icmp_ln133)> <Delay = 1.58> <CoreType = "Generic">   --->   Core 0 '' <Latency = 0> <II = 1> <Delay = 1.00> <Generic> <Opcode : >
ST_2 : Operation 224 [1/1] (0.00ns)   --->   "%ret_ln159 = ret" [codes_lab5/HLS_sources_final/templatedFuncs.h:159]   --->   Operation 224 'ret' 'ret_ln159' <Predicate = (icmp_ln133)> <Delay = 0.00>

State 3 <SV = 2> <Delay = 2.32>
ST_3 : Operation 225 [1/1] (0.00ns)   --->   "%zext_ln133 = zext i3 %n_f_2" [codes_lab5/HLS_sources_final/templatedFuncs.h:133]   --->   Operation 225 'zext' 'zext_ln133' <Predicate = true> <Delay = 0.00>
ST_3 : Operation 226 [1/2] (0.00ns)   --->   "%call_ln26 = call void @Conv_func<4, 26, 4, 24>_Pipeline_Fil_load_ch_Fil_load_r_Fil_load_c, i32 %kernel_3_2_2_promoted_load, i32 %kernel_3_2_0_promoted_load, i32 %kernel_3_2_1_promoted_load, i32 %kernel_3_0_2_promoted_load, i32 %kernel_3_0_0_promoted_load, i32 %kernel_3_0_1_promoted_load, i32 %kernel_3_1_2_promoted_load, i32 %kernel_3_1_0_promoted_load, i32 %kernel_3_1_1_promoted_load, i32 %kernel_0_2_2_promoted_load, i32 %kernel_0_2_0_promoted_load, i32 %kernel_0_2_1_promoted_load, i32 %kernel_0_0_2_promoted_load, i32 %kernel_0_0_0_promoted_load, i32 %kernel_0_0_1_promoted_load, i32 %kernel_0_1_2_promoted_load, i32 %kernel_0_1_0_promoted_load, i32 %kernel_0_1_1_promoted_load, i32 %kernel_1_2_2_promoted_load, i32 %kernel_1_2_0_promoted_load, i32 %kernel_1_2_1_promoted_load, i32 %kernel_1_0_2_promoted_load, i32 %kernel_1_0_0_promoted_load, i32 %kernel_1_0_1_promoted_load, i32 %kernel_1_1_2_promoted_load, i32 %kernel_1_1_0_promoted_load, i32 %kernel_1_1_1_promoted_load, i32 %kernel_2_2_2_promoted_load, i32 %kernel_2_2_0_promoted_load, i32 %kernel_2_2_1_promoted_load, i32 %kernel_2_0_2_promoted_load, i32 %kernel_2_0_0_promoted_load, i32 %kernel_2_0_1_promoted_load, i32 %kernel_2_1_2_promoted_load, i32 %kernel_2_1_0_promoted_load, i32 %kernel_2_1_1_promoted_load, i8 %or_ln, i32 %p_loc, i32 %p_loc108, i32 %p_loc109, i32 %p_loc110, i32 %p_loc111, i32 %p_loc112, i32 %p_loc113, i32 %p_loc114, i32 %p_loc115, i32 %p_loc116, i32 %p_loc117, i32 %p_loc118, i32 %p_loc119, i32 %p_loc120, i32 %p_loc121, i32 %p_loc122, i32 %p_loc123, i32 %p_loc124, i32 %p_loc125, i32 %p_loc126, i32 %p_loc127, i32 %p_loc128, i32 %p_loc129, i32 %p_loc130, i32 %p_loc131, i32 %p_loc132, i32 %p_loc133, i32 %p_loc134, i32 %p_loc135, i32 %p_loc136, i32 %p_loc137, i32 %p_loc138, i32 %p_loc139, i32 %p_loc140, i32 %p_loc141, i32 %p_loc142, i32 %conv2_weight" [codes_lab5/HLS_sources_final/templatedFuncs.h:26]   --->   Operation 226 'call' 'call_ln26' <Predicate = true> <Delay = 0.00> <CoreType = "Generic">   --->   Core 0 '' <Latency = 0> <II = 1> <Delay = 1.00> <Generic> <Opcode : >
ST_3 : Operation 227 [1/1] (0.00ns)   --->   "%conv2_bias_addr = getelementptr i32 %conv2_bias, i64 0, i64 %zext_ln133" [codes_lab5/HLS_sources_final/templatedFuncs.h:133]   --->   Operation 227 'getelementptr' 'conv2_bias_addr' <Predicate = true> <Delay = 0.00>
ST_3 : Operation 228 [2/2] (2.32ns)   --->   "%conv2_bias_load = load i2 %conv2_bias_addr" [codes_lab5/HLS_sources_final/templatedFuncs.h:146]   --->   Operation 228 'load' 'conv2_bias_load' <Predicate = true> <Delay = 2.32> <CoreInst = "ROM">   --->   Core 95 'ROM' <Latency = 1> <II = 1> <Delay = 2.32> <Storage> <Opcode : 'load'> <Ports = 0> <Width = 32> <Depth = 4> <ROM>

State 4 <SV = 3> <Delay = 2.32>
ST_4 : Operation 229 [1/1] (0.00ns)   --->   "%tmp_s = bitconcatenate i8 @_ssdm_op_BitConcatenate.i8.i3.i5, i3 %n_f_2, i5 0" [codes_lab5/HLS_sources_final/templatedFuncs.h:26]   --->   Operation 229 'bitconcatenate' 'tmp_s' <Predicate = true> <Delay = 0.00>
ST_4 : Operation 230 [1/1] (0.00ns)   --->   "%zext_ln26 = zext i8 %tmp_s" [codes_lab5/HLS_sources_final/templatedFuncs.h:26]   --->   Operation 230 'zext' 'zext_ln26' <Predicate = true> <Delay = 0.00>
ST_4 : Operation 231 [1/1] (0.00ns)   --->   "%tmp_25 = bitconcatenate i6 @_ssdm_op_BitConcatenate.i6.i3.i3, i3 %n_f_2, i3 0" [codes_lab5/HLS_sources_final/templatedFuncs.h:146]   --->   Operation 231 'bitconcatenate' 'tmp_25' <Predicate = true> <Delay = 0.00>
ST_4 : Operation 232 [1/1] (0.00ns)   --->   "%zext_ln146 = zext i6 %tmp_25" [codes_lab5/HLS_sources_final/templatedFuncs.h:146]   --->   Operation 232 'zext' 'zext_ln146' <Predicate = true> <Delay = 0.00>
ST_4 : Operation 233 [1/1] (1.91ns)   --->   "%sub_ln146 = sub i9 %zext_ln26, i9 %zext_ln146" [codes_lab5/HLS_sources_final/templatedFuncs.h:146]   --->   Operation 233 'sub' 'sub_ln146' <Predicate = true> <Delay = 1.91> <CoreInst = "Adder">   --->   Core 1 'Adder' <Latency = 0> <II = 1> <Delay = 1.82> <FuncUnit> <Opcode : 'add' 'sub'> <InPorts = 2> <OutPorts = 1>
ST_4 : Operation 234 [1/1] (0.00ns)   --->   "%sext_ln133 = sext i9 %sub_ln146" [codes_lab5/HLS_sources_final/templatedFuncs.h:133]   --->   Operation 234 'sext' 'sext_ln133' <Predicate = true> <Delay = 0.00>
ST_4 : Operation 235 [1/1] (0.00ns)   --->   "%specloopname_ln133 = specloopname void @_ssdm_op_SpecLoopName, void @empty_0" [codes_lab5/HLS_sources_final/templatedFuncs.h:133]   --->   Operation 235 'specloopname' 'specloopname_ln133' <Predicate = true> <Delay = 0.00>
ST_4 : Operation 236 [1/1] (0.00ns)   --->   "%p_loc_load = load i32 %p_loc"   --->   Operation 236 'load' 'p_loc_load' <Predicate = true> <Delay = 0.00>
ST_4 : Operation 237 [1/1] (0.00ns)   --->   "%p_loc108_load = load i32 %p_loc108"   --->   Operation 237 'load' 'p_loc108_load' <Predicate = true> <Delay = 0.00>
ST_4 : Operation 238 [1/1] (0.00ns)   --->   "%p_loc109_load = load i32 %p_loc109"   --->   Operation 238 'load' 'p_loc109_load' <Predicate = true> <Delay = 0.00>
ST_4 : Operation 239 [1/1] (0.00ns)   --->   "%p_loc110_load = load i32 %p_loc110"   --->   Operation 239 'load' 'p_loc110_load' <Predicate = true> <Delay = 0.00>
ST_4 : Operation 240 [1/1] (0.00ns)   --->   "%p_loc111_load = load i32 %p_loc111"   --->   Operation 240 'load' 'p_loc111_load' <Predicate = true> <Delay = 0.00>
ST_4 : Operation 241 [1/1] (0.00ns)   --->   "%p_loc112_load = load i32 %p_loc112"   --->   Operation 241 'load' 'p_loc112_load' <Predicate = true> <Delay = 0.00>
ST_4 : Operation 242 [1/1] (0.00ns)   --->   "%p_loc113_load = load i32 %p_loc113"   --->   Operation 242 'load' 'p_loc113_load' <Predicate = true> <Delay = 0.00>
ST_4 : Operation 243 [1/1] (0.00ns)   --->   "%p_loc114_load = load i32 %p_loc114"   --->   Operation 243 'load' 'p_loc114_load' <Predicate = true> <Delay = 0.00>
ST_4 : Operation 244 [1/1] (0.00ns)   --->   "%p_loc115_load = load i32 %p_loc115"   --->   Operation 244 'load' 'p_loc115_load' <Predicate = true> <Delay = 0.00>
ST_4 : Operation 245 [1/1] (0.00ns)   --->   "%p_loc116_load = load i32 %p_loc116"   --->   Operation 245 'load' 'p_loc116_load' <Predicate = true> <Delay = 0.00>
ST_4 : Operation 246 [1/1] (0.00ns)   --->   "%p_loc117_load = load i32 %p_loc117"   --->   Operation 246 'load' 'p_loc117_load' <Predicate = true> <Delay = 0.00>
ST_4 : Operation 247 [1/1] (0.00ns)   --->   "%p_loc118_load = load i32 %p_loc118"   --->   Operation 247 'load' 'p_loc118_load' <Predicate = true> <Delay = 0.00>
ST_4 : Operation 248 [1/1] (0.00ns)   --->   "%p_loc119_load = load i32 %p_loc119"   --->   Operation 248 'load' 'p_loc119_load' <Predicate = true> <Delay = 0.00>
ST_4 : Operation 249 [1/1] (0.00ns)   --->   "%p_loc120_load = load i32 %p_loc120"   --->   Operation 249 'load' 'p_loc120_load' <Predicate = true> <Delay = 0.00>
ST_4 : Operation 250 [1/1] (0.00ns)   --->   "%p_loc121_load = load i32 %p_loc121"   --->   Operation 250 'load' 'p_loc121_load' <Predicate = true> <Delay = 0.00>
ST_4 : Operation 251 [1/1] (0.00ns)   --->   "%p_loc122_load = load i32 %p_loc122"   --->   Operation 251 'load' 'p_loc122_load' <Predicate = true> <Delay = 0.00>
ST_4 : Operation 252 [1/1] (0.00ns)   --->   "%p_loc123_load = load i32 %p_loc123"   --->   Operation 252 'load' 'p_loc123_load' <Predicate = true> <Delay = 0.00>
ST_4 : Operation 253 [1/1] (0.00ns)   --->   "%p_loc124_load = load i32 %p_loc124"   --->   Operation 253 'load' 'p_loc124_load' <Predicate = true> <Delay = 0.00>
ST_4 : Operation 254 [1/1] (0.00ns)   --->   "%p_loc125_load = load i32 %p_loc125"   --->   Operation 254 'load' 'p_loc125_load' <Predicate = true> <Delay = 0.00>
ST_4 : Operation 255 [1/1] (0.00ns)   --->   "%p_loc126_load = load i32 %p_loc126"   --->   Operation 255 'load' 'p_loc126_load' <Predicate = true> <Delay = 0.00>
ST_4 : Operation 256 [1/1] (0.00ns)   --->   "%p_loc127_load = load i32 %p_loc127"   --->   Operation 256 'load' 'p_loc127_load' <Predicate = true> <Delay = 0.00>
ST_4 : Operation 257 [1/1] (0.00ns)   --->   "%p_loc128_load = load i32 %p_loc128"   --->   Operation 257 'load' 'p_loc128_load' <Predicate = true> <Delay = 0.00>
ST_4 : Operation 258 [1/1] (0.00ns)   --->   "%p_loc129_load = load i32 %p_loc129"   --->   Operation 258 'load' 'p_loc129_load' <Predicate = true> <Delay = 0.00>
ST_4 : Operation 259 [1/1] (0.00ns)   --->   "%p_loc130_load = load i32 %p_loc130"   --->   Operation 259 'load' 'p_loc130_load' <Predicate = true> <Delay = 0.00>
ST_4 : Operation 260 [1/1] (0.00ns)   --->   "%p_loc131_load = load i32 %p_loc131"   --->   Operation 260 'load' 'p_loc131_load' <Predicate = true> <Delay = 0.00>
ST_4 : Operation 261 [1/1] (0.00ns)   --->   "%p_loc132_load = load i32 %p_loc132"   --->   Operation 261 'load' 'p_loc132_load' <Predicate = true> <Delay = 0.00>
ST_4 : Operation 262 [1/1] (0.00ns)   --->   "%p_loc133_load = load i32 %p_loc133"   --->   Operation 262 'load' 'p_loc133_load' <Predicate = true> <Delay = 0.00>
ST_4 : Operation 263 [1/1] (0.00ns)   --->   "%p_loc134_load = load i32 %p_loc134"   --->   Operation 263 'load' 'p_loc134_load' <Predicate = true> <Delay = 0.00>
ST_4 : Operation 264 [1/1] (0.00ns)   --->   "%p_loc135_load = load i32 %p_loc135"   --->   Operation 264 'load' 'p_loc135_load' <Predicate = true> <Delay = 0.00>
ST_4 : Operation 265 [1/1] (0.00ns)   --->   "%p_loc136_load = load i32 %p_loc136"   --->   Operation 265 'load' 'p_loc136_load' <Predicate = true> <Delay = 0.00>
ST_4 : Operation 266 [1/1] (0.00ns)   --->   "%p_loc137_load = load i32 %p_loc137"   --->   Operation 266 'load' 'p_loc137_load' <Predicate = true> <Delay = 0.00>
ST_4 : Operation 267 [1/1] (0.00ns)   --->   "%p_loc138_load = load i32 %p_loc138"   --->   Operation 267 'load' 'p_loc138_load' <Predicate = true> <Delay = 0.00>
ST_4 : Operation 268 [1/1] (0.00ns)   --->   "%p_loc139_load = load i32 %p_loc139"   --->   Operation 268 'load' 'p_loc139_load' <Predicate = true> <Delay = 0.00>
ST_4 : Operation 269 [1/1] (0.00ns)   --->   "%p_loc140_load = load i32 %p_loc140"   --->   Operation 269 'load' 'p_loc140_load' <Predicate = true> <Delay = 0.00>
ST_4 : Operation 270 [1/1] (0.00ns)   --->   "%p_loc141_load = load i32 %p_loc141"   --->   Operation 270 'load' 'p_loc141_load' <Predicate = true> <Delay = 0.00>
ST_4 : Operation 271 [1/1] (0.00ns)   --->   "%p_loc142_load = load i32 %p_loc142"   --->   Operation 271 'load' 'p_loc142_load' <Predicate = true> <Delay = 0.00>
ST_4 : Operation 272 [1/2] (2.32ns)   --->   "%conv2_bias_load = load i2 %conv2_bias_addr" [codes_lab5/HLS_sources_final/templatedFuncs.h:146]   --->   Operation 272 'load' 'conv2_bias_load' <Predicate = true> <Delay = 2.32> <CoreInst = "ROM">   --->   Core 95 'ROM' <Latency = 1> <II = 1> <Delay = 2.32> <Storage> <Opcode : 'load'> <Ports = 0> <Width = 32> <Depth = 4> <ROM>
ST_4 : Operation 273 [1/1] (1.58ns)   --->   "%br_ln137 = br void %for.body13" [codes_lab5/HLS_sources_final/templatedFuncs.h:137]   --->   Operation 273 'br' 'br_ln137' <Predicate = true> <Delay = 1.58>

State 5 <SV = 4> <Delay = 3.57>
ST_5 : Operation 274 [1/1] (0.00ns)   --->   "%indvar_flatten219 = phi i12 0, void %inCh.split, i12 %add_ln137_1, void %for.inc" [codes_lab5/HLS_sources_final/templatedFuncs.h:137]   --->   Operation 274 'phi' 'indvar_flatten219' <Predicate = true> <Delay = 0.00>
ST_5 : Operation 275 [1/1] (0.00ns)   --->   "%kch = phi i3 0, void %inCh.split, i3 %select_ln137_1, void %for.inc" [codes_lab5/HLS_sources_final/templatedFuncs.h:137]   --->   Operation 275 'phi' 'kch' <Predicate = true> <Delay = 0.00>
ST_5 : Operation 276 [1/1] (0.00ns)   --->   "%indvar_flatten157 = phi i10 0, void %inCh.split, i10 %select_ln139_3, void %for.inc" [codes_lab5/HLS_sources_final/templatedFuncs.h:139]   --->   Operation 276 'phi' 'indvar_flatten157' <Predicate = true> <Delay = 0.00>
ST_5 : Operation 277 [1/1] (0.00ns)   --->   "%oh = phi i5 0, void %inCh.split, i5 %select_ln139_2, void %for.inc" [codes_lab5/HLS_sources_final/templatedFuncs.h:139]   --->   Operation 277 'phi' 'oh' <Predicate = true> <Delay = 0.00>
ST_5 : Operation 278 [1/1] (0.00ns)   --->   "%ow = phi i5 0, void %inCh.split, i5 %add_ln141, void %for.inc" [codes_lab5/HLS_sources_final/templatedFuncs.h:141]   --->   Operation 278 'phi' 'ow' <Predicate = true> <Delay = 0.00>
ST_5 : Operation 279 [1/1] (1.99ns)   --->   "%icmp_ln137 = icmp_eq  i12 %indvar_flatten219, i12 2304" [codes_lab5/HLS_sources_final/templatedFuncs.h:137]   --->   Operation 279 'icmp' 'icmp_ln137' <Predicate = true> <Delay = 1.99> <CoreInst = "Cmp">   --->   Core 9 'Cmp' <Latency = 0> <II = 1> <Delay = 1.99> <FuncUnit> <Opcode : 'icmp'> <InPorts = 2> <OutPorts = 1>
ST_5 : Operation 280 [1/1] (1.54ns)   --->   "%add_ln137_1 = add i12 %indvar_flatten219, i12 1" [codes_lab5/HLS_sources_final/templatedFuncs.h:137]   --->   Operation 280 'add' 'add_ln137_1' <Predicate = true> <Delay = 1.54> <CoreInst = "Adder">   --->   Core 1 'Adder' <Latency = 0> <II = 1> <Delay = 1.54> <FuncUnit> <Opcode : 'add' 'sub'> <InPorts = 2> <OutPorts = 1>
ST_5 : Operation 281 [1/1] (0.00ns)   --->   "%br_ln137 = br i1 %icmp_ln137, void %for.inc45, void %for.inc48" [codes_lab5/HLS_sources_final/templatedFuncs.h:137]   --->   Operation 281 'br' 'br_ln137' <Predicate = true> <Delay = 0.00>
ST_5 : Operation 282 [1/1] (1.77ns)   --->   "%icmp_ln139 = icmp_eq  i10 %indvar_flatten157, i10 576" [codes_lab5/HLS_sources_final/templatedFuncs.h:139]   --->   Operation 282 'icmp' 'icmp_ln139' <Predicate = (!icmp_ln137)> <Delay = 1.77> <CoreInst = "Cmp">   --->   Core 9 'Cmp' <Latency = 0> <II = 1> <Delay = 1.77> <FuncUnit> <Opcode : 'icmp'> <InPorts = 2> <OutPorts = 1>
ST_5 : Operation 283 [1/1] (1.21ns)   --->   "%select_ln137 = select i1 %icmp_ln139, i5 0, i5 %oh" [codes_lab5/HLS_sources_final/templatedFuncs.h:137]   --->   Operation 283 'select' 'select_ln137' <Predicate = (!icmp_ln137)> <Delay = 1.21> <CoreInst = "Sel">   --->   Core 73 'Sel' <Latency = 0> <II = 1> <Delay = 1.21> <FuncUnit> <Opcode : 'select'> <InPorts = 3> <OutPorts = 1>
ST_5 : Operation 284 [1/1] (0.00ns)   --->   "%store_ln133 = store i32 %p_loc_load, i32 %kernel_3_2_2_promoted" [codes_lab5/HLS_sources_final/templatedFuncs.h:133]   --->   Operation 284 'store' 'store_ln133' <Predicate = (icmp_ln137)> <Delay = 0.00>
ST_5 : Operation 285 [1/1] (0.00ns)   --->   "%store_ln133 = store i32 %p_loc108_load, i32 %kernel_3_2_0_promoted" [codes_lab5/HLS_sources_final/templatedFuncs.h:133]   --->   Operation 285 'store' 'store_ln133' <Predicate = (icmp_ln137)> <Delay = 0.00>
ST_5 : Operation 286 [1/1] (0.00ns)   --->   "%store_ln133 = store i32 %p_loc109_load, i32 %kernel_3_2_1_promoted" [codes_lab5/HLS_sources_final/templatedFuncs.h:133]   --->   Operation 286 'store' 'store_ln133' <Predicate = (icmp_ln137)> <Delay = 0.00>
ST_5 : Operation 287 [1/1] (0.00ns)   --->   "%store_ln133 = store i32 %p_loc110_load, i32 %kernel_3_0_2_promoted" [codes_lab5/HLS_sources_final/templatedFuncs.h:133]   --->   Operation 287 'store' 'store_ln133' <Predicate = (icmp_ln137)> <Delay = 0.00>
ST_5 : Operation 288 [1/1] (0.00ns)   --->   "%store_ln133 = store i32 %p_loc111_load, i32 %kernel_3_0_0_promoted" [codes_lab5/HLS_sources_final/templatedFuncs.h:133]   --->   Operation 288 'store' 'store_ln133' <Predicate = (icmp_ln137)> <Delay = 0.00>
ST_5 : Operation 289 [1/1] (0.00ns)   --->   "%store_ln133 = store i32 %p_loc112_load, i32 %kernel_3_0_1_promoted" [codes_lab5/HLS_sources_final/templatedFuncs.h:133]   --->   Operation 289 'store' 'store_ln133' <Predicate = (icmp_ln137)> <Delay = 0.00>
ST_5 : Operation 290 [1/1] (0.00ns)   --->   "%store_ln133 = store i32 %p_loc113_load, i32 %kernel_3_1_2_promoted" [codes_lab5/HLS_sources_final/templatedFuncs.h:133]   --->   Operation 290 'store' 'store_ln133' <Predicate = (icmp_ln137)> <Delay = 0.00>
ST_5 : Operation 291 [1/1] (0.00ns)   --->   "%store_ln133 = store i32 %p_loc114_load, i32 %kernel_3_1_0_promoted" [codes_lab5/HLS_sources_final/templatedFuncs.h:133]   --->   Operation 291 'store' 'store_ln133' <Predicate = (icmp_ln137)> <Delay = 0.00>
ST_5 : Operation 292 [1/1] (0.00ns)   --->   "%store_ln133 = store i32 %p_loc115_load, i32 %kernel_3_1_1_promoted" [codes_lab5/HLS_sources_final/templatedFuncs.h:133]   --->   Operation 292 'store' 'store_ln133' <Predicate = (icmp_ln137)> <Delay = 0.00>
ST_5 : Operation 293 [1/1] (0.00ns)   --->   "%store_ln133 = store i32 %p_loc116_load, i32 %kernel_0_2_2_promoted" [codes_lab5/HLS_sources_final/templatedFuncs.h:133]   --->   Operation 293 'store' 'store_ln133' <Predicate = (icmp_ln137)> <Delay = 0.00>
ST_5 : Operation 294 [1/1] (0.00ns)   --->   "%store_ln133 = store i32 %p_loc117_load, i32 %kernel_0_2_0_promoted" [codes_lab5/HLS_sources_final/templatedFuncs.h:133]   --->   Operation 294 'store' 'store_ln133' <Predicate = (icmp_ln137)> <Delay = 0.00>
ST_5 : Operation 295 [1/1] (0.00ns)   --->   "%store_ln133 = store i32 %p_loc118_load, i32 %kernel_0_2_1_promoted" [codes_lab5/HLS_sources_final/templatedFuncs.h:133]   --->   Operation 295 'store' 'store_ln133' <Predicate = (icmp_ln137)> <Delay = 0.00>
ST_5 : Operation 296 [1/1] (0.00ns)   --->   "%store_ln133 = store i32 %p_loc119_load, i32 %kernel_0_0_2_promoted" [codes_lab5/HLS_sources_final/templatedFuncs.h:133]   --->   Operation 296 'store' 'store_ln133' <Predicate = (icmp_ln137)> <Delay = 0.00>
ST_5 : Operation 297 [1/1] (0.00ns)   --->   "%store_ln133 = store i32 %p_loc120_load, i32 %kernel_0_0_0_promoted" [codes_lab5/HLS_sources_final/templatedFuncs.h:133]   --->   Operation 297 'store' 'store_ln133' <Predicate = (icmp_ln137)> <Delay = 0.00>
ST_5 : Operation 298 [1/1] (0.00ns)   --->   "%store_ln133 = store i32 %p_loc121_load, i32 %kernel_0_0_1_promoted" [codes_lab5/HLS_sources_final/templatedFuncs.h:133]   --->   Operation 298 'store' 'store_ln133' <Predicate = (icmp_ln137)> <Delay = 0.00>
ST_5 : Operation 299 [1/1] (0.00ns)   --->   "%store_ln133 = store i32 %p_loc122_load, i32 %kernel_0_1_2_promoted" [codes_lab5/HLS_sources_final/templatedFuncs.h:133]   --->   Operation 299 'store' 'store_ln133' <Predicate = (icmp_ln137)> <Delay = 0.00>
ST_5 : Operation 300 [1/1] (0.00ns)   --->   "%store_ln133 = store i32 %p_loc123_load, i32 %kernel_0_1_0_promoted" [codes_lab5/HLS_sources_final/templatedFuncs.h:133]   --->   Operation 300 'store' 'store_ln133' <Predicate = (icmp_ln137)> <Delay = 0.00>
ST_5 : Operation 301 [1/1] (0.00ns)   --->   "%store_ln133 = store i32 %p_loc124_load, i32 %kernel_0_1_1_promoted" [codes_lab5/HLS_sources_final/templatedFuncs.h:133]   --->   Operation 301 'store' 'store_ln133' <Predicate = (icmp_ln137)> <Delay = 0.00>
ST_5 : Operation 302 [1/1] (0.00ns)   --->   "%store_ln133 = store i32 %p_loc125_load, i32 %kernel_1_2_2_promoted" [codes_lab5/HLS_sources_final/templatedFuncs.h:133]   --->   Operation 302 'store' 'store_ln133' <Predicate = (icmp_ln137)> <Delay = 0.00>
ST_5 : Operation 303 [1/1] (0.00ns)   --->   "%store_ln133 = store i32 %p_loc126_load, i32 %kernel_1_2_0_promoted" [codes_lab5/HLS_sources_final/templatedFuncs.h:133]   --->   Operation 303 'store' 'store_ln133' <Predicate = (icmp_ln137)> <Delay = 0.00>
ST_5 : Operation 304 [1/1] (0.00ns)   --->   "%store_ln133 = store i32 %p_loc127_load, i32 %kernel_1_2_1_promoted" [codes_lab5/HLS_sources_final/templatedFuncs.h:133]   --->   Operation 304 'store' 'store_ln133' <Predicate = (icmp_ln137)> <Delay = 0.00>
ST_5 : Operation 305 [1/1] (0.00ns)   --->   "%store_ln133 = store i32 %p_loc128_load, i32 %kernel_1_0_2_promoted" [codes_lab5/HLS_sources_final/templatedFuncs.h:133]   --->   Operation 305 'store' 'store_ln133' <Predicate = (icmp_ln137)> <Delay = 0.00>
ST_5 : Operation 306 [1/1] (0.00ns)   --->   "%store_ln133 = store i32 %p_loc129_load, i32 %kernel_1_0_0_promoted" [codes_lab5/HLS_sources_final/templatedFuncs.h:133]   --->   Operation 306 'store' 'store_ln133' <Predicate = (icmp_ln137)> <Delay = 0.00>
ST_5 : Operation 307 [1/1] (0.00ns)   --->   "%store_ln133 = store i32 %p_loc130_load, i32 %kernel_1_0_1_promoted" [codes_lab5/HLS_sources_final/templatedFuncs.h:133]   --->   Operation 307 'store' 'store_ln133' <Predicate = (icmp_ln137)> <Delay = 0.00>
ST_5 : Operation 308 [1/1] (0.00ns)   --->   "%store_ln133 = store i32 %p_loc131_load, i32 %kernel_1_1_2_promoted" [codes_lab5/HLS_sources_final/templatedFuncs.h:133]   --->   Operation 308 'store' 'store_ln133' <Predicate = (icmp_ln137)> <Delay = 0.00>
ST_5 : Operation 309 [1/1] (0.00ns)   --->   "%store_ln133 = store i32 %p_loc132_load, i32 %kernel_1_1_0_promoted" [codes_lab5/HLS_sources_final/templatedFuncs.h:133]   --->   Operation 309 'store' 'store_ln133' <Predicate = (icmp_ln137)> <Delay = 0.00>
ST_5 : Operation 310 [1/1] (0.00ns)   --->   "%store_ln133 = store i32 %p_loc133_load, i32 %kernel_1_1_1_promoted" [codes_lab5/HLS_sources_final/templatedFuncs.h:133]   --->   Operation 310 'store' 'store_ln133' <Predicate = (icmp_ln137)> <Delay = 0.00>
ST_5 : Operation 311 [1/1] (0.00ns)   --->   "%store_ln133 = store i32 %p_loc134_load, i32 %kernel_2_2_2_promoted" [codes_lab5/HLS_sources_final/templatedFuncs.h:133]   --->   Operation 311 'store' 'store_ln133' <Predicate = (icmp_ln137)> <Delay = 0.00>
ST_5 : Operation 312 [1/1] (0.00ns)   --->   "%store_ln133 = store i32 %p_loc135_load, i32 %kernel_2_2_0_promoted" [codes_lab5/HLS_sources_final/templatedFuncs.h:133]   --->   Operation 312 'store' 'store_ln133' <Predicate = (icmp_ln137)> <Delay = 0.00>
ST_5 : Operation 313 [1/1] (0.00ns)   --->   "%store_ln133 = store i32 %p_loc136_load, i32 %kernel_2_2_1_promoted" [codes_lab5/HLS_sources_final/templatedFuncs.h:133]   --->   Operation 313 'store' 'store_ln133' <Predicate = (icmp_ln137)> <Delay = 0.00>
ST_5 : Operation 314 [1/1] (0.00ns)   --->   "%store_ln133 = store i32 %p_loc137_load, i32 %kernel_2_0_2_promoted" [codes_lab5/HLS_sources_final/templatedFuncs.h:133]   --->   Operation 314 'store' 'store_ln133' <Predicate = (icmp_ln137)> <Delay = 0.00>
ST_5 : Operation 315 [1/1] (0.00ns)   --->   "%store_ln133 = store i32 %p_loc138_load, i32 %kernel_2_0_0_promoted" [codes_lab5/HLS_sources_final/templatedFuncs.h:133]   --->   Operation 315 'store' 'store_ln133' <Predicate = (icmp_ln137)> <Delay = 0.00>
ST_5 : Operation 316 [1/1] (0.00ns)   --->   "%store_ln133 = store i32 %p_loc139_load, i32 %kernel_2_0_1_promoted" [codes_lab5/HLS_sources_final/templatedFuncs.h:133]   --->   Operation 316 'store' 'store_ln133' <Predicate = (icmp_ln137)> <Delay = 0.00>
ST_5 : Operation 317 [1/1] (0.00ns)   --->   "%store_ln133 = store i32 %p_loc140_load, i32 %kernel_2_1_2_promoted" [codes_lab5/HLS_sources_final/templatedFuncs.h:133]   --->   Operation 317 'store' 'store_ln133' <Predicate = (icmp_ln137)> <Delay = 0.00>
ST_5 : Operation 318 [1/1] (0.00ns)   --->   "%store_ln133 = store i32 %p_loc141_load, i32 %kernel_2_1_0_promoted" [codes_lab5/HLS_sources_final/templatedFuncs.h:133]   --->   Operation 318 'store' 'store_ln133' <Predicate = (icmp_ln137)> <Delay = 0.00>
ST_5 : Operation 319 [1/1] (0.00ns)   --->   "%store_ln133 = store i32 %p_loc142_load, i32 %kernel_2_1_1_promoted" [codes_lab5/HLS_sources_final/templatedFuncs.h:133]   --->   Operation 319 'store' 'store_ln133' <Predicate = (icmp_ln137)> <Delay = 0.00>
ST_5 : Operation 320 [1/1] (1.58ns)   --->   "%store_ln133 = store i3 %add_ln133, i3 %n_f" [codes_lab5/HLS_sources_final/templatedFuncs.h:133]   --->   Operation 320 'store' 'store_ln133' <Predicate = (icmp_ln137)> <Delay = 1.58>
ST_5 : Operation 321 [1/1] (0.00ns)   --->   "%br_ln133 = br void %inCh" [codes_lab5/HLS_sources_final/templatedFuncs.h:133]   --->   Operation 321 'br' 'br_ln133' <Predicate = (icmp_ln137)> <Delay = 0.00>

State 6 <SV = 5> <Delay = 7.01>
ST_6 : Operation 322 [1/1] (1.65ns)   --->   "%add_ln137 = add i3 %kch, i3 1" [codes_lab5/HLS_sources_final/templatedFuncs.h:137]   --->   Operation 322 'add' 'add_ln137' <Predicate = true> <Delay = 1.65> <CoreInst = "Adder">   --->   Core 1 'Adder' <Latency = 0> <II = 1> <Delay = 1.65> <FuncUnit> <Opcode : 'add' 'sub'> <InPorts = 2> <OutPorts = 1>
ST_6 : Operation 323 [1/1] (0.00ns)   --->   "%specloopname_ln0 = specloopname void @_ssdm_op_SpecLoopName, void @inCh_VS_HS_str"   --->   Operation 323 'specloopname' 'specloopname_ln0' <Predicate = true> <Delay = 0.00>
ST_6 : Operation 324 [1/1] (0.00ns)   --->   "%empty_190 = speclooptripcount i32 @_ssdm_op_SpecLoopTripCount, i64 2304, i64 2304, i64 2304"   --->   Operation 324 'speclooptripcount' 'empty_190' <Predicate = true> <Delay = 0.00>
ST_6 : Operation 325 [1/1] (0.98ns)   --->   "%select_ln137_1 = select i1 %icmp_ln139, i3 %add_ln137, i3 %kch" [codes_lab5/HLS_sources_final/templatedFuncs.h:137]   --->   Operation 325 'select' 'select_ln137_1' <Predicate = true> <Delay = 0.98> <CoreInst = "Sel">   --->   Core 73 'Sel' <Latency = 0> <II = 1> <Delay = 0.98> <FuncUnit> <Opcode : 'select'> <InPorts = 3> <OutPorts = 1>
ST_6 : Operation 326 [1/1] (0.00ns)   --->   "%zext_ln52 = zext i3 %select_ln137_1" [codes_lab5/HLS_sources_final/templatedFuncs.h:52]   --->   Operation 326 'zext' 'zext_ln52' <Predicate = true> <Delay = 0.00>
ST_6 : Operation 327 [1/1] (3.78ns)   --->   "%mul_ln52 = mul i8 %zext_ln52, i8 26" [codes_lab5/HLS_sources_final/templatedFuncs.h:52]   --->   Operation 327 'mul' 'mul_ln52' <Predicate = true> <Delay = 3.78> <CoreInst = "Multiplier">   --->   Core 3 'Multiplier' <Latency = 0> <II = 1> <Delay = 3.78> <FuncUnit> <Opcode : 'mul'> <InPorts = 2> <OutPorts = 1>
ST_6 : Operation 328 [1/1] (1.13ns)   --->   "%cmp15_mid1 = icmp_eq  i3 %add_ln137, i3 0" [codes_lab5/HLS_sources_final/templatedFuncs.h:137]   --->   Operation 328 'icmp' 'cmp15_mid1' <Predicate = (icmp_ln139)> <Delay = 1.13> <CoreInst = "Cmp">   --->   Core 9 'Cmp' <Latency = 0> <II = 1> <Delay = 1.13> <FuncUnit> <Opcode : 'icmp'> <InPorts = 2> <OutPorts = 1>
ST_6 : Operation 329 [1/1] (1.13ns)   --->   "%cmp1597 = icmp_eq  i3 %kch, i3 0" [codes_lab5/HLS_sources_final/templatedFuncs.h:137]   --->   Operation 329 'icmp' 'cmp1597' <Predicate = (!icmp_ln139)> <Delay = 1.13> <CoreInst = "Cmp">   --->   Core 9 'Cmp' <Latency = 0> <II = 1> <Delay = 1.13> <FuncUnit> <Opcode : 'icmp'> <InPorts = 2> <OutPorts = 1>
ST_6 : Operation 330 [1/1] (0.99ns)   --->   "%select_ln137_2 = select i1 %icmp_ln139, i1 %cmp15_mid1, i1 %cmp1597" [codes_lab5/HLS_sources_final/templatedFuncs.h:137]   --->   Operation 330 'select' 'select_ln137_2' <Predicate = true> <Delay = 0.99> <CoreInst = "Sel">   --->   Core 73 'Sel' <Latency = 0> <II = 1> <Delay = 0.99> <FuncUnit> <Opcode : 'select'> <InPorts = 3> <OutPorts = 1>
ST_6 : Operation 331 [1/1] (1.13ns)   --->   "%cmp28_mid1 = icmp_eq  i3 %add_ln137, i3 3" [codes_lab5/HLS_sources_final/templatedFuncs.h:137]   --->   Operation 331 'icmp' 'cmp28_mid1' <Predicate = (icmp_ln139)> <Delay = 1.13> <CoreInst = "Cmp">   --->   Core 9 'Cmp' <Latency = 0> <II = 1> <Delay = 1.13> <FuncUnit> <Opcode : 'icmp'> <InPorts = 2> <OutPorts = 1>
ST_6 : Operation 332 [1/1] (1.13ns)   --->   "%cmp2896 = icmp_eq  i3 %kch, i3 3" [codes_lab5/HLS_sources_final/templatedFuncs.h:137]   --->   Operation 332 'icmp' 'cmp2896' <Predicate = (!icmp_ln139)> <Delay = 1.13> <CoreInst = "Cmp">   --->   Core 9 'Cmp' <Latency = 0> <II = 1> <Delay = 1.13> <FuncUnit> <Opcode : 'icmp'> <InPorts = 2> <OutPorts = 1>
ST_6 : Operation 333 [1/1] (0.99ns)   --->   "%select_ln137_3 = select i1 %icmp_ln139, i1 %cmp28_mid1, i1 %cmp2896" [codes_lab5/HLS_sources_final/templatedFuncs.h:137]   --->   Operation 333 'select' 'select_ln137_3' <Predicate = true> <Delay = 0.99> <CoreInst = "Sel">   --->   Core 73 'Sel' <Latency = 0> <II = 1> <Delay = 0.99> <FuncUnit> <Opcode : 'select'> <InPorts = 3> <OutPorts = 1>
ST_6 : Operation 334 [1/1] (0.00ns)   --->   "%trunc_ln137 = trunc i3 %select_ln137_1" [codes_lab5/HLS_sources_final/templatedFuncs.h:137]   --->   Operation 334 'trunc' 'trunc_ln137' <Predicate = true> <Delay = 0.00>
ST_6 : Operation 335 [1/1] (0.00ns) (grouped into LUT with out node and_ln137)   --->   "%xor_ln137 = xor i1 %icmp_ln139, i1 1" [codes_lab5/HLS_sources_final/templatedFuncs.h:137]   --->   Operation 335 'xor' 'xor_ln137' <Predicate = true> <Delay = 0.00> <CoreInst = "LogicGate">   --->   Core 74 'LogicGate' <Latency = 0> <II = 1> <Delay = 0.97> <FuncUnit> <Opcode : 'and' 'or' 'xor'> <InPorts = 2> <OutPorts = 1>
ST_6 : Operation 336 [1/1] (1.36ns)   --->   "%icmp_ln141 = icmp_eq  i5 %ow, i5 24" [codes_lab5/HLS_sources_final/templatedFuncs.h:141]   --->   Operation 336 'icmp' 'icmp_ln141' <Predicate = true> <Delay = 1.36> <CoreInst = "Cmp">   --->   Core 9 'Cmp' <Latency = 0> <II = 1> <Delay = 1.36> <FuncUnit> <Opcode : 'icmp'> <InPorts = 2> <OutPorts = 1>
ST_6 : Operation 337 [1/1] (0.97ns) (out node of the LUT)   --->   "%and_ln137 = and i1 %icmp_ln141, i1 %xor_ln137" [codes_lab5/HLS_sources_final/templatedFuncs.h:137]   --->   Operation 337 'and' 'and_ln137' <Predicate = true> <Delay = 0.97> <CoreInst = "LogicGate">   --->   Core 74 'LogicGate' <Latency = 0> <II = 1> <Delay = 0.97> <FuncUnit> <Opcode : 'and' 'or' 'xor'> <InPorts = 2> <OutPorts = 1>
ST_6 : Operation 338 [1/1] (1.78ns)   --->   "%add_ln139 = add i5 %select_ln137, i5 1" [codes_lab5/HLS_sources_final/templatedFuncs.h:139]   --->   Operation 338 'add' 'add_ln139' <Predicate = true> <Delay = 1.78> <CoreInst = "Adder">   --->   Core 1 'Adder' <Latency = 0> <II = 1> <Delay = 1.78> <FuncUnit> <Opcode : 'add' 'sub'> <InPorts = 2> <OutPorts = 1>
ST_6 : Operation 339 [1/1] (0.00ns)   --->   "%specloopname_ln0 = specloopname void @_ssdm_op_SpecLoopName, void @VS_HS_str"   --->   Operation 339 'specloopname' 'specloopname_ln0' <Predicate = true> <Delay = 0.00>
ST_6 : Operation 340 [1/1] (0.00ns) (grouped into LUT with out node select_ln139)   --->   "%or_ln139 = or i1 %and_ln137, i1 %icmp_ln139" [codes_lab5/HLS_sources_final/templatedFuncs.h:139]   --->   Operation 340 'or' 'or_ln139' <Predicate = true> <Delay = 0.00> <CoreInst = "LogicGate">   --->   Core 74 'LogicGate' <Latency = 0> <II = 1> <Delay = 0.97> <FuncUnit> <Opcode : 'and' 'or' 'xor'> <InPorts = 2> <OutPorts = 1>
ST_6 : Operation 341 [1/1] (1.21ns) (out node of the LUT)   --->   "%select_ln139 = select i1 %or_ln139, i5 0, i5 %ow" [codes_lab5/HLS_sources_final/templatedFuncs.h:139]   --->   Operation 341 'select' 'select_ln139' <Predicate = true> <Delay = 1.21> <CoreInst = "Sel">   --->   Core 73 'Sel' <Latency = 0> <II = 1> <Delay = 1.21> <FuncUnit> <Opcode : 'select'> <InPorts = 3> <OutPorts = 1>
ST_6 : Operation 342 [1/1] (1.21ns)   --->   "%select_ln139_2 = select i1 %and_ln137, i5 %add_ln139, i5 %select_ln137" [codes_lab5/HLS_sources_final/templatedFuncs.h:139]   --->   Operation 342 'select' 'select_ln139_2' <Predicate = true> <Delay = 1.21> <CoreInst = "Sel">   --->   Core 73 'Sel' <Latency = 0> <II = 1> <Delay = 1.21> <FuncUnit> <Opcode : 'select'> <InPorts = 3> <OutPorts = 1>
ST_6 : Operation 343 [1/1] (0.00ns)   --->   "%zext_ln146_1 = zext i5 %select_ln139_2" [codes_lab5/HLS_sources_final/templatedFuncs.h:146]   --->   Operation 343 'zext' 'zext_ln146_1' <Predicate = true> <Delay = 0.00>
ST_6 : Operation 344 [1/1] (1.82ns)   --->   "%add_ln146 = add i10 %sext_ln133, i10 %zext_ln146_1" [codes_lab5/HLS_sources_final/templatedFuncs.h:146]   --->   Operation 344 'add' 'add_ln146' <Predicate = true> <Delay = 1.82> <CoreInst = "Adder">   --->   Core 1 'Adder' <Latency = 0> <II = 1> <Delay = 1.73> <FuncUnit> <Opcode : 'add' 'sub'> <InPorts = 2> <OutPorts = 1>
ST_6 : Operation 345 [1/1] (0.00ns)   --->   "%trunc_ln146 = trunc i10 %add_ln146" [codes_lab5/HLS_sources_final/templatedFuncs.h:146]   --->   Operation 345 'trunc' 'trunc_ln146' <Predicate = true> <Delay = 0.00>
ST_6 : Operation 346 [1/1] (0.00ns)   --->   "%p_shl5 = bitconcatenate i11 @_ssdm_op_BitConcatenate.i11.i7.i4, i7 %trunc_ln146, i4 0" [codes_lab5/HLS_sources_final/templatedFuncs.h:146]   --->   Operation 346 'bitconcatenate' 'p_shl5' <Predicate = true> <Delay = 0.00>
ST_6 : Operation 347 [1/1] (0.00ns)   --->   "%trunc_ln146_1 = trunc i10 %add_ln146" [codes_lab5/HLS_sources_final/templatedFuncs.h:146]   --->   Operation 347 'trunc' 'trunc_ln146_1' <Predicate = true> <Delay = 0.00>
ST_6 : Operation 348 [1/1] (0.00ns)   --->   "%p_shl6 = bitconcatenate i11 @_ssdm_op_BitConcatenate.i11.i9.i2, i9 %trunc_ln146_1, i2 0" [codes_lab5/HLS_sources_final/templatedFuncs.h:146]   --->   Operation 348 'bitconcatenate' 'p_shl6' <Predicate = true> <Delay = 0.00>
ST_6 : Operation 349 [1/1] (1.63ns)   --->   "%sub_ln146_1 = sub i11 %p_shl5, i11 %p_shl6" [codes_lab5/HLS_sources_final/templatedFuncs.h:146]   --->   Operation 349 'sub' 'sub_ln146_1' <Predicate = true> <Delay = 1.63> <CoreInst = "Adder">   --->   Core 1 'Adder' <Latency = 0> <II = 1> <Delay = 1.63> <FuncUnit> <Opcode : 'add' 'sub'> <InPorts = 2> <OutPorts = 1>
ST_6 : Operation 350 [1/1] (0.00ns)   --->   "%trunc_ln141 = trunc i5 %select_ln139" [codes_lab5/HLS_sources_final/templatedFuncs.h:141]   --->   Operation 350 'trunc' 'trunc_ln141' <Predicate = true> <Delay = 0.00>
ST_6 : Operation 351 [1/1] (0.00ns)   --->   "%specloopname_ln40 = specloopname void @_ssdm_op_SpecLoopName, void @empty" [codes_lab5/HLS_sources_final/templatedFuncs.h:40]   --->   Operation 351 'specloopname' 'specloopname_ln40' <Predicate = true> <Delay = 0.00>
ST_6 : Operation 352 [1/1] (1.36ns)   --->   "%icmp_ln46 = icmp_eq  i5 %select_ln139, i5 0" [codes_lab5/HLS_sources_final/templatedFuncs.h:46]   --->   Operation 352 'icmp' 'icmp_ln46' <Predicate = true> <Delay = 1.36> <CoreInst = "Cmp">   --->   Core 9 'Cmp' <Latency = 0> <II = 1> <Delay = 1.36> <FuncUnit> <Opcode : 'icmp'> <InPorts = 2> <OutPorts = 1>
ST_6 : Operation 353 [1/1] (0.00ns)   --->   "%mux_case_01_load = load i32 %mux_case_01"   --->   Operation 353 'load' 'mux_case_01_load' <Predicate = true> <Delay = 0.00>
ST_6 : Operation 354 [1/1] (0.00ns)   --->   "%mux_case_113_load = load i32 %mux_case_113"   --->   Operation 354 'load' 'mux_case_113_load' <Predicate = true> <Delay = 0.00>
ST_6 : Operation 355 [1/1] (0.00ns)   --->   "%mux_case_224_load = load i32 %mux_case_224"   --->   Operation 355 'load' 'mux_case_224_load' <Predicate = true> <Delay = 0.00>
ST_6 : Operation 356 [1/1] (0.00ns)   --->   "%mux_case_08435_load = load i32 %mux_case_08435"   --->   Operation 356 'load' 'mux_case_08435_load' <Predicate = true> <Delay = 0.00>
ST_6 : Operation 357 [1/1] (0.00ns)   --->   "%mux_case_18546_load = load i32 %mux_case_18546"   --->   Operation 357 'load' 'mux_case_18546_load' <Predicate = true> <Delay = 0.00>
ST_6 : Operation 358 [1/1] (0.00ns)   --->   "%mux_case_28657_load = load i32 %mux_case_28657"   --->   Operation 358 'load' 'mux_case_28657_load' <Predicate = true> <Delay = 0.00>
ST_6 : Operation 359 [1/1] (0.00ns)   --->   "%window_1_1_promoted237291_load = load i32 %window_1_1_promoted237291"   --->   Operation 359 'load' 'window_1_1_promoted237291_load' <Predicate = true> <Delay = 0.00>
ST_6 : Operation 360 [1/1] (0.00ns)   --->   "%window_1_0_promoted239298_load = load i32 %window_1_0_promoted239298"   --->   Operation 360 'load' 'window_1_0_promoted239298_load' <Predicate = true> <Delay = 0.00>
ST_6 : Operation 361 [1/1] (0.00ns)   --->   "%window_1_2_promoted241305_load = load i32 %window_1_2_promoted241305"   --->   Operation 361 'load' 'window_1_2_promoted241305_load' <Predicate = true> <Delay = 0.00>
ST_6 : Operation 362 [1/1] (0.00ns)   --->   "%window_0_1_promoted243312_load = load i32 %window_0_1_promoted243312"   --->   Operation 362 'load' 'window_0_1_promoted243312_load' <Predicate = true> <Delay = 0.00>
ST_6 : Operation 363 [1/1] (0.00ns)   --->   "%window_0_0_promoted245319_load = load i32 %window_0_0_promoted245319"   --->   Operation 363 'load' 'window_0_0_promoted245319_load' <Predicate = true> <Delay = 0.00>
ST_6 : Operation 364 [1/1] (0.00ns)   --->   "%window_0_2_promoted247326_load = load i32 %window_0_2_promoted247326"   --->   Operation 364 'load' 'window_0_2_promoted247326_load' <Predicate = true> <Delay = 0.00>
ST_6 : Operation 365 [1/1] (0.00ns)   --->   "%window_2_1_promoted249333_load = load i32 %window_2_1_promoted249333"   --->   Operation 365 'load' 'window_2_1_promoted249333_load' <Predicate = true> <Delay = 0.00>
ST_6 : Operation 366 [1/1] (0.00ns)   --->   "%window_2_0_promoted251340_load = load i32 %window_2_0_promoted251340"   --->   Operation 366 'load' 'window_2_0_promoted251340_load' <Predicate = true> <Delay = 0.00>
ST_6 : Operation 367 [1/1] (0.00ns)   --->   "%window_2_2_promoted253347_load = load i32 %window_2_2_promoted253347"   --->   Operation 367 'load' 'window_2_2_promoted253347_load' <Predicate = true> <Delay = 0.00>
ST_6 : Operation 368 [1/1] (0.00ns)   --->   "%br_ln46 = br i1 %icmp_ln46, void %if.else.i, void %for.body5.i.preheader" [codes_lab5/HLS_sources_final/templatedFuncs.h:46]   --->   Operation 368 'br' 'br_ln46' <Predicate = true> <Delay = 0.00>

State 7 <SV = 6> <Delay = 6.26>
ST_7 : Operation 369 [1/1] (0.00ns)   --->   "%window4153_load = load i32 %window4153"   --->   Operation 369 'load' 'window4153_load' <Predicate = true> <Delay = 0.00>
ST_7 : Operation 370 [1/1] (0.00ns)   --->   "%window_214260_load = load i32 %window_214260"   --->   Operation 370 'load' 'window_214260_load' <Predicate = true> <Delay = 0.00>
ST_7 : Operation 371 [1/1] (0.00ns)   --->   "%window_224367_load = load i32 %window_224367"   --->   Operation 371 'load' 'window_224367_load' <Predicate = true> <Delay = 0.00>
ST_7 : Operation 372 [1/1] (0.00ns)   --->   "%window_234474_load = load i32 %window_234474"   --->   Operation 372 'load' 'window_234474_load' <Predicate = true> <Delay = 0.00>
ST_7 : Operation 373 [1/1] (0.00ns)   --->   "%window_244581_load = load i32 %window_244581"   --->   Operation 373 'load' 'window_244581_load' <Predicate = true> <Delay = 0.00>
ST_7 : Operation 374 [1/1] (0.00ns)   --->   "%window_254688_load = load i32 %window_254688"   --->   Operation 374 'load' 'window_254688_load' <Predicate = true> <Delay = 0.00>
ST_7 : Operation 375 [1/1] (0.00ns)   --->   "%window_264795_load = load i32 %window_264795"   --->   Operation 375 'load' 'window_264795_load' <Predicate = true> <Delay = 0.00>
ST_7 : Operation 376 [1/1] (0.00ns)   --->   "%window_2748102_load = load i32 %window_2748102"   --->   Operation 376 'load' 'window_2748102_load' <Predicate = true> <Delay = 0.00>
ST_7 : Operation 377 [1/1] (0.00ns)   --->   "%window_2849109_load = load i32 %window_2849109"   --->   Operation 377 'load' 'window_2849109_load' <Predicate = true> <Delay = 0.00>
ST_7 : Operation 378 [1/1] (1.78ns)   --->   "%empty_189 = add i5 %select_ln139, i5 2" [codes_lab5/HLS_sources_final/templatedFuncs.h:139]   --->   Operation 378 'add' 'empty_189' <Predicate = true> <Delay = 1.78> <CoreInst = "Adder">   --->   Core 1 'Adder' <Latency = 0> <II = 1> <Delay = 1.78> <FuncUnit> <Opcode : 'add' 'sub'> <InPorts = 2> <OutPorts = 1>
ST_7 : Operation 379 [2/2] (4.48ns)   --->   "%call_ln139 = call void @Conv_func<4, 26, 4, 24>_Pipeline_loadWinShift, i32 %window_2849109_load, i32 %window_2748102_load, i32 %window_264795_load, i32 %window_254688_load, i32 %window_244581_load, i32 %window_234474_load, i32 %window_224367_load, i32 %window_214260_load, i32 %window4153_load, i32 %window_2_2_promoted253347_load, i32 %window_2_0_promoted251340_load, i32 %window_2_1_promoted249333_load, i32 %window_0_2_promoted247326_load, i32 %window_0_0_promoted245319_load, i32 %window_0_1_promoted243312_load, i32 %window_1_2_promoted241305_load, i32 %window_1_0_promoted239298_load, i32 %window_1_1_promoted237291_load, i32 %mux_case_28657_load, i32 %mux_case_18546_load, i32 %mux_case_08435_load, i32 %mux_case_224_load, i32 %mux_case_113_load, i32 %mux_case_01_load, i5 %select_ln139_2, i8 %mul_ln52, i5 %empty_189, i32 %ifmap, i32 %window_2849107_loc, i32 %window_2748100_loc, i32 %window_264793_loc, i32 %window_254686_loc, i32 %window_244579_loc, i32 %window_234472_loc, i32 %window_224365_loc, i32 %window_214258_loc, i32 %window4151_loc, i32 %window_2_2_promoted253351_loc, i32 %window_2_0_promoted251344_loc, i32 %window_2_1_promoted249337_loc, i32 %window_0_2_promoted247330_loc, i32 %window_0_0_promoted245323_loc, i32 %window_0_1_promoted243316_loc, i32 %window_1_2_promoted241309_loc, i32 %window_1_0_promoted239302_loc, i32 %window_1_1_promoted237295_loc, i32 %mux_case_286_loc, i32 %mux_case_185_loc, i32 %mux_case_084_loc, i32 %mux_case_2_loc, i32 %mux_case_1_loc, i32 %mux_case_0_loc" [codes_lab5/HLS_sources_final/templatedFuncs.h:139]   --->   Operation 379 'call' 'call_ln139' <Predicate = true> <Delay = 4.48> <CoreType = "Generic">   --->   Core 0 '' <Latency = 0> <II = 1> <Delay = 1.00> <Generic> <Opcode : >

State 8 <SV = 7> <Delay = 0.00>
ST_8 : Operation 380 [1/2] (0.00ns)   --->   "%call_ln139 = call void @Conv_func<4, 26, 4, 24>_Pipeline_loadWinShift, i32 %window_2849109_load, i32 %window_2748102_load, i32 %window_264795_load, i32 %window_254688_load, i32 %window_244581_load, i32 %window_234474_load, i32 %window_224367_load, i32 %window_214260_load, i32 %window4153_load, i32 %window_2_2_promoted253347_load, i32 %window_2_0_promoted251340_load, i32 %window_2_1_promoted249333_load, i32 %window_0_2_promoted247326_load, i32 %window_0_0_promoted245319_load, i32 %window_0_1_promoted243312_load, i32 %window_1_2_promoted241305_load, i32 %window_1_0_promoted239298_load, i32 %window_1_1_promoted237291_load, i32 %mux_case_28657_load, i32 %mux_case_18546_load, i32 %mux_case_08435_load, i32 %mux_case_224_load, i32 %mux_case_113_load, i32 %mux_case_01_load, i5 %select_ln139_2, i8 %mul_ln52, i5 %empty_189, i32 %ifmap, i32 %window_2849107_loc, i32 %window_2748100_loc, i32 %window_264793_loc, i32 %window_254686_loc, i32 %window_244579_loc, i32 %window_234472_loc, i32 %window_224365_loc, i32 %window_214258_loc, i32 %window4151_loc, i32 %window_2_2_promoted253351_loc, i32 %window_2_0_promoted251344_loc, i32 %window_2_1_promoted249337_loc, i32 %window_0_2_promoted247330_loc, i32 %window_0_0_promoted245323_loc, i32 %window_0_1_promoted243316_loc, i32 %window_1_2_promoted241309_loc, i32 %window_1_0_promoted239302_loc, i32 %window_1_1_promoted237295_loc, i32 %mux_case_286_loc, i32 %mux_case_185_loc, i32 %mux_case_084_loc, i32 %mux_case_2_loc, i32 %mux_case_1_loc, i32 %mux_case_0_loc" [codes_lab5/HLS_sources_final/templatedFuncs.h:139]   --->   Operation 380 'call' 'call_ln139' <Predicate = true> <Delay = 0.00> <CoreType = "Generic">   --->   Core 0 '' <Latency = 0> <II = 1> <Delay = 1.00> <Generic> <Opcode : >

State 9 <SV = 8> <Delay = 4.89>
ST_9 : Operation 381 [1/1] (0.00ns)   --->   "%window_2849107_loc_load = load i32 %window_2849107_loc"   --->   Operation 381 'load' 'window_2849107_loc_load' <Predicate = (!icmp_ln46)> <Delay = 0.00>
ST_9 : Operation 382 [1/1] (0.00ns)   --->   "%window_2748100_loc_load = load i32 %window_2748100_loc"   --->   Operation 382 'load' 'window_2748100_loc_load' <Predicate = (!icmp_ln46)> <Delay = 0.00>
ST_9 : Operation 383 [1/1] (0.00ns)   --->   "%window_264793_loc_load = load i32 %window_264793_loc"   --->   Operation 383 'load' 'window_264793_loc_load' <Predicate = (!icmp_ln46)> <Delay = 0.00>
ST_9 : Operation 384 [1/1] (0.00ns)   --->   "%window_254686_loc_load = load i32 %window_254686_loc"   --->   Operation 384 'load' 'window_254686_loc_load' <Predicate = (!icmp_ln46)> <Delay = 0.00>
ST_9 : Operation 385 [1/1] (0.00ns)   --->   "%window_244579_loc_load = load i32 %window_244579_loc"   --->   Operation 385 'load' 'window_244579_loc_load' <Predicate = (!icmp_ln46)> <Delay = 0.00>
ST_9 : Operation 386 [1/1] (0.00ns)   --->   "%window_234472_loc_load = load i32 %window_234472_loc"   --->   Operation 386 'load' 'window_234472_loc_load' <Predicate = (!icmp_ln46)> <Delay = 0.00>
ST_9 : Operation 387 [1/1] (0.00ns)   --->   "%window_224365_loc_load = load i32 %window_224365_loc"   --->   Operation 387 'load' 'window_224365_loc_load' <Predicate = (!icmp_ln46)> <Delay = 0.00>
ST_9 : Operation 388 [1/1] (0.00ns)   --->   "%window_214258_loc_load = load i32 %window_214258_loc"   --->   Operation 388 'load' 'window_214258_loc_load' <Predicate = (!icmp_ln46)> <Delay = 0.00>
ST_9 : Operation 389 [1/1] (0.00ns)   --->   "%window4151_loc_load = load i32 %window4151_loc"   --->   Operation 389 'load' 'window4151_loc_load' <Predicate = (!icmp_ln46)> <Delay = 0.00>
ST_9 : Operation 390 [1/1] (0.00ns)   --->   "%window_2_2_promoted253351_loc_load = load i32 %window_2_2_promoted253351_loc"   --->   Operation 390 'load' 'window_2_2_promoted253351_loc_load' <Predicate = (!icmp_ln46)> <Delay = 0.00>
ST_9 : Operation 391 [1/1] (0.00ns)   --->   "%window_2_0_promoted251344_loc_load = load i32 %window_2_0_promoted251344_loc"   --->   Operation 391 'load' 'window_2_0_promoted251344_loc_load' <Predicate = (!icmp_ln46)> <Delay = 0.00>
ST_9 : Operation 392 [1/1] (0.00ns)   --->   "%window_2_1_promoted249337_loc_load = load i32 %window_2_1_promoted249337_loc"   --->   Operation 392 'load' 'window_2_1_promoted249337_loc_load' <Predicate = (!icmp_ln46)> <Delay = 0.00>
ST_9 : Operation 393 [1/1] (0.00ns)   --->   "%window_0_2_promoted247330_loc_load = load i32 %window_0_2_promoted247330_loc"   --->   Operation 393 'load' 'window_0_2_promoted247330_loc_load' <Predicate = (!icmp_ln46)> <Delay = 0.00>
ST_9 : Operation 394 [1/1] (0.00ns)   --->   "%window_0_0_promoted245323_loc_load = load i32 %window_0_0_promoted245323_loc"   --->   Operation 394 'load' 'window_0_0_promoted245323_loc_load' <Predicate = (!icmp_ln46)> <Delay = 0.00>
ST_9 : Operation 395 [1/1] (0.00ns)   --->   "%window_0_1_promoted243316_loc_load = load i32 %window_0_1_promoted243316_loc"   --->   Operation 395 'load' 'window_0_1_promoted243316_loc_load' <Predicate = (!icmp_ln46)> <Delay = 0.00>
ST_9 : Operation 396 [1/1] (0.00ns)   --->   "%window_1_2_promoted241309_loc_load = load i32 %window_1_2_promoted241309_loc"   --->   Operation 396 'load' 'window_1_2_promoted241309_loc_load' <Predicate = (!icmp_ln46)> <Delay = 0.00>
ST_9 : Operation 397 [1/1] (0.00ns)   --->   "%window_1_0_promoted239302_loc_load = load i32 %window_1_0_promoted239302_loc"   --->   Operation 397 'load' 'window_1_0_promoted239302_loc_load' <Predicate = (!icmp_ln46)> <Delay = 0.00>
ST_9 : Operation 398 [1/1] (0.00ns)   --->   "%window_1_1_promoted237295_loc_load = load i32 %window_1_1_promoted237295_loc"   --->   Operation 398 'load' 'window_1_1_promoted237295_loc_load' <Predicate = (!icmp_ln46)> <Delay = 0.00>
ST_9 : Operation 399 [1/1] (0.00ns)   --->   "%mux_case_286_loc_load = load i32 %mux_case_286_loc"   --->   Operation 399 'load' 'mux_case_286_loc_load' <Predicate = (!icmp_ln46)> <Delay = 0.00>
ST_9 : Operation 400 [1/1] (0.00ns)   --->   "%mux_case_185_loc_load = load i32 %mux_case_185_loc"   --->   Operation 400 'load' 'mux_case_185_loc_load' <Predicate = (!icmp_ln46)> <Delay = 0.00>
ST_9 : Operation 401 [1/1] (0.00ns)   --->   "%mux_case_084_loc_load = load i32 %mux_case_084_loc"   --->   Operation 401 'load' 'mux_case_084_loc_load' <Predicate = (!icmp_ln46)> <Delay = 0.00>
ST_9 : Operation 402 [1/1] (0.00ns)   --->   "%mux_case_2_loc_load = load i32 %mux_case_2_loc"   --->   Operation 402 'load' 'mux_case_2_loc_load' <Predicate = (!icmp_ln46)> <Delay = 0.00>
ST_9 : Operation 403 [1/1] (0.00ns)   --->   "%mux_case_1_loc_load = load i32 %mux_case_1_loc"   --->   Operation 403 'load' 'mux_case_1_loc_load' <Predicate = (!icmp_ln46)> <Delay = 0.00>
ST_9 : Operation 404 [1/1] (0.00ns)   --->   "%mux_case_0_loc_load = load i32 %mux_case_0_loc"   --->   Operation 404 'load' 'mux_case_0_loc_load' <Predicate = (!icmp_ln46)> <Delay = 0.00>
ST_9 : Operation 405 [1/1] (1.58ns)   --->   "%br_ln0 = br void %_Z17load_input_windowILi4ELi26EEvPA3_fPAT0__AT0__fiii.exit_ifconv"   --->   Operation 405 'br' 'br_ln0' <Predicate = (!icmp_ln46)> <Delay = 1.58>
ST_9 : Operation 406 [1/1] (0.00ns)   --->   "%p_loc179_load = load i32 %p_loc179"   --->   Operation 406 'load' 'p_loc179_load' <Predicate = (icmp_ln46)> <Delay = 0.00>
ST_9 : Operation 407 [1/1] (0.00ns)   --->   "%p_loc180_load = load i32 %p_loc180"   --->   Operation 407 'load' 'p_loc180_load' <Predicate = (icmp_ln46)> <Delay = 0.00>
ST_9 : Operation 408 [1/1] (0.00ns)   --->   "%p_loc181_load = load i32 %p_loc181"   --->   Operation 408 'load' 'p_loc181_load' <Predicate = (icmp_ln46)> <Delay = 0.00>
ST_9 : Operation 409 [1/1] (0.00ns)   --->   "%p_loc182_load = load i32 %p_loc182"   --->   Operation 409 'load' 'p_loc182_load' <Predicate = (icmp_ln46)> <Delay = 0.00>
ST_9 : Operation 410 [1/1] (0.00ns)   --->   "%p_loc183_load = load i32 %p_loc183"   --->   Operation 410 'load' 'p_loc183_load' <Predicate = (icmp_ln46)> <Delay = 0.00>
ST_9 : Operation 411 [1/1] (0.00ns)   --->   "%p_loc184_load = load i32 %p_loc184"   --->   Operation 411 'load' 'p_loc184_load' <Predicate = (icmp_ln46)> <Delay = 0.00>
ST_9 : Operation 412 [1/1] (0.00ns)   --->   "%p_loc185_load = load i32 %p_loc185"   --->   Operation 412 'load' 'p_loc185_load' <Predicate = (icmp_ln46)> <Delay = 0.00>
ST_9 : Operation 413 [1/1] (0.00ns)   --->   "%p_loc186_load = load i32 %p_loc186"   --->   Operation 413 'load' 'p_loc186_load' <Predicate = (icmp_ln46)> <Delay = 0.00>
ST_9 : Operation 414 [1/1] (0.00ns)   --->   "%p_loc187_load = load i32 %p_loc187"   --->   Operation 414 'load' 'p_loc187_load' <Predicate = (icmp_ln46)> <Delay = 0.00>
ST_9 : Operation 415 [1/1] (0.00ns)   --->   "%mux_case_28662_loc_load = load i32 %mux_case_28662_loc"   --->   Operation 415 'load' 'mux_case_28662_loc_load' <Predicate = (icmp_ln46)> <Delay = 0.00>
ST_9 : Operation 416 [1/1] (0.00ns)   --->   "%mux_case_18551_loc_load = load i32 %mux_case_18551_loc"   --->   Operation 416 'load' 'mux_case_18551_loc_load' <Predicate = (icmp_ln46)> <Delay = 0.00>
ST_9 : Operation 417 [1/1] (0.00ns)   --->   "%mux_case_08440_loc_load = load i32 %mux_case_08440_loc"   --->   Operation 417 'load' 'mux_case_08440_loc_load' <Predicate = (icmp_ln46)> <Delay = 0.00>
ST_9 : Operation 418 [1/1] (0.00ns)   --->   "%mux_case_230_loc_load = load i32 %mux_case_230_loc"   --->   Operation 418 'load' 'mux_case_230_loc_load' <Predicate = (icmp_ln46)> <Delay = 0.00>
ST_9 : Operation 419 [1/1] (0.00ns)   --->   "%mux_case_119_loc_load = load i32 %mux_case_119_loc"   --->   Operation 419 'load' 'mux_case_119_loc_load' <Predicate = (icmp_ln46)> <Delay = 0.00>
ST_9 : Operation 420 [1/1] (0.00ns)   --->   "%mux_case_08_loc_load = load i32 %mux_case_08_loc"   --->   Operation 420 'load' 'mux_case_08_loc_load' <Predicate = (icmp_ln46)> <Delay = 0.00>
ST_9 : Operation 421 [1/1] (1.58ns)   --->   "%br_ln0 = br void %_Z17load_input_windowILi4ELi26EEvPA3_fPAT0__AT0__fiii.exit_ifconv"   --->   Operation 421 'br' 'br_ln0' <Predicate = (icmp_ln46)> <Delay = 1.58>
ST_9 : Operation 422 [1/1] (0.00ns)   --->   "%lshr_ln = partselect i4 @_ssdm_op_PartSelect.i4.i5.i32.i32, i5 %select_ln139, i32 1, i32 4" [codes_lab5/HLS_sources_final/templatedFuncs.h:146]   --->   Operation 422 'partselect' 'lshr_ln' <Predicate = true> <Delay = 0.00>
ST_9 : Operation 423 [1/1] (0.00ns)   --->   "%zext_ln146_2 = zext i4 %lshr_ln" [codes_lab5/HLS_sources_final/templatedFuncs.h:146]   --->   Operation 423 'zext' 'zext_ln146_2' <Predicate = true> <Delay = 0.00>
ST_9 : Operation 424 [1/1] (1.63ns)   --->   "%add_ln146_1 = add i11 %sub_ln146_1, i11 %zext_ln146_2" [codes_lab5/HLS_sources_final/templatedFuncs.h:146]   --->   Operation 424 'add' 'add_ln146_1' <Predicate = true> <Delay = 1.63> <CoreInst = "Adder">   --->   Core 1 'Adder' <Latency = 0> <II = 1> <Delay = 1.63> <FuncUnit> <Opcode : 'add' 'sub'> <InPorts = 2> <OutPorts = 1>
ST_9 : Operation 425 [1/1] (0.00ns)   --->   "%zext_ln146_3 = zext i11 %add_ln146_1" [codes_lab5/HLS_sources_final/templatedFuncs.h:146]   --->   Operation 425 'zext' 'zext_ln146_3' <Predicate = true> <Delay = 0.00>
ST_9 : Operation 426 [1/1] (0.00ns)   --->   "%ofmap_0_addr = getelementptr i32 %ofmap_0, i64 0, i64 %zext_ln146_3" [codes_lab5/HLS_sources_final/templatedFuncs.h:146]   --->   Operation 426 'getelementptr' 'ofmap_0_addr' <Predicate = true> <Delay = 0.00>
ST_9 : Operation 427 [1/1] (0.00ns)   --->   "%ofmap_1_addr = getelementptr i32 %ofmap_1, i64 0, i64 %zext_ln146_3" [codes_lab5/HLS_sources_final/templatedFuncs.h:146]   --->   Operation 427 'getelementptr' 'ofmap_1_addr' <Predicate = true> <Delay = 0.00>
ST_9 : Operation 428 [2/2] (3.25ns)   --->   "%ofmap_0_load = load i11 %ofmap_0_addr" [codes_lab5/HLS_sources_final/templatedFuncs.h:146]   --->   Operation 428 'load' 'ofmap_0_load' <Predicate = (!select_ln137_2)> <Delay = 3.25> <CoreInst = "RAM">   --->   Core 82 'RAM' <Latency = 1> <II = 1> <Delay = 3.25> <Storage> <Opcode : 'load' 'store'> <Ports = 2> <Width = 32> <Depth = 1152> <RAM>
ST_9 : Operation 429 [2/2] (3.25ns)   --->   "%ofmap_1_load = load i11 %ofmap_1_addr" [codes_lab5/HLS_sources_final/templatedFuncs.h:146]   --->   Operation 429 'load' 'ofmap_1_load' <Predicate = (!select_ln137_2)> <Delay = 3.25> <CoreInst = "RAM">   --->   Core 82 'RAM' <Latency = 1> <II = 1> <Delay = 3.25> <Storage> <Opcode : 'load' 'store'> <Ports = 2> <Width = 32> <Depth = 1152> <RAM>

State 10 <SV = 6> <Delay = 4.48>
ST_10 : Operation 430 [2/2] (4.48ns)   --->   "%call_ln139 = call void @Conv_func<4, 26, 4, 24>_Pipeline_loadWinFull_VITIS_LOOP_50_1, i32 %window_2_2_promoted253347_load, i32 %window_2_0_promoted251340_load, i32 %window_2_1_promoted249333_load, i32 %window_0_2_promoted247326_load, i32 %window_0_0_promoted245319_load, i32 %window_0_1_promoted243312_load, i32 %window_1_2_promoted241305_load, i32 %window_1_0_promoted239298_load, i32 %window_1_1_promoted237291_load, i32 %mux_case_28657_load, i32 %mux_case_18546_load, i32 %mux_case_08435_load, i32 %mux_case_224_load, i32 %mux_case_113_load, i32 %mux_case_01_load, i5 %select_ln139_2, i8 %mul_ln52, i32 %ifmap, i32 %p_loc179, i32 %p_loc180, i32 %p_loc181, i32 %p_loc182, i32 %p_loc183, i32 %p_loc184, i32 %p_loc185, i32 %p_loc186, i32 %p_loc187, i32 %mux_case_28662_loc, i32 %mux_case_18551_loc, i32 %mux_case_08440_loc, i32 %mux_case_230_loc, i32 %mux_case_119_loc, i32 %mux_case_08_loc" [codes_lab5/HLS_sources_final/templatedFuncs.h:139]   --->   Operation 430 'call' 'call_ln139' <Predicate = true> <Delay = 4.48> <CoreType = "Generic">   --->   Core 0 '' <Latency = 0> <II = 1> <Delay = 1.00> <Generic> <Opcode : >

State 11 <SV = 7> <Delay = 0.00>
ST_11 : Operation 431 [1/2] (0.00ns)   --->   "%call_ln139 = call void @Conv_func<4, 26, 4, 24>_Pipeline_loadWinFull_VITIS_LOOP_50_1, i32 %window_2_2_promoted253347_load, i32 %window_2_0_promoted251340_load, i32 %window_2_1_promoted249333_load, i32 %window_0_2_promoted247326_load, i32 %window_0_0_promoted245319_load, i32 %window_0_1_promoted243312_load, i32 %window_1_2_promoted241305_load, i32 %window_1_0_promoted239298_load, i32 %window_1_1_promoted237291_load, i32 %mux_case_28657_load, i32 %mux_case_18546_load, i32 %mux_case_08435_load, i32 %mux_case_224_load, i32 %mux_case_113_load, i32 %mux_case_01_load, i5 %select_ln139_2, i8 %mul_ln52, i32 %ifmap, i32 %p_loc179, i32 %p_loc180, i32 %p_loc181, i32 %p_loc182, i32 %p_loc183, i32 %p_loc184, i32 %p_loc185, i32 %p_loc186, i32 %p_loc187, i32 %mux_case_28662_loc, i32 %mux_case_18551_loc, i32 %mux_case_08440_loc, i32 %mux_case_230_loc, i32 %mux_case_119_loc, i32 %mux_case_08_loc" [codes_lab5/HLS_sources_final/templatedFuncs.h:139]   --->   Operation 431 'call' 'call_ln139' <Predicate = true> <Delay = 0.00> <CoreType = "Generic">   --->   Core 0 '' <Latency = 0> <II = 1> <Delay = 1.00> <Generic> <Opcode : >

State 12 <SV = 9> <Delay = 5.54>
ST_12 : Operation 432 [1/1] (0.00ns)   --->   "%window_2849 = phi i32 %window_2849107_loc_load, void %if.else.i, i32 %p_loc179_load, void %for.body5.i.preheader"   --->   Operation 432 'phi' 'window_2849' <Predicate = true> <Delay = 0.00>
ST_12 : Operation 433 [1/1] (0.00ns)   --->   "%window_2748 = phi i32 %window_2748100_loc_load, void %if.else.i, i32 %p_loc181_load, void %for.body5.i.preheader"   --->   Operation 433 'phi' 'window_2748' <Predicate = true> <Delay = 0.00>
ST_12 : Operation 434 [1/1] (0.00ns)   --->   "%window_2647 = phi i32 %window_264793_loc_load, void %if.else.i, i32 %p_loc180_load, void %for.body5.i.preheader"   --->   Operation 434 'phi' 'window_2647' <Predicate = true> <Delay = 0.00>
ST_12 : Operation 435 [1/1] (0.00ns)   --->   "%window_2546 = phi i32 %window_254686_loc_load, void %if.else.i, i32 %p_loc185_load, void %for.body5.i.preheader"   --->   Operation 435 'phi' 'window_2546' <Predicate = true> <Delay = 0.00>
ST_12 : Operation 436 [1/1] (0.00ns)   --->   "%window_2445 = phi i32 %window_244579_loc_load, void %if.else.i, i32 %p_loc187_load, void %for.body5.i.preheader"   --->   Operation 436 'phi' 'window_2445' <Predicate = true> <Delay = 0.00>
ST_12 : Operation 437 [1/1] (0.00ns)   --->   "%window_2344 = phi i32 %window_234472_loc_load, void %if.else.i, i32 %p_loc186_load, void %for.body5.i.preheader"   --->   Operation 437 'phi' 'window_2344' <Predicate = true> <Delay = 0.00>
ST_12 : Operation 438 [1/1] (0.00ns)   --->   "%window_2243 = phi i32 %window_224365_loc_load, void %if.else.i, i32 %p_loc182_load, void %for.body5.i.preheader"   --->   Operation 438 'phi' 'window_2243' <Predicate = true> <Delay = 0.00>
ST_12 : Operation 439 [1/1] (0.00ns)   --->   "%window_2142 = phi i32 %window_214258_loc_load, void %if.else.i, i32 %p_loc184_load, void %for.body5.i.preheader"   --->   Operation 439 'phi' 'window_2142' <Predicate = true> <Delay = 0.00>
ST_12 : Operation 440 [1/1] (0.00ns)   --->   "%window41 = phi i32 %window4151_loc_load, void %if.else.i, i32 %p_loc183_load, void %for.body5.i.preheader"   --->   Operation 440 'phi' 'window41' <Predicate = true> <Delay = 0.00>
ST_12 : Operation 441 [1/1] (0.00ns)   --->   "%window_2_2_promoted253353 = phi i32 %window_2_2_promoted253351_loc_load, void %if.else.i, i32 %p_loc179_load, void %for.body5.i.preheader"   --->   Operation 441 'phi' 'window_2_2_promoted253353' <Predicate = true> <Delay = 0.00>
ST_12 : Operation 442 [1/1] (0.00ns)   --->   "%window_2_0_promoted251346 = phi i32 %window_2_0_promoted251344_loc_load, void %if.else.i, i32 %p_loc180_load, void %for.body5.i.preheader"   --->   Operation 442 'phi' 'window_2_0_promoted251346' <Predicate = true> <Delay = 0.00>
ST_12 : Operation 443 [1/1] (0.00ns)   --->   "%window_2_1_promoted249339 = phi i32 %window_2_1_promoted249337_loc_load, void %if.else.i, i32 %p_loc181_load, void %for.body5.i.preheader"   --->   Operation 443 'phi' 'window_2_1_promoted249339' <Predicate = true> <Delay = 0.00>
ST_12 : Operation 444 [1/1] (0.00ns)   --->   "%window_0_2_promoted247332 = phi i32 %window_0_2_promoted247330_loc_load, void %if.else.i, i32 %p_loc182_load, void %for.body5.i.preheader"   --->   Operation 444 'phi' 'window_0_2_promoted247332' <Predicate = true> <Delay = 0.00>
ST_12 : Operation 445 [1/1] (0.00ns)   --->   "%window_0_0_promoted245325 = phi i32 %window_0_0_promoted245323_loc_load, void %if.else.i, i32 %p_loc183_load, void %for.body5.i.preheader"   --->   Operation 445 'phi' 'window_0_0_promoted245325' <Predicate = true> <Delay = 0.00>
ST_12 : Operation 446 [1/1] (0.00ns)   --->   "%window_0_1_promoted243318 = phi i32 %window_0_1_promoted243316_loc_load, void %if.else.i, i32 %p_loc184_load, void %for.body5.i.preheader"   --->   Operation 446 'phi' 'window_0_1_promoted243318' <Predicate = true> <Delay = 0.00>
ST_12 : Operation 447 [1/1] (0.00ns)   --->   "%window_1_2_promoted241311 = phi i32 %window_1_2_promoted241309_loc_load, void %if.else.i, i32 %p_loc185_load, void %for.body5.i.preheader"   --->   Operation 447 'phi' 'window_1_2_promoted241311' <Predicate = true> <Delay = 0.00>
ST_12 : Operation 448 [1/1] (0.00ns)   --->   "%window_1_0_promoted239304 = phi i32 %window_1_0_promoted239302_loc_load, void %if.else.i, i32 %p_loc186_load, void %for.body5.i.preheader"   --->   Operation 448 'phi' 'window_1_0_promoted239304' <Predicate = true> <Delay = 0.00>
ST_12 : Operation 449 [1/1] (0.00ns)   --->   "%window_1_1_promoted237297 = phi i32 %window_1_1_promoted237295_loc_load, void %if.else.i, i32 %p_loc187_load, void %for.body5.i.preheader"   --->   Operation 449 'phi' 'window_1_1_promoted237297' <Predicate = true> <Delay = 0.00>
ST_12 : Operation 450 [1/1] (0.00ns)   --->   "%mux_case_28665 = phi i32 %mux_case_286_loc_load, void %if.else.i, i32 %mux_case_28662_loc_load, void %for.body5.i.preheader"   --->   Operation 450 'phi' 'mux_case_28665' <Predicate = true> <Delay = 0.00>
ST_12 : Operation 451 [1/1] (0.00ns)   --->   "%mux_case_18554 = phi i32 %mux_case_185_loc_load, void %if.else.i, i32 %mux_case_18551_loc_load, void %for.body5.i.preheader"   --->   Operation 451 'phi' 'mux_case_18554' <Predicate = true> <Delay = 0.00>
ST_12 : Operation 452 [1/1] (0.00ns)   --->   "%mux_case_08443 = phi i32 %mux_case_084_loc_load, void %if.else.i, i32 %mux_case_08440_loc_load, void %for.body5.i.preheader"   --->   Operation 452 'phi' 'mux_case_08443' <Predicate = true> <Delay = 0.00>
ST_12 : Operation 453 [1/1] (0.00ns)   --->   "%mux_case_228 = phi i32 %mux_case_2_loc_load, void %if.else.i, i32 %mux_case_230_loc_load, void %for.body5.i.preheader"   --->   Operation 453 'phi' 'mux_case_228' <Predicate = true> <Delay = 0.00>
ST_12 : Operation 454 [1/1] (0.00ns)   --->   "%mux_case_117 = phi i32 %mux_case_1_loc_load, void %if.else.i, i32 %mux_case_119_loc_load, void %for.body5.i.preheader"   --->   Operation 454 'phi' 'mux_case_117' <Predicate = true> <Delay = 0.00>
ST_12 : Operation 455 [1/1] (0.00ns)   --->   "%mux_case_06 = phi i32 %mux_case_0_loc_load, void %if.else.i, i32 %mux_case_08_loc_load, void %for.body5.i.preheader"   --->   Operation 455 'phi' 'mux_case_06' <Predicate = true> <Delay = 0.00>
ST_12 : Operation 456 [1/2] (3.25ns)   --->   "%ofmap_0_load = load i11 %ofmap_0_addr" [codes_lab5/HLS_sources_final/templatedFuncs.h:146]   --->   Operation 456 'load' 'ofmap_0_load' <Predicate = (!select_ln137_2)> <Delay = 3.25> <CoreInst = "RAM">   --->   Core 82 'RAM' <Latency = 1> <II = 1> <Delay = 3.25> <Storage> <Opcode : 'load' 'store'> <Ports = 2> <Width = 32> <Depth = 1152> <RAM>
ST_12 : Operation 457 [1/2] (3.25ns)   --->   "%ofmap_1_load = load i11 %ofmap_1_addr" [codes_lab5/HLS_sources_final/templatedFuncs.h:146]   --->   Operation 457 'load' 'ofmap_1_load' <Predicate = (!select_ln137_2)> <Delay = 3.25> <CoreInst = "RAM">   --->   Core 82 'RAM' <Latency = 1> <II = 1> <Delay = 3.25> <Storage> <Opcode : 'load' 'store'> <Ports = 2> <Width = 32> <Depth = 1152> <RAM>
ST_12 : Operation 458 [1/1] (1.58ns)   --->   "%tmp = mux i32 @_ssdm_op_Mux.ap_auto.2float.i1, i32 %ofmap_0_load, i32 %ofmap_1_load, i1 %trunc_ln141" [codes_lab5/HLS_sources_final/templatedFuncs.h:146]   --->   Operation 458 'mux' 'tmp' <Predicate = (!select_ln137_2)> <Delay = 1.58> <CoreInst = "Multiplexer">   --->   Core 76 'Multiplexer' <Latency = 0> <II = 1> <Delay = 1.58> <FuncUnit> <Opcode : 'mux'> <InPorts = 2> <OutPorts = 1>
ST_12 : Operation 459 [1/1] (0.69ns)   --->   "%prev_sum = select i1 %select_ln137_2, i32 %conv2_bias_load, i32 %tmp" [codes_lab5/HLS_sources_final/templatedFuncs.h:137]   --->   Operation 459 'select' 'prev_sum' <Predicate = true> <Delay = 0.69> <CoreInst = "Sel">   --->   Core 73 'Sel' <Latency = 0> <II = 1> <Delay = 0.69> <FuncUnit> <Opcode : 'select'> <InPorts = 3> <OutPorts = 1>

State 13 <SV = 10> <Delay = 1.82>
ST_13 : Operation 460 [26/26] (1.82ns)   --->   "%sum = call i32 @conv2D<4>, i2 %trunc_ln137, i32 %p_loc120_load, i32 %p_loc121_load, i32 %p_loc119_load, i32 %p_loc123_load, i32 %p_loc124_load, i32 %p_loc122_load, i32 %p_loc117_load, i32 %p_loc118_load, i32 %p_loc116_load, i32 %p_loc129_load, i32 %p_loc130_load, i32 %p_loc128_load, i32 %p_loc132_load, i32 %p_loc133_load, i32 %p_loc131_load, i32 %p_loc126_load, i32 %p_loc127_load, i32 %p_loc125_load, i32 %p_loc138_load, i32 %p_loc139_load, i32 %p_loc137_load, i32 %p_loc141_load, i32 %p_loc142_load, i32 %p_loc140_load, i32 %p_loc135_load, i32 %p_loc136_load, i32 %p_loc134_load, i32 %p_loc111_load, i32 %p_loc112_load, i32 %p_loc110_load, i32 %p_loc114_load, i32 %p_loc115_load, i32 %p_loc113_load, i32 %p_loc108_load, i32 %p_loc109_load, i32 %p_loc_load, i32 %window41, i32 %window_2142, i32 %window_2243, i32 %window_2344, i32 %window_2445, i32 %window_2546, i32 %window_2647, i32 %window_2748, i32 %window_2849, i32 %prev_sum" [codes_lab5/HLS_sources_final/templatedFuncs.h:147]   --->   Operation 460 'call' 'sum' <Predicate = true> <Delay = 1.82> <CoreType = "Generic">   --->   Core 0 '' <Latency = 0> <II = 1> <Delay = 1.00> <Generic> <Opcode : >

State 14 <SV = 11> <Delay = 7.25>
ST_14 : Operation 461 [25/26] (7.25ns)   --->   "%sum = call i32 @conv2D<4>, i2 %trunc_ln137, i32 %p_loc120_load, i32 %p_loc121_load, i32 %p_loc119_load, i32 %p_loc123_load, i32 %p_loc124_load, i32 %p_loc122_load, i32 %p_loc117_load, i32 %p_loc118_load, i32 %p_loc116_load, i32 %p_loc129_load, i32 %p_loc130_load, i32 %p_loc128_load, i32 %p_loc132_load, i32 %p_loc133_load, i32 %p_loc131_load, i32 %p_loc126_load, i32 %p_loc127_load, i32 %p_loc125_load, i32 %p_loc138_load, i32 %p_loc139_load, i32 %p_loc137_load, i32 %p_loc141_load, i32 %p_loc142_load, i32 %p_loc140_load, i32 %p_loc135_load, i32 %p_loc136_load, i32 %p_loc134_load, i32 %p_loc111_load, i32 %p_loc112_load, i32 %p_loc110_load, i32 %p_loc114_load, i32 %p_loc115_load, i32 %p_loc113_load, i32 %p_loc108_load, i32 %p_loc109_load, i32 %p_loc_load, i32 %window41, i32 %window_2142, i32 %window_2243, i32 %window_2344, i32 %window_2445, i32 %window_2546, i32 %window_2647, i32 %window_2748, i32 %window_2849, i32 %prev_sum" [codes_lab5/HLS_sources_final/templatedFuncs.h:147]   --->   Operation 461 'call' 'sum' <Predicate = true> <Delay = 7.25> <CoreType = "Generic">   --->   Core 0 '' <Latency = 0> <II = 1> <Delay = 1.00> <Generic> <Opcode : >

State 15 <SV = 12> <Delay = 7.25>
ST_15 : Operation 462 [24/26] (7.25ns)   --->   "%sum = call i32 @conv2D<4>, i2 %trunc_ln137, i32 %p_loc120_load, i32 %p_loc121_load, i32 %p_loc119_load, i32 %p_loc123_load, i32 %p_loc124_load, i32 %p_loc122_load, i32 %p_loc117_load, i32 %p_loc118_load, i32 %p_loc116_load, i32 %p_loc129_load, i32 %p_loc130_load, i32 %p_loc128_load, i32 %p_loc132_load, i32 %p_loc133_load, i32 %p_loc131_load, i32 %p_loc126_load, i32 %p_loc127_load, i32 %p_loc125_load, i32 %p_loc138_load, i32 %p_loc139_load, i32 %p_loc137_load, i32 %p_loc141_load, i32 %p_loc142_load, i32 %p_loc140_load, i32 %p_loc135_load, i32 %p_loc136_load, i32 %p_loc134_load, i32 %p_loc111_load, i32 %p_loc112_load, i32 %p_loc110_load, i32 %p_loc114_load, i32 %p_loc115_load, i32 %p_loc113_load, i32 %p_loc108_load, i32 %p_loc109_load, i32 %p_loc_load, i32 %window41, i32 %window_2142, i32 %window_2243, i32 %window_2344, i32 %window_2445, i32 %window_2546, i32 %window_2647, i32 %window_2748, i32 %window_2849, i32 %prev_sum" [codes_lab5/HLS_sources_final/templatedFuncs.h:147]   --->   Operation 462 'call' 'sum' <Predicate = true> <Delay = 7.25> <CoreType = "Generic">   --->   Core 0 '' <Latency = 0> <II = 1> <Delay = 1.00> <Generic> <Opcode : >

State 16 <SV = 13> <Delay = 7.25>
ST_16 : Operation 463 [23/26] (7.25ns)   --->   "%sum = call i32 @conv2D<4>, i2 %trunc_ln137, i32 %p_loc120_load, i32 %p_loc121_load, i32 %p_loc119_load, i32 %p_loc123_load, i32 %p_loc124_load, i32 %p_loc122_load, i32 %p_loc117_load, i32 %p_loc118_load, i32 %p_loc116_load, i32 %p_loc129_load, i32 %p_loc130_load, i32 %p_loc128_load, i32 %p_loc132_load, i32 %p_loc133_load, i32 %p_loc131_load, i32 %p_loc126_load, i32 %p_loc127_load, i32 %p_loc125_load, i32 %p_loc138_load, i32 %p_loc139_load, i32 %p_loc137_load, i32 %p_loc141_load, i32 %p_loc142_load, i32 %p_loc140_load, i32 %p_loc135_load, i32 %p_loc136_load, i32 %p_loc134_load, i32 %p_loc111_load, i32 %p_loc112_load, i32 %p_loc110_load, i32 %p_loc114_load, i32 %p_loc115_load, i32 %p_loc113_load, i32 %p_loc108_load, i32 %p_loc109_load, i32 %p_loc_load, i32 %window41, i32 %window_2142, i32 %window_2243, i32 %window_2344, i32 %window_2445, i32 %window_2546, i32 %window_2647, i32 %window_2748, i32 %window_2849, i32 %prev_sum" [codes_lab5/HLS_sources_final/templatedFuncs.h:147]   --->   Operation 463 'call' 'sum' <Predicate = true> <Delay = 7.25> <CoreType = "Generic">   --->   Core 0 '' <Latency = 0> <II = 1> <Delay = 1.00> <Generic> <Opcode : >

State 17 <SV = 14> <Delay = 7.25>
ST_17 : Operation 464 [22/26] (7.25ns)   --->   "%sum = call i32 @conv2D<4>, i2 %trunc_ln137, i32 %p_loc120_load, i32 %p_loc121_load, i32 %p_loc119_load, i32 %p_loc123_load, i32 %p_loc124_load, i32 %p_loc122_load, i32 %p_loc117_load, i32 %p_loc118_load, i32 %p_loc116_load, i32 %p_loc129_load, i32 %p_loc130_load, i32 %p_loc128_load, i32 %p_loc132_load, i32 %p_loc133_load, i32 %p_loc131_load, i32 %p_loc126_load, i32 %p_loc127_load, i32 %p_loc125_load, i32 %p_loc138_load, i32 %p_loc139_load, i32 %p_loc137_load, i32 %p_loc141_load, i32 %p_loc142_load, i32 %p_loc140_load, i32 %p_loc135_load, i32 %p_loc136_load, i32 %p_loc134_load, i32 %p_loc111_load, i32 %p_loc112_load, i32 %p_loc110_load, i32 %p_loc114_load, i32 %p_loc115_load, i32 %p_loc113_load, i32 %p_loc108_load, i32 %p_loc109_load, i32 %p_loc_load, i32 %window41, i32 %window_2142, i32 %window_2243, i32 %window_2344, i32 %window_2445, i32 %window_2546, i32 %window_2647, i32 %window_2748, i32 %window_2849, i32 %prev_sum" [codes_lab5/HLS_sources_final/templatedFuncs.h:147]   --->   Operation 464 'call' 'sum' <Predicate = true> <Delay = 7.25> <CoreType = "Generic">   --->   Core 0 '' <Latency = 0> <II = 1> <Delay = 1.00> <Generic> <Opcode : >

State 18 <SV = 15> <Delay = 7.25>
ST_18 : Operation 465 [21/26] (7.25ns)   --->   "%sum = call i32 @conv2D<4>, i2 %trunc_ln137, i32 %p_loc120_load, i32 %p_loc121_load, i32 %p_loc119_load, i32 %p_loc123_load, i32 %p_loc124_load, i32 %p_loc122_load, i32 %p_loc117_load, i32 %p_loc118_load, i32 %p_loc116_load, i32 %p_loc129_load, i32 %p_loc130_load, i32 %p_loc128_load, i32 %p_loc132_load, i32 %p_loc133_load, i32 %p_loc131_load, i32 %p_loc126_load, i32 %p_loc127_load, i32 %p_loc125_load, i32 %p_loc138_load, i32 %p_loc139_load, i32 %p_loc137_load, i32 %p_loc141_load, i32 %p_loc142_load, i32 %p_loc140_load, i32 %p_loc135_load, i32 %p_loc136_load, i32 %p_loc134_load, i32 %p_loc111_load, i32 %p_loc112_load, i32 %p_loc110_load, i32 %p_loc114_load, i32 %p_loc115_load, i32 %p_loc113_load, i32 %p_loc108_load, i32 %p_loc109_load, i32 %p_loc_load, i32 %window41, i32 %window_2142, i32 %window_2243, i32 %window_2344, i32 %window_2445, i32 %window_2546, i32 %window_2647, i32 %window_2748, i32 %window_2849, i32 %prev_sum" [codes_lab5/HLS_sources_final/templatedFuncs.h:147]   --->   Operation 465 'call' 'sum' <Predicate = true> <Delay = 7.25> <CoreType = "Generic">   --->   Core 0 '' <Latency = 0> <II = 1> <Delay = 1.00> <Generic> <Opcode : >

State 19 <SV = 16> <Delay = 7.25>
ST_19 : Operation 466 [20/26] (7.25ns)   --->   "%sum = call i32 @conv2D<4>, i2 %trunc_ln137, i32 %p_loc120_load, i32 %p_loc121_load, i32 %p_loc119_load, i32 %p_loc123_load, i32 %p_loc124_load, i32 %p_loc122_load, i32 %p_loc117_load, i32 %p_loc118_load, i32 %p_loc116_load, i32 %p_loc129_load, i32 %p_loc130_load, i32 %p_loc128_load, i32 %p_loc132_load, i32 %p_loc133_load, i32 %p_loc131_load, i32 %p_loc126_load, i32 %p_loc127_load, i32 %p_loc125_load, i32 %p_loc138_load, i32 %p_loc139_load, i32 %p_loc137_load, i32 %p_loc141_load, i32 %p_loc142_load, i32 %p_loc140_load, i32 %p_loc135_load, i32 %p_loc136_load, i32 %p_loc134_load, i32 %p_loc111_load, i32 %p_loc112_load, i32 %p_loc110_load, i32 %p_loc114_load, i32 %p_loc115_load, i32 %p_loc113_load, i32 %p_loc108_load, i32 %p_loc109_load, i32 %p_loc_load, i32 %window41, i32 %window_2142, i32 %window_2243, i32 %window_2344, i32 %window_2445, i32 %window_2546, i32 %window_2647, i32 %window_2748, i32 %window_2849, i32 %prev_sum" [codes_lab5/HLS_sources_final/templatedFuncs.h:147]   --->   Operation 466 'call' 'sum' <Predicate = true> <Delay = 7.25> <CoreType = "Generic">   --->   Core 0 '' <Latency = 0> <II = 1> <Delay = 1.00> <Generic> <Opcode : >

State 20 <SV = 17> <Delay = 7.25>
ST_20 : Operation 467 [19/26] (7.25ns)   --->   "%sum = call i32 @conv2D<4>, i2 %trunc_ln137, i32 %p_loc120_load, i32 %p_loc121_load, i32 %p_loc119_load, i32 %p_loc123_load, i32 %p_loc124_load, i32 %p_loc122_load, i32 %p_loc117_load, i32 %p_loc118_load, i32 %p_loc116_load, i32 %p_loc129_load, i32 %p_loc130_load, i32 %p_loc128_load, i32 %p_loc132_load, i32 %p_loc133_load, i32 %p_loc131_load, i32 %p_loc126_load, i32 %p_loc127_load, i32 %p_loc125_load, i32 %p_loc138_load, i32 %p_loc139_load, i32 %p_loc137_load, i32 %p_loc141_load, i32 %p_loc142_load, i32 %p_loc140_load, i32 %p_loc135_load, i32 %p_loc136_load, i32 %p_loc134_load, i32 %p_loc111_load, i32 %p_loc112_load, i32 %p_loc110_load, i32 %p_loc114_load, i32 %p_loc115_load, i32 %p_loc113_load, i32 %p_loc108_load, i32 %p_loc109_load, i32 %p_loc_load, i32 %window41, i32 %window_2142, i32 %window_2243, i32 %window_2344, i32 %window_2445, i32 %window_2546, i32 %window_2647, i32 %window_2748, i32 %window_2849, i32 %prev_sum" [codes_lab5/HLS_sources_final/templatedFuncs.h:147]   --->   Operation 467 'call' 'sum' <Predicate = true> <Delay = 7.25> <CoreType = "Generic">   --->   Core 0 '' <Latency = 0> <II = 1> <Delay = 1.00> <Generic> <Opcode : >

State 21 <SV = 18> <Delay = 7.25>
ST_21 : Operation 468 [18/26] (7.25ns)   --->   "%sum = call i32 @conv2D<4>, i2 %trunc_ln137, i32 %p_loc120_load, i32 %p_loc121_load, i32 %p_loc119_load, i32 %p_loc123_load, i32 %p_loc124_load, i32 %p_loc122_load, i32 %p_loc117_load, i32 %p_loc118_load, i32 %p_loc116_load, i32 %p_loc129_load, i32 %p_loc130_load, i32 %p_loc128_load, i32 %p_loc132_load, i32 %p_loc133_load, i32 %p_loc131_load, i32 %p_loc126_load, i32 %p_loc127_load, i32 %p_loc125_load, i32 %p_loc138_load, i32 %p_loc139_load, i32 %p_loc137_load, i32 %p_loc141_load, i32 %p_loc142_load, i32 %p_loc140_load, i32 %p_loc135_load, i32 %p_loc136_load, i32 %p_loc134_load, i32 %p_loc111_load, i32 %p_loc112_load, i32 %p_loc110_load, i32 %p_loc114_load, i32 %p_loc115_load, i32 %p_loc113_load, i32 %p_loc108_load, i32 %p_loc109_load, i32 %p_loc_load, i32 %window41, i32 %window_2142, i32 %window_2243, i32 %window_2344, i32 %window_2445, i32 %window_2546, i32 %window_2647, i32 %window_2748, i32 %window_2849, i32 %prev_sum" [codes_lab5/HLS_sources_final/templatedFuncs.h:147]   --->   Operation 468 'call' 'sum' <Predicate = true> <Delay = 7.25> <CoreType = "Generic">   --->   Core 0 '' <Latency = 0> <II = 1> <Delay = 1.00> <Generic> <Opcode : >

State 22 <SV = 19> <Delay = 7.25>
ST_22 : Operation 469 [17/26] (7.25ns)   --->   "%sum = call i32 @conv2D<4>, i2 %trunc_ln137, i32 %p_loc120_load, i32 %p_loc121_load, i32 %p_loc119_load, i32 %p_loc123_load, i32 %p_loc124_load, i32 %p_loc122_load, i32 %p_loc117_load, i32 %p_loc118_load, i32 %p_loc116_load, i32 %p_loc129_load, i32 %p_loc130_load, i32 %p_loc128_load, i32 %p_loc132_load, i32 %p_loc133_load, i32 %p_loc131_load, i32 %p_loc126_load, i32 %p_loc127_load, i32 %p_loc125_load, i32 %p_loc138_load, i32 %p_loc139_load, i32 %p_loc137_load, i32 %p_loc141_load, i32 %p_loc142_load, i32 %p_loc140_load, i32 %p_loc135_load, i32 %p_loc136_load, i32 %p_loc134_load, i32 %p_loc111_load, i32 %p_loc112_load, i32 %p_loc110_load, i32 %p_loc114_load, i32 %p_loc115_load, i32 %p_loc113_load, i32 %p_loc108_load, i32 %p_loc109_load, i32 %p_loc_load, i32 %window41, i32 %window_2142, i32 %window_2243, i32 %window_2344, i32 %window_2445, i32 %window_2546, i32 %window_2647, i32 %window_2748, i32 %window_2849, i32 %prev_sum" [codes_lab5/HLS_sources_final/templatedFuncs.h:147]   --->   Operation 469 'call' 'sum' <Predicate = true> <Delay = 7.25> <CoreType = "Generic">   --->   Core 0 '' <Latency = 0> <II = 1> <Delay = 1.00> <Generic> <Opcode : >

State 23 <SV = 20> <Delay = 7.25>
ST_23 : Operation 470 [16/26] (7.25ns)   --->   "%sum = call i32 @conv2D<4>, i2 %trunc_ln137, i32 %p_loc120_load, i32 %p_loc121_load, i32 %p_loc119_load, i32 %p_loc123_load, i32 %p_loc124_load, i32 %p_loc122_load, i32 %p_loc117_load, i32 %p_loc118_load, i32 %p_loc116_load, i32 %p_loc129_load, i32 %p_loc130_load, i32 %p_loc128_load, i32 %p_loc132_load, i32 %p_loc133_load, i32 %p_loc131_load, i32 %p_loc126_load, i32 %p_loc127_load, i32 %p_loc125_load, i32 %p_loc138_load, i32 %p_loc139_load, i32 %p_loc137_load, i32 %p_loc141_load, i32 %p_loc142_load, i32 %p_loc140_load, i32 %p_loc135_load, i32 %p_loc136_load, i32 %p_loc134_load, i32 %p_loc111_load, i32 %p_loc112_load, i32 %p_loc110_load, i32 %p_loc114_load, i32 %p_loc115_load, i32 %p_loc113_load, i32 %p_loc108_load, i32 %p_loc109_load, i32 %p_loc_load, i32 %window41, i32 %window_2142, i32 %window_2243, i32 %window_2344, i32 %window_2445, i32 %window_2546, i32 %window_2647, i32 %window_2748, i32 %window_2849, i32 %prev_sum" [codes_lab5/HLS_sources_final/templatedFuncs.h:147]   --->   Operation 470 'call' 'sum' <Predicate = true> <Delay = 7.25> <CoreType = "Generic">   --->   Core 0 '' <Latency = 0> <II = 1> <Delay = 1.00> <Generic> <Opcode : >

State 24 <SV = 21> <Delay = 7.25>
ST_24 : Operation 471 [15/26] (7.25ns)   --->   "%sum = call i32 @conv2D<4>, i2 %trunc_ln137, i32 %p_loc120_load, i32 %p_loc121_load, i32 %p_loc119_load, i32 %p_loc123_load, i32 %p_loc124_load, i32 %p_loc122_load, i32 %p_loc117_load, i32 %p_loc118_load, i32 %p_loc116_load, i32 %p_loc129_load, i32 %p_loc130_load, i32 %p_loc128_load, i32 %p_loc132_load, i32 %p_loc133_load, i32 %p_loc131_load, i32 %p_loc126_load, i32 %p_loc127_load, i32 %p_loc125_load, i32 %p_loc138_load, i32 %p_loc139_load, i32 %p_loc137_load, i32 %p_loc141_load, i32 %p_loc142_load, i32 %p_loc140_load, i32 %p_loc135_load, i32 %p_loc136_load, i32 %p_loc134_load, i32 %p_loc111_load, i32 %p_loc112_load, i32 %p_loc110_load, i32 %p_loc114_load, i32 %p_loc115_load, i32 %p_loc113_load, i32 %p_loc108_load, i32 %p_loc109_load, i32 %p_loc_load, i32 %window41, i32 %window_2142, i32 %window_2243, i32 %window_2344, i32 %window_2445, i32 %window_2546, i32 %window_2647, i32 %window_2748, i32 %window_2849, i32 %prev_sum" [codes_lab5/HLS_sources_final/templatedFuncs.h:147]   --->   Operation 471 'call' 'sum' <Predicate = true> <Delay = 7.25> <CoreType = "Generic">   --->   Core 0 '' <Latency = 0> <II = 1> <Delay = 1.00> <Generic> <Opcode : >

State 25 <SV = 22> <Delay = 7.25>
ST_25 : Operation 472 [14/26] (7.25ns)   --->   "%sum = call i32 @conv2D<4>, i2 %trunc_ln137, i32 %p_loc120_load, i32 %p_loc121_load, i32 %p_loc119_load, i32 %p_loc123_load, i32 %p_loc124_load, i32 %p_loc122_load, i32 %p_loc117_load, i32 %p_loc118_load, i32 %p_loc116_load, i32 %p_loc129_load, i32 %p_loc130_load, i32 %p_loc128_load, i32 %p_loc132_load, i32 %p_loc133_load, i32 %p_loc131_load, i32 %p_loc126_load, i32 %p_loc127_load, i32 %p_loc125_load, i32 %p_loc138_load, i32 %p_loc139_load, i32 %p_loc137_load, i32 %p_loc141_load, i32 %p_loc142_load, i32 %p_loc140_load, i32 %p_loc135_load, i32 %p_loc136_load, i32 %p_loc134_load, i32 %p_loc111_load, i32 %p_loc112_load, i32 %p_loc110_load, i32 %p_loc114_load, i32 %p_loc115_load, i32 %p_loc113_load, i32 %p_loc108_load, i32 %p_loc109_load, i32 %p_loc_load, i32 %window41, i32 %window_2142, i32 %window_2243, i32 %window_2344, i32 %window_2445, i32 %window_2546, i32 %window_2647, i32 %window_2748, i32 %window_2849, i32 %prev_sum" [codes_lab5/HLS_sources_final/templatedFuncs.h:147]   --->   Operation 472 'call' 'sum' <Predicate = true> <Delay = 7.25> <CoreType = "Generic">   --->   Core 0 '' <Latency = 0> <II = 1> <Delay = 1.00> <Generic> <Opcode : >

State 26 <SV = 23> <Delay = 7.25>
ST_26 : Operation 473 [13/26] (7.25ns)   --->   "%sum = call i32 @conv2D<4>, i2 %trunc_ln137, i32 %p_loc120_load, i32 %p_loc121_load, i32 %p_loc119_load, i32 %p_loc123_load, i32 %p_loc124_load, i32 %p_loc122_load, i32 %p_loc117_load, i32 %p_loc118_load, i32 %p_loc116_load, i32 %p_loc129_load, i32 %p_loc130_load, i32 %p_loc128_load, i32 %p_loc132_load, i32 %p_loc133_load, i32 %p_loc131_load, i32 %p_loc126_load, i32 %p_loc127_load, i32 %p_loc125_load, i32 %p_loc138_load, i32 %p_loc139_load, i32 %p_loc137_load, i32 %p_loc141_load, i32 %p_loc142_load, i32 %p_loc140_load, i32 %p_loc135_load, i32 %p_loc136_load, i32 %p_loc134_load, i32 %p_loc111_load, i32 %p_loc112_load, i32 %p_loc110_load, i32 %p_loc114_load, i32 %p_loc115_load, i32 %p_loc113_load, i32 %p_loc108_load, i32 %p_loc109_load, i32 %p_loc_load, i32 %window41, i32 %window_2142, i32 %window_2243, i32 %window_2344, i32 %window_2445, i32 %window_2546, i32 %window_2647, i32 %window_2748, i32 %window_2849, i32 %prev_sum" [codes_lab5/HLS_sources_final/templatedFuncs.h:147]   --->   Operation 473 'call' 'sum' <Predicate = true> <Delay = 7.25> <CoreType = "Generic">   --->   Core 0 '' <Latency = 0> <II = 1> <Delay = 1.00> <Generic> <Opcode : >

State 27 <SV = 24> <Delay = 7.25>
ST_27 : Operation 474 [12/26] (7.25ns)   --->   "%sum = call i32 @conv2D<4>, i2 %trunc_ln137, i32 %p_loc120_load, i32 %p_loc121_load, i32 %p_loc119_load, i32 %p_loc123_load, i32 %p_loc124_load, i32 %p_loc122_load, i32 %p_loc117_load, i32 %p_loc118_load, i32 %p_loc116_load, i32 %p_loc129_load, i32 %p_loc130_load, i32 %p_loc128_load, i32 %p_loc132_load, i32 %p_loc133_load, i32 %p_loc131_load, i32 %p_loc126_load, i32 %p_loc127_load, i32 %p_loc125_load, i32 %p_loc138_load, i32 %p_loc139_load, i32 %p_loc137_load, i32 %p_loc141_load, i32 %p_loc142_load, i32 %p_loc140_load, i32 %p_loc135_load, i32 %p_loc136_load, i32 %p_loc134_load, i32 %p_loc111_load, i32 %p_loc112_load, i32 %p_loc110_load, i32 %p_loc114_load, i32 %p_loc115_load, i32 %p_loc113_load, i32 %p_loc108_load, i32 %p_loc109_load, i32 %p_loc_load, i32 %window41, i32 %window_2142, i32 %window_2243, i32 %window_2344, i32 %window_2445, i32 %window_2546, i32 %window_2647, i32 %window_2748, i32 %window_2849, i32 %prev_sum" [codes_lab5/HLS_sources_final/templatedFuncs.h:147]   --->   Operation 474 'call' 'sum' <Predicate = true> <Delay = 7.25> <CoreType = "Generic">   --->   Core 0 '' <Latency = 0> <II = 1> <Delay = 1.00> <Generic> <Opcode : >

State 28 <SV = 25> <Delay = 7.25>
ST_28 : Operation 475 [11/26] (7.25ns)   --->   "%sum = call i32 @conv2D<4>, i2 %trunc_ln137, i32 %p_loc120_load, i32 %p_loc121_load, i32 %p_loc119_load, i32 %p_loc123_load, i32 %p_loc124_load, i32 %p_loc122_load, i32 %p_loc117_load, i32 %p_loc118_load, i32 %p_loc116_load, i32 %p_loc129_load, i32 %p_loc130_load, i32 %p_loc128_load, i32 %p_loc132_load, i32 %p_loc133_load, i32 %p_loc131_load, i32 %p_loc126_load, i32 %p_loc127_load, i32 %p_loc125_load, i32 %p_loc138_load, i32 %p_loc139_load, i32 %p_loc137_load, i32 %p_loc141_load, i32 %p_loc142_load, i32 %p_loc140_load, i32 %p_loc135_load, i32 %p_loc136_load, i32 %p_loc134_load, i32 %p_loc111_load, i32 %p_loc112_load, i32 %p_loc110_load, i32 %p_loc114_load, i32 %p_loc115_load, i32 %p_loc113_load, i32 %p_loc108_load, i32 %p_loc109_load, i32 %p_loc_load, i32 %window41, i32 %window_2142, i32 %window_2243, i32 %window_2344, i32 %window_2445, i32 %window_2546, i32 %window_2647, i32 %window_2748, i32 %window_2849, i32 %prev_sum" [codes_lab5/HLS_sources_final/templatedFuncs.h:147]   --->   Operation 475 'call' 'sum' <Predicate = true> <Delay = 7.25> <CoreType = "Generic">   --->   Core 0 '' <Latency = 0> <II = 1> <Delay = 1.00> <Generic> <Opcode : >

State 29 <SV = 26> <Delay = 7.25>
ST_29 : Operation 476 [10/26] (7.25ns)   --->   "%sum = call i32 @conv2D<4>, i2 %trunc_ln137, i32 %p_loc120_load, i32 %p_loc121_load, i32 %p_loc119_load, i32 %p_loc123_load, i32 %p_loc124_load, i32 %p_loc122_load, i32 %p_loc117_load, i32 %p_loc118_load, i32 %p_loc116_load, i32 %p_loc129_load, i32 %p_loc130_load, i32 %p_loc128_load, i32 %p_loc132_load, i32 %p_loc133_load, i32 %p_loc131_load, i32 %p_loc126_load, i32 %p_loc127_load, i32 %p_loc125_load, i32 %p_loc138_load, i32 %p_loc139_load, i32 %p_loc137_load, i32 %p_loc141_load, i32 %p_loc142_load, i32 %p_loc140_load, i32 %p_loc135_load, i32 %p_loc136_load, i32 %p_loc134_load, i32 %p_loc111_load, i32 %p_loc112_load, i32 %p_loc110_load, i32 %p_loc114_load, i32 %p_loc115_load, i32 %p_loc113_load, i32 %p_loc108_load, i32 %p_loc109_load, i32 %p_loc_load, i32 %window41, i32 %window_2142, i32 %window_2243, i32 %window_2344, i32 %window_2445, i32 %window_2546, i32 %window_2647, i32 %window_2748, i32 %window_2849, i32 %prev_sum" [codes_lab5/HLS_sources_final/templatedFuncs.h:147]   --->   Operation 476 'call' 'sum' <Predicate = true> <Delay = 7.25> <CoreType = "Generic">   --->   Core 0 '' <Latency = 0> <II = 1> <Delay = 1.00> <Generic> <Opcode : >

State 30 <SV = 27> <Delay = 7.25>
ST_30 : Operation 477 [9/26] (7.25ns)   --->   "%sum = call i32 @conv2D<4>, i2 %trunc_ln137, i32 %p_loc120_load, i32 %p_loc121_load, i32 %p_loc119_load, i32 %p_loc123_load, i32 %p_loc124_load, i32 %p_loc122_load, i32 %p_loc117_load, i32 %p_loc118_load, i32 %p_loc116_load, i32 %p_loc129_load, i32 %p_loc130_load, i32 %p_loc128_load, i32 %p_loc132_load, i32 %p_loc133_load, i32 %p_loc131_load, i32 %p_loc126_load, i32 %p_loc127_load, i32 %p_loc125_load, i32 %p_loc138_load, i32 %p_loc139_load, i32 %p_loc137_load, i32 %p_loc141_load, i32 %p_loc142_load, i32 %p_loc140_load, i32 %p_loc135_load, i32 %p_loc136_load, i32 %p_loc134_load, i32 %p_loc111_load, i32 %p_loc112_load, i32 %p_loc110_load, i32 %p_loc114_load, i32 %p_loc115_load, i32 %p_loc113_load, i32 %p_loc108_load, i32 %p_loc109_load, i32 %p_loc_load, i32 %window41, i32 %window_2142, i32 %window_2243, i32 %window_2344, i32 %window_2445, i32 %window_2546, i32 %window_2647, i32 %window_2748, i32 %window_2849, i32 %prev_sum" [codes_lab5/HLS_sources_final/templatedFuncs.h:147]   --->   Operation 477 'call' 'sum' <Predicate = true> <Delay = 7.25> <CoreType = "Generic">   --->   Core 0 '' <Latency = 0> <II = 1> <Delay = 1.00> <Generic> <Opcode : >

State 31 <SV = 28> <Delay = 7.25>
ST_31 : Operation 478 [8/26] (7.25ns)   --->   "%sum = call i32 @conv2D<4>, i2 %trunc_ln137, i32 %p_loc120_load, i32 %p_loc121_load, i32 %p_loc119_load, i32 %p_loc123_load, i32 %p_loc124_load, i32 %p_loc122_load, i32 %p_loc117_load, i32 %p_loc118_load, i32 %p_loc116_load, i32 %p_loc129_load, i32 %p_loc130_load, i32 %p_loc128_load, i32 %p_loc132_load, i32 %p_loc133_load, i32 %p_loc131_load, i32 %p_loc126_load, i32 %p_loc127_load, i32 %p_loc125_load, i32 %p_loc138_load, i32 %p_loc139_load, i32 %p_loc137_load, i32 %p_loc141_load, i32 %p_loc142_load, i32 %p_loc140_load, i32 %p_loc135_load, i32 %p_loc136_load, i32 %p_loc134_load, i32 %p_loc111_load, i32 %p_loc112_load, i32 %p_loc110_load, i32 %p_loc114_load, i32 %p_loc115_load, i32 %p_loc113_load, i32 %p_loc108_load, i32 %p_loc109_load, i32 %p_loc_load, i32 %window41, i32 %window_2142, i32 %window_2243, i32 %window_2344, i32 %window_2445, i32 %window_2546, i32 %window_2647, i32 %window_2748, i32 %window_2849, i32 %prev_sum" [codes_lab5/HLS_sources_final/templatedFuncs.h:147]   --->   Operation 478 'call' 'sum' <Predicate = true> <Delay = 7.25> <CoreType = "Generic">   --->   Core 0 '' <Latency = 0> <II = 1> <Delay = 1.00> <Generic> <Opcode : >

State 32 <SV = 29> <Delay = 7.25>
ST_32 : Operation 479 [7/26] (7.25ns)   --->   "%sum = call i32 @conv2D<4>, i2 %trunc_ln137, i32 %p_loc120_load, i32 %p_loc121_load, i32 %p_loc119_load, i32 %p_loc123_load, i32 %p_loc124_load, i32 %p_loc122_load, i32 %p_loc117_load, i32 %p_loc118_load, i32 %p_loc116_load, i32 %p_loc129_load, i32 %p_loc130_load, i32 %p_loc128_load, i32 %p_loc132_load, i32 %p_loc133_load, i32 %p_loc131_load, i32 %p_loc126_load, i32 %p_loc127_load, i32 %p_loc125_load, i32 %p_loc138_load, i32 %p_loc139_load, i32 %p_loc137_load, i32 %p_loc141_load, i32 %p_loc142_load, i32 %p_loc140_load, i32 %p_loc135_load, i32 %p_loc136_load, i32 %p_loc134_load, i32 %p_loc111_load, i32 %p_loc112_load, i32 %p_loc110_load, i32 %p_loc114_load, i32 %p_loc115_load, i32 %p_loc113_load, i32 %p_loc108_load, i32 %p_loc109_load, i32 %p_loc_load, i32 %window41, i32 %window_2142, i32 %window_2243, i32 %window_2344, i32 %window_2445, i32 %window_2546, i32 %window_2647, i32 %window_2748, i32 %window_2849, i32 %prev_sum" [codes_lab5/HLS_sources_final/templatedFuncs.h:147]   --->   Operation 479 'call' 'sum' <Predicate = true> <Delay = 7.25> <CoreType = "Generic">   --->   Core 0 '' <Latency = 0> <II = 1> <Delay = 1.00> <Generic> <Opcode : >

State 33 <SV = 30> <Delay = 7.25>
ST_33 : Operation 480 [6/26] (7.25ns)   --->   "%sum = call i32 @conv2D<4>, i2 %trunc_ln137, i32 %p_loc120_load, i32 %p_loc121_load, i32 %p_loc119_load, i32 %p_loc123_load, i32 %p_loc124_load, i32 %p_loc122_load, i32 %p_loc117_load, i32 %p_loc118_load, i32 %p_loc116_load, i32 %p_loc129_load, i32 %p_loc130_load, i32 %p_loc128_load, i32 %p_loc132_load, i32 %p_loc133_load, i32 %p_loc131_load, i32 %p_loc126_load, i32 %p_loc127_load, i32 %p_loc125_load, i32 %p_loc138_load, i32 %p_loc139_load, i32 %p_loc137_load, i32 %p_loc141_load, i32 %p_loc142_load, i32 %p_loc140_load, i32 %p_loc135_load, i32 %p_loc136_load, i32 %p_loc134_load, i32 %p_loc111_load, i32 %p_loc112_load, i32 %p_loc110_load, i32 %p_loc114_load, i32 %p_loc115_load, i32 %p_loc113_load, i32 %p_loc108_load, i32 %p_loc109_load, i32 %p_loc_load, i32 %window41, i32 %window_2142, i32 %window_2243, i32 %window_2344, i32 %window_2445, i32 %window_2546, i32 %window_2647, i32 %window_2748, i32 %window_2849, i32 %prev_sum" [codes_lab5/HLS_sources_final/templatedFuncs.h:147]   --->   Operation 480 'call' 'sum' <Predicate = true> <Delay = 7.25> <CoreType = "Generic">   --->   Core 0 '' <Latency = 0> <II = 1> <Delay = 1.00> <Generic> <Opcode : >

State 34 <SV = 31> <Delay = 7.25>
ST_34 : Operation 481 [5/26] (7.25ns)   --->   "%sum = call i32 @conv2D<4>, i2 %trunc_ln137, i32 %p_loc120_load, i32 %p_loc121_load, i32 %p_loc119_load, i32 %p_loc123_load, i32 %p_loc124_load, i32 %p_loc122_load, i32 %p_loc117_load, i32 %p_loc118_load, i32 %p_loc116_load, i32 %p_loc129_load, i32 %p_loc130_load, i32 %p_loc128_load, i32 %p_loc132_load, i32 %p_loc133_load, i32 %p_loc131_load, i32 %p_loc126_load, i32 %p_loc127_load, i32 %p_loc125_load, i32 %p_loc138_load, i32 %p_loc139_load, i32 %p_loc137_load, i32 %p_loc141_load, i32 %p_loc142_load, i32 %p_loc140_load, i32 %p_loc135_load, i32 %p_loc136_load, i32 %p_loc134_load, i32 %p_loc111_load, i32 %p_loc112_load, i32 %p_loc110_load, i32 %p_loc114_load, i32 %p_loc115_load, i32 %p_loc113_load, i32 %p_loc108_load, i32 %p_loc109_load, i32 %p_loc_load, i32 %window41, i32 %window_2142, i32 %window_2243, i32 %window_2344, i32 %window_2445, i32 %window_2546, i32 %window_2647, i32 %window_2748, i32 %window_2849, i32 %prev_sum" [codes_lab5/HLS_sources_final/templatedFuncs.h:147]   --->   Operation 481 'call' 'sum' <Predicate = true> <Delay = 7.25> <CoreType = "Generic">   --->   Core 0 '' <Latency = 0> <II = 1> <Delay = 1.00> <Generic> <Opcode : >

State 35 <SV = 32> <Delay = 7.25>
ST_35 : Operation 482 [4/26] (7.25ns)   --->   "%sum = call i32 @conv2D<4>, i2 %trunc_ln137, i32 %p_loc120_load, i32 %p_loc121_load, i32 %p_loc119_load, i32 %p_loc123_load, i32 %p_loc124_load, i32 %p_loc122_load, i32 %p_loc117_load, i32 %p_loc118_load, i32 %p_loc116_load, i32 %p_loc129_load, i32 %p_loc130_load, i32 %p_loc128_load, i32 %p_loc132_load, i32 %p_loc133_load, i32 %p_loc131_load, i32 %p_loc126_load, i32 %p_loc127_load, i32 %p_loc125_load, i32 %p_loc138_load, i32 %p_loc139_load, i32 %p_loc137_load, i32 %p_loc141_load, i32 %p_loc142_load, i32 %p_loc140_load, i32 %p_loc135_load, i32 %p_loc136_load, i32 %p_loc134_load, i32 %p_loc111_load, i32 %p_loc112_load, i32 %p_loc110_load, i32 %p_loc114_load, i32 %p_loc115_load, i32 %p_loc113_load, i32 %p_loc108_load, i32 %p_loc109_load, i32 %p_loc_load, i32 %window41, i32 %window_2142, i32 %window_2243, i32 %window_2344, i32 %window_2445, i32 %window_2546, i32 %window_2647, i32 %window_2748, i32 %window_2849, i32 %prev_sum" [codes_lab5/HLS_sources_final/templatedFuncs.h:147]   --->   Operation 482 'call' 'sum' <Predicate = true> <Delay = 7.25> <CoreType = "Generic">   --->   Core 0 '' <Latency = 0> <II = 1> <Delay = 1.00> <Generic> <Opcode : >

State 36 <SV = 33> <Delay = 7.25>
ST_36 : Operation 483 [3/26] (7.25ns)   --->   "%sum = call i32 @conv2D<4>, i2 %trunc_ln137, i32 %p_loc120_load, i32 %p_loc121_load, i32 %p_loc119_load, i32 %p_loc123_load, i32 %p_loc124_load, i32 %p_loc122_load, i32 %p_loc117_load, i32 %p_loc118_load, i32 %p_loc116_load, i32 %p_loc129_load, i32 %p_loc130_load, i32 %p_loc128_load, i32 %p_loc132_load, i32 %p_loc133_load, i32 %p_loc131_load, i32 %p_loc126_load, i32 %p_loc127_load, i32 %p_loc125_load, i32 %p_loc138_load, i32 %p_loc139_load, i32 %p_loc137_load, i32 %p_loc141_load, i32 %p_loc142_load, i32 %p_loc140_load, i32 %p_loc135_load, i32 %p_loc136_load, i32 %p_loc134_load, i32 %p_loc111_load, i32 %p_loc112_load, i32 %p_loc110_load, i32 %p_loc114_load, i32 %p_loc115_load, i32 %p_loc113_load, i32 %p_loc108_load, i32 %p_loc109_load, i32 %p_loc_load, i32 %window41, i32 %window_2142, i32 %window_2243, i32 %window_2344, i32 %window_2445, i32 %window_2546, i32 %window_2647, i32 %window_2748, i32 %window_2849, i32 %prev_sum" [codes_lab5/HLS_sources_final/templatedFuncs.h:147]   --->   Operation 483 'call' 'sum' <Predicate = true> <Delay = 7.25> <CoreType = "Generic">   --->   Core 0 '' <Latency = 0> <II = 1> <Delay = 1.00> <Generic> <Opcode : >

State 37 <SV = 34> <Delay = 7.25>
ST_37 : Operation 484 [2/26] (7.25ns)   --->   "%sum = call i32 @conv2D<4>, i2 %trunc_ln137, i32 %p_loc120_load, i32 %p_loc121_load, i32 %p_loc119_load, i32 %p_loc123_load, i32 %p_loc124_load, i32 %p_loc122_load, i32 %p_loc117_load, i32 %p_loc118_load, i32 %p_loc116_load, i32 %p_loc129_load, i32 %p_loc130_load, i32 %p_loc128_load, i32 %p_loc132_load, i32 %p_loc133_load, i32 %p_loc131_load, i32 %p_loc126_load, i32 %p_loc127_load, i32 %p_loc125_load, i32 %p_loc138_load, i32 %p_loc139_load, i32 %p_loc137_load, i32 %p_loc141_load, i32 %p_loc142_load, i32 %p_loc140_load, i32 %p_loc135_load, i32 %p_loc136_load, i32 %p_loc134_load, i32 %p_loc111_load, i32 %p_loc112_load, i32 %p_loc110_load, i32 %p_loc114_load, i32 %p_loc115_load, i32 %p_loc113_load, i32 %p_loc108_load, i32 %p_loc109_load, i32 %p_loc_load, i32 %window41, i32 %window_2142, i32 %window_2243, i32 %window_2344, i32 %window_2445, i32 %window_2546, i32 %window_2647, i32 %window_2748, i32 %window_2849, i32 %prev_sum" [codes_lab5/HLS_sources_final/templatedFuncs.h:147]   --->   Operation 484 'call' 'sum' <Predicate = true> <Delay = 7.25> <CoreType = "Generic">   --->   Core 0 '' <Latency = 0> <II = 1> <Delay = 1.00> <Generic> <Opcode : >

State 38 <SV = 35> <Delay = 7.25>
ST_38 : Operation 485 [1/26] (7.25ns)   --->   "%sum = call i32 @conv2D<4>, i2 %trunc_ln137, i32 %p_loc120_load, i32 %p_loc121_load, i32 %p_loc119_load, i32 %p_loc123_load, i32 %p_loc124_load, i32 %p_loc122_load, i32 %p_loc117_load, i32 %p_loc118_load, i32 %p_loc116_load, i32 %p_loc129_load, i32 %p_loc130_load, i32 %p_loc128_load, i32 %p_loc132_load, i32 %p_loc133_load, i32 %p_loc131_load, i32 %p_loc126_load, i32 %p_loc127_load, i32 %p_loc125_load, i32 %p_loc138_load, i32 %p_loc139_load, i32 %p_loc137_load, i32 %p_loc141_load, i32 %p_loc142_load, i32 %p_loc140_load, i32 %p_loc135_load, i32 %p_loc136_load, i32 %p_loc134_load, i32 %p_loc111_load, i32 %p_loc112_load, i32 %p_loc110_load, i32 %p_loc114_load, i32 %p_loc115_load, i32 %p_loc113_load, i32 %p_loc108_load, i32 %p_loc109_load, i32 %p_loc_load, i32 %window41, i32 %window_2142, i32 %window_2243, i32 %window_2344, i32 %window_2445, i32 %window_2546, i32 %window_2647, i32 %window_2748, i32 %window_2849, i32 %prev_sum" [codes_lab5/HLS_sources_final/templatedFuncs.h:147]   --->   Operation 485 'call' 'sum' <Predicate = true> <Delay = 7.25> <CoreType = "Generic">   --->   Core 0 '' <Latency = 0> <II = 1> <Delay = 1.00> <Generic> <Opcode : >
ST_38 : Operation 486 [1/1] (0.00ns)   --->   "%br_ln149 = br i1 %select_ln137_3, void %if.else, void %if.then" [codes_lab5/HLS_sources_final/templatedFuncs.h:149]   --->   Operation 486 'br' 'br_ln149' <Predicate = true> <Delay = 0.00>
ST_38 : Operation 487 [1/1] (0.00ns)   --->   "%br_ln153 = br i1 %trunc_ln141, void %arrayidx4162.case.0, void %arrayidx4162.case.1" [codes_lab5/HLS_sources_final/templatedFuncs.h:153]   --->   Operation 487 'br' 'br_ln153' <Predicate = (!select_ln137_3)> <Delay = 0.00>

State 39 <SV = 36> <Delay = 3.25>
ST_39 : Operation 488 [1/1] (3.25ns)   --->   "%store_ln153 = store i32 %sum, i11 %ofmap_0_addr" [codes_lab5/HLS_sources_final/templatedFuncs.h:153]   --->   Operation 488 'store' 'store_ln153' <Predicate = (!trunc_ln141)> <Delay = 3.25> <CoreInst = "RAM">   --->   Core 82 'RAM' <Latency = 1> <II = 1> <Delay = 3.25> <Storage> <Opcode : 'load' 'store'> <Ports = 2> <Width = 32> <Depth = 1152> <RAM>
ST_39 : Operation 489 [1/1] (0.00ns)   --->   "%br_ln153 = br void %arrayidx4162.exit" [codes_lab5/HLS_sources_final/templatedFuncs.h:153]   --->   Operation 489 'br' 'br_ln153' <Predicate = (!trunc_ln141)> <Delay = 0.00>
ST_39 : Operation 490 [1/1] (3.25ns)   --->   "%store_ln153 = store i32 %sum, i11 %ofmap_1_addr" [codes_lab5/HLS_sources_final/templatedFuncs.h:153]   --->   Operation 490 'store' 'store_ln153' <Predicate = (trunc_ln141)> <Delay = 3.25> <CoreInst = "RAM">   --->   Core 82 'RAM' <Latency = 1> <II = 1> <Delay = 3.25> <Storage> <Opcode : 'load' 'store'> <Ports = 2> <Width = 32> <Depth = 1152> <RAM>
ST_39 : Operation 491 [1/1] (0.00ns)   --->   "%br_ln153 = br void %arrayidx4162.exit" [codes_lab5/HLS_sources_final/templatedFuncs.h:153]   --->   Operation 491 'br' 'br_ln153' <Predicate = (trunc_ln141)> <Delay = 0.00>
ST_39 : Operation 492 [1/1] (0.00ns)   --->   "%br_ln0 = br void %for.inc"   --->   Operation 492 'br' 'br_ln0' <Predicate = true> <Delay = 0.00>

State 40 <SV = 36> <Delay = 5.43>
ST_40 : Operation 493 [2/2] (5.43ns)   --->   "%tmp_23 = fcmp_olt  i32 %sum, i32 0" [codes_lab5/HLS_sources_final/templatedFuncs.h:73]   --->   Operation 493 'fcmp' 'tmp_23' <Predicate = true> <Delay = 5.43> <CoreInst = "FCompare">   --->   Core 19 'FCompare' <Latency = 1> <II = 1> <Delay = 5.43> <FuncUnit> <Opcode : 'fcmp'> <InPorts = 2> <OutPorts = 1>

State 41 <SV = 37> <Delay = 6.40>
ST_41 : Operation 494 [1/1] (0.00ns)   --->   "%bitcast_ln73 = bitcast i32 %sum" [codes_lab5/HLS_sources_final/templatedFuncs.h:73]   --->   Operation 494 'bitcast' 'bitcast_ln73' <Predicate = true> <Delay = 0.00>
ST_41 : Operation 495 [1/1] (0.00ns)   --->   "%tmp_22 = partselect i8 @_ssdm_op_PartSelect.i8.i32.i32.i32, i32 %bitcast_ln73, i32 23, i32 30" [codes_lab5/HLS_sources_final/templatedFuncs.h:73]   --->   Operation 495 'partselect' 'tmp_22' <Predicate = true> <Delay = 0.00>
ST_41 : Operation 496 [1/1] (0.00ns)   --->   "%trunc_ln73 = trunc i32 %bitcast_ln73" [codes_lab5/HLS_sources_final/templatedFuncs.h:73]   --->   Operation 496 'trunc' 'trunc_ln73' <Predicate = true> <Delay = 0.00>
ST_41 : Operation 497 [1/1] (1.55ns)   --->   "%icmp_ln73 = icmp_ne  i8 %tmp_22, i8 255" [codes_lab5/HLS_sources_final/templatedFuncs.h:73]   --->   Operation 497 'icmp' 'icmp_ln73' <Predicate = true> <Delay = 1.55> <CoreInst = "Cmp">   --->   Core 9 'Cmp' <Latency = 0> <II = 1> <Delay = 1.55> <FuncUnit> <Opcode : 'icmp'> <InPorts = 2> <OutPorts = 1>
ST_41 : Operation 498 [1/1] (2.44ns)   --->   "%icmp_ln73_17 = icmp_eq  i23 %trunc_ln73, i23 0" [codes_lab5/HLS_sources_final/templatedFuncs.h:73]   --->   Operation 498 'icmp' 'icmp_ln73_17' <Predicate = true> <Delay = 2.44> <CoreInst = "Cmp">   --->   Core 9 'Cmp' <Latency = 0> <II = 1> <Delay = 2.44> <FuncUnit> <Opcode : 'icmp'> <InPorts = 2> <OutPorts = 1>
ST_41 : Operation 499 [1/1] (0.00ns) (grouped into LUT with out node select_ln73)   --->   "%or_ln73 = or i1 %icmp_ln73_17, i1 %icmp_ln73" [codes_lab5/HLS_sources_final/templatedFuncs.h:73]   --->   Operation 499 'or' 'or_ln73' <Predicate = true> <Delay = 0.00> <CoreInst = "LogicGate">   --->   Core 74 'LogicGate' <Latency = 0> <II = 1> <Delay = 0.97> <FuncUnit> <Opcode : 'and' 'or' 'xor'> <InPorts = 2> <OutPorts = 1>
ST_41 : Operation 500 [1/2] (5.43ns)   --->   "%tmp_23 = fcmp_olt  i32 %sum, i32 0" [codes_lab5/HLS_sources_final/templatedFuncs.h:73]   --->   Operation 500 'fcmp' 'tmp_23' <Predicate = true> <Delay = 5.43> <CoreInst = "FCompare">   --->   Core 19 'FCompare' <Latency = 1> <II = 1> <Delay = 5.43> <FuncUnit> <Opcode : 'fcmp'> <InPorts = 2> <OutPorts = 1>
ST_41 : Operation 501 [1/1] (0.00ns) (grouped into LUT with out node select_ln73)   --->   "%and_ln73 = and i1 %or_ln73, i1 %tmp_23" [codes_lab5/HLS_sources_final/templatedFuncs.h:73]   --->   Operation 501 'and' 'and_ln73' <Predicate = true> <Delay = 0.00> <CoreInst = "LogicGate">   --->   Core 74 'LogicGate' <Latency = 0> <II = 1> <Delay = 0.97> <FuncUnit> <Opcode : 'and' 'or' 'xor'> <InPorts = 2> <OutPorts = 1>
ST_41 : Operation 502 [1/1] (0.97ns) (out node of the LUT)   --->   "%select_ln73 = select i1 %and_ln73, i32 0, i32 %sum" [codes_lab5/HLS_sources_final/templatedFuncs.h:73]   --->   Operation 502 'select' 'select_ln73' <Predicate = true> <Delay = 0.97> <CoreInst = "Sel">   --->   Core 73 'Sel' <Latency = 0> <II = 1> <Delay = 0.69> <FuncUnit> <Opcode : 'select'> <InPorts = 3> <OutPorts = 1>
ST_41 : Operation 503 [1/1] (0.00ns)   --->   "%br_ln150 = br i1 %trunc_ln141, void %arrayidx4162.case.02, void %arrayidx4162.case.13" [codes_lab5/HLS_sources_final/templatedFuncs.h:150]   --->   Operation 503 'br' 'br_ln150' <Predicate = true> <Delay = 0.00>

State 42 <SV = 38> <Delay = 3.25>
ST_42 : Operation 504 [1/1] (3.25ns)   --->   "%store_ln150 = store i32 %select_ln73, i11 %ofmap_0_addr" [codes_lab5/HLS_sources_final/templatedFuncs.h:150]   --->   Operation 504 'store' 'store_ln150' <Predicate = (select_ln137_3 & !trunc_ln141)> <Delay = 3.25> <CoreInst = "RAM">   --->   Core 82 'RAM' <Latency = 1> <II = 1> <Delay = 3.25> <Storage> <Opcode : 'load' 'store'> <Ports = 2> <Width = 32> <Depth = 1152> <RAM>
ST_42 : Operation 505 [1/1] (0.00ns)   --->   "%br_ln150 = br void %arrayidx4162.exit1" [codes_lab5/HLS_sources_final/templatedFuncs.h:150]   --->   Operation 505 'br' 'br_ln150' <Predicate = (select_ln137_3 & !trunc_ln141)> <Delay = 0.00>
ST_42 : Operation 506 [1/1] (3.25ns)   --->   "%store_ln150 = store i32 %select_ln73, i11 %ofmap_1_addr" [codes_lab5/HLS_sources_final/templatedFuncs.h:150]   --->   Operation 506 'store' 'store_ln150' <Predicate = (select_ln137_3 & trunc_ln141)> <Delay = 3.25> <CoreInst = "RAM">   --->   Core 82 'RAM' <Latency = 1> <II = 1> <Delay = 3.25> <Storage> <Opcode : 'load' 'store'> <Ports = 2> <Width = 32> <Depth = 1152> <RAM>
ST_42 : Operation 507 [1/1] (0.00ns)   --->   "%br_ln150 = br void %arrayidx4162.exit1" [codes_lab5/HLS_sources_final/templatedFuncs.h:150]   --->   Operation 507 'br' 'br_ln150' <Predicate = (select_ln137_3 & trunc_ln141)> <Delay = 0.00>
ST_42 : Operation 508 [1/1] (0.00ns)   --->   "%br_ln151 = br void %for.inc" [codes_lab5/HLS_sources_final/templatedFuncs.h:151]   --->   Operation 508 'br' 'br_ln151' <Predicate = (select_ln137_3)> <Delay = 0.00>
ST_42 : Operation 509 [1/1] (1.78ns)   --->   "%add_ln141 = add i5 %select_ln139, i5 1" [codes_lab5/HLS_sources_final/templatedFuncs.h:141]   --->   Operation 509 'add' 'add_ln141' <Predicate = true> <Delay = 1.78> <CoreInst = "Adder">   --->   Core 1 'Adder' <Latency = 0> <II = 1> <Delay = 1.78> <FuncUnit> <Opcode : 'add' 'sub'> <InPorts = 2> <OutPorts = 1>
ST_42 : Operation 510 [1/1] (1.73ns)   --->   "%add_ln139_2 = add i10 %indvar_flatten157, i10 1" [codes_lab5/HLS_sources_final/templatedFuncs.h:139]   --->   Operation 510 'add' 'add_ln139_2' <Predicate = (!icmp_ln139)> <Delay = 1.73> <CoreInst = "Adder">   --->   Core 1 'Adder' <Latency = 0> <II = 1> <Delay = 1.73> <FuncUnit> <Opcode : 'add' 'sub'> <InPorts = 2> <OutPorts = 1>
ST_42 : Operation 511 [1/1] (0.68ns)   --->   "%select_ln139_3 = select i1 %icmp_ln139, i10 1, i10 %add_ln139_2" [codes_lab5/HLS_sources_final/templatedFuncs.h:139]   --->   Operation 511 'select' 'select_ln139_3' <Predicate = true> <Delay = 0.68> <CoreInst = "Sel">   --->   Core 73 'Sel' <Latency = 0> <II = 1> <Delay = 0.68> <FuncUnit> <Opcode : 'select'> <InPorts = 3> <OutPorts = 1>
ST_42 : Operation 512 [1/1] (0.00ns)   --->   "%store_ln141 = store i32 %window_2849, i32 %window_2849109" [codes_lab5/HLS_sources_final/templatedFuncs.h:141]   --->   Operation 512 'store' 'store_ln141' <Predicate = true> <Delay = 0.00>
ST_42 : Operation 513 [1/1] (0.00ns)   --->   "%store_ln141 = store i32 %window_2748, i32 %window_2748102" [codes_lab5/HLS_sources_final/templatedFuncs.h:141]   --->   Operation 513 'store' 'store_ln141' <Predicate = true> <Delay = 0.00>
ST_42 : Operation 514 [1/1] (0.00ns)   --->   "%store_ln141 = store i32 %window_2647, i32 %window_264795" [codes_lab5/HLS_sources_final/templatedFuncs.h:141]   --->   Operation 514 'store' 'store_ln141' <Predicate = true> <Delay = 0.00>
ST_42 : Operation 515 [1/1] (0.00ns)   --->   "%store_ln141 = store i32 %window_2546, i32 %window_254688" [codes_lab5/HLS_sources_final/templatedFuncs.h:141]   --->   Operation 515 'store' 'store_ln141' <Predicate = true> <Delay = 0.00>
ST_42 : Operation 516 [1/1] (0.00ns)   --->   "%store_ln141 = store i32 %window_2445, i32 %window_244581" [codes_lab5/HLS_sources_final/templatedFuncs.h:141]   --->   Operation 516 'store' 'store_ln141' <Predicate = true> <Delay = 0.00>
ST_42 : Operation 517 [1/1] (0.00ns)   --->   "%store_ln141 = store i32 %window_2344, i32 %window_234474" [codes_lab5/HLS_sources_final/templatedFuncs.h:141]   --->   Operation 517 'store' 'store_ln141' <Predicate = true> <Delay = 0.00>
ST_42 : Operation 518 [1/1] (0.00ns)   --->   "%store_ln141 = store i32 %window_2243, i32 %window_224367" [codes_lab5/HLS_sources_final/templatedFuncs.h:141]   --->   Operation 518 'store' 'store_ln141' <Predicate = true> <Delay = 0.00>
ST_42 : Operation 519 [1/1] (0.00ns)   --->   "%store_ln141 = store i32 %window_2142, i32 %window_214260" [codes_lab5/HLS_sources_final/templatedFuncs.h:141]   --->   Operation 519 'store' 'store_ln141' <Predicate = true> <Delay = 0.00>
ST_42 : Operation 520 [1/1] (0.00ns)   --->   "%store_ln141 = store i32 %window41, i32 %window4153" [codes_lab5/HLS_sources_final/templatedFuncs.h:141]   --->   Operation 520 'store' 'store_ln141' <Predicate = true> <Delay = 0.00>
ST_42 : Operation 521 [1/1] (0.00ns)   --->   "%store_ln141 = store i32 %window_2_2_promoted253353, i32 %window_2_2_promoted253347" [codes_lab5/HLS_sources_final/templatedFuncs.h:141]   --->   Operation 521 'store' 'store_ln141' <Predicate = true> <Delay = 0.00>
ST_42 : Operation 522 [1/1] (0.00ns)   --->   "%store_ln141 = store i32 %window_2_0_promoted251346, i32 %window_2_0_promoted251340" [codes_lab5/HLS_sources_final/templatedFuncs.h:141]   --->   Operation 522 'store' 'store_ln141' <Predicate = true> <Delay = 0.00>
ST_42 : Operation 523 [1/1] (0.00ns)   --->   "%store_ln141 = store i32 %window_2_1_promoted249339, i32 %window_2_1_promoted249333" [codes_lab5/HLS_sources_final/templatedFuncs.h:141]   --->   Operation 523 'store' 'store_ln141' <Predicate = true> <Delay = 0.00>
ST_42 : Operation 524 [1/1] (0.00ns)   --->   "%store_ln141 = store i32 %window_0_2_promoted247332, i32 %window_0_2_promoted247326" [codes_lab5/HLS_sources_final/templatedFuncs.h:141]   --->   Operation 524 'store' 'store_ln141' <Predicate = true> <Delay = 0.00>
ST_42 : Operation 525 [1/1] (0.00ns)   --->   "%store_ln141 = store i32 %window_0_0_promoted245325, i32 %window_0_0_promoted245319" [codes_lab5/HLS_sources_final/templatedFuncs.h:141]   --->   Operation 525 'store' 'store_ln141' <Predicate = true> <Delay = 0.00>
ST_42 : Operation 526 [1/1] (0.00ns)   --->   "%store_ln141 = store i32 %window_0_1_promoted243318, i32 %window_0_1_promoted243312" [codes_lab5/HLS_sources_final/templatedFuncs.h:141]   --->   Operation 526 'store' 'store_ln141' <Predicate = true> <Delay = 0.00>
ST_42 : Operation 527 [1/1] (0.00ns)   --->   "%store_ln141 = store i32 %window_1_2_promoted241311, i32 %window_1_2_promoted241305" [codes_lab5/HLS_sources_final/templatedFuncs.h:141]   --->   Operation 527 'store' 'store_ln141' <Predicate = true> <Delay = 0.00>
ST_42 : Operation 528 [1/1] (0.00ns)   --->   "%store_ln141 = store i32 %window_1_0_promoted239304, i32 %window_1_0_promoted239298" [codes_lab5/HLS_sources_final/templatedFuncs.h:141]   --->   Operation 528 'store' 'store_ln141' <Predicate = true> <Delay = 0.00>
ST_42 : Operation 529 [1/1] (0.00ns)   --->   "%store_ln141 = store i32 %window_1_1_promoted237297, i32 %window_1_1_promoted237291" [codes_lab5/HLS_sources_final/templatedFuncs.h:141]   --->   Operation 529 'store' 'store_ln141' <Predicate = true> <Delay = 0.00>
ST_42 : Operation 530 [1/1] (0.00ns)   --->   "%store_ln141 = store i32 %mux_case_28665, i32 %mux_case_28657" [codes_lab5/HLS_sources_final/templatedFuncs.h:141]   --->   Operation 530 'store' 'store_ln141' <Predicate = true> <Delay = 0.00>
ST_42 : Operation 531 [1/1] (0.00ns)   --->   "%store_ln141 = store i32 %mux_case_18554, i32 %mux_case_18546" [codes_lab5/HLS_sources_final/templatedFuncs.h:141]   --->   Operation 531 'store' 'store_ln141' <Predicate = true> <Delay = 0.00>
ST_42 : Operation 532 [1/1] (0.00ns)   --->   "%store_ln141 = store i32 %mux_case_08443, i32 %mux_case_08435" [codes_lab5/HLS_sources_final/templatedFuncs.h:141]   --->   Operation 532 'store' 'store_ln141' <Predicate = true> <Delay = 0.00>
ST_42 : Operation 533 [1/1] (0.00ns)   --->   "%store_ln141 = store i32 %mux_case_228, i32 %mux_case_224" [codes_lab5/HLS_sources_final/templatedFuncs.h:141]   --->   Operation 533 'store' 'store_ln141' <Predicate = true> <Delay = 0.00>
ST_42 : Operation 534 [1/1] (0.00ns)   --->   "%store_ln141 = store i32 %mux_case_117, i32 %mux_case_113" [codes_lab5/HLS_sources_final/templatedFuncs.h:141]   --->   Operation 534 'store' 'store_ln141' <Predicate = true> <Delay = 0.00>
ST_42 : Operation 535 [1/1] (0.00ns)   --->   "%store_ln141 = store i32 %mux_case_06, i32 %mux_case_01" [codes_lab5/HLS_sources_final/templatedFuncs.h:141]   --->   Operation 535 'store' 'store_ln141' <Predicate = true> <Delay = 0.00>
ST_42 : Operation 536 [1/1] (0.00ns)   --->   "%br_ln141 = br void %for.body13" [codes_lab5/HLS_sources_final/templatedFuncs.h:141]   --->   Operation 536 'br' 'br_ln141' <Predicate = true> <Delay = 0.00>


============================================================
+ Verbose Summary: Binding
============================================================
STG Binding: 
---------------- STG Properties BEGIN ----------------
- Is combinational: 0
- Is one-state seq: 0
- Is datapath-only: 0
- Is pipelined: 0
- Is top level: 0
Port [ Return ] is wired: 1; IO mode=ap_ctrl_hs:ce=0
Port [ ifmap]:  wired=1; compound=1; hidden=0; nouse=0; global=0; static=0; extern=0; dir=0; type=1; pingpong=1; private_global=0; MemPort=[13]; IO mode=ap_memory:ce=0
Port [ ofmap_0]:  wired=1; compound=1; hidden=0; nouse=0; global=0; static=0; extern=0; dir=2; type=1; pingpong=1; private_global=0; MemPort=[23]; IO mode=ap_memory:ce=0
Port [ ofmap_1]:  wired=1; compound=1; hidden=0; nouse=0; global=0; static=0; extern=0; dir=2; type=1; pingpong=1; private_global=0; MemPort=[23]; IO mode=ap_memory:ce=0
Port [ conv2_weight]:  wired=0; compound=1; hidden=1; nouse=1; global=1; static=1; extern=0; dir=0; type=1; pingpong=0; private_global=0; MemPort=[1]; IO mode=ap_memory:ce=0
Port [ conv2_bias]:  wired=0; compound=1; hidden=1; nouse=0; global=1; static=1; extern=0; dir=0; type=1; pingpong=0; private_global=1; MemPort=[1]; IO mode=ap_memory:ce=0
---------------- STG Properties END ------------------

---------------- Datapath Model BEGIN ----------------

<LifeTime>
<method=bitvector/>
n_f                                (alloca           ) [ 0111111111111111111111111111111111111111111]
kernel_2_1_1_promoted              (alloca           ) [ 0011111111111111111111111111111111111111111]
kernel_2_1_0_promoted              (alloca           ) [ 0011111111111111111111111111111111111111111]
kernel_2_1_2_promoted              (alloca           ) [ 0011111111111111111111111111111111111111111]
kernel_2_0_1_promoted              (alloca           ) [ 0011111111111111111111111111111111111111111]
kernel_2_0_0_promoted              (alloca           ) [ 0011111111111111111111111111111111111111111]
kernel_2_0_2_promoted              (alloca           ) [ 0011111111111111111111111111111111111111111]
kernel_2_2_1_promoted              (alloca           ) [ 0011111111111111111111111111111111111111111]
kernel_2_2_0_promoted              (alloca           ) [ 0011111111111111111111111111111111111111111]
kernel_2_2_2_promoted              (alloca           ) [ 0011111111111111111111111111111111111111111]
kernel_1_1_1_promoted              (alloca           ) [ 0011111111111111111111111111111111111111111]
kernel_1_1_0_promoted              (alloca           ) [ 0011111111111111111111111111111111111111111]
kernel_1_1_2_promoted              (alloca           ) [ 0011111111111111111111111111111111111111111]
kernel_1_0_1_promoted              (alloca           ) [ 0011111111111111111111111111111111111111111]
kernel_1_0_0_promoted              (alloca           ) [ 0011111111111111111111111111111111111111111]
kernel_1_0_2_promoted              (alloca           ) [ 0011111111111111111111111111111111111111111]
kernel_1_2_1_promoted              (alloca           ) [ 0011111111111111111111111111111111111111111]
kernel_1_2_0_promoted              (alloca           ) [ 0011111111111111111111111111111111111111111]
kernel_1_2_2_promoted              (alloca           ) [ 0011111111111111111111111111111111111111111]
kernel_0_1_1_promoted              (alloca           ) [ 0011111111111111111111111111111111111111111]
kernel_0_1_0_promoted              (alloca           ) [ 0011111111111111111111111111111111111111111]
kernel_0_1_2_promoted              (alloca           ) [ 0011111111111111111111111111111111111111111]
kernel_0_0_1_promoted              (alloca           ) [ 0011111111111111111111111111111111111111111]
kernel_0_0_0_promoted              (alloca           ) [ 0011111111111111111111111111111111111111111]
kernel_0_0_2_promoted              (alloca           ) [ 0011111111111111111111111111111111111111111]
kernel_0_2_1_promoted              (alloca           ) [ 0011111111111111111111111111111111111111111]
kernel_0_2_0_promoted              (alloca           ) [ 0011111111111111111111111111111111111111111]
kernel_0_2_2_promoted              (alloca           ) [ 0011111111111111111111111111111111111111111]
kernel_3_1_1_promoted              (alloca           ) [ 0011111111111111111111111111111111111111111]
kernel_3_1_0_promoted              (alloca           ) [ 0011111111111111111111111111111111111111111]
kernel_3_1_2_promoted              (alloca           ) [ 0011111111111111111111111111111111111111111]
kernel_3_0_1_promoted              (alloca           ) [ 0011111111111111111111111111111111111111111]
kernel_3_0_0_promoted              (alloca           ) [ 0011111111111111111111111111111111111111111]
kernel_3_0_2_promoted              (alloca           ) [ 0011111111111111111111111111111111111111111]
kernel_3_2_1_promoted              (alloca           ) [ 0011111111111111111111111111111111111111111]
kernel_3_2_0_promoted              (alloca           ) [ 0011111111111111111111111111111111111111111]
kernel_3_2_2_promoted              (alloca           ) [ 0011111111111111111111111111111111111111111]
mux_case_01                        (alloca           ) [ 0011111111111111111111111111111111111111111]
mux_case_113                       (alloca           ) [ 0011111111111111111111111111111111111111111]
mux_case_224                       (alloca           ) [ 0011111111111111111111111111111111111111111]
mux_case_08435                     (alloca           ) [ 0011111111111111111111111111111111111111111]
mux_case_18546                     (alloca           ) [ 0011111111111111111111111111111111111111111]
mux_case_28657                     (alloca           ) [ 0011111111111111111111111111111111111111111]
window_1_1_promoted237291          (alloca           ) [ 0011111111111111111111111111111111111111111]
window_1_0_promoted239298          (alloca           ) [ 0011111111111111111111111111111111111111111]
window_1_2_promoted241305          (alloca           ) [ 0011111111111111111111111111111111111111111]
window_0_1_promoted243312          (alloca           ) [ 0011111111111111111111111111111111111111111]
window_0_0_promoted245319          (alloca           ) [ 0011111111111111111111111111111111111111111]
window_0_2_promoted247326          (alloca           ) [ 0011111111111111111111111111111111111111111]
window_2_1_promoted249333          (alloca           ) [ 0011111111111111111111111111111111111111111]
window_2_0_promoted251340          (alloca           ) [ 0011111111111111111111111111111111111111111]
window_2_2_promoted253347          (alloca           ) [ 0011111111111111111111111111111111111111111]
window4153                         (alloca           ) [ 0011111111111111111111111111111111111111111]
window_214260                      (alloca           ) [ 0011111111111111111111111111111111111111111]
window_224367                      (alloca           ) [ 0011111111111111111111111111111111111111111]
window_234474                      (alloca           ) [ 0011111111111111111111111111111111111111111]
window_244581                      (alloca           ) [ 0011111111111111111111111111111111111111111]
window_254688                      (alloca           ) [ 0011111111111111111111111111111111111111111]
window_264795                      (alloca           ) [ 0011111111111111111111111111111111111111111]
window_2748102                     (alloca           ) [ 0011111111111111111111111111111111111111111]
window_2849109                     (alloca           ) [ 0011111111111111111111111111111111111111111]
mux_case_0_loc                     (alloca           ) [ 0011111111111111111111111111111111111111111]
mux_case_1_loc                     (alloca           ) [ 0011111111111111111111111111111111111111111]
mux_case_2_loc                     (alloca           ) [ 0011111111111111111111111111111111111111111]
mux_case_084_loc                   (alloca           ) [ 0011111111111111111111111111111111111111111]
mux_case_185_loc                   (alloca           ) [ 0011111111111111111111111111111111111111111]
mux_case_286_loc                   (alloca           ) [ 0011111111111111111111111111111111111111111]
window_1_1_promoted237295_loc      (alloca           ) [ 0011111111111111111111111111111111111111111]
window_1_0_promoted239302_loc      (alloca           ) [ 0011111111111111111111111111111111111111111]
window_1_2_promoted241309_loc      (alloca           ) [ 0011111111111111111111111111111111111111111]
window_0_1_promoted243316_loc      (alloca           ) [ 0011111111111111111111111111111111111111111]
window_0_0_promoted245323_loc      (alloca           ) [ 0011111111111111111111111111111111111111111]
window_0_2_promoted247330_loc      (alloca           ) [ 0011111111111111111111111111111111111111111]
window_2_1_promoted249337_loc      (alloca           ) [ 0011111111111111111111111111111111111111111]
window_2_0_promoted251344_loc      (alloca           ) [ 0011111111111111111111111111111111111111111]
window_2_2_promoted253351_loc      (alloca           ) [ 0011111111111111111111111111111111111111111]
window4151_loc                     (alloca           ) [ 0011111111111111111111111111111111111111111]
window_214258_loc                  (alloca           ) [ 0011111111111111111111111111111111111111111]
window_224365_loc                  (alloca           ) [ 0011111111111111111111111111111111111111111]
window_234472_loc                  (alloca           ) [ 0011111111111111111111111111111111111111111]
window_244579_loc                  (alloca           ) [ 0011111111111111111111111111111111111111111]
window_254686_loc                  (alloca           ) [ 0011111111111111111111111111111111111111111]
window_264793_loc                  (alloca           ) [ 0011111111111111111111111111111111111111111]
window_2748100_loc                 (alloca           ) [ 0011111111111111111111111111111111111111111]
window_2849107_loc                 (alloca           ) [ 0011111111111111111111111111111111111111111]
mux_case_08_loc                    (alloca           ) [ 0011111111111111111111111111111111111111111]
mux_case_119_loc                   (alloca           ) [ 0011111111111111111111111111111111111111111]
mux_case_230_loc                   (alloca           ) [ 0011111111111111111111111111111111111111111]
mux_case_08440_loc                 (alloca           ) [ 0011111111111111111111111111111111111111111]
mux_case_18551_loc                 (alloca           ) [ 0011111111111111111111111111111111111111111]
mux_case_28662_loc                 (alloca           ) [ 0011111111111111111111111111111111111111111]
p_loc187                           (alloca           ) [ 0011111111111111111111111111111111111111111]
p_loc186                           (alloca           ) [ 0011111111111111111111111111111111111111111]
p_loc185                           (alloca           ) [ 0011111111111111111111111111111111111111111]
p_loc184                           (alloca           ) [ 0011111111111111111111111111111111111111111]
p_loc183                           (alloca           ) [ 0011111111111111111111111111111111111111111]
p_loc182                           (alloca           ) [ 0011111111111111111111111111111111111111111]
p_loc181                           (alloca           ) [ 0011111111111111111111111111111111111111111]
p_loc180                           (alloca           ) [ 0011111111111111111111111111111111111111111]
p_loc179                           (alloca           ) [ 0011111111111111111111111111111111111111111]
p_loc142                           (alloca           ) [ 0011111111111111111111111111111111111111111]
p_loc141                           (alloca           ) [ 0011111111111111111111111111111111111111111]
p_loc140                           (alloca           ) [ 0011111111111111111111111111111111111111111]
p_loc139                           (alloca           ) [ 0011111111111111111111111111111111111111111]
p_loc138                           (alloca           ) [ 0011111111111111111111111111111111111111111]
p_loc137                           (alloca           ) [ 0011111111111111111111111111111111111111111]
p_loc136                           (alloca           ) [ 0011111111111111111111111111111111111111111]
p_loc135                           (alloca           ) [ 0011111111111111111111111111111111111111111]
p_loc134                           (alloca           ) [ 0011111111111111111111111111111111111111111]
p_loc133                           (alloca           ) [ 0011111111111111111111111111111111111111111]
p_loc132                           (alloca           ) [ 0011111111111111111111111111111111111111111]
p_loc131                           (alloca           ) [ 0011111111111111111111111111111111111111111]
p_loc130                           (alloca           ) [ 0011111111111111111111111111111111111111111]
p_loc129                           (alloca           ) [ 0011111111111111111111111111111111111111111]
p_loc128                           (alloca           ) [ 0011111111111111111111111111111111111111111]
p_loc127                           (alloca           ) [ 0011111111111111111111111111111111111111111]
p_loc126                           (alloca           ) [ 0011111111111111111111111111111111111111111]
p_loc125                           (alloca           ) [ 0011111111111111111111111111111111111111111]
p_loc124                           (alloca           ) [ 0011111111111111111111111111111111111111111]
p_loc123                           (alloca           ) [ 0011111111111111111111111111111111111111111]
p_loc122                           (alloca           ) [ 0011111111111111111111111111111111111111111]
p_loc121                           (alloca           ) [ 0011111111111111111111111111111111111111111]
p_loc120                           (alloca           ) [ 0011111111111111111111111111111111111111111]
p_loc119                           (alloca           ) [ 0011111111111111111111111111111111111111111]
p_loc118                           (alloca           ) [ 0011111111111111111111111111111111111111111]
p_loc117                           (alloca           ) [ 0011111111111111111111111111111111111111111]
p_loc116                           (alloca           ) [ 0011111111111111111111111111111111111111111]
p_loc115                           (alloca           ) [ 0011111111111111111111111111111111111111111]
p_loc114                           (alloca           ) [ 0011111111111111111111111111111111111111111]
p_loc113                           (alloca           ) [ 0011111111111111111111111111111111111111111]
p_loc112                           (alloca           ) [ 0011111111111111111111111111111111111111111]
p_loc111                           (alloca           ) [ 0011111111111111111111111111111111111111111]
p_loc110                           (alloca           ) [ 0011111111111111111111111111111111111111111]
p_loc109                           (alloca           ) [ 0011111111111111111111111111111111111111111]
p_loc108                           (alloca           ) [ 0011111111111111111111111111111111111111111]
p_loc                              (alloca           ) [ 0011111111111111111111111111111111111111111]
store_ln133                        (store            ) [ 0000000000000000000000000000000000000000000]
br_ln133                           (br               ) [ 0000000000000000000000000000000000000000000]
n_f_2                              (load             ) [ 0001100000000000000000000000000000000000000]
icmp_ln133                         (icmp             ) [ 0011111111111111111111111111111111111111111]
empty                              (speclooptripcount) [ 0000000000000000000000000000000000000000000]
add_ln133                          (add              ) [ 0001111111111111111111111111111111111111111]
br_ln133                           (br               ) [ 0000000000000000000000000000000000000000000]
kernel_2_1_1_promoted_load         (load             ) [ 0001000000000000000000000000000000000000000]
kernel_2_1_0_promoted_load         (load             ) [ 0001000000000000000000000000000000000000000]
kernel_2_1_2_promoted_load         (load             ) [ 0001000000000000000000000000000000000000000]
kernel_2_0_1_promoted_load         (load             ) [ 0001000000000000000000000000000000000000000]
kernel_2_0_0_promoted_load         (load             ) [ 0001000000000000000000000000000000000000000]
kernel_2_0_2_promoted_load         (load             ) [ 0001000000000000000000000000000000000000000]
kernel_2_2_1_promoted_load         (load             ) [ 0001000000000000000000000000000000000000000]
kernel_2_2_0_promoted_load         (load             ) [ 0001000000000000000000000000000000000000000]
kernel_2_2_2_promoted_load         (load             ) [ 0001000000000000000000000000000000000000000]
kernel_1_1_1_promoted_load         (load             ) [ 0001000000000000000000000000000000000000000]
kernel_1_1_0_promoted_load         (load             ) [ 0001000000000000000000000000000000000000000]
kernel_1_1_2_promoted_load         (load             ) [ 0001000000000000000000000000000000000000000]
kernel_1_0_1_promoted_load         (load             ) [ 0001000000000000000000000000000000000000000]
kernel_1_0_0_promoted_load         (load             ) [ 0001000000000000000000000000000000000000000]
kernel_1_0_2_promoted_load         (load             ) [ 0001000000000000000000000000000000000000000]
kernel_1_2_1_promoted_load         (load             ) [ 0001000000000000000000000000000000000000000]
kernel_1_2_0_promoted_load         (load             ) [ 0001000000000000000000000000000000000000000]
kernel_1_2_2_promoted_load         (load             ) [ 0001000000000000000000000000000000000000000]
kernel_0_1_1_promoted_load         (load             ) [ 0001000000000000000000000000000000000000000]
kernel_0_1_0_promoted_load         (load             ) [ 0001000000000000000000000000000000000000000]
kernel_0_1_2_promoted_load         (load             ) [ 0001000000000000000000000000000000000000000]
kernel_0_0_1_promoted_load         (load             ) [ 0001000000000000000000000000000000000000000]
kernel_0_0_0_promoted_load         (load             ) [ 0001000000000000000000000000000000000000000]
kernel_0_0_2_promoted_load         (load             ) [ 0001000000000000000000000000000000000000000]
kernel_0_2_1_promoted_load         (load             ) [ 0001000000000000000000000000000000000000000]
kernel_0_2_0_promoted_load         (load             ) [ 0001000000000000000000000000000000000000000]
kernel_0_2_2_promoted_load         (load             ) [ 0001000000000000000000000000000000000000000]
kernel_3_1_1_promoted_load         (load             ) [ 0001000000000000000000000000000000000000000]
kernel_3_1_0_promoted_load         (load             ) [ 0001000000000000000000000000000000000000000]
kernel_3_1_2_promoted_load         (load             ) [ 0001000000000000000000000000000000000000000]
kernel_3_0_1_promoted_load         (load             ) [ 0001000000000000000000000000000000000000000]
kernel_3_0_0_promoted_load         (load             ) [ 0001000000000000000000000000000000000000000]
kernel_3_0_2_promoted_load         (load             ) [ 0001000000000000000000000000000000000000000]
kernel_3_2_1_promoted_load         (load             ) [ 0001000000000000000000000000000000000000000]
kernel_3_2_0_promoted_load         (load             ) [ 0001000000000000000000000000000000000000000]
kernel_3_2_2_promoted_load         (load             ) [ 0001000000000000000000000000000000000000000]
or_ln                              (bitconcatenate   ) [ 0001000000000000000000000000000000000000000]
ret_ln159                          (ret              ) [ 0000000000000000000000000000000000000000000]
zext_ln133                         (zext             ) [ 0000000000000000000000000000000000000000000]
call_ln26                          (call             ) [ 0000000000000000000000000000000000000000000]
conv2_bias_addr                    (getelementptr    ) [ 0000100000000000000000000000000000000000000]
tmp_s                              (bitconcatenate   ) [ 0000000000000000000000000000000000000000000]
zext_ln26                          (zext             ) [ 0000000000000000000000000000000000000000000]
tmp_25                             (bitconcatenate   ) [ 0000000000000000000000000000000000000000000]
zext_ln146                         (zext             ) [ 0000000000000000000000000000000000000000000]
sub_ln146                          (sub              ) [ 0000000000000000000000000000000000000000000]
sext_ln133                         (sext             ) [ 0000011111111111111111111111111111111111111]
specloopname_ln133                 (specloopname     ) [ 0000000000000000000000000000000000000000000]
p_loc_load                         (load             ) [ 0000011111111111111111111111111111111111111]
p_loc108_load                      (load             ) [ 0000011111111111111111111111111111111111111]
p_loc109_load                      (load             ) [ 0000011111111111111111111111111111111111111]
p_loc110_load                      (load             ) [ 0000011111111111111111111111111111111111111]
p_loc111_load                      (load             ) [ 0000011111111111111111111111111111111111111]
p_loc112_load                      (load             ) [ 0000011111111111111111111111111111111111111]
p_loc113_load                      (load             ) [ 0000011111111111111111111111111111111111111]
p_loc114_load                      (load             ) [ 0000011111111111111111111111111111111111111]
p_loc115_load                      (load             ) [ 0000011111111111111111111111111111111111111]
p_loc116_load                      (load             ) [ 0000011111111111111111111111111111111111111]
p_loc117_load                      (load             ) [ 0000011111111111111111111111111111111111111]
p_loc118_load                      (load             ) [ 0000011111111111111111111111111111111111111]
p_loc119_load                      (load             ) [ 0000011111111111111111111111111111111111111]
p_loc120_load                      (load             ) [ 0000011111111111111111111111111111111111111]
p_loc121_load                      (load             ) [ 0000011111111111111111111111111111111111111]
p_loc122_load                      (load             ) [ 0000011111111111111111111111111111111111111]
p_loc123_load                      (load             ) [ 0000011111111111111111111111111111111111111]
p_loc124_load                      (load             ) [ 0000011111111111111111111111111111111111111]
p_loc125_load                      (load             ) [ 0000011111111111111111111111111111111111111]
p_loc126_load                      (load             ) [ 0000011111111111111111111111111111111111111]
p_loc127_load                      (load             ) [ 0000011111111111111111111111111111111111111]
p_loc128_load                      (load             ) [ 0000011111111111111111111111111111111111111]
p_loc129_load                      (load             ) [ 0000011111111111111111111111111111111111111]
p_loc130_load                      (load             ) [ 0000011111111111111111111111111111111111111]
p_loc131_load                      (load             ) [ 0000011111111111111111111111111111111111111]
p_loc132_load                      (load             ) [ 0000011111111111111111111111111111111111111]
p_loc133_load                      (load             ) [ 0000011111111111111111111111111111111111111]
p_loc134_load                      (load             ) [ 0000011111111111111111111111111111111111111]
p_loc135_load                      (load             ) [ 0000011111111111111111111111111111111111111]
p_loc136_load                      (load             ) [ 0000011111111111111111111111111111111111111]
p_loc137_load                      (load             ) [ 0000011111111111111111111111111111111111111]
p_loc138_load                      (load             ) [ 0000011111111111111111111111111111111111111]
p_loc139_load                      (load             ) [ 0000011111111111111111111111111111111111111]
p_loc140_load                      (load             ) [ 0000011111111111111111111111111111111111111]
p_loc141_load                      (load             ) [ 0000011111111111111111111111111111111111111]
p_loc142_load                      (load             ) [ 0000011111111111111111111111111111111111111]
conv2_bias_load                    (load             ) [ 0000011111111111111111111111111111111111111]
br_ln137                           (br               ) [ 0011111111111111111111111111111111111111111]
indvar_flatten219                  (phi              ) [ 0000010000000000000000000000000000000000000]
kch                                (phi              ) [ 0000011000000000000000000000000000000000000]
indvar_flatten157                  (phi              ) [ 0000011111111111111111111111111111111111111]
oh                                 (phi              ) [ 0000010000000000000000000000000000000000000]
ow                                 (phi              ) [ 0000011000000000000000000000000000000000000]
icmp_ln137                         (icmp             ) [ 0011111111111111111111111111111111111111111]
add_ln137_1                        (add              ) [ 0011111111111111111111111111111111111111111]
br_ln137                           (br               ) [ 0000000000000000000000000000000000000000000]
icmp_ln139                         (icmp             ) [ 0000001111111111111111111111111111111111111]
select_ln137                       (select           ) [ 0000001000000000000000000000000000000000000]
store_ln133                        (store            ) [ 0000000000000000000000000000000000000000000]
store_ln133                        (store            ) [ 0000000000000000000000000000000000000000000]
store_ln133                        (store            ) [ 0000000000000000000000000000000000000000000]
store_ln133                        (store            ) [ 0000000000000000000000000000000000000000000]
store_ln133                        (store            ) [ 0000000000000000000000000000000000000000000]
store_ln133                        (store            ) [ 0000000000000000000000000000000000000000000]
store_ln133                        (store            ) [ 0000000000000000000000000000000000000000000]
store_ln133                        (store            ) [ 0000000000000000000000000000000000000000000]
store_ln133                        (store            ) [ 0000000000000000000000000000000000000000000]
store_ln133                        (store            ) [ 0000000000000000000000000000000000000000000]
store_ln133                        (store            ) [ 0000000000000000000000000000000000000000000]
store_ln133                        (store            ) [ 0000000000000000000000000000000000000000000]
store_ln133                        (store            ) [ 0000000000000000000000000000000000000000000]
store_ln133                        (store            ) [ 0000000000000000000000000000000000000000000]
store_ln133                        (store            ) [ 0000000000000000000000000000000000000000000]
store_ln133                        (store            ) [ 0000000000000000000000000000000000000000000]
store_ln133                        (store            ) [ 0000000000000000000000000000000000000000000]
store_ln133                        (store            ) [ 0000000000000000000000000000000000000000000]
store_ln133                        (store            ) [ 0000000000000000000000000000000000000000000]
store_ln133                        (store            ) [ 0000000000000000000000000000000000000000000]
store_ln133                        (store            ) [ 0000000000000000000000000000000000000000000]
store_ln133                        (store            ) [ 0000000000000000000000000000000000000000000]
store_ln133                        (store            ) [ 0000000000000000000000000000000000000000000]
store_ln133                        (store            ) [ 0000000000000000000000000000000000000000000]
store_ln133                        (store            ) [ 0000000000000000000000000000000000000000000]
store_ln133                        (store            ) [ 0000000000000000000000000000000000000000000]
store_ln133                        (store            ) [ 0000000000000000000000000000000000000000000]
store_ln133                        (store            ) [ 0000000000000000000000000000000000000000000]
store_ln133                        (store            ) [ 0000000000000000000000000000000000000000000]
store_ln133                        (store            ) [ 0000000000000000000000000000000000000000000]
store_ln133                        (store            ) [ 0000000000000000000000000000000000000000000]
store_ln133                        (store            ) [ 0000000000000000000000000000000000000000000]
store_ln133                        (store            ) [ 0000000000000000000000000000000000000000000]
store_ln133                        (store            ) [ 0000000000000000000000000000000000000000000]
store_ln133                        (store            ) [ 0000000000000000000000000000000000000000000]
store_ln133                        (store            ) [ 0000000000000000000000000000000000000000000]
store_ln133                        (store            ) [ 0000000000000000000000000000000000000000000]
br_ln133                           (br               ) [ 0000000000000000000000000000000000000000000]
add_ln137                          (add              ) [ 0000000000000000000000000000000000000000000]
specloopname_ln0                   (specloopname     ) [ 0000000000000000000000000000000000000000000]
empty_190                          (speclooptripcount) [ 0000000000000000000000000000000000000000000]
select_ln137_1                     (select           ) [ 0011110111111111111111111111111111111111111]
zext_ln52                          (zext             ) [ 0000000000000000000000000000000000000000000]
mul_ln52                           (mul              ) [ 0000000110110000000000000000000000000000000]
cmp15_mid1                         (icmp             ) [ 0000000000000000000000000000000000000000000]
cmp1597                            (icmp             ) [ 0000000000000000000000000000000000000000000]
select_ln137_2                     (select           ) [ 0000000111111000000000000000000000000000000]
cmp28_mid1                         (icmp             ) [ 0000000000000000000000000000000000000000000]
cmp2896                            (icmp             ) [ 0000000000000000000000000000000000000000000]
select_ln137_3                     (select           ) [ 0000000111111111111111111111111111111111111]
trunc_ln137                        (trunc            ) [ 0000000111111111111111111111111111111110000]
xor_ln137                          (xor              ) [ 0000000000000000000000000000000000000000000]
icmp_ln141                         (icmp             ) [ 0000000000000000000000000000000000000000000]
and_ln137                          (and              ) [ 0000000000000000000000000000000000000000000]
add_ln139                          (add              ) [ 0000000000000000000000000000000000000000000]
specloopname_ln0                   (specloopname     ) [ 0000000000000000000000000000000000000000000]
or_ln139                           (or               ) [ 0000000000000000000000000000000000000000000]
select_ln139                       (select           ) [ 0000000111111111111111111111111111111111111]
select_ln139_2                     (select           ) [ 0011110111111111111111111111111111111111111]
zext_ln146_1                       (zext             ) [ 0000000000000000000000000000000000000000000]
add_ln146                          (add              ) [ 0000000000000000000000000000000000000000000]
trunc_ln146                        (trunc            ) [ 0000000000000000000000000000000000000000000]
p_shl5                             (bitconcatenate   ) [ 0000000000000000000000000000000000000000000]
trunc_ln146_1                      (trunc            ) [ 0000000000000000000000000000000000000000000]
p_shl6                             (bitconcatenate   ) [ 0000000000000000000000000000000000000000000]
sub_ln146_1                        (sub              ) [ 0000000111110000000000000000000000000000000]
trunc_ln141                        (trunc            ) [ 0000000111111111111111111111111111111111111]
specloopname_ln40                  (specloopname     ) [ 0000000000000000000000000000000000000000000]
icmp_ln46                          (icmp             ) [ 0011111111111111111111111111111111111111111]
mux_case_01_load                   (load             ) [ 0000000110110000000000000000000000000000000]
mux_case_113_load                  (load             ) [ 0000000110110000000000000000000000000000000]
mux_case_224_load                  (load             ) [ 0000000110110000000000000000000000000000000]
mux_case_08435_load                (load             ) [ 0000000110110000000000000000000000000000000]
mux_case_18546_load                (load             ) [ 0000000110110000000000000000000000000000000]
mux_case_28657_load                (load             ) [ 0000000110110000000000000000000000000000000]
window_1_1_promoted237291_load     (load             ) [ 0000000110110000000000000000000000000000000]
window_1_0_promoted239298_load     (load             ) [ 0000000110110000000000000000000000000000000]
window_1_2_promoted241305_load     (load             ) [ 0000000110110000000000000000000000000000000]
window_0_1_promoted243312_load     (load             ) [ 0000000110110000000000000000000000000000000]
window_0_0_promoted245319_load     (load             ) [ 0000000110110000000000000000000000000000000]
window_0_2_promoted247326_load     (load             ) [ 0000000110110000000000000000000000000000000]
window_2_1_promoted249333_load     (load             ) [ 0000000110110000000000000000000000000000000]
window_2_0_promoted251340_load     (load             ) [ 0000000110110000000000000000000000000000000]
window_2_2_promoted253347_load     (load             ) [ 0000000110110000000000000000000000000000000]
br_ln46                            (br               ) [ 0000000000000000000000000000000000000000000]
window4153_load                    (load             ) [ 0000000010000000000000000000000000000000000]
window_214260_load                 (load             ) [ 0000000010000000000000000000000000000000000]
window_224367_load                 (load             ) [ 0000000010000000000000000000000000000000000]
window_234474_load                 (load             ) [ 0000000010000000000000000000000000000000000]
window_244581_load                 (load             ) [ 0000000010000000000000000000000000000000000]
window_254688_load                 (load             ) [ 0000000010000000000000000000000000000000000]
window_264795_load                 (load             ) [ 0000000010000000000000000000000000000000000]
window_2748102_load                (load             ) [ 0000000010000000000000000000000000000000000]
window_2849109_load                (load             ) [ 0000000010000000000000000000000000000000000]
empty_189                          (add              ) [ 0000000010000000000000000000000000000000000]
call_ln139                         (call             ) [ 0000000000000000000000000000000000000000000]
window_2849107_loc_load            (load             ) [ 0011111111111111111111111111111111111111111]
window_2748100_loc_load            (load             ) [ 0011111111111111111111111111111111111111111]
window_264793_loc_load             (load             ) [ 0011111111111111111111111111111111111111111]
window_254686_loc_load             (load             ) [ 0011111111111111111111111111111111111111111]
window_244579_loc_load             (load             ) [ 0011111111111111111111111111111111111111111]
window_234472_loc_load             (load             ) [ 0011111111111111111111111111111111111111111]
window_224365_loc_load             (load             ) [ 0011111111111111111111111111111111111111111]
window_214258_loc_load             (load             ) [ 0011111111111111111111111111111111111111111]
window4151_loc_load                (load             ) [ 0011111111111111111111111111111111111111111]
window_2_2_promoted253351_loc_load (load             ) [ 0011111111111111111111111111111111111111111]
window_2_0_promoted251344_loc_load (load             ) [ 0011111111111111111111111111111111111111111]
window_2_1_promoted249337_loc_load (load             ) [ 0011111111111111111111111111111111111111111]
window_0_2_promoted247330_loc_load (load             ) [ 0011111111111111111111111111111111111111111]
window_0_0_promoted245323_loc_load (load             ) [ 0011111111111111111111111111111111111111111]
window_0_1_promoted243316_loc_load (load             ) [ 0011111111111111111111111111111111111111111]
window_1_2_promoted241309_loc_load (load             ) [ 0011111111111111111111111111111111111111111]
window_1_0_promoted239302_loc_load (load             ) [ 0011111111111111111111111111111111111111111]
window_1_1_promoted237295_loc_load (load             ) [ 0011111111111111111111111111111111111111111]
mux_case_286_loc_load              (load             ) [ 0011111111111111111111111111111111111111111]
mux_case_185_loc_load              (load             ) [ 0011111111111111111111111111111111111111111]
mux_case_084_loc_load              (load             ) [ 0011111111111111111111111111111111111111111]
mux_case_2_loc_load                (load             ) [ 0011111111111111111111111111111111111111111]
mux_case_1_loc_load                (load             ) [ 0011111111111111111111111111111111111111111]
mux_case_0_loc_load                (load             ) [ 0011111111111111111111111111111111111111111]
br_ln0                             (br               ) [ 0011111111111111111111111111111111111111111]
p_loc179_load                      (load             ) [ 0011111111111111111111111111111111111111111]
p_loc180_load                      (load             ) [ 0011111111111111111111111111111111111111111]
p_loc181_load                      (load             ) [ 0011111111111111111111111111111111111111111]
p_loc182_load                      (load             ) [ 0011111111111111111111111111111111111111111]
p_loc183_load                      (load             ) [ 0011111111111111111111111111111111111111111]
p_loc184_load                      (load             ) [ 0011111111111111111111111111111111111111111]
p_loc185_load                      (load             ) [ 0011111111111111111111111111111111111111111]
p_loc186_load                      (load             ) [ 0011111111111111111111111111111111111111111]
p_loc187_load                      (load             ) [ 0011111111111111111111111111111111111111111]
mux_case_28662_loc_load            (load             ) [ 0011111111111111111111111111111111111111111]
mux_case_18551_loc_load            (load             ) [ 0011111111111111111111111111111111111111111]
mux_case_08440_loc_load            (load             ) [ 0011111111111111111111111111111111111111111]
mux_case_230_loc_load              (load             ) [ 0011111111111111111111111111111111111111111]
mux_case_119_loc_load              (load             ) [ 0011111111111111111111111111111111111111111]
mux_case_08_loc_load               (load             ) [ 0011111111111111111111111111111111111111111]
br_ln0                             (br               ) [ 0011111111111111111111111111111111111111111]
lshr_ln                            (partselect       ) [ 0000000000000000000000000000000000000000000]
zext_ln146_2                       (zext             ) [ 0000000000000000000000000000000000000000000]
add_ln146_1                        (add              ) [ 0000000000000000000000000000000000000000000]
zext_ln146_3                       (zext             ) [ 0000000000000000000000000000000000000000000]
ofmap_0_addr                       (getelementptr    ) [ 0000000000001111111111111111111111111111111]
ofmap_1_addr                       (getelementptr    ) [ 0000000000001111111111111111111111111111111]
call_ln139                         (call             ) [ 0000000000000000000000000000000000000000000]
window_2849                        (phi              ) [ 0000000000001111111111111111111111111111111]
window_2748                        (phi              ) [ 0000000000001111111111111111111111111111111]
window_2647                        (phi              ) [ 0000000000001111111111111111111111111111111]
window_2546                        (phi              ) [ 0000000000001111111111111111111111111111111]
window_2445                        (phi              ) [ 0000000000001111111111111111111111111111111]
window_2344                        (phi              ) [ 0000000000001111111111111111111111111111111]
window_2243                        (phi              ) [ 0000000000001111111111111111111111111111111]
window_2142                        (phi              ) [ 0000000000001111111111111111111111111111111]
window41                           (phi              ) [ 0000000000001111111111111111111111111111111]
window_2_2_promoted253353          (phi              ) [ 0000000000001111111111111111111111111111111]
window_2_0_promoted251346          (phi              ) [ 0000000000001111111111111111111111111111111]
window_2_1_promoted249339          (phi              ) [ 0000000000001111111111111111111111111111111]
window_0_2_promoted247332          (phi              ) [ 0000000000001111111111111111111111111111111]
window_0_0_promoted245325          (phi              ) [ 0000000000001111111111111111111111111111111]
window_0_1_promoted243318          (phi              ) [ 0000000000001111111111111111111111111111111]
window_1_2_promoted241311          (phi              ) [ 0000000000001111111111111111111111111111111]
window_1_0_promoted239304          (phi              ) [ 0000000000001111111111111111111111111111111]
window_1_1_promoted237297          (phi              ) [ 0000000000001111111111111111111111111111111]
mux_case_28665                     (phi              ) [ 0000000000001111111111111111111111111111111]
mux_case_18554                     (phi              ) [ 0000000000001111111111111111111111111111111]
mux_case_08443                     (phi              ) [ 0000000000001111111111111111111111111111111]
mux_case_228                       (phi              ) [ 0000000000001111111111111111111111111111111]
mux_case_117                       (phi              ) [ 0000000000001111111111111111111111111111111]
mux_case_06                        (phi              ) [ 0000000000001111111111111111111111111111111]
ofmap_0_load                       (load             ) [ 0000000000000000000000000000000000000000000]
ofmap_1_load                       (load             ) [ 0000000000000000000000000000000000000000000]
tmp                                (mux              ) [ 0000000000000000000000000000000000000000000]
prev_sum                           (select           ) [ 0000000000000111111111111111111111111110000]
sum                                (call             ) [ 0000000000000000000000000000000000000001110]
br_ln149                           (br               ) [ 0000000000000000000000000000000000000000000]
br_ln153                           (br               ) [ 0000000000000000000000000000000000000000000]
store_ln153                        (store            ) [ 0000000000000000000000000000000000000000000]
br_ln153                           (br               ) [ 0000000000000000000000000000000000000000000]
store_ln153                        (store            ) [ 0000000000000000000000000000000000000000000]
br_ln153                           (br               ) [ 0000000000000000000000000000000000000000000]
br_ln0                             (br               ) [ 0000000000000000000000000000000000000000000]
bitcast_ln73                       (bitcast          ) [ 0000000000000000000000000000000000000000000]
tmp_22                             (partselect       ) [ 0000000000000000000000000000000000000000000]
trunc_ln73                         (trunc            ) [ 0000000000000000000000000000000000000000000]
icmp_ln73                          (icmp             ) [ 0000000000000000000000000000000000000000000]
icmp_ln73_17                       (icmp             ) [ 0000000000000000000000000000000000000000000]
or_ln73                            (or               ) [ 0000000000000000000000000000000000000000000]
tmp_23                             (fcmp             ) [ 0000000000000000000000000000000000000000000]
and_ln73                           (and              ) [ 0000000000000000000000000000000000000000000]
select_ln73                        (select           ) [ 0011111111111111111111111111111111111111001]
br_ln150                           (br               ) [ 0000000000000000000000000000000000000000000]
store_ln150                        (store            ) [ 0000000000000000000000000000000000000000000]
br_ln150                           (br               ) [ 0000000000000000000000000000000000000000000]
store_ln150                        (store            ) [ 0000000000000000000000000000000000000000000]
br_ln150                           (br               ) [ 0000000000000000000000000000000000000000000]
br_ln151                           (br               ) [ 0000000000000000000000000000000000000000000]
add_ln141                          (add              ) [ 0011111111111111111111111111111111111111111]
add_ln139_2                        (add              ) [ 0000000000000000000000000000000000000000000]
select_ln139_3                     (select           ) [ 0011111111111111111111111111111111111111111]
store_ln141                        (store            ) [ 0000000000000000000000000000000000000000000]
store_ln141                        (store            ) [ 0000000000000000000000000000000000000000000]
store_ln141                        (store            ) [ 0000000000000000000000000000000000000000000]
store_ln141                        (store            ) [ 0000000000000000000000000000000000000000000]
store_ln141                        (store            ) [ 0000000000000000000000000000000000000000000]
store_ln141                        (store            ) [ 0000000000000000000000000000000000000000000]
store_ln141                        (store            ) [ 0000000000000000000000000000000000000000000]
store_ln141                        (store            ) [ 0000000000000000000000000000000000000000000]
store_ln141                        (store            ) [ 0000000000000000000000000000000000000000000]
store_ln141                        (store            ) [ 0000000000000000000000000000000000000000000]
store_ln141                        (store            ) [ 0000000000000000000000000000000000000000000]
store_ln141                        (store            ) [ 0000000000000000000000000000000000000000000]
store_ln141                        (store            ) [ 0000000000000000000000000000000000000000000]
store_ln141                        (store            ) [ 0000000000000000000000000000000000000000000]
store_ln141                        (store            ) [ 0000000000000000000000000000000000000000000]
store_ln141                        (store            ) [ 0000000000000000000000000000000000000000000]
store_ln141                        (store            ) [ 0000000000000000000000000000000000000000000]
store_ln141                        (store            ) [ 0000000000000000000000000000000000000000000]
store_ln141                        (store            ) [ 0000000000000000000000000000000000000000000]
store_ln141                        (store            ) [ 0000000000000000000000000000000000000000000]
store_ln141                        (store            ) [ 0000000000000000000000000000000000000000000]
store_ln141                        (store            ) [ 0000000000000000000000000000000000000000000]
store_ln141                        (store            ) [ 0000000000000000000000000000000000000000000]
store_ln141                        (store            ) [ 0000000000000000000000000000000000000000000]
br_ln141                           (br               ) [ 0011111111111111111111111111111111111111111]
</LifeTime>

<model>

<comp_list>
<comp id="0" class="1000" name="ifmap">
<pin_list>
<pin id="1" dir="1" index="0" bw="1" slack="0"/>
</pin_list>
<bind>
<StgValue><ssdm name="ifmap"/><MemPortTyVec>1 3 </MemPortTyVec>
</StgValue>
</bind>
</comp>

<comp id="2" class="1000" name="ofmap_0">
<pin_list>
<pin id="3" dir="1" index="0" bw="1" slack="0"/>
</pin_list>
<bind>
<StgValue><ssdm name="ofmap_0"/><MemPortTyVec>2 3 </MemPortTyVec>
</StgValue>
</bind>
</comp>

<comp id="4" class="1000" name="ofmap_1">
<pin_list>
<pin id="5" dir="1" index="0" bw="1" slack="0"/>
</pin_list>
<bind>
<StgValue><ssdm name="ofmap_1"/><MemPortTyVec>2 3 </MemPortTyVec>
</StgValue>
</bind>
</comp>

<comp id="6" class="1000" name="conv2_weight">
<pin_list>
<pin id="7" dir="1" index="0" bw="1" slack="0"/>
</pin_list>
<bind>
<StgValue><ssdm name="conv2_weight"/><MemPortTyVec>1 </MemPortTyVec>
</StgValue>
</bind>
</comp>

<comp id="8" class="1000" name="conv2_bias">
<pin_list>
<pin id="9" dir="1" index="0" bw="1" slack="0"/>
</pin_list>
<bind>
<StgValue><ssdm name="conv2_bias"/><MemPortTyVec>1 </MemPortTyVec>
</StgValue>
</bind>
</comp>

<comp id="10" class="1001" name="const_10">
<pin_list>
<pin id="11" dir="1" index="0" bw="1" slack="0"/>
</pin_list>
<bind>
<StgValue><ssdm name=""/></StgValue>
</bind>
</comp>

<comp id="12" class="1001" name="const_12">
<pin_list>
<pin id="13" dir="1" index="0" bw="1" slack="0"/>
</pin_list>
<bind>
<StgValue><ssdm name=""/></StgValue>
</bind>
</comp>

<comp id="14" class="1001" name="const_14">
<pin_list>
<pin id="15" dir="1" index="0" bw="1" slack="0"/>
</pin_list>
<bind>
<StgValue><ssdm name=""/></StgValue>
</bind>
</comp>

<comp id="16" class="1001" name="const_16">
<pin_list>
<pin id="17" dir="1" index="0" bw="1" slack="0"/>
</pin_list>
<bind>
<StgValue><ssdm name=""/></StgValue>
</bind>
</comp>

<comp id="18" class="1001" name="const_18">
<pin_list>
<pin id="19" dir="1" index="0" bw="1" slack="2147483647"/>
</pin_list>
<bind>
<StgValue><ssdm name="_ssdm_op_SpecLoopTripCount"/></StgValue>
</bind>
</comp>

<comp id="20" class="1001" name="const_20">
<pin_list>
<pin id="21" dir="1" index="0" bw="1" slack="2147483647"/>
</pin_list>
<bind>
<StgValue><ssdm name=""/></StgValue>
</bind>
</comp>

<comp id="22" class="1001" name="const_22">
<pin_list>
<pin id="23" dir="1" index="0" bw="1" slack="0"/>
</pin_list>
<bind>
<StgValue><ssdm name=""/></StgValue>
</bind>
</comp>

<comp id="24" class="1001" name="const_24">
<pin_list>
<pin id="25" dir="1" index="0" bw="1" slack="0"/>
</pin_list>
<bind>
<StgValue><ssdm name="_ssdm_op_BitConcatenate.i8.i3.i3.i2"/></StgValue>
</bind>
</comp>

<comp id="26" class="1001" name="const_26">
<pin_list>
<pin id="27" dir="1" index="0" bw="1" slack="0"/>
</pin_list>
<bind>
<StgValue><ssdm name=""/></StgValue>
</bind>
</comp>

<comp id="28" class="1001" name="const_28">
<pin_list>
<pin id="29" dir="1" index="0" bw="1" slack="0"/>
</pin_list>
<bind>
<StgValue><ssdm name="Conv_func<4, 26, 4, 24>_Pipeline_Fil_load_ch_Fil_load_r_Fil_load_c"/></StgValue>
</bind>
</comp>

<comp id="30" class="1001" name="const_30">
<pin_list>
<pin id="31" dir="1" index="0" bw="1" slack="0"/>
</pin_list>
<bind>
<StgValue><ssdm name=""/></StgValue>
</bind>
</comp>

<comp id="32" class="1001" name="const_32">
<pin_list>
<pin id="33" dir="1" index="0" bw="1" slack="0"/>
</pin_list>
<bind>
<StgValue><ssdm name="_ssdm_op_BitConcatenate.i8.i3.i5"/></StgValue>
</bind>
</comp>

<comp id="34" class="1001" name="const_34">
<pin_list>
<pin id="35" dir="1" index="0" bw="1" slack="0"/>
</pin_list>
<bind>
<StgValue><ssdm name=""/></StgValue>
</bind>
</comp>

<comp id="36" class="1001" name="const_36">
<pin_list>
<pin id="37" dir="1" index="0" bw="1" slack="0"/>
</pin_list>
<bind>
<StgValue><ssdm name="_ssdm_op_BitConcatenate.i6.i3.i3"/></StgValue>
</bind>
</comp>

<comp id="38" class="1001" name="const_38">
<pin_list>
<pin id="39" dir="1" index="0" bw="1" slack="2147483647"/>
</pin_list>
<bind>
<StgValue><ssdm name="_ssdm_op_SpecLoopName"/></StgValue>
</bind>
</comp>

<comp id="40" class="1001" name="const_40">
<pin_list>
<pin id="41" dir="1" index="0" bw="1" slack="2147483647"/>
</pin_list>
<bind>
<StgValue><ssdm name="empty_0"/></StgValue>
</bind>
</comp>

<comp id="42" class="1001" name="const_42">
<pin_list>
<pin id="43" dir="1" index="0" bw="1" slack="1"/>
</pin_list>
<bind>
<StgValue><ssdm name=""/></StgValue>
</bind>
</comp>

<comp id="44" class="1001" name="const_44">
<pin_list>
<pin id="45" dir="1" index="0" bw="1" slack="1"/>
</pin_list>
<bind>
<StgValue><ssdm name=""/></StgValue>
</bind>
</comp>

<comp id="46" class="1001" name="const_46">
<pin_list>
<pin id="47" dir="1" index="0" bw="1" slack="0"/>
</pin_list>
<bind>
<StgValue><ssdm name=""/></StgValue>
</bind>
</comp>

<comp id="48" class="1001" name="const_48">
<pin_list>
<pin id="49" dir="1" index="0" bw="1" slack="0"/>
</pin_list>
<bind>
<StgValue><ssdm name=""/></StgValue>
</bind>
</comp>

<comp id="50" class="1001" name="const_50">
<pin_list>
<pin id="51" dir="1" index="0" bw="1" slack="0"/>
</pin_list>
<bind>
<StgValue><ssdm name=""/></StgValue>
</bind>
</comp>

<comp id="52" class="1001" name="const_52">
<pin_list>
<pin id="53" dir="1" index="0" bw="1" slack="2147483647"/>
</pin_list>
<bind>
<StgValue><ssdm name="inCh_VS_HS_str"/></StgValue>
</bind>
</comp>

<comp id="54" class="1001" name="const_54">
<pin_list>
<pin id="55" dir="1" index="0" bw="1" slack="2147483647"/>
</pin_list>
<bind>
<StgValue><ssdm name=""/></StgValue>
</bind>
</comp>

<comp id="56" class="1001" name="const_56">
<pin_list>
<pin id="57" dir="1" index="0" bw="1" slack="0"/>
</pin_list>
<bind>
<StgValue><ssdm name=""/></StgValue>
</bind>
</comp>

<comp id="58" class="1001" name="const_58">
<pin_list>
<pin id="59" dir="1" index="0" bw="1" slack="0"/>
</pin_list>
<bind>
<StgValue><ssdm name=""/></StgValue>
</bind>
</comp>

<comp id="60" class="1001" name="const_60">
<pin_list>
<pin id="61" dir="1" index="0" bw="1" slack="0"/>
</pin_list>
<bind>
<StgValue><ssdm name=""/></StgValue>
</bind>
</comp>

<comp id="62" class="1001" name="const_62">
<pin_list>
<pin id="63" dir="1" index="0" bw="1" slack="0"/>
</pin_list>
<bind>
<StgValue><ssdm name=""/></StgValue>
</bind>
</comp>

<comp id="64" class="1001" name="const_64">
<pin_list>
<pin id="65" dir="1" index="0" bw="1" slack="0"/>
</pin_list>
<bind>
<StgValue><ssdm name=""/></StgValue>
</bind>
</comp>

<comp id="66" class="1001" name="const_66">
<pin_list>
<pin id="67" dir="1" index="0" bw="1" slack="2147483647"/>
</pin_list>
<bind>
<StgValue><ssdm name="VS_HS_str"/></StgValue>
</bind>
</comp>

<comp id="68" class="1001" name="const_68">
<pin_list>
<pin id="69" dir="1" index="0" bw="1" slack="0"/>
</pin_list>
<bind>
<StgValue><ssdm name="_ssdm_op_BitConcatenate.i11.i7.i4"/></StgValue>
</bind>
</comp>

<comp id="70" class="1001" name="const_70">
<pin_list>
<pin id="71" dir="1" index="0" bw="1" slack="0"/>
</pin_list>
<bind>
<StgValue><ssdm name=""/></StgValue>
</bind>
</comp>

<comp id="72" class="1001" name="const_72">
<pin_list>
<pin id="73" dir="1" index="0" bw="1" slack="0"/>
</pin_list>
<bind>
<StgValue><ssdm name="_ssdm_op_BitConcatenate.i11.i9.i2"/></StgValue>
</bind>
</comp>

<comp id="74" class="1001" name="const_74">
<pin_list>
<pin id="75" dir="1" index="0" bw="1" slack="2147483647"/>
</pin_list>
<bind>
<StgValue><ssdm name="empty"/></StgValue>
</bind>
</comp>

<comp id="76" class="1001" name="const_76">
<pin_list>
<pin id="77" dir="1" index="0" bw="1" slack="0"/>
</pin_list>
<bind>
<StgValue><ssdm name=""/></StgValue>
</bind>
</comp>

<comp id="78" class="1001" name="const_78">
<pin_list>
<pin id="79" dir="1" index="0" bw="1" slack="0"/>
</pin_list>
<bind>
<StgValue><ssdm name="Conv_func<4, 26, 4, 24>_Pipeline_loadWinShift"/></StgValue>
</bind>
</comp>

<comp id="80" class="1001" name="const_80">
<pin_list>
<pin id="81" dir="1" index="0" bw="1" slack="0"/>
</pin_list>
<bind>
<StgValue><ssdm name="_ssdm_op_PartSelect.i4.i5.i32.i32"/></StgValue>
</bind>
</comp>

<comp id="82" class="1001" name="const_82">
<pin_list>
<pin id="83" dir="1" index="0" bw="1" slack="0"/>
</pin_list>
<bind>
<StgValue><ssdm name=""/></StgValue>
</bind>
</comp>

<comp id="84" class="1001" name="const_84">
<pin_list>
<pin id="85" dir="1" index="0" bw="1" slack="0"/>
</pin_list>
<bind>
<StgValue><ssdm name="Conv_func<4, 26, 4, 24>_Pipeline_loadWinFull_VITIS_LOOP_50_1"/></StgValue>
</bind>
</comp>

<comp id="86" class="1001" name="const_86">
<pin_list>
<pin id="87" dir="1" index="0" bw="1" slack="0"/>
</pin_list>
<bind>
<StgValue><ssdm name="_ssdm_op_Mux.ap_auto.2float.i1"/></StgValue>
</bind>
</comp>

<comp id="88" class="1001" name="const_88">
<pin_list>
<pin id="89" dir="1" index="0" bw="1" slack="0"/>
</pin_list>
<bind>
<StgValue><ssdm name="conv2D<4>"/></StgValue>
</bind>
</comp>

<comp id="90" class="1001" name="const_90">
<pin_list>
<pin id="91" dir="1" index="0" bw="1" slack="0"/>
</pin_list>
<bind>
<StgValue><ssdm name=""/></StgValue>
</bind>
</comp>

<comp id="92" class="1001" name="const_92">
<pin_list>
<pin id="93" dir="1" index="0" bw="1" slack="0"/>
</pin_list>
<bind>
<StgValue><ssdm name="_ssdm_op_PartSelect.i8.i32.i32.i32"/></StgValue>
</bind>
</comp>

<comp id="94" class="1001" name="const_94">
<pin_list>
<pin id="95" dir="1" index="0" bw="1" slack="0"/>
</pin_list>
<bind>
<StgValue><ssdm name=""/></StgValue>
</bind>
</comp>

<comp id="96" class="1001" name="const_96">
<pin_list>
<pin id="97" dir="1" index="0" bw="1" slack="0"/>
</pin_list>
<bind>
<StgValue><ssdm name=""/></StgValue>
</bind>
</comp>

<comp id="98" class="1001" name="const_98">
<pin_list>
<pin id="99" dir="1" index="0" bw="1" slack="0"/>
</pin_list>
<bind>
<StgValue><ssdm name=""/></StgValue>
</bind>
</comp>

<comp id="100" class="1001" name="const_100">
<pin_list>
<pin id="101" dir="1" index="0" bw="1" slack="0"/>
</pin_list>
<bind>
<StgValue><ssdm name=""/></StgValue>
</bind>
</comp>

<comp id="102" class="1001" name="const_102">
<pin_list>
<pin id="103" dir="1" index="0" bw="1" slack="0"/>
</pin_list>
<bind>
<StgValue><ssdm name=""/></StgValue>
</bind>
</comp>

<comp id="104" class="1004" name="n_f_fu_104">
<pin_list>
<pin id="105" dir="0" index="0" bw="1" slack="0"/>
<pin id="106" dir="1" index="1" bw="3" slack="0"/>
</pin_list>
<bind>
<opcode="alloca(26) " fcode="alloca"/>
<opset="n_f/1 "/>
</bind>
</comp>

<comp id="108" class="1004" name="kernel_2_1_1_promoted_fu_108">
<pin_list>
<pin id="109" dir="0" index="0" bw="1" slack="0"/>
<pin id="110" dir="1" index="1" bw="32" slack="1"/>
</pin_list>
<bind>
<opcode="alloca(26) " fcode="alloca"/>
<opset="kernel_2_1_1_promoted/1 "/>
</bind>
</comp>

<comp id="112" class="1004" name="kernel_2_1_0_promoted_fu_112">
<pin_list>
<pin id="113" dir="0" index="0" bw="1" slack="0"/>
<pin id="114" dir="1" index="1" bw="32" slack="1"/>
</pin_list>
<bind>
<opcode="alloca(26) " fcode="alloca"/>
<opset="kernel_2_1_0_promoted/1 "/>
</bind>
</comp>

<comp id="116" class="1004" name="kernel_2_1_2_promoted_fu_116">
<pin_list>
<pin id="117" dir="0" index="0" bw="1" slack="0"/>
<pin id="118" dir="1" index="1" bw="32" slack="1"/>
</pin_list>
<bind>
<opcode="alloca(26) " fcode="alloca"/>
<opset="kernel_2_1_2_promoted/1 "/>
</bind>
</comp>

<comp id="120" class="1004" name="kernel_2_0_1_promoted_fu_120">
<pin_list>
<pin id="121" dir="0" index="0" bw="1" slack="0"/>
<pin id="122" dir="1" index="1" bw="32" slack="1"/>
</pin_list>
<bind>
<opcode="alloca(26) " fcode="alloca"/>
<opset="kernel_2_0_1_promoted/1 "/>
</bind>
</comp>

<comp id="124" class="1004" name="kernel_2_0_0_promoted_fu_124">
<pin_list>
<pin id="125" dir="0" index="0" bw="1" slack="0"/>
<pin id="126" dir="1" index="1" bw="32" slack="1"/>
</pin_list>
<bind>
<opcode="alloca(26) " fcode="alloca"/>
<opset="kernel_2_0_0_promoted/1 "/>
</bind>
</comp>

<comp id="128" class="1004" name="kernel_2_0_2_promoted_fu_128">
<pin_list>
<pin id="129" dir="0" index="0" bw="1" slack="0"/>
<pin id="130" dir="1" index="1" bw="32" slack="1"/>
</pin_list>
<bind>
<opcode="alloca(26) " fcode="alloca"/>
<opset="kernel_2_0_2_promoted/1 "/>
</bind>
</comp>

<comp id="132" class="1004" name="kernel_2_2_1_promoted_fu_132">
<pin_list>
<pin id="133" dir="0" index="0" bw="1" slack="0"/>
<pin id="134" dir="1" index="1" bw="32" slack="1"/>
</pin_list>
<bind>
<opcode="alloca(26) " fcode="alloca"/>
<opset="kernel_2_2_1_promoted/1 "/>
</bind>
</comp>

<comp id="136" class="1004" name="kernel_2_2_0_promoted_fu_136">
<pin_list>
<pin id="137" dir="0" index="0" bw="1" slack="0"/>
<pin id="138" dir="1" index="1" bw="32" slack="1"/>
</pin_list>
<bind>
<opcode="alloca(26) " fcode="alloca"/>
<opset="kernel_2_2_0_promoted/1 "/>
</bind>
</comp>

<comp id="140" class="1004" name="kernel_2_2_2_promoted_fu_140">
<pin_list>
<pin id="141" dir="0" index="0" bw="1" slack="0"/>
<pin id="142" dir="1" index="1" bw="32" slack="1"/>
</pin_list>
<bind>
<opcode="alloca(26) " fcode="alloca"/>
<opset="kernel_2_2_2_promoted/1 "/>
</bind>
</comp>

<comp id="144" class="1004" name="kernel_1_1_1_promoted_fu_144">
<pin_list>
<pin id="145" dir="0" index="0" bw="1" slack="0"/>
<pin id="146" dir="1" index="1" bw="32" slack="1"/>
</pin_list>
<bind>
<opcode="alloca(26) " fcode="alloca"/>
<opset="kernel_1_1_1_promoted/1 "/>
</bind>
</comp>

<comp id="148" class="1004" name="kernel_1_1_0_promoted_fu_148">
<pin_list>
<pin id="149" dir="0" index="0" bw="1" slack="0"/>
<pin id="150" dir="1" index="1" bw="32" slack="1"/>
</pin_list>
<bind>
<opcode="alloca(26) " fcode="alloca"/>
<opset="kernel_1_1_0_promoted/1 "/>
</bind>
</comp>

<comp id="152" class="1004" name="kernel_1_1_2_promoted_fu_152">
<pin_list>
<pin id="153" dir="0" index="0" bw="1" slack="0"/>
<pin id="154" dir="1" index="1" bw="32" slack="1"/>
</pin_list>
<bind>
<opcode="alloca(26) " fcode="alloca"/>
<opset="kernel_1_1_2_promoted/1 "/>
</bind>
</comp>

<comp id="156" class="1004" name="kernel_1_0_1_promoted_fu_156">
<pin_list>
<pin id="157" dir="0" index="0" bw="1" slack="0"/>
<pin id="158" dir="1" index="1" bw="32" slack="1"/>
</pin_list>
<bind>
<opcode="alloca(26) " fcode="alloca"/>
<opset="kernel_1_0_1_promoted/1 "/>
</bind>
</comp>

<comp id="160" class="1004" name="kernel_1_0_0_promoted_fu_160">
<pin_list>
<pin id="161" dir="0" index="0" bw="1" slack="0"/>
<pin id="162" dir="1" index="1" bw="32" slack="1"/>
</pin_list>
<bind>
<opcode="alloca(26) " fcode="alloca"/>
<opset="kernel_1_0_0_promoted/1 "/>
</bind>
</comp>

<comp id="164" class="1004" name="kernel_1_0_2_promoted_fu_164">
<pin_list>
<pin id="165" dir="0" index="0" bw="1" slack="0"/>
<pin id="166" dir="1" index="1" bw="32" slack="1"/>
</pin_list>
<bind>
<opcode="alloca(26) " fcode="alloca"/>
<opset="kernel_1_0_2_promoted/1 "/>
</bind>
</comp>

<comp id="168" class="1004" name="kernel_1_2_1_promoted_fu_168">
<pin_list>
<pin id="169" dir="0" index="0" bw="1" slack="0"/>
<pin id="170" dir="1" index="1" bw="32" slack="1"/>
</pin_list>
<bind>
<opcode="alloca(26) " fcode="alloca"/>
<opset="kernel_1_2_1_promoted/1 "/>
</bind>
</comp>

<comp id="172" class="1004" name="kernel_1_2_0_promoted_fu_172">
<pin_list>
<pin id="173" dir="0" index="0" bw="1" slack="0"/>
<pin id="174" dir="1" index="1" bw="32" slack="1"/>
</pin_list>
<bind>
<opcode="alloca(26) " fcode="alloca"/>
<opset="kernel_1_2_0_promoted/1 "/>
</bind>
</comp>

<comp id="176" class="1004" name="kernel_1_2_2_promoted_fu_176">
<pin_list>
<pin id="177" dir="0" index="0" bw="1" slack="0"/>
<pin id="178" dir="1" index="1" bw="32" slack="1"/>
</pin_list>
<bind>
<opcode="alloca(26) " fcode="alloca"/>
<opset="kernel_1_2_2_promoted/1 "/>
</bind>
</comp>

<comp id="180" class="1004" name="kernel_0_1_1_promoted_fu_180">
<pin_list>
<pin id="181" dir="0" index="0" bw="1" slack="0"/>
<pin id="182" dir="1" index="1" bw="32" slack="1"/>
</pin_list>
<bind>
<opcode="alloca(26) " fcode="alloca"/>
<opset="kernel_0_1_1_promoted/1 "/>
</bind>
</comp>

<comp id="184" class="1004" name="kernel_0_1_0_promoted_fu_184">
<pin_list>
<pin id="185" dir="0" index="0" bw="1" slack="0"/>
<pin id="186" dir="1" index="1" bw="32" slack="1"/>
</pin_list>
<bind>
<opcode="alloca(26) " fcode="alloca"/>
<opset="kernel_0_1_0_promoted/1 "/>
</bind>
</comp>

<comp id="188" class="1004" name="kernel_0_1_2_promoted_fu_188">
<pin_list>
<pin id="189" dir="0" index="0" bw="1" slack="0"/>
<pin id="190" dir="1" index="1" bw="32" slack="1"/>
</pin_list>
<bind>
<opcode="alloca(26) " fcode="alloca"/>
<opset="kernel_0_1_2_promoted/1 "/>
</bind>
</comp>

<comp id="192" class="1004" name="kernel_0_0_1_promoted_fu_192">
<pin_list>
<pin id="193" dir="0" index="0" bw="1" slack="0"/>
<pin id="194" dir="1" index="1" bw="32" slack="1"/>
</pin_list>
<bind>
<opcode="alloca(26) " fcode="alloca"/>
<opset="kernel_0_0_1_promoted/1 "/>
</bind>
</comp>

<comp id="196" class="1004" name="kernel_0_0_0_promoted_fu_196">
<pin_list>
<pin id="197" dir="0" index="0" bw="1" slack="0"/>
<pin id="198" dir="1" index="1" bw="32" slack="1"/>
</pin_list>
<bind>
<opcode="alloca(26) " fcode="alloca"/>
<opset="kernel_0_0_0_promoted/1 "/>
</bind>
</comp>

<comp id="200" class="1004" name="kernel_0_0_2_promoted_fu_200">
<pin_list>
<pin id="201" dir="0" index="0" bw="1" slack="0"/>
<pin id="202" dir="1" index="1" bw="32" slack="1"/>
</pin_list>
<bind>
<opcode="alloca(26) " fcode="alloca"/>
<opset="kernel_0_0_2_promoted/1 "/>
</bind>
</comp>

<comp id="204" class="1004" name="kernel_0_2_1_promoted_fu_204">
<pin_list>
<pin id="205" dir="0" index="0" bw="1" slack="0"/>
<pin id="206" dir="1" index="1" bw="32" slack="1"/>
</pin_list>
<bind>
<opcode="alloca(26) " fcode="alloca"/>
<opset="kernel_0_2_1_promoted/1 "/>
</bind>
</comp>

<comp id="208" class="1004" name="kernel_0_2_0_promoted_fu_208">
<pin_list>
<pin id="209" dir="0" index="0" bw="1" slack="0"/>
<pin id="210" dir="1" index="1" bw="32" slack="1"/>
</pin_list>
<bind>
<opcode="alloca(26) " fcode="alloca"/>
<opset="kernel_0_2_0_promoted/1 "/>
</bind>
</comp>

<comp id="212" class="1004" name="kernel_0_2_2_promoted_fu_212">
<pin_list>
<pin id="213" dir="0" index="0" bw="1" slack="0"/>
<pin id="214" dir="1" index="1" bw="32" slack="1"/>
</pin_list>
<bind>
<opcode="alloca(26) " fcode="alloca"/>
<opset="kernel_0_2_2_promoted/1 "/>
</bind>
</comp>

<comp id="216" class="1004" name="kernel_3_1_1_promoted_fu_216">
<pin_list>
<pin id="217" dir="0" index="0" bw="1" slack="0"/>
<pin id="218" dir="1" index="1" bw="32" slack="1"/>
</pin_list>
<bind>
<opcode="alloca(26) " fcode="alloca"/>
<opset="kernel_3_1_1_promoted/1 "/>
</bind>
</comp>

<comp id="220" class="1004" name="kernel_3_1_0_promoted_fu_220">
<pin_list>
<pin id="221" dir="0" index="0" bw="1" slack="0"/>
<pin id="222" dir="1" index="1" bw="32" slack="1"/>
</pin_list>
<bind>
<opcode="alloca(26) " fcode="alloca"/>
<opset="kernel_3_1_0_promoted/1 "/>
</bind>
</comp>

<comp id="224" class="1004" name="kernel_3_1_2_promoted_fu_224">
<pin_list>
<pin id="225" dir="0" index="0" bw="1" slack="0"/>
<pin id="226" dir="1" index="1" bw="32" slack="1"/>
</pin_list>
<bind>
<opcode="alloca(26) " fcode="alloca"/>
<opset="kernel_3_1_2_promoted/1 "/>
</bind>
</comp>

<comp id="228" class="1004" name="kernel_3_0_1_promoted_fu_228">
<pin_list>
<pin id="229" dir="0" index="0" bw="1" slack="0"/>
<pin id="230" dir="1" index="1" bw="32" slack="1"/>
</pin_list>
<bind>
<opcode="alloca(26) " fcode="alloca"/>
<opset="kernel_3_0_1_promoted/1 "/>
</bind>
</comp>

<comp id="232" class="1004" name="kernel_3_0_0_promoted_fu_232">
<pin_list>
<pin id="233" dir="0" index="0" bw="1" slack="0"/>
<pin id="234" dir="1" index="1" bw="32" slack="1"/>
</pin_list>
<bind>
<opcode="alloca(26) " fcode="alloca"/>
<opset="kernel_3_0_0_promoted/1 "/>
</bind>
</comp>

<comp id="236" class="1004" name="kernel_3_0_2_promoted_fu_236">
<pin_list>
<pin id="237" dir="0" index="0" bw="1" slack="0"/>
<pin id="238" dir="1" index="1" bw="32" slack="1"/>
</pin_list>
<bind>
<opcode="alloca(26) " fcode="alloca"/>
<opset="kernel_3_0_2_promoted/1 "/>
</bind>
</comp>

<comp id="240" class="1004" name="kernel_3_2_1_promoted_fu_240">
<pin_list>
<pin id="241" dir="0" index="0" bw="1" slack="0"/>
<pin id="242" dir="1" index="1" bw="32" slack="1"/>
</pin_list>
<bind>
<opcode="alloca(26) " fcode="alloca"/>
<opset="kernel_3_2_1_promoted/1 "/>
</bind>
</comp>

<comp id="244" class="1004" name="kernel_3_2_0_promoted_fu_244">
<pin_list>
<pin id="245" dir="0" index="0" bw="1" slack="0"/>
<pin id="246" dir="1" index="1" bw="32" slack="1"/>
</pin_list>
<bind>
<opcode="alloca(26) " fcode="alloca"/>
<opset="kernel_3_2_0_promoted/1 "/>
</bind>
</comp>

<comp id="248" class="1004" name="kernel_3_2_2_promoted_fu_248">
<pin_list>
<pin id="249" dir="0" index="0" bw="1" slack="0"/>
<pin id="250" dir="1" index="1" bw="32" slack="1"/>
</pin_list>
<bind>
<opcode="alloca(26) " fcode="alloca"/>
<opset="kernel_3_2_2_promoted/1 "/>
</bind>
</comp>

<comp id="252" class="1004" name="mux_case_01_fu_252">
<pin_list>
<pin id="253" dir="0" index="0" bw="1" slack="0"/>
<pin id="254" dir="1" index="1" bw="32" slack="5"/>
</pin_list>
<bind>
<opcode="alloca(26) " fcode="alloca"/>
<opset="mux_case_01/1 "/>
</bind>
</comp>

<comp id="256" class="1004" name="mux_case_113_fu_256">
<pin_list>
<pin id="257" dir="0" index="0" bw="1" slack="0"/>
<pin id="258" dir="1" index="1" bw="32" slack="5"/>
</pin_list>
<bind>
<opcode="alloca(26) " fcode="alloca"/>
<opset="mux_case_113/1 "/>
</bind>
</comp>

<comp id="260" class="1004" name="mux_case_224_fu_260">
<pin_list>
<pin id="261" dir="0" index="0" bw="1" slack="0"/>
<pin id="262" dir="1" index="1" bw="32" slack="5"/>
</pin_list>
<bind>
<opcode="alloca(26) " fcode="alloca"/>
<opset="mux_case_224/1 "/>
</bind>
</comp>

<comp id="264" class="1004" name="mux_case_08435_fu_264">
<pin_list>
<pin id="265" dir="0" index="0" bw="1" slack="0"/>
<pin id="266" dir="1" index="1" bw="32" slack="5"/>
</pin_list>
<bind>
<opcode="alloca(26) " fcode="alloca"/>
<opset="mux_case_08435/1 "/>
</bind>
</comp>

<comp id="268" class="1004" name="mux_case_18546_fu_268">
<pin_list>
<pin id="269" dir="0" index="0" bw="1" slack="0"/>
<pin id="270" dir="1" index="1" bw="32" slack="5"/>
</pin_list>
<bind>
<opcode="alloca(26) " fcode="alloca"/>
<opset="mux_case_18546/1 "/>
</bind>
</comp>

<comp id="272" class="1004" name="mux_case_28657_fu_272">
<pin_list>
<pin id="273" dir="0" index="0" bw="1" slack="0"/>
<pin id="274" dir="1" index="1" bw="32" slack="5"/>
</pin_list>
<bind>
<opcode="alloca(26) " fcode="alloca"/>
<opset="mux_case_28657/1 "/>
</bind>
</comp>

<comp id="276" class="1004" name="window_1_1_promoted237291_fu_276">
<pin_list>
<pin id="277" dir="0" index="0" bw="1" slack="0"/>
<pin id="278" dir="1" index="1" bw="32" slack="5"/>
</pin_list>
<bind>
<opcode="alloca(26) " fcode="alloca"/>
<opset="window_1_1_promoted237291/1 "/>
</bind>
</comp>

<comp id="280" class="1004" name="window_1_0_promoted239298_fu_280">
<pin_list>
<pin id="281" dir="0" index="0" bw="1" slack="0"/>
<pin id="282" dir="1" index="1" bw="32" slack="5"/>
</pin_list>
<bind>
<opcode="alloca(26) " fcode="alloca"/>
<opset="window_1_0_promoted239298/1 "/>
</bind>
</comp>

<comp id="284" class="1004" name="window_1_2_promoted241305_fu_284">
<pin_list>
<pin id="285" dir="0" index="0" bw="1" slack="0"/>
<pin id="286" dir="1" index="1" bw="32" slack="5"/>
</pin_list>
<bind>
<opcode="alloca(26) " fcode="alloca"/>
<opset="window_1_2_promoted241305/1 "/>
</bind>
</comp>

<comp id="288" class="1004" name="window_0_1_promoted243312_fu_288">
<pin_list>
<pin id="289" dir="0" index="0" bw="1" slack="0"/>
<pin id="290" dir="1" index="1" bw="32" slack="5"/>
</pin_list>
<bind>
<opcode="alloca(26) " fcode="alloca"/>
<opset="window_0_1_promoted243312/1 "/>
</bind>
</comp>

<comp id="292" class="1004" name="window_0_0_promoted245319_fu_292">
<pin_list>
<pin id="293" dir="0" index="0" bw="1" slack="0"/>
<pin id="294" dir="1" index="1" bw="32" slack="5"/>
</pin_list>
<bind>
<opcode="alloca(26) " fcode="alloca"/>
<opset="window_0_0_promoted245319/1 "/>
</bind>
</comp>

<comp id="296" class="1004" name="window_0_2_promoted247326_fu_296">
<pin_list>
<pin id="297" dir="0" index="0" bw="1" slack="0"/>
<pin id="298" dir="1" index="1" bw="32" slack="5"/>
</pin_list>
<bind>
<opcode="alloca(26) " fcode="alloca"/>
<opset="window_0_2_promoted247326/1 "/>
</bind>
</comp>

<comp id="300" class="1004" name="window_2_1_promoted249333_fu_300">
<pin_list>
<pin id="301" dir="0" index="0" bw="1" slack="0"/>
<pin id="302" dir="1" index="1" bw="32" slack="5"/>
</pin_list>
<bind>
<opcode="alloca(26) " fcode="alloca"/>
<opset="window_2_1_promoted249333/1 "/>
</bind>
</comp>

<comp id="304" class="1004" name="window_2_0_promoted251340_fu_304">
<pin_list>
<pin id="305" dir="0" index="0" bw="1" slack="0"/>
<pin id="306" dir="1" index="1" bw="32" slack="5"/>
</pin_list>
<bind>
<opcode="alloca(26) " fcode="alloca"/>
<opset="window_2_0_promoted251340/1 "/>
</bind>
</comp>

<comp id="308" class="1004" name="window_2_2_promoted253347_fu_308">
<pin_list>
<pin id="309" dir="0" index="0" bw="1" slack="0"/>
<pin id="310" dir="1" index="1" bw="32" slack="5"/>
</pin_list>
<bind>
<opcode="alloca(26) " fcode="alloca"/>
<opset="window_2_2_promoted253347/1 "/>
</bind>
</comp>

<comp id="312" class="1004" name="window4153_fu_312">
<pin_list>
<pin id="313" dir="0" index="0" bw="1" slack="0"/>
<pin id="314" dir="1" index="1" bw="32" slack="6"/>
</pin_list>
<bind>
<opcode="alloca(26) " fcode="alloca"/>
<opset="window4153/1 "/>
</bind>
</comp>

<comp id="316" class="1004" name="window_214260_fu_316">
<pin_list>
<pin id="317" dir="0" index="0" bw="1" slack="0"/>
<pin id="318" dir="1" index="1" bw="32" slack="6"/>
</pin_list>
<bind>
<opcode="alloca(26) " fcode="alloca"/>
<opset="window_214260/1 "/>
</bind>
</comp>

<comp id="320" class="1004" name="window_224367_fu_320">
<pin_list>
<pin id="321" dir="0" index="0" bw="1" slack="0"/>
<pin id="322" dir="1" index="1" bw="32" slack="6"/>
</pin_list>
<bind>
<opcode="alloca(26) " fcode="alloca"/>
<opset="window_224367/1 "/>
</bind>
</comp>

<comp id="324" class="1004" name="window_234474_fu_324">
<pin_list>
<pin id="325" dir="0" index="0" bw="1" slack="0"/>
<pin id="326" dir="1" index="1" bw="32" slack="6"/>
</pin_list>
<bind>
<opcode="alloca(26) " fcode="alloca"/>
<opset="window_234474/1 "/>
</bind>
</comp>

<comp id="328" class="1004" name="window_244581_fu_328">
<pin_list>
<pin id="329" dir="0" index="0" bw="1" slack="0"/>
<pin id="330" dir="1" index="1" bw="32" slack="6"/>
</pin_list>
<bind>
<opcode="alloca(26) " fcode="alloca"/>
<opset="window_244581/1 "/>
</bind>
</comp>

<comp id="332" class="1004" name="window_254688_fu_332">
<pin_list>
<pin id="333" dir="0" index="0" bw="1" slack="0"/>
<pin id="334" dir="1" index="1" bw="32" slack="6"/>
</pin_list>
<bind>
<opcode="alloca(26) " fcode="alloca"/>
<opset="window_254688/1 "/>
</bind>
</comp>

<comp id="336" class="1004" name="window_264795_fu_336">
<pin_list>
<pin id="337" dir="0" index="0" bw="1" slack="0"/>
<pin id="338" dir="1" index="1" bw="32" slack="6"/>
</pin_list>
<bind>
<opcode="alloca(26) " fcode="alloca"/>
<opset="window_264795/1 "/>
</bind>
</comp>

<comp id="340" class="1004" name="window_2748102_fu_340">
<pin_list>
<pin id="341" dir="0" index="0" bw="1" slack="0"/>
<pin id="342" dir="1" index="1" bw="32" slack="6"/>
</pin_list>
<bind>
<opcode="alloca(26) " fcode="alloca"/>
<opset="window_2748102/1 "/>
</bind>
</comp>

<comp id="344" class="1004" name="window_2849109_fu_344">
<pin_list>
<pin id="345" dir="0" index="0" bw="1" slack="0"/>
<pin id="346" dir="1" index="1" bw="32" slack="6"/>
</pin_list>
<bind>
<opcode="alloca(26) " fcode="alloca"/>
<opset="window_2849109/1 "/>
</bind>
</comp>

<comp id="348" class="1004" name="mux_case_0_loc_fu_348">
<pin_list>
<pin id="349" dir="0" index="0" bw="1" slack="0"/>
<pin id="350" dir="1" index="1" bw="32" slack="6"/>
</pin_list>
<bind>
<opcode="alloca(26) " fcode="alloca"/>
<opset="mux_case_0_loc/1 "/>
</bind>
</comp>

<comp id="352" class="1004" name="mux_case_1_loc_fu_352">
<pin_list>
<pin id="353" dir="0" index="0" bw="1" slack="0"/>
<pin id="354" dir="1" index="1" bw="32" slack="6"/>
</pin_list>
<bind>
<opcode="alloca(26) " fcode="alloca"/>
<opset="mux_case_1_loc/1 "/>
</bind>
</comp>

<comp id="356" class="1004" name="mux_case_2_loc_fu_356">
<pin_list>
<pin id="357" dir="0" index="0" bw="1" slack="0"/>
<pin id="358" dir="1" index="1" bw="32" slack="6"/>
</pin_list>
<bind>
<opcode="alloca(26) " fcode="alloca"/>
<opset="mux_case_2_loc/1 "/>
</bind>
</comp>

<comp id="360" class="1004" name="mux_case_084_loc_fu_360">
<pin_list>
<pin id="361" dir="0" index="0" bw="1" slack="0"/>
<pin id="362" dir="1" index="1" bw="32" slack="6"/>
</pin_list>
<bind>
<opcode="alloca(26) " fcode="alloca"/>
<opset="mux_case_084_loc/1 "/>
</bind>
</comp>

<comp id="364" class="1004" name="mux_case_185_loc_fu_364">
<pin_list>
<pin id="365" dir="0" index="0" bw="1" slack="0"/>
<pin id="366" dir="1" index="1" bw="32" slack="6"/>
</pin_list>
<bind>
<opcode="alloca(26) " fcode="alloca"/>
<opset="mux_case_185_loc/1 "/>
</bind>
</comp>

<comp id="368" class="1004" name="mux_case_286_loc_fu_368">
<pin_list>
<pin id="369" dir="0" index="0" bw="1" slack="0"/>
<pin id="370" dir="1" index="1" bw="32" slack="6"/>
</pin_list>
<bind>
<opcode="alloca(26) " fcode="alloca"/>
<opset="mux_case_286_loc/1 "/>
</bind>
</comp>

<comp id="372" class="1004" name="window_1_1_promoted237295_loc_fu_372">
<pin_list>
<pin id="373" dir="0" index="0" bw="1" slack="0"/>
<pin id="374" dir="1" index="1" bw="32" slack="6"/>
</pin_list>
<bind>
<opcode="alloca(26) " fcode="alloca"/>
<opset="window_1_1_promoted237295_loc/1 "/>
</bind>
</comp>

<comp id="376" class="1004" name="window_1_0_promoted239302_loc_fu_376">
<pin_list>
<pin id="377" dir="0" index="0" bw="1" slack="0"/>
<pin id="378" dir="1" index="1" bw="32" slack="6"/>
</pin_list>
<bind>
<opcode="alloca(26) " fcode="alloca"/>
<opset="window_1_0_promoted239302_loc/1 "/>
</bind>
</comp>

<comp id="380" class="1004" name="window_1_2_promoted241309_loc_fu_380">
<pin_list>
<pin id="381" dir="0" index="0" bw="1" slack="0"/>
<pin id="382" dir="1" index="1" bw="32" slack="6"/>
</pin_list>
<bind>
<opcode="alloca(26) " fcode="alloca"/>
<opset="window_1_2_promoted241309_loc/1 "/>
</bind>
</comp>

<comp id="384" class="1004" name="window_0_1_promoted243316_loc_fu_384">
<pin_list>
<pin id="385" dir="0" index="0" bw="1" slack="0"/>
<pin id="386" dir="1" index="1" bw="32" slack="6"/>
</pin_list>
<bind>
<opcode="alloca(26) " fcode="alloca"/>
<opset="window_0_1_promoted243316_loc/1 "/>
</bind>
</comp>

<comp id="388" class="1004" name="window_0_0_promoted245323_loc_fu_388">
<pin_list>
<pin id="389" dir="0" index="0" bw="1" slack="0"/>
<pin id="390" dir="1" index="1" bw="32" slack="6"/>
</pin_list>
<bind>
<opcode="alloca(26) " fcode="alloca"/>
<opset="window_0_0_promoted245323_loc/1 "/>
</bind>
</comp>

<comp id="392" class="1004" name="window_0_2_promoted247330_loc_fu_392">
<pin_list>
<pin id="393" dir="0" index="0" bw="1" slack="0"/>
<pin id="394" dir="1" index="1" bw="32" slack="6"/>
</pin_list>
<bind>
<opcode="alloca(26) " fcode="alloca"/>
<opset="window_0_2_promoted247330_loc/1 "/>
</bind>
</comp>

<comp id="396" class="1004" name="window_2_1_promoted249337_loc_fu_396">
<pin_list>
<pin id="397" dir="0" index="0" bw="1" slack="0"/>
<pin id="398" dir="1" index="1" bw="32" slack="6"/>
</pin_list>
<bind>
<opcode="alloca(26) " fcode="alloca"/>
<opset="window_2_1_promoted249337_loc/1 "/>
</bind>
</comp>

<comp id="400" class="1004" name="window_2_0_promoted251344_loc_fu_400">
<pin_list>
<pin id="401" dir="0" index="0" bw="1" slack="0"/>
<pin id="402" dir="1" index="1" bw="32" slack="6"/>
</pin_list>
<bind>
<opcode="alloca(26) " fcode="alloca"/>
<opset="window_2_0_promoted251344_loc/1 "/>
</bind>
</comp>

<comp id="404" class="1004" name="window_2_2_promoted253351_loc_fu_404">
<pin_list>
<pin id="405" dir="0" index="0" bw="1" slack="0"/>
<pin id="406" dir="1" index="1" bw="32" slack="6"/>
</pin_list>
<bind>
<opcode="alloca(26) " fcode="alloca"/>
<opset="window_2_2_promoted253351_loc/1 "/>
</bind>
</comp>

<comp id="408" class="1004" name="window4151_loc_fu_408">
<pin_list>
<pin id="409" dir="0" index="0" bw="1" slack="0"/>
<pin id="410" dir="1" index="1" bw="32" slack="6"/>
</pin_list>
<bind>
<opcode="alloca(26) " fcode="alloca"/>
<opset="window4151_loc/1 "/>
</bind>
</comp>

<comp id="412" class="1004" name="window_214258_loc_fu_412">
<pin_list>
<pin id="413" dir="0" index="0" bw="1" slack="0"/>
<pin id="414" dir="1" index="1" bw="32" slack="6"/>
</pin_list>
<bind>
<opcode="alloca(26) " fcode="alloca"/>
<opset="window_214258_loc/1 "/>
</bind>
</comp>

<comp id="416" class="1004" name="window_224365_loc_fu_416">
<pin_list>
<pin id="417" dir="0" index="0" bw="1" slack="0"/>
<pin id="418" dir="1" index="1" bw="32" slack="6"/>
</pin_list>
<bind>
<opcode="alloca(26) " fcode="alloca"/>
<opset="window_224365_loc/1 "/>
</bind>
</comp>

<comp id="420" class="1004" name="window_234472_loc_fu_420">
<pin_list>
<pin id="421" dir="0" index="0" bw="1" slack="0"/>
<pin id="422" dir="1" index="1" bw="32" slack="6"/>
</pin_list>
<bind>
<opcode="alloca(26) " fcode="alloca"/>
<opset="window_234472_loc/1 "/>
</bind>
</comp>

<comp id="424" class="1004" name="window_244579_loc_fu_424">
<pin_list>
<pin id="425" dir="0" index="0" bw="1" slack="0"/>
<pin id="426" dir="1" index="1" bw="32" slack="6"/>
</pin_list>
<bind>
<opcode="alloca(26) " fcode="alloca"/>
<opset="window_244579_loc/1 "/>
</bind>
</comp>

<comp id="428" class="1004" name="window_254686_loc_fu_428">
<pin_list>
<pin id="429" dir="0" index="0" bw="1" slack="0"/>
<pin id="430" dir="1" index="1" bw="32" slack="6"/>
</pin_list>
<bind>
<opcode="alloca(26) " fcode="alloca"/>
<opset="window_254686_loc/1 "/>
</bind>
</comp>

<comp id="432" class="1004" name="window_264793_loc_fu_432">
<pin_list>
<pin id="433" dir="0" index="0" bw="1" slack="0"/>
<pin id="434" dir="1" index="1" bw="32" slack="6"/>
</pin_list>
<bind>
<opcode="alloca(26) " fcode="alloca"/>
<opset="window_264793_loc/1 "/>
</bind>
</comp>

<comp id="436" class="1004" name="window_2748100_loc_fu_436">
<pin_list>
<pin id="437" dir="0" index="0" bw="1" slack="0"/>
<pin id="438" dir="1" index="1" bw="32" slack="6"/>
</pin_list>
<bind>
<opcode="alloca(26) " fcode="alloca"/>
<opset="window_2748100_loc/1 "/>
</bind>
</comp>

<comp id="440" class="1004" name="window_2849107_loc_fu_440">
<pin_list>
<pin id="441" dir="0" index="0" bw="1" slack="0"/>
<pin id="442" dir="1" index="1" bw="32" slack="6"/>
</pin_list>
<bind>
<opcode="alloca(26) " fcode="alloca"/>
<opset="window_2849107_loc/1 "/>
</bind>
</comp>

<comp id="444" class="1004" name="mux_case_08_loc_fu_444">
<pin_list>
<pin id="445" dir="0" index="0" bw="1" slack="0"/>
<pin id="446" dir="1" index="1" bw="32" slack="6"/>
</pin_list>
<bind>
<opcode="alloca(26) " fcode="alloca"/>
<opset="mux_case_08_loc/1 "/>
</bind>
</comp>

<comp id="448" class="1004" name="mux_case_119_loc_fu_448">
<pin_list>
<pin id="449" dir="0" index="0" bw="1" slack="0"/>
<pin id="450" dir="1" index="1" bw="32" slack="6"/>
</pin_list>
<bind>
<opcode="alloca(26) " fcode="alloca"/>
<opset="mux_case_119_loc/1 "/>
</bind>
</comp>

<comp id="452" class="1004" name="mux_case_230_loc_fu_452">
<pin_list>
<pin id="453" dir="0" index="0" bw="1" slack="0"/>
<pin id="454" dir="1" index="1" bw="32" slack="6"/>
</pin_list>
<bind>
<opcode="alloca(26) " fcode="alloca"/>
<opset="mux_case_230_loc/1 "/>
</bind>
</comp>

<comp id="456" class="1004" name="mux_case_08440_loc_fu_456">
<pin_list>
<pin id="457" dir="0" index="0" bw="1" slack="0"/>
<pin id="458" dir="1" index="1" bw="32" slack="6"/>
</pin_list>
<bind>
<opcode="alloca(26) " fcode="alloca"/>
<opset="mux_case_08440_loc/1 "/>
</bind>
</comp>

<comp id="460" class="1004" name="mux_case_18551_loc_fu_460">
<pin_list>
<pin id="461" dir="0" index="0" bw="1" slack="0"/>
<pin id="462" dir="1" index="1" bw="32" slack="6"/>
</pin_list>
<bind>
<opcode="alloca(26) " fcode="alloca"/>
<opset="mux_case_18551_loc/1 "/>
</bind>
</comp>

<comp id="464" class="1004" name="mux_case_28662_loc_fu_464">
<pin_list>
<pin id="465" dir="0" index="0" bw="1" slack="0"/>
<pin id="466" dir="1" index="1" bw="32" slack="6"/>
</pin_list>
<bind>
<opcode="alloca(26) " fcode="alloca"/>
<opset="mux_case_28662_loc/1 "/>
</bind>
</comp>

<comp id="468" class="1004" name="p_loc187_fu_468">
<pin_list>
<pin id="469" dir="0" index="0" bw="1" slack="0"/>
<pin id="470" dir="1" index="1" bw="32" slack="6"/>
</pin_list>
<bind>
<opcode="alloca(26) " fcode="alloca"/>
<opset="p_loc187/1 "/>
</bind>
</comp>

<comp id="472" class="1004" name="p_loc186_fu_472">
<pin_list>
<pin id="473" dir="0" index="0" bw="1" slack="0"/>
<pin id="474" dir="1" index="1" bw="32" slack="6"/>
</pin_list>
<bind>
<opcode="alloca(26) " fcode="alloca"/>
<opset="p_loc186/1 "/>
</bind>
</comp>

<comp id="476" class="1004" name="p_loc185_fu_476">
<pin_list>
<pin id="477" dir="0" index="0" bw="1" slack="0"/>
<pin id="478" dir="1" index="1" bw="32" slack="6"/>
</pin_list>
<bind>
<opcode="alloca(26) " fcode="alloca"/>
<opset="p_loc185/1 "/>
</bind>
</comp>

<comp id="480" class="1004" name="p_loc184_fu_480">
<pin_list>
<pin id="481" dir="0" index="0" bw="1" slack="0"/>
<pin id="482" dir="1" index="1" bw="32" slack="6"/>
</pin_list>
<bind>
<opcode="alloca(26) " fcode="alloca"/>
<opset="p_loc184/1 "/>
</bind>
</comp>

<comp id="484" class="1004" name="p_loc183_fu_484">
<pin_list>
<pin id="485" dir="0" index="0" bw="1" slack="0"/>
<pin id="486" dir="1" index="1" bw="32" slack="6"/>
</pin_list>
<bind>
<opcode="alloca(26) " fcode="alloca"/>
<opset="p_loc183/1 "/>
</bind>
</comp>

<comp id="488" class="1004" name="p_loc182_fu_488">
<pin_list>
<pin id="489" dir="0" index="0" bw="1" slack="0"/>
<pin id="490" dir="1" index="1" bw="32" slack="6"/>
</pin_list>
<bind>
<opcode="alloca(26) " fcode="alloca"/>
<opset="p_loc182/1 "/>
</bind>
</comp>

<comp id="492" class="1004" name="p_loc181_fu_492">
<pin_list>
<pin id="493" dir="0" index="0" bw="1" slack="0"/>
<pin id="494" dir="1" index="1" bw="32" slack="6"/>
</pin_list>
<bind>
<opcode="alloca(26) " fcode="alloca"/>
<opset="p_loc181/1 "/>
</bind>
</comp>

<comp id="496" class="1004" name="p_loc180_fu_496">
<pin_list>
<pin id="497" dir="0" index="0" bw="1" slack="0"/>
<pin id="498" dir="1" index="1" bw="32" slack="6"/>
</pin_list>
<bind>
<opcode="alloca(26) " fcode="alloca"/>
<opset="p_loc180/1 "/>
</bind>
</comp>

<comp id="500" class="1004" name="p_loc179_fu_500">
<pin_list>
<pin id="501" dir="0" index="0" bw="1" slack="0"/>
<pin id="502" dir="1" index="1" bw="32" slack="6"/>
</pin_list>
<bind>
<opcode="alloca(26) " fcode="alloca"/>
<opset="p_loc179/1 "/>
</bind>
</comp>

<comp id="504" class="1004" name="p_loc142_fu_504">
<pin_list>
<pin id="505" dir="0" index="0" bw="1" slack="0"/>
<pin id="506" dir="1" index="1" bw="32" slack="1"/>
</pin_list>
<bind>
<opcode="alloca(26) " fcode="alloca"/>
<opset="p_loc142/1 "/>
</bind>
</comp>

<comp id="508" class="1004" name="p_loc141_fu_508">
<pin_list>
<pin id="509" dir="0" index="0" bw="1" slack="0"/>
<pin id="510" dir="1" index="1" bw="32" slack="1"/>
</pin_list>
<bind>
<opcode="alloca(26) " fcode="alloca"/>
<opset="p_loc141/1 "/>
</bind>
</comp>

<comp id="512" class="1004" name="p_loc140_fu_512">
<pin_list>
<pin id="513" dir="0" index="0" bw="1" slack="0"/>
<pin id="514" dir="1" index="1" bw="32" slack="1"/>
</pin_list>
<bind>
<opcode="alloca(26) " fcode="alloca"/>
<opset="p_loc140/1 "/>
</bind>
</comp>

<comp id="516" class="1004" name="p_loc139_fu_516">
<pin_list>
<pin id="517" dir="0" index="0" bw="1" slack="0"/>
<pin id="518" dir="1" index="1" bw="32" slack="1"/>
</pin_list>
<bind>
<opcode="alloca(26) " fcode="alloca"/>
<opset="p_loc139/1 "/>
</bind>
</comp>

<comp id="520" class="1004" name="p_loc138_fu_520">
<pin_list>
<pin id="521" dir="0" index="0" bw="1" slack="0"/>
<pin id="522" dir="1" index="1" bw="32" slack="1"/>
</pin_list>
<bind>
<opcode="alloca(26) " fcode="alloca"/>
<opset="p_loc138/1 "/>
</bind>
</comp>

<comp id="524" class="1004" name="p_loc137_fu_524">
<pin_list>
<pin id="525" dir="0" index="0" bw="1" slack="0"/>
<pin id="526" dir="1" index="1" bw="32" slack="1"/>
</pin_list>
<bind>
<opcode="alloca(26) " fcode="alloca"/>
<opset="p_loc137/1 "/>
</bind>
</comp>

<comp id="528" class="1004" name="p_loc136_fu_528">
<pin_list>
<pin id="529" dir="0" index="0" bw="1" slack="0"/>
<pin id="530" dir="1" index="1" bw="32" slack="1"/>
</pin_list>
<bind>
<opcode="alloca(26) " fcode="alloca"/>
<opset="p_loc136/1 "/>
</bind>
</comp>

<comp id="532" class="1004" name="p_loc135_fu_532">
<pin_list>
<pin id="533" dir="0" index="0" bw="1" slack="0"/>
<pin id="534" dir="1" index="1" bw="32" slack="1"/>
</pin_list>
<bind>
<opcode="alloca(26) " fcode="alloca"/>
<opset="p_loc135/1 "/>
</bind>
</comp>

<comp id="536" class="1004" name="p_loc134_fu_536">
<pin_list>
<pin id="537" dir="0" index="0" bw="1" slack="0"/>
<pin id="538" dir="1" index="1" bw="32" slack="1"/>
</pin_list>
<bind>
<opcode="alloca(26) " fcode="alloca"/>
<opset="p_loc134/1 "/>
</bind>
</comp>

<comp id="540" class="1004" name="p_loc133_fu_540">
<pin_list>
<pin id="541" dir="0" index="0" bw="1" slack="0"/>
<pin id="542" dir="1" index="1" bw="32" slack="1"/>
</pin_list>
<bind>
<opcode="alloca(26) " fcode="alloca"/>
<opset="p_loc133/1 "/>
</bind>
</comp>

<comp id="544" class="1004" name="p_loc132_fu_544">
<pin_list>
<pin id="545" dir="0" index="0" bw="1" slack="0"/>
<pin id="546" dir="1" index="1" bw="32" slack="1"/>
</pin_list>
<bind>
<opcode="alloca(26) " fcode="alloca"/>
<opset="p_loc132/1 "/>
</bind>
</comp>

<comp id="548" class="1004" name="p_loc131_fu_548">
<pin_list>
<pin id="549" dir="0" index="0" bw="1" slack="0"/>
<pin id="550" dir="1" index="1" bw="32" slack="1"/>
</pin_list>
<bind>
<opcode="alloca(26) " fcode="alloca"/>
<opset="p_loc131/1 "/>
</bind>
</comp>

<comp id="552" class="1004" name="p_loc130_fu_552">
<pin_list>
<pin id="553" dir="0" index="0" bw="1" slack="0"/>
<pin id="554" dir="1" index="1" bw="32" slack="1"/>
</pin_list>
<bind>
<opcode="alloca(26) " fcode="alloca"/>
<opset="p_loc130/1 "/>
</bind>
</comp>

<comp id="556" class="1004" name="p_loc129_fu_556">
<pin_list>
<pin id="557" dir="0" index="0" bw="1" slack="0"/>
<pin id="558" dir="1" index="1" bw="32" slack="1"/>
</pin_list>
<bind>
<opcode="alloca(26) " fcode="alloca"/>
<opset="p_loc129/1 "/>
</bind>
</comp>

<comp id="560" class="1004" name="p_loc128_fu_560">
<pin_list>
<pin id="561" dir="0" index="0" bw="1" slack="0"/>
<pin id="562" dir="1" index="1" bw="32" slack="1"/>
</pin_list>
<bind>
<opcode="alloca(26) " fcode="alloca"/>
<opset="p_loc128/1 "/>
</bind>
</comp>

<comp id="564" class="1004" name="p_loc127_fu_564">
<pin_list>
<pin id="565" dir="0" index="0" bw="1" slack="0"/>
<pin id="566" dir="1" index="1" bw="32" slack="1"/>
</pin_list>
<bind>
<opcode="alloca(26) " fcode="alloca"/>
<opset="p_loc127/1 "/>
</bind>
</comp>

<comp id="568" class="1004" name="p_loc126_fu_568">
<pin_list>
<pin id="569" dir="0" index="0" bw="1" slack="0"/>
<pin id="570" dir="1" index="1" bw="32" slack="1"/>
</pin_list>
<bind>
<opcode="alloca(26) " fcode="alloca"/>
<opset="p_loc126/1 "/>
</bind>
</comp>

<comp id="572" class="1004" name="p_loc125_fu_572">
<pin_list>
<pin id="573" dir="0" index="0" bw="1" slack="0"/>
<pin id="574" dir="1" index="1" bw="32" slack="1"/>
</pin_list>
<bind>
<opcode="alloca(26) " fcode="alloca"/>
<opset="p_loc125/1 "/>
</bind>
</comp>

<comp id="576" class="1004" name="p_loc124_fu_576">
<pin_list>
<pin id="577" dir="0" index="0" bw="1" slack="0"/>
<pin id="578" dir="1" index="1" bw="32" slack="1"/>
</pin_list>
<bind>
<opcode="alloca(26) " fcode="alloca"/>
<opset="p_loc124/1 "/>
</bind>
</comp>

<comp id="580" class="1004" name="p_loc123_fu_580">
<pin_list>
<pin id="581" dir="0" index="0" bw="1" slack="0"/>
<pin id="582" dir="1" index="1" bw="32" slack="1"/>
</pin_list>
<bind>
<opcode="alloca(26) " fcode="alloca"/>
<opset="p_loc123/1 "/>
</bind>
</comp>

<comp id="584" class="1004" name="p_loc122_fu_584">
<pin_list>
<pin id="585" dir="0" index="0" bw="1" slack="0"/>
<pin id="586" dir="1" index="1" bw="32" slack="1"/>
</pin_list>
<bind>
<opcode="alloca(26) " fcode="alloca"/>
<opset="p_loc122/1 "/>
</bind>
</comp>

<comp id="588" class="1004" name="p_loc121_fu_588">
<pin_list>
<pin id="589" dir="0" index="0" bw="1" slack="0"/>
<pin id="590" dir="1" index="1" bw="32" slack="1"/>
</pin_list>
<bind>
<opcode="alloca(26) " fcode="alloca"/>
<opset="p_loc121/1 "/>
</bind>
</comp>

<comp id="592" class="1004" name="p_loc120_fu_592">
<pin_list>
<pin id="593" dir="0" index="0" bw="1" slack="0"/>
<pin id="594" dir="1" index="1" bw="32" slack="1"/>
</pin_list>
<bind>
<opcode="alloca(26) " fcode="alloca"/>
<opset="p_loc120/1 "/>
</bind>
</comp>

<comp id="596" class="1004" name="p_loc119_fu_596">
<pin_list>
<pin id="597" dir="0" index="0" bw="1" slack="0"/>
<pin id="598" dir="1" index="1" bw="32" slack="1"/>
</pin_list>
<bind>
<opcode="alloca(26) " fcode="alloca"/>
<opset="p_loc119/1 "/>
</bind>
</comp>

<comp id="600" class="1004" name="p_loc118_fu_600">
<pin_list>
<pin id="601" dir="0" index="0" bw="1" slack="0"/>
<pin id="602" dir="1" index="1" bw="32" slack="1"/>
</pin_list>
<bind>
<opcode="alloca(26) " fcode="alloca"/>
<opset="p_loc118/1 "/>
</bind>
</comp>

<comp id="604" class="1004" name="p_loc117_fu_604">
<pin_list>
<pin id="605" dir="0" index="0" bw="1" slack="0"/>
<pin id="606" dir="1" index="1" bw="32" slack="1"/>
</pin_list>
<bind>
<opcode="alloca(26) " fcode="alloca"/>
<opset="p_loc117/1 "/>
</bind>
</comp>

<comp id="608" class="1004" name="p_loc116_fu_608">
<pin_list>
<pin id="609" dir="0" index="0" bw="1" slack="0"/>
<pin id="610" dir="1" index="1" bw="32" slack="1"/>
</pin_list>
<bind>
<opcode="alloca(26) " fcode="alloca"/>
<opset="p_loc116/1 "/>
</bind>
</comp>

<comp id="612" class="1004" name="p_loc115_fu_612">
<pin_list>
<pin id="613" dir="0" index="0" bw="1" slack="0"/>
<pin id="614" dir="1" index="1" bw="32" slack="1"/>
</pin_list>
<bind>
<opcode="alloca(26) " fcode="alloca"/>
<opset="p_loc115/1 "/>
</bind>
</comp>

<comp id="616" class="1004" name="p_loc114_fu_616">
<pin_list>
<pin id="617" dir="0" index="0" bw="1" slack="0"/>
<pin id="618" dir="1" index="1" bw="32" slack="1"/>
</pin_list>
<bind>
<opcode="alloca(26) " fcode="alloca"/>
<opset="p_loc114/1 "/>
</bind>
</comp>

<comp id="620" class="1004" name="p_loc113_fu_620">
<pin_list>
<pin id="621" dir="0" index="0" bw="1" slack="0"/>
<pin id="622" dir="1" index="1" bw="32" slack="1"/>
</pin_list>
<bind>
<opcode="alloca(26) " fcode="alloca"/>
<opset="p_loc113/1 "/>
</bind>
</comp>

<comp id="624" class="1004" name="p_loc112_fu_624">
<pin_list>
<pin id="625" dir="0" index="0" bw="1" slack="0"/>
<pin id="626" dir="1" index="1" bw="32" slack="1"/>
</pin_list>
<bind>
<opcode="alloca(26) " fcode="alloca"/>
<opset="p_loc112/1 "/>
</bind>
</comp>

<comp id="628" class="1004" name="p_loc111_fu_628">
<pin_list>
<pin id="629" dir="0" index="0" bw="1" slack="0"/>
<pin id="630" dir="1" index="1" bw="32" slack="1"/>
</pin_list>
<bind>
<opcode="alloca(26) " fcode="alloca"/>
<opset="p_loc111/1 "/>
</bind>
</comp>

<comp id="632" class="1004" name="p_loc110_fu_632">
<pin_list>
<pin id="633" dir="0" index="0" bw="1" slack="0"/>
<pin id="634" dir="1" index="1" bw="32" slack="1"/>
</pin_list>
<bind>
<opcode="alloca(26) " fcode="alloca"/>
<opset="p_loc110/1 "/>
</bind>
</comp>

<comp id="636" class="1004" name="p_loc109_fu_636">
<pin_list>
<pin id="637" dir="0" index="0" bw="1" slack="0"/>
<pin id="638" dir="1" index="1" bw="32" slack="1"/>
</pin_list>
<bind>
<opcode="alloca(26) " fcode="alloca"/>
<opset="p_loc109/1 "/>
</bind>
</comp>

<comp id="640" class="1004" name="p_loc108_fu_640">
<pin_list>
<pin id="641" dir="0" index="0" bw="1" slack="0"/>
<pin id="642" dir="1" index="1" bw="32" slack="1"/>
</pin_list>
<bind>
<opcode="alloca(26) " fcode="alloca"/>
<opset="p_loc108/1 "/>
</bind>
</comp>

<comp id="644" class="1004" name="p_loc_fu_644">
<pin_list>
<pin id="645" dir="0" index="0" bw="1" slack="0"/>
<pin id="646" dir="1" index="1" bw="32" slack="1"/>
</pin_list>
<bind>
<opcode="alloca(26) " fcode="alloca"/>
<opset="p_loc/1 "/>
</bind>
</comp>

<comp id="648" class="1004" name="conv2_bias_addr_gep_fu_648">
<pin_list>
<pin id="649" dir="0" index="0" bw="32" slack="0"/>
<pin id="650" dir="0" index="1" bw="1" slack="0"/>
<pin id="651" dir="0" index="2" bw="3" slack="0"/>
<pin id="652" dir="1" index="3" bw="2" slack="0"/>
</pin_list>
<bind>
<opcode="getelementptr(29) " fcode="getelementptr"/>
<opset="conv2_bias_addr/3 "/>
</bind>
</comp>

<comp id="655" class="1004" name="grp_access_fu_655">
<pin_list>
<pin id="656" dir="0" index="0" bw="2" slack="0"/>
<pin id="657" dir="0" index="1" bw="32" slack="2147483647"/>
<pin id="658" dir="0" index="2" bw="0" slack="2147483647"/>
<pin id="659" dir="1" index="3" bw="32" slack="6"/>
</pin_list>
<bind>
<opcode="load(27) " fcode="load"/>
<opset="conv2_bias_load/3 "/>
</bind>
</comp>

<comp id="661" class="1004" name="ofmap_0_addr_gep_fu_661">
<pin_list>
<pin id="662" dir="0" index="0" bw="32" slack="0"/>
<pin id="663" dir="0" index="1" bw="1" slack="0"/>
<pin id="664" dir="0" index="2" bw="11" slack="0"/>
<pin id="665" dir="1" index="3" bw="11" slack="0"/>
</pin_list>
<bind>
<opcode="getelementptr(29) " fcode="getelementptr"/>
<opset="ofmap_0_addr/9 "/>
</bind>
</comp>

<comp id="668" class="1004" name="ofmap_1_addr_gep_fu_668">
<pin_list>
<pin id="669" dir="0" index="0" bw="32" slack="0"/>
<pin id="670" dir="0" index="1" bw="1" slack="0"/>
<pin id="671" dir="0" index="2" bw="11" slack="0"/>
<pin id="672" dir="1" index="3" bw="11" slack="0"/>
</pin_list>
<bind>
<opcode="getelementptr(29) " fcode="getelementptr"/>
<opset="ofmap_1_addr/9 "/>
</bind>
</comp>

<comp id="675" class="1004" name="grp_access_fu_675">
<pin_list>
<pin id="676" dir="0" index="0" bw="11" slack="0"/>
<pin id="677" dir="0" index="1" bw="32" slack="1"/>
<pin id="678" dir="0" index="2" bw="0" slack="2147483647"/>
<pin id="679" dir="1" index="3" bw="32" slack="0"/>
</pin_list>
<bind>
<opcode="load(27) store(28) " fcode="store"/>
<opset="ofmap_0_load/9 store_ln153/39 store_ln150/42 "/>
</bind>
</comp>

<comp id="681" class="1004" name="grp_access_fu_681">
<pin_list>
<pin id="682" dir="0" index="0" bw="11" slack="0"/>
<pin id="683" dir="0" index="1" bw="32" slack="1"/>
<pin id="684" dir="0" index="2" bw="0" slack="2147483647"/>
<pin id="685" dir="1" index="3" bw="32" slack="0"/>
</pin_list>
<bind>
<opcode="load(27) store(28) " fcode="store"/>
<opset="ofmap_1_load/9 store_ln153/39 store_ln150/42 "/>
</bind>
</comp>

<comp id="687" class="1005" name="indvar_flatten219_reg_687">
<pin_list>
<pin id="688" dir="0" index="0" bw="12" slack="1"/>
<pin id="689" dir="1" index="1" bw="12" slack="1"/>
</pin_list>
<bind>
<opset="indvar_flatten219 (phireg) "/>
</bind>
</comp>

<comp id="691" class="1004" name="indvar_flatten219_phi_fu_691">
<pin_list>
<pin id="692" dir="0" index="0" bw="1" slack="1"/>
<pin id="693" dir="0" index="1" bw="0" slack="2147483647"/>
<pin id="694" dir="0" index="2" bw="12" slack="0"/>
<pin id="695" dir="0" index="3" bw="0" slack="2147483647"/>
<pin id="696" dir="1" index="4" bw="12" slack="0"/>
</pin_list>
<bind>
<opcode="phi(47) " fcode="phi"/>
<opset="indvar_flatten219/5 "/>
</bind>
</comp>

<comp id="698" class="1005" name="kch_reg_698">
<pin_list>
<pin id="699" dir="0" index="0" bw="3" slack="1"/>
<pin id="700" dir="1" index="1" bw="3" slack="1"/>
</pin_list>
<bind>
<opset="kch (phireg) "/>
</bind>
</comp>

<comp id="702" class="1004" name="kch_phi_fu_702">
<pin_list>
<pin id="703" dir="0" index="0" bw="1" slack="1"/>
<pin id="704" dir="0" index="1" bw="0" slack="2147483647"/>
<pin id="705" dir="0" index="2" bw="3" slack="1"/>
<pin id="706" dir="0" index="3" bw="0" slack="2147483647"/>
<pin id="707" dir="1" index="4" bw="3" slack="1"/>
</pin_list>
<bind>
<opcode="phi(47) " fcode="phi"/>
<opset="kch/5 "/>
</bind>
</comp>

<comp id="710" class="1005" name="indvar_flatten157_reg_710">
<pin_list>
<pin id="711" dir="0" index="0" bw="10" slack="1"/>
<pin id="712" dir="1" index="1" bw="10" slack="1"/>
</pin_list>
<bind>
<opset="indvar_flatten157 (phireg) "/>
</bind>
</comp>

<comp id="714" class="1004" name="indvar_flatten157_phi_fu_714">
<pin_list>
<pin id="715" dir="0" index="0" bw="1" slack="1"/>
<pin id="716" dir="0" index="1" bw="0" slack="2147483647"/>
<pin id="717" dir="0" index="2" bw="10" slack="1"/>
<pin id="718" dir="0" index="3" bw="0" slack="2147483647"/>
<pin id="719" dir="1" index="4" bw="10" slack="0"/>
</pin_list>
<bind>
<opcode="phi(47) " fcode="phi"/>
<opset="indvar_flatten157/5 "/>
</bind>
</comp>

<comp id="722" class="1005" name="oh_reg_722">
<pin_list>
<pin id="723" dir="0" index="0" bw="5" slack="1"/>
<pin id="724" dir="1" index="1" bw="5" slack="1"/>
</pin_list>
<bind>
<opset="oh (phireg) "/>
</bind>
</comp>

<comp id="726" class="1004" name="oh_phi_fu_726">
<pin_list>
<pin id="727" dir="0" index="0" bw="1" slack="1"/>
<pin id="728" dir="0" index="1" bw="0" slack="2147483647"/>
<pin id="729" dir="0" index="2" bw="5" slack="1"/>
<pin id="730" dir="0" index="3" bw="0" slack="2147483647"/>
<pin id="731" dir="1" index="4" bw="5" slack="0"/>
</pin_list>
<bind>
<opcode="phi(47) " fcode="phi"/>
<opset="oh/5 "/>
</bind>
</comp>

<comp id="733" class="1005" name="ow_reg_733">
<pin_list>
<pin id="734" dir="0" index="0" bw="5" slack="1"/>
<pin id="735" dir="1" index="1" bw="5" slack="1"/>
</pin_list>
<bind>
<opset="ow (phireg) "/>
</bind>
</comp>

<comp id="737" class="1004" name="ow_phi_fu_737">
<pin_list>
<pin id="738" dir="0" index="0" bw="1" slack="1"/>
<pin id="739" dir="0" index="1" bw="0" slack="2147483647"/>
<pin id="740" dir="0" index="2" bw="5" slack="1"/>
<pin id="741" dir="0" index="3" bw="0" slack="2147483647"/>
<pin id="742" dir="1" index="4" bw="5" slack="1"/>
</pin_list>
<bind>
<opcode="phi(47) " fcode="phi"/>
<opset="ow/5 "/>
</bind>
</comp>

<comp id="745" class="1005" name="window_2849_reg_745">
<pin_list>
<pin id="746" dir="0" index="0" bw="32" slack="1"/>
<pin id="747" dir="1" index="1" bw="32" slack="1"/>
</pin_list>
<bind>
<opset="window_2849 (phireg) "/>
</bind>
</comp>

<comp id="748" class="1004" name="window_2849_phi_fu_748">
<pin_list>
<pin id="749" dir="0" index="0" bw="32" slack="2147483647"/>
<pin id="750" dir="0" index="1" bw="0" slack="2147483647"/>
<pin id="751" dir="0" index="2" bw="32" slack="1"/>
<pin id="752" dir="0" index="3" bw="0" slack="2147483647"/>
<pin id="753" dir="1" index="4" bw="32" slack="1"/>
</pin_list>
<bind>
<opcode="phi(47) " fcode="phi"/>
<opset="window_2849/12 "/>
</bind>
</comp>

<comp id="755" class="1005" name="window_2748_reg_755">
<pin_list>
<pin id="756" dir="0" index="0" bw="32" slack="1"/>
<pin id="757" dir="1" index="1" bw="32" slack="1"/>
</pin_list>
<bind>
<opset="window_2748 (phireg) "/>
</bind>
</comp>

<comp id="758" class="1004" name="window_2748_phi_fu_758">
<pin_list>
<pin id="759" dir="0" index="0" bw="32" slack="2147483647"/>
<pin id="760" dir="0" index="1" bw="0" slack="2147483647"/>
<pin id="761" dir="0" index="2" bw="32" slack="1"/>
<pin id="762" dir="0" index="3" bw="0" slack="2147483647"/>
<pin id="763" dir="1" index="4" bw="32" slack="1"/>
</pin_list>
<bind>
<opcode="phi(47) " fcode="phi"/>
<opset="window_2748/12 "/>
</bind>
</comp>

<comp id="765" class="1005" name="window_2647_reg_765">
<pin_list>
<pin id="766" dir="0" index="0" bw="32" slack="1"/>
<pin id="767" dir="1" index="1" bw="32" slack="1"/>
</pin_list>
<bind>
<opset="window_2647 (phireg) "/>
</bind>
</comp>

<comp id="768" class="1004" name="window_2647_phi_fu_768">
<pin_list>
<pin id="769" dir="0" index="0" bw="32" slack="2147483647"/>
<pin id="770" dir="0" index="1" bw="0" slack="2147483647"/>
<pin id="771" dir="0" index="2" bw="32" slack="1"/>
<pin id="772" dir="0" index="3" bw="0" slack="2147483647"/>
<pin id="773" dir="1" index="4" bw="32" slack="1"/>
</pin_list>
<bind>
<opcode="phi(47) " fcode="phi"/>
<opset="window_2647/12 "/>
</bind>
</comp>

<comp id="775" class="1005" name="window_2546_reg_775">
<pin_list>
<pin id="776" dir="0" index="0" bw="32" slack="1"/>
<pin id="777" dir="1" index="1" bw="32" slack="1"/>
</pin_list>
<bind>
<opset="window_2546 (phireg) "/>
</bind>
</comp>

<comp id="778" class="1004" name="window_2546_phi_fu_778">
<pin_list>
<pin id="779" dir="0" index="0" bw="32" slack="2147483647"/>
<pin id="780" dir="0" index="1" bw="0" slack="2147483647"/>
<pin id="781" dir="0" index="2" bw="32" slack="1"/>
<pin id="782" dir="0" index="3" bw="0" slack="2147483647"/>
<pin id="783" dir="1" index="4" bw="32" slack="1"/>
</pin_list>
<bind>
<opcode="phi(47) " fcode="phi"/>
<opset="window_2546/12 "/>
</bind>
</comp>

<comp id="785" class="1005" name="window_2445_reg_785">
<pin_list>
<pin id="786" dir="0" index="0" bw="32" slack="1"/>
<pin id="787" dir="1" index="1" bw="32" slack="1"/>
</pin_list>
<bind>
<opset="window_2445 (phireg) "/>
</bind>
</comp>

<comp id="788" class="1004" name="window_2445_phi_fu_788">
<pin_list>
<pin id="789" dir="0" index="0" bw="32" slack="2147483647"/>
<pin id="790" dir="0" index="1" bw="0" slack="2147483647"/>
<pin id="791" dir="0" index="2" bw="32" slack="1"/>
<pin id="792" dir="0" index="3" bw="0" slack="2147483647"/>
<pin id="793" dir="1" index="4" bw="32" slack="1"/>
</pin_list>
<bind>
<opcode="phi(47) " fcode="phi"/>
<opset="window_2445/12 "/>
</bind>
</comp>

<comp id="795" class="1005" name="window_2344_reg_795">
<pin_list>
<pin id="796" dir="0" index="0" bw="32" slack="1"/>
<pin id="797" dir="1" index="1" bw="32" slack="1"/>
</pin_list>
<bind>
<opset="window_2344 (phireg) "/>
</bind>
</comp>

<comp id="798" class="1004" name="window_2344_phi_fu_798">
<pin_list>
<pin id="799" dir="0" index="0" bw="32" slack="2147483647"/>
<pin id="800" dir="0" index="1" bw="0" slack="2147483647"/>
<pin id="801" dir="0" index="2" bw="32" slack="1"/>
<pin id="802" dir="0" index="3" bw="0" slack="2147483647"/>
<pin id="803" dir="1" index="4" bw="32" slack="1"/>
</pin_list>
<bind>
<opcode="phi(47) " fcode="phi"/>
<opset="window_2344/12 "/>
</bind>
</comp>

<comp id="805" class="1005" name="window_2243_reg_805">
<pin_list>
<pin id="806" dir="0" index="0" bw="32" slack="1"/>
<pin id="807" dir="1" index="1" bw="32" slack="1"/>
</pin_list>
<bind>
<opset="window_2243 (phireg) "/>
</bind>
</comp>

<comp id="808" class="1004" name="window_2243_phi_fu_808">
<pin_list>
<pin id="809" dir="0" index="0" bw="32" slack="2147483647"/>
<pin id="810" dir="0" index="1" bw="0" slack="2147483647"/>
<pin id="811" dir="0" index="2" bw="32" slack="1"/>
<pin id="812" dir="0" index="3" bw="0" slack="2147483647"/>
<pin id="813" dir="1" index="4" bw="32" slack="1"/>
</pin_list>
<bind>
<opcode="phi(47) " fcode="phi"/>
<opset="window_2243/12 "/>
</bind>
</comp>

<comp id="815" class="1005" name="window_2142_reg_815">
<pin_list>
<pin id="816" dir="0" index="0" bw="32" slack="1"/>
<pin id="817" dir="1" index="1" bw="32" slack="1"/>
</pin_list>
<bind>
<opset="window_2142 (phireg) "/>
</bind>
</comp>

<comp id="818" class="1004" name="window_2142_phi_fu_818">
<pin_list>
<pin id="819" dir="0" index="0" bw="32" slack="2147483647"/>
<pin id="820" dir="0" index="1" bw="0" slack="2147483647"/>
<pin id="821" dir="0" index="2" bw="32" slack="1"/>
<pin id="822" dir="0" index="3" bw="0" slack="2147483647"/>
<pin id="823" dir="1" index="4" bw="32" slack="1"/>
</pin_list>
<bind>
<opcode="phi(47) " fcode="phi"/>
<opset="window_2142/12 "/>
</bind>
</comp>

<comp id="825" class="1005" name="window41_reg_825">
<pin_list>
<pin id="826" dir="0" index="0" bw="32" slack="1"/>
<pin id="827" dir="1" index="1" bw="32" slack="1"/>
</pin_list>
<bind>
<opset="window41 (phireg) "/>
</bind>
</comp>

<comp id="828" class="1004" name="window41_phi_fu_828">
<pin_list>
<pin id="829" dir="0" index="0" bw="32" slack="2147483647"/>
<pin id="830" dir="0" index="1" bw="0" slack="2147483647"/>
<pin id="831" dir="0" index="2" bw="32" slack="1"/>
<pin id="832" dir="0" index="3" bw="0" slack="2147483647"/>
<pin id="833" dir="1" index="4" bw="32" slack="1"/>
</pin_list>
<bind>
<opcode="phi(47) " fcode="phi"/>
<opset="window41/12 "/>
</bind>
</comp>

<comp id="835" class="1005" name="window_2_2_promoted253353_reg_835">
<pin_list>
<pin id="836" dir="0" index="0" bw="32" slack="29"/>
<pin id="837" dir="1" index="1" bw="32" slack="29"/>
</pin_list>
<bind>
<opset="window_2_2_promoted253353 (phireg) "/>
</bind>
</comp>

<comp id="838" class="1004" name="window_2_2_promoted253353_phi_fu_838">
<pin_list>
<pin id="839" dir="0" index="0" bw="32" slack="2147483647"/>
<pin id="840" dir="0" index="1" bw="0" slack="2147483647"/>
<pin id="841" dir="0" index="2" bw="32" slack="1"/>
<pin id="842" dir="0" index="3" bw="0" slack="2147483647"/>
<pin id="843" dir="1" index="4" bw="32" slack="29"/>
</pin_list>
<bind>
<opcode="phi(47) " fcode="phi"/>
<opset="window_2_2_promoted253353/12 "/>
</bind>
</comp>

<comp id="845" class="1005" name="window_2_0_promoted251346_reg_845">
<pin_list>
<pin id="846" dir="0" index="0" bw="32" slack="29"/>
<pin id="847" dir="1" index="1" bw="32" slack="29"/>
</pin_list>
<bind>
<opset="window_2_0_promoted251346 (phireg) "/>
</bind>
</comp>

<comp id="848" class="1004" name="window_2_0_promoted251346_phi_fu_848">
<pin_list>
<pin id="849" dir="0" index="0" bw="32" slack="2147483647"/>
<pin id="850" dir="0" index="1" bw="0" slack="2147483647"/>
<pin id="851" dir="0" index="2" bw="32" slack="1"/>
<pin id="852" dir="0" index="3" bw="0" slack="2147483647"/>
<pin id="853" dir="1" index="4" bw="32" slack="29"/>
</pin_list>
<bind>
<opcode="phi(47) " fcode="phi"/>
<opset="window_2_0_promoted251346/12 "/>
</bind>
</comp>

<comp id="855" class="1005" name="window_2_1_promoted249339_reg_855">
<pin_list>
<pin id="856" dir="0" index="0" bw="32" slack="29"/>
<pin id="857" dir="1" index="1" bw="32" slack="29"/>
</pin_list>
<bind>
<opset="window_2_1_promoted249339 (phireg) "/>
</bind>
</comp>

<comp id="858" class="1004" name="window_2_1_promoted249339_phi_fu_858">
<pin_list>
<pin id="859" dir="0" index="0" bw="32" slack="2147483647"/>
<pin id="860" dir="0" index="1" bw="0" slack="2147483647"/>
<pin id="861" dir="0" index="2" bw="32" slack="1"/>
<pin id="862" dir="0" index="3" bw="0" slack="2147483647"/>
<pin id="863" dir="1" index="4" bw="32" slack="29"/>
</pin_list>
<bind>
<opcode="phi(47) " fcode="phi"/>
<opset="window_2_1_promoted249339/12 "/>
</bind>
</comp>

<comp id="865" class="1005" name="window_0_2_promoted247332_reg_865">
<pin_list>
<pin id="866" dir="0" index="0" bw="32" slack="29"/>
<pin id="867" dir="1" index="1" bw="32" slack="29"/>
</pin_list>
<bind>
<opset="window_0_2_promoted247332 (phireg) "/>
</bind>
</comp>

<comp id="868" class="1004" name="window_0_2_promoted247332_phi_fu_868">
<pin_list>
<pin id="869" dir="0" index="0" bw="32" slack="2147483647"/>
<pin id="870" dir="0" index="1" bw="0" slack="2147483647"/>
<pin id="871" dir="0" index="2" bw="32" slack="1"/>
<pin id="872" dir="0" index="3" bw="0" slack="2147483647"/>
<pin id="873" dir="1" index="4" bw="32" slack="29"/>
</pin_list>
<bind>
<opcode="phi(47) " fcode="phi"/>
<opset="window_0_2_promoted247332/12 "/>
</bind>
</comp>

<comp id="875" class="1005" name="window_0_0_promoted245325_reg_875">
<pin_list>
<pin id="876" dir="0" index="0" bw="32" slack="29"/>
<pin id="877" dir="1" index="1" bw="32" slack="29"/>
</pin_list>
<bind>
<opset="window_0_0_promoted245325 (phireg) "/>
</bind>
</comp>

<comp id="878" class="1004" name="window_0_0_promoted245325_phi_fu_878">
<pin_list>
<pin id="879" dir="0" index="0" bw="32" slack="2147483647"/>
<pin id="880" dir="0" index="1" bw="0" slack="2147483647"/>
<pin id="881" dir="0" index="2" bw="32" slack="1"/>
<pin id="882" dir="0" index="3" bw="0" slack="2147483647"/>
<pin id="883" dir="1" index="4" bw="32" slack="29"/>
</pin_list>
<bind>
<opcode="phi(47) " fcode="phi"/>
<opset="window_0_0_promoted245325/12 "/>
</bind>
</comp>

<comp id="885" class="1005" name="window_0_1_promoted243318_reg_885">
<pin_list>
<pin id="886" dir="0" index="0" bw="32" slack="29"/>
<pin id="887" dir="1" index="1" bw="32" slack="29"/>
</pin_list>
<bind>
<opset="window_0_1_promoted243318 (phireg) "/>
</bind>
</comp>

<comp id="888" class="1004" name="window_0_1_promoted243318_phi_fu_888">
<pin_list>
<pin id="889" dir="0" index="0" bw="32" slack="2147483647"/>
<pin id="890" dir="0" index="1" bw="0" slack="2147483647"/>
<pin id="891" dir="0" index="2" bw="32" slack="1"/>
<pin id="892" dir="0" index="3" bw="0" slack="2147483647"/>
<pin id="893" dir="1" index="4" bw="32" slack="29"/>
</pin_list>
<bind>
<opcode="phi(47) " fcode="phi"/>
<opset="window_0_1_promoted243318/12 "/>
</bind>
</comp>

<comp id="895" class="1005" name="window_1_2_promoted241311_reg_895">
<pin_list>
<pin id="896" dir="0" index="0" bw="32" slack="29"/>
<pin id="897" dir="1" index="1" bw="32" slack="29"/>
</pin_list>
<bind>
<opset="window_1_2_promoted241311 (phireg) "/>
</bind>
</comp>

<comp id="898" class="1004" name="window_1_2_promoted241311_phi_fu_898">
<pin_list>
<pin id="899" dir="0" index="0" bw="32" slack="2147483647"/>
<pin id="900" dir="0" index="1" bw="0" slack="2147483647"/>
<pin id="901" dir="0" index="2" bw="32" slack="1"/>
<pin id="902" dir="0" index="3" bw="0" slack="2147483647"/>
<pin id="903" dir="1" index="4" bw="32" slack="29"/>
</pin_list>
<bind>
<opcode="phi(47) " fcode="phi"/>
<opset="window_1_2_promoted241311/12 "/>
</bind>
</comp>

<comp id="905" class="1005" name="window_1_0_promoted239304_reg_905">
<pin_list>
<pin id="906" dir="0" index="0" bw="32" slack="29"/>
<pin id="907" dir="1" index="1" bw="32" slack="29"/>
</pin_list>
<bind>
<opset="window_1_0_promoted239304 (phireg) "/>
</bind>
</comp>

<comp id="908" class="1004" name="window_1_0_promoted239304_phi_fu_908">
<pin_list>
<pin id="909" dir="0" index="0" bw="32" slack="2147483647"/>
<pin id="910" dir="0" index="1" bw="0" slack="2147483647"/>
<pin id="911" dir="0" index="2" bw="32" slack="1"/>
<pin id="912" dir="0" index="3" bw="0" slack="2147483647"/>
<pin id="913" dir="1" index="4" bw="32" slack="29"/>
</pin_list>
<bind>
<opcode="phi(47) " fcode="phi"/>
<opset="window_1_0_promoted239304/12 "/>
</bind>
</comp>

<comp id="915" class="1005" name="window_1_1_promoted237297_reg_915">
<pin_list>
<pin id="916" dir="0" index="0" bw="32" slack="29"/>
<pin id="917" dir="1" index="1" bw="32" slack="29"/>
</pin_list>
<bind>
<opset="window_1_1_promoted237297 (phireg) "/>
</bind>
</comp>

<comp id="918" class="1004" name="window_1_1_promoted237297_phi_fu_918">
<pin_list>
<pin id="919" dir="0" index="0" bw="32" slack="2147483647"/>
<pin id="920" dir="0" index="1" bw="0" slack="2147483647"/>
<pin id="921" dir="0" index="2" bw="32" slack="1"/>
<pin id="922" dir="0" index="3" bw="0" slack="2147483647"/>
<pin id="923" dir="1" index="4" bw="32" slack="29"/>
</pin_list>
<bind>
<opcode="phi(47) " fcode="phi"/>
<opset="window_1_1_promoted237297/12 "/>
</bind>
</comp>

<comp id="925" class="1005" name="mux_case_28665_reg_925">
<pin_list>
<pin id="926" dir="0" index="0" bw="32" slack="29"/>
<pin id="927" dir="1" index="1" bw="32" slack="29"/>
</pin_list>
<bind>
<opset="mux_case_28665 (phireg) "/>
</bind>
</comp>

<comp id="928" class="1004" name="mux_case_28665_phi_fu_928">
<pin_list>
<pin id="929" dir="0" index="0" bw="32" slack="2147483647"/>
<pin id="930" dir="0" index="1" bw="0" slack="2147483647"/>
<pin id="931" dir="0" index="2" bw="32" slack="1"/>
<pin id="932" dir="0" index="3" bw="0" slack="2147483647"/>
<pin id="933" dir="1" index="4" bw="32" slack="29"/>
</pin_list>
<bind>
<opcode="phi(47) " fcode="phi"/>
<opset="mux_case_28665/12 "/>
</bind>
</comp>

<comp id="935" class="1005" name="mux_case_18554_reg_935">
<pin_list>
<pin id="936" dir="0" index="0" bw="32" slack="29"/>
<pin id="937" dir="1" index="1" bw="32" slack="29"/>
</pin_list>
<bind>
<opset="mux_case_18554 (phireg) "/>
</bind>
</comp>

<comp id="938" class="1004" name="mux_case_18554_phi_fu_938">
<pin_list>
<pin id="939" dir="0" index="0" bw="32" slack="2147483647"/>
<pin id="940" dir="0" index="1" bw="0" slack="2147483647"/>
<pin id="941" dir="0" index="2" bw="32" slack="1"/>
<pin id="942" dir="0" index="3" bw="0" slack="2147483647"/>
<pin id="943" dir="1" index="4" bw="32" slack="29"/>
</pin_list>
<bind>
<opcode="phi(47) " fcode="phi"/>
<opset="mux_case_18554/12 "/>
</bind>
</comp>

<comp id="945" class="1005" name="mux_case_08443_reg_945">
<pin_list>
<pin id="946" dir="0" index="0" bw="32" slack="29"/>
<pin id="947" dir="1" index="1" bw="32" slack="29"/>
</pin_list>
<bind>
<opset="mux_case_08443 (phireg) "/>
</bind>
</comp>

<comp id="948" class="1004" name="mux_case_08443_phi_fu_948">
<pin_list>
<pin id="949" dir="0" index="0" bw="32" slack="2147483647"/>
<pin id="950" dir="0" index="1" bw="0" slack="2147483647"/>
<pin id="951" dir="0" index="2" bw="32" slack="1"/>
<pin id="952" dir="0" index="3" bw="0" slack="2147483647"/>
<pin id="953" dir="1" index="4" bw="32" slack="29"/>
</pin_list>
<bind>
<opcode="phi(47) " fcode="phi"/>
<opset="mux_case_08443/12 "/>
</bind>
</comp>

<comp id="955" class="1005" name="mux_case_228_reg_955">
<pin_list>
<pin id="956" dir="0" index="0" bw="32" slack="29"/>
<pin id="957" dir="1" index="1" bw="32" slack="29"/>
</pin_list>
<bind>
<opset="mux_case_228 (phireg) "/>
</bind>
</comp>

<comp id="958" class="1004" name="mux_case_228_phi_fu_958">
<pin_list>
<pin id="959" dir="0" index="0" bw="32" slack="2147483647"/>
<pin id="960" dir="0" index="1" bw="0" slack="2147483647"/>
<pin id="961" dir="0" index="2" bw="32" slack="1"/>
<pin id="962" dir="0" index="3" bw="0" slack="2147483647"/>
<pin id="963" dir="1" index="4" bw="32" slack="29"/>
</pin_list>
<bind>
<opcode="phi(47) " fcode="phi"/>
<opset="mux_case_228/12 "/>
</bind>
</comp>

<comp id="965" class="1005" name="mux_case_117_reg_965">
<pin_list>
<pin id="966" dir="0" index="0" bw="32" slack="29"/>
<pin id="967" dir="1" index="1" bw="32" slack="29"/>
</pin_list>
<bind>
<opset="mux_case_117 (phireg) "/>
</bind>
</comp>

<comp id="968" class="1004" name="mux_case_117_phi_fu_968">
<pin_list>
<pin id="969" dir="0" index="0" bw="32" slack="2147483647"/>
<pin id="970" dir="0" index="1" bw="0" slack="2147483647"/>
<pin id="971" dir="0" index="2" bw="32" slack="1"/>
<pin id="972" dir="0" index="3" bw="0" slack="2147483647"/>
<pin id="973" dir="1" index="4" bw="32" slack="29"/>
</pin_list>
<bind>
<opcode="phi(47) " fcode="phi"/>
<opset="mux_case_117/12 "/>
</bind>
</comp>

<comp id="975" class="1005" name="mux_case_06_reg_975">
<pin_list>
<pin id="976" dir="0" index="0" bw="32" slack="29"/>
<pin id="977" dir="1" index="1" bw="32" slack="29"/>
</pin_list>
<bind>
<opset="mux_case_06 (phireg) "/>
</bind>
</comp>

<comp id="978" class="1004" name="mux_case_06_phi_fu_978">
<pin_list>
<pin id="979" dir="0" index="0" bw="32" slack="2147483647"/>
<pin id="980" dir="0" index="1" bw="0" slack="2147483647"/>
<pin id="981" dir="0" index="2" bw="32" slack="1"/>
<pin id="982" dir="0" index="3" bw="0" slack="2147483647"/>
<pin id="983" dir="1" index="4" bw="32" slack="29"/>
</pin_list>
<bind>
<opcode="phi(47) " fcode="phi"/>
<opset="mux_case_06/12 "/>
</bind>
</comp>

<comp id="985" class="1004" name="grp_Conv_func_4_26_4_24_Pipeline_Fil_load_ch_Fil_load_r_Fil_load_c_fu_985">
<pin_list>
<pin id="986" dir="0" index="0" bw="0" slack="0"/>
<pin id="987" dir="0" index="1" bw="32" slack="0"/>
<pin id="988" dir="0" index="2" bw="32" slack="0"/>
<pin id="989" dir="0" index="3" bw="32" slack="0"/>
<pin id="990" dir="0" index="4" bw="32" slack="0"/>
<pin id="991" dir="0" index="5" bw="32" slack="0"/>
<pin id="992" dir="0" index="6" bw="32" slack="0"/>
<pin id="993" dir="0" index="7" bw="32" slack="0"/>
<pin id="994" dir="0" index="8" bw="32" slack="0"/>
<pin id="995" dir="0" index="9" bw="32" slack="0"/>
<pin id="996" dir="0" index="10" bw="32" slack="0"/>
<pin id="997" dir="0" index="11" bw="32" slack="0"/>
<pin id="998" dir="0" index="12" bw="32" slack="0"/>
<pin id="999" dir="0" index="13" bw="32" slack="0"/>
<pin id="1000" dir="0" index="14" bw="32" slack="0"/>
<pin id="1001" dir="0" index="15" bw="32" slack="0"/>
<pin id="1002" dir="0" index="16" bw="32" slack="0"/>
<pin id="1003" dir="0" index="17" bw="32" slack="0"/>
<pin id="1004" dir="0" index="18" bw="32" slack="0"/>
<pin id="1005" dir="0" index="19" bw="32" slack="0"/>
<pin id="1006" dir="0" index="20" bw="32" slack="0"/>
<pin id="1007" dir="0" index="21" bw="32" slack="0"/>
<pin id="1008" dir="0" index="22" bw="32" slack="0"/>
<pin id="1009" dir="0" index="23" bw="32" slack="0"/>
<pin id="1010" dir="0" index="24" bw="32" slack="0"/>
<pin id="1011" dir="0" index="25" bw="32" slack="0"/>
<pin id="1012" dir="0" index="26" bw="32" slack="0"/>
<pin id="1013" dir="0" index="27" bw="32" slack="0"/>
<pin id="1014" dir="0" index="28" bw="32" slack="0"/>
<pin id="1015" dir="0" index="29" bw="32" slack="0"/>
<pin id="1016" dir="0" index="30" bw="32" slack="0"/>
<pin id="1017" dir="0" index="31" bw="32" slack="0"/>
<pin id="1018" dir="0" index="32" bw="32" slack="0"/>
<pin id="1019" dir="0" index="33" bw="32" slack="0"/>
<pin id="1020" dir="0" index="34" bw="32" slack="0"/>
<pin id="1021" dir="0" index="35" bw="32" slack="0"/>
<pin id="1022" dir="0" index="36" bw="32" slack="0"/>
<pin id="1023" dir="0" index="37" bw="8" slack="0"/>
<pin id="1024" dir="0" index="38" bw="32" slack="1"/>
<pin id="1025" dir="0" index="39" bw="32" slack="1"/>
<pin id="1026" dir="0" index="40" bw="32" slack="1"/>
<pin id="1027" dir="0" index="41" bw="32" slack="1"/>
<pin id="1028" dir="0" index="42" bw="32" slack="1"/>
<pin id="1029" dir="0" index="43" bw="32" slack="1"/>
<pin id="1030" dir="0" index="44" bw="32" slack="1"/>
<pin id="1031" dir="0" index="45" bw="32" slack="1"/>
<pin id="1032" dir="0" index="46" bw="32" slack="1"/>
<pin id="1033" dir="0" index="47" bw="32" slack="1"/>
<pin id="1034" dir="0" index="48" bw="32" slack="1"/>
<pin id="1035" dir="0" index="49" bw="32" slack="1"/>
<pin id="1036" dir="0" index="50" bw="32" slack="1"/>
<pin id="1037" dir="0" index="51" bw="32" slack="1"/>
<pin id="1038" dir="0" index="52" bw="32" slack="1"/>
<pin id="1039" dir="0" index="53" bw="32" slack="1"/>
<pin id="1040" dir="0" index="54" bw="32" slack="1"/>
<pin id="1041" dir="0" index="55" bw="32" slack="1"/>
<pin id="1042" dir="0" index="56" bw="32" slack="1"/>
<pin id="1043" dir="0" index="57" bw="32" slack="1"/>
<pin id="1044" dir="0" index="58" bw="32" slack="1"/>
<pin id="1045" dir="0" index="59" bw="32" slack="1"/>
<pin id="1046" dir="0" index="60" bw="32" slack="1"/>
<pin id="1047" dir="0" index="61" bw="32" slack="1"/>
<pin id="1048" dir="0" index="62" bw="32" slack="1"/>
<pin id="1049" dir="0" index="63" bw="32" slack="1"/>
<pin id="1050" dir="0" index="64" bw="32" slack="1"/>
<pin id="1051" dir="0" index="65" bw="32" slack="1"/>
<pin id="1052" dir="0" index="66" bw="32" slack="1"/>
<pin id="1053" dir="0" index="67" bw="32" slack="1"/>
<pin id="1054" dir="0" index="68" bw="32" slack="1"/>
<pin id="1055" dir="0" index="69" bw="32" slack="1"/>
<pin id="1056" dir="0" index="70" bw="32" slack="1"/>
<pin id="1057" dir="0" index="71" bw="32" slack="1"/>
<pin id="1058" dir="0" index="72" bw="32" slack="1"/>
<pin id="1059" dir="0" index="73" bw="32" slack="1"/>
<pin id="1060" dir="0" index="74" bw="32" slack="0"/>
<pin id="1061" dir="1" index="75" bw="0" slack="2147483647"/>
</pin_list>
<bind>
<opcode="call(48) " fcode="call"/>
<opset="call_ln26/2 "/>
</bind>
</comp>

<comp id="1064" class="1004" name="grp_Conv_func_4_26_4_24_Pipeline_loadWinShift_fu_1064">
<pin_list>
<pin id="1065" dir="0" index="0" bw="0" slack="0"/>
<pin id="1066" dir="0" index="1" bw="32" slack="0"/>
<pin id="1067" dir="0" index="2" bw="32" slack="0"/>
<pin id="1068" dir="0" index="3" bw="32" slack="0"/>
<pin id="1069" dir="0" index="4" bw="32" slack="0"/>
<pin id="1070" dir="0" index="5" bw="32" slack="0"/>
<pin id="1071" dir="0" index="6" bw="32" slack="0"/>
<pin id="1072" dir="0" index="7" bw="32" slack="0"/>
<pin id="1073" dir="0" index="8" bw="32" slack="0"/>
<pin id="1074" dir="0" index="9" bw="32" slack="0"/>
<pin id="1075" dir="0" index="10" bw="32" slack="2147483647"/>
<pin id="1076" dir="0" index="11" bw="32" slack="2147483647"/>
<pin id="1077" dir="0" index="12" bw="32" slack="2147483647"/>
<pin id="1078" dir="0" index="13" bw="32" slack="2147483647"/>
<pin id="1079" dir="0" index="14" bw="32" slack="2147483647"/>
<pin id="1080" dir="0" index="15" bw="32" slack="2147483647"/>
<pin id="1081" dir="0" index="16" bw="32" slack="2147483647"/>
<pin id="1082" dir="0" index="17" bw="32" slack="2147483647"/>
<pin id="1083" dir="0" index="18" bw="32" slack="2147483647"/>
<pin id="1084" dir="0" index="19" bw="32" slack="2147483647"/>
<pin id="1085" dir="0" index="20" bw="32" slack="2147483647"/>
<pin id="1086" dir="0" index="21" bw="32" slack="2147483647"/>
<pin id="1087" dir="0" index="22" bw="32" slack="2147483647"/>
<pin id="1088" dir="0" index="23" bw="32" slack="2147483647"/>
<pin id="1089" dir="0" index="24" bw="32" slack="2147483647"/>
<pin id="1090" dir="0" index="25" bw="5" slack="1"/>
<pin id="1091" dir="0" index="26" bw="8" slack="1"/>
<pin id="1092" dir="0" index="27" bw="5" slack="0"/>
<pin id="1093" dir="0" index="28" bw="32" slack="0"/>
<pin id="1094" dir="0" index="29" bw="32" slack="6"/>
<pin id="1095" dir="0" index="30" bw="32" slack="6"/>
<pin id="1096" dir="0" index="31" bw="32" slack="6"/>
<pin id="1097" dir="0" index="32" bw="32" slack="6"/>
<pin id="1098" dir="0" index="33" bw="32" slack="6"/>
<pin id="1099" dir="0" index="34" bw="32" slack="6"/>
<pin id="1100" dir="0" index="35" bw="32" slack="6"/>
<pin id="1101" dir="0" index="36" bw="32" slack="6"/>
<pin id="1102" dir="0" index="37" bw="32" slack="6"/>
<pin id="1103" dir="0" index="38" bw="32" slack="6"/>
<pin id="1104" dir="0" index="39" bw="32" slack="6"/>
<pin id="1105" dir="0" index="40" bw="32" slack="6"/>
<pin id="1106" dir="0" index="41" bw="32" slack="6"/>
<pin id="1107" dir="0" index="42" bw="32" slack="6"/>
<pin id="1108" dir="0" index="43" bw="32" slack="6"/>
<pin id="1109" dir="0" index="44" bw="32" slack="6"/>
<pin id="1110" dir="0" index="45" bw="32" slack="6"/>
<pin id="1111" dir="0" index="46" bw="32" slack="6"/>
<pin id="1112" dir="0" index="47" bw="32" slack="6"/>
<pin id="1113" dir="0" index="48" bw="32" slack="6"/>
<pin id="1114" dir="0" index="49" bw="32" slack="6"/>
<pin id="1115" dir="0" index="50" bw="32" slack="6"/>
<pin id="1116" dir="0" index="51" bw="32" slack="6"/>
<pin id="1117" dir="0" index="52" bw="32" slack="6"/>
<pin id="1118" dir="1" index="53" bw="0" slack="2147483647"/>
</pin_list>
<bind>
<opcode="call(48) " fcode="call"/>
<opset="call_ln139/7 "/>
</bind>
</comp>

<comp id="1121" class="1004" name="grp_Conv_func_4_26_4_24_Pipeline_loadWinFull_VITIS_LOOP_50_1_fu_1121">
<pin_list>
<pin id="1122" dir="0" index="0" bw="0" slack="0"/>
<pin id="1123" dir="0" index="1" bw="32" slack="2147483647"/>
<pin id="1124" dir="0" index="2" bw="32" slack="2147483647"/>
<pin id="1125" dir="0" index="3" bw="32" slack="2147483647"/>
<pin id="1126" dir="0" index="4" bw="32" slack="2147483647"/>
<pin id="1127" dir="0" index="5" bw="32" slack="2147483647"/>
<pin id="1128" dir="0" index="6" bw="32" slack="2147483647"/>
<pin id="1129" dir="0" index="7" bw="32" slack="2147483647"/>
<pin id="1130" dir="0" index="8" bw="32" slack="2147483647"/>
<pin id="1131" dir="0" index="9" bw="32" slack="2147483647"/>
<pin id="1132" dir="0" index="10" bw="32" slack="2147483647"/>
<pin id="1133" dir="0" index="11" bw="32" slack="2147483647"/>
<pin id="1134" dir="0" index="12" bw="32" slack="2147483647"/>
<pin id="1135" dir="0" index="13" bw="32" slack="2147483647"/>
<pin id="1136" dir="0" index="14" bw="32" slack="2147483647"/>
<pin id="1137" dir="0" index="15" bw="32" slack="2147483647"/>
<pin id="1138" dir="0" index="16" bw="5" slack="1"/>
<pin id="1139" dir="0" index="17" bw="8" slack="1"/>
<pin id="1140" dir="0" index="18" bw="32" slack="0"/>
<pin id="1141" dir="0" index="19" bw="32" slack="6"/>
<pin id="1142" dir="0" index="20" bw="32" slack="6"/>
<pin id="1143" dir="0" index="21" bw="32" slack="6"/>
<pin id="1144" dir="0" index="22" bw="32" slack="6"/>
<pin id="1145" dir="0" index="23" bw="32" slack="6"/>
<pin id="1146" dir="0" index="24" bw="32" slack="6"/>
<pin id="1147" dir="0" index="25" bw="32" slack="6"/>
<pin id="1148" dir="0" index="26" bw="32" slack="6"/>
<pin id="1149" dir="0" index="27" bw="32" slack="6"/>
<pin id="1150" dir="0" index="28" bw="32" slack="6"/>
<pin id="1151" dir="0" index="29" bw="32" slack="6"/>
<pin id="1152" dir="0" index="30" bw="32" slack="6"/>
<pin id="1153" dir="0" index="31" bw="32" slack="6"/>
<pin id="1154" dir="0" index="32" bw="32" slack="6"/>
<pin id="1155" dir="0" index="33" bw="32" slack="6"/>
<pin id="1156" dir="1" index="34" bw="0" slack="2147483647"/>
</pin_list>
<bind>
<opcode="call(48) " fcode="call"/>
<opset="call_ln139/10 "/>
</bind>
</comp>

<comp id="1159" class="1004" name="grp_conv2D_4_s_fu_1159">
<pin_list>
<pin id="1160" dir="0" index="0" bw="32" slack="0"/>
<pin id="1161" dir="0" index="1" bw="2" slack="5"/>
<pin id="1162" dir="0" index="2" bw="32" slack="2147483647"/>
<pin id="1163" dir="0" index="3" bw="32" slack="2147483647"/>
<pin id="1164" dir="0" index="4" bw="32" slack="2147483647"/>
<pin id="1165" dir="0" index="5" bw="32" slack="2147483647"/>
<pin id="1166" dir="0" index="6" bw="32" slack="2147483647"/>
<pin id="1167" dir="0" index="7" bw="32" slack="2147483647"/>
<pin id="1168" dir="0" index="8" bw="32" slack="2147483647"/>
<pin id="1169" dir="0" index="9" bw="32" slack="2147483647"/>
<pin id="1170" dir="0" index="10" bw="32" slack="2147483647"/>
<pin id="1171" dir="0" index="11" bw="32" slack="2147483647"/>
<pin id="1172" dir="0" index="12" bw="32" slack="2147483647"/>
<pin id="1173" dir="0" index="13" bw="32" slack="2147483647"/>
<pin id="1174" dir="0" index="14" bw="32" slack="2147483647"/>
<pin id="1175" dir="0" index="15" bw="32" slack="2147483647"/>
<pin id="1176" dir="0" index="16" bw="32" slack="2147483647"/>
<pin id="1177" dir="0" index="17" bw="32" slack="2147483647"/>
<pin id="1178" dir="0" index="18" bw="32" slack="2147483647"/>
<pin id="1179" dir="0" index="19" bw="32" slack="2147483647"/>
<pin id="1180" dir="0" index="20" bw="32" slack="2147483647"/>
<pin id="1181" dir="0" index="21" bw="32" slack="2147483647"/>
<pin id="1182" dir="0" index="22" bw="32" slack="2147483647"/>
<pin id="1183" dir="0" index="23" bw="32" slack="2147483647"/>
<pin id="1184" dir="0" index="24" bw="32" slack="2147483647"/>
<pin id="1185" dir="0" index="25" bw="32" slack="2147483647"/>
<pin id="1186" dir="0" index="26" bw="32" slack="2147483647"/>
<pin id="1187" dir="0" index="27" bw="32" slack="2147483647"/>
<pin id="1188" dir="0" index="28" bw="32" slack="2147483647"/>
<pin id="1189" dir="0" index="29" bw="32" slack="2147483647"/>
<pin id="1190" dir="0" index="30" bw="32" slack="2147483647"/>
<pin id="1191" dir="0" index="31" bw="32" slack="2147483647"/>
<pin id="1192" dir="0" index="32" bw="32" slack="2147483647"/>
<pin id="1193" dir="0" index="33" bw="32" slack="2147483647"/>
<pin id="1194" dir="0" index="34" bw="32" slack="2147483647"/>
<pin id="1195" dir="0" index="35" bw="32" slack="2147483647"/>
<pin id="1196" dir="0" index="36" bw="32" slack="2147483647"/>
<pin id="1197" dir="0" index="37" bw="32" slack="2147483647"/>
<pin id="1198" dir="0" index="38" bw="32" slack="1"/>
<pin id="1199" dir="0" index="39" bw="32" slack="1"/>
<pin id="1200" dir="0" index="40" bw="32" slack="1"/>
<pin id="1201" dir="0" index="41" bw="32" slack="1"/>
<pin id="1202" dir="0" index="42" bw="32" slack="1"/>
<pin id="1203" dir="0" index="43" bw="32" slack="1"/>
<pin id="1204" dir="0" index="44" bw="32" slack="1"/>
<pin id="1205" dir="0" index="45" bw="32" slack="1"/>
<pin id="1206" dir="0" index="46" bw="32" slack="1"/>
<pin id="1207" dir="0" index="47" bw="32" slack="1"/>
<pin id="1208" dir="1" index="48" bw="32" slack="1"/>
</pin_list>
<bind>
<opcode="call(48) " fcode="call"/>
<opset="sum/13 "/>
</bind>
</comp>

<comp id="1219" class="1004" name="grp_fu_1219">
<pin_list>
<pin id="1220" dir="0" index="0" bw="32" slack="1"/>
<pin id="1221" dir="0" index="1" bw="32" slack="0"/>
<pin id="1222" dir="1" index="2" bw="1" slack="0"/>
</pin_list>
<bind>
<opcode="fcmp(46) " fcode="fcmp"/>
<opset="tmp_23/40 "/>
</bind>
</comp>

<comp id="1224" class="1004" name="store_ln133_store_fu_1224">
<pin_list>
<pin id="1225" dir="0" index="0" bw="1" slack="0"/>
<pin id="1226" dir="0" index="1" bw="3" slack="0"/>
<pin id="1227" dir="1" index="2" bw="0" slack="2147483647"/>
</pin_list>
<bind>
<opcode="store(28) " fcode="store"/>
<opset="store_ln133/1 "/>
</bind>
</comp>

<comp id="1229" class="1004" name="n_f_2_load_fu_1229">
<pin_list>
<pin id="1230" dir="0" index="0" bw="3" slack="1"/>
<pin id="1231" dir="1" index="1" bw="3" slack="0"/>
</pin_list>
<bind>
<opcode="load(27) " fcode="load"/>
<opset="n_f_2/2 "/>
</bind>
</comp>

<comp id="1232" class="1004" name="icmp_ln133_fu_1232">
<pin_list>
<pin id="1233" dir="0" index="0" bw="3" slack="0"/>
<pin id="1234" dir="0" index="1" bw="3" slack="0"/>
<pin id="1235" dir="1" index="2" bw="1" slack="2147483647"/>
</pin_list>
<bind>
<opcode="icmp(45) " fcode="icmp"/>
<opset="icmp_ln133/2 "/>
</bind>
</comp>

<comp id="1238" class="1004" name="add_ln133_fu_1238">
<pin_list>
<pin id="1239" dir="0" index="0" bw="3" slack="0"/>
<pin id="1240" dir="0" index="1" bw="1" slack="0"/>
<pin id="1241" dir="1" index="2" bw="3" slack="3"/>
</pin_list>
<bind>
<opcode="add(8) " fcode="add"/>
<opset="add_ln133/2 "/>
</bind>
</comp>

<comp id="1244" class="1004" name="kernel_2_1_1_promoted_load_load_fu_1244">
<pin_list>
<pin id="1245" dir="0" index="0" bw="32" slack="1"/>
<pin id="1246" dir="1" index="1" bw="32" slack="0"/>
</pin_list>
<bind>
<opcode="load(27) " fcode="load"/>
<opset="kernel_2_1_1_promoted_load/2 "/>
</bind>
</comp>

<comp id="1248" class="1004" name="kernel_2_1_0_promoted_load_load_fu_1248">
<pin_list>
<pin id="1249" dir="0" index="0" bw="32" slack="1"/>
<pin id="1250" dir="1" index="1" bw="32" slack="0"/>
</pin_list>
<bind>
<opcode="load(27) " fcode="load"/>
<opset="kernel_2_1_0_promoted_load/2 "/>
</bind>
</comp>

<comp id="1252" class="1004" name="kernel_2_1_2_promoted_load_load_fu_1252">
<pin_list>
<pin id="1253" dir="0" index="0" bw="32" slack="1"/>
<pin id="1254" dir="1" index="1" bw="32" slack="0"/>
</pin_list>
<bind>
<opcode="load(27) " fcode="load"/>
<opset="kernel_2_1_2_promoted_load/2 "/>
</bind>
</comp>

<comp id="1256" class="1004" name="kernel_2_0_1_promoted_load_load_fu_1256">
<pin_list>
<pin id="1257" dir="0" index="0" bw="32" slack="1"/>
<pin id="1258" dir="1" index="1" bw="32" slack="0"/>
</pin_list>
<bind>
<opcode="load(27) " fcode="load"/>
<opset="kernel_2_0_1_promoted_load/2 "/>
</bind>
</comp>

<comp id="1260" class="1004" name="kernel_2_0_0_promoted_load_load_fu_1260">
<pin_list>
<pin id="1261" dir="0" index="0" bw="32" slack="1"/>
<pin id="1262" dir="1" index="1" bw="32" slack="0"/>
</pin_list>
<bind>
<opcode="load(27) " fcode="load"/>
<opset="kernel_2_0_0_promoted_load/2 "/>
</bind>
</comp>

<comp id="1264" class="1004" name="kernel_2_0_2_promoted_load_load_fu_1264">
<pin_list>
<pin id="1265" dir="0" index="0" bw="32" slack="1"/>
<pin id="1266" dir="1" index="1" bw="32" slack="0"/>
</pin_list>
<bind>
<opcode="load(27) " fcode="load"/>
<opset="kernel_2_0_2_promoted_load/2 "/>
</bind>
</comp>

<comp id="1268" class="1004" name="kernel_2_2_1_promoted_load_load_fu_1268">
<pin_list>
<pin id="1269" dir="0" index="0" bw="32" slack="1"/>
<pin id="1270" dir="1" index="1" bw="32" slack="0"/>
</pin_list>
<bind>
<opcode="load(27) " fcode="load"/>
<opset="kernel_2_2_1_promoted_load/2 "/>
</bind>
</comp>

<comp id="1272" class="1004" name="kernel_2_2_0_promoted_load_load_fu_1272">
<pin_list>
<pin id="1273" dir="0" index="0" bw="32" slack="1"/>
<pin id="1274" dir="1" index="1" bw="32" slack="0"/>
</pin_list>
<bind>
<opcode="load(27) " fcode="load"/>
<opset="kernel_2_2_0_promoted_load/2 "/>
</bind>
</comp>

<comp id="1276" class="1004" name="kernel_2_2_2_promoted_load_load_fu_1276">
<pin_list>
<pin id="1277" dir="0" index="0" bw="32" slack="1"/>
<pin id="1278" dir="1" index="1" bw="32" slack="0"/>
</pin_list>
<bind>
<opcode="load(27) " fcode="load"/>
<opset="kernel_2_2_2_promoted_load/2 "/>
</bind>
</comp>

<comp id="1280" class="1004" name="kernel_1_1_1_promoted_load_load_fu_1280">
<pin_list>
<pin id="1281" dir="0" index="0" bw="32" slack="1"/>
<pin id="1282" dir="1" index="1" bw="32" slack="0"/>
</pin_list>
<bind>
<opcode="load(27) " fcode="load"/>
<opset="kernel_1_1_1_promoted_load/2 "/>
</bind>
</comp>

<comp id="1284" class="1004" name="kernel_1_1_0_promoted_load_load_fu_1284">
<pin_list>
<pin id="1285" dir="0" index="0" bw="32" slack="1"/>
<pin id="1286" dir="1" index="1" bw="32" slack="0"/>
</pin_list>
<bind>
<opcode="load(27) " fcode="load"/>
<opset="kernel_1_1_0_promoted_load/2 "/>
</bind>
</comp>

<comp id="1288" class="1004" name="kernel_1_1_2_promoted_load_load_fu_1288">
<pin_list>
<pin id="1289" dir="0" index="0" bw="32" slack="1"/>
<pin id="1290" dir="1" index="1" bw="32" slack="0"/>
</pin_list>
<bind>
<opcode="load(27) " fcode="load"/>
<opset="kernel_1_1_2_promoted_load/2 "/>
</bind>
</comp>

<comp id="1292" class="1004" name="kernel_1_0_1_promoted_load_load_fu_1292">
<pin_list>
<pin id="1293" dir="0" index="0" bw="32" slack="1"/>
<pin id="1294" dir="1" index="1" bw="32" slack="0"/>
</pin_list>
<bind>
<opcode="load(27) " fcode="load"/>
<opset="kernel_1_0_1_promoted_load/2 "/>
</bind>
</comp>

<comp id="1296" class="1004" name="kernel_1_0_0_promoted_load_load_fu_1296">
<pin_list>
<pin id="1297" dir="0" index="0" bw="32" slack="1"/>
<pin id="1298" dir="1" index="1" bw="32" slack="0"/>
</pin_list>
<bind>
<opcode="load(27) " fcode="load"/>
<opset="kernel_1_0_0_promoted_load/2 "/>
</bind>
</comp>

<comp id="1300" class="1004" name="kernel_1_0_2_promoted_load_load_fu_1300">
<pin_list>
<pin id="1301" dir="0" index="0" bw="32" slack="1"/>
<pin id="1302" dir="1" index="1" bw="32" slack="0"/>
</pin_list>
<bind>
<opcode="load(27) " fcode="load"/>
<opset="kernel_1_0_2_promoted_load/2 "/>
</bind>
</comp>

<comp id="1304" class="1004" name="kernel_1_2_1_promoted_load_load_fu_1304">
<pin_list>
<pin id="1305" dir="0" index="0" bw="32" slack="1"/>
<pin id="1306" dir="1" index="1" bw="32" slack="0"/>
</pin_list>
<bind>
<opcode="load(27) " fcode="load"/>
<opset="kernel_1_2_1_promoted_load/2 "/>
</bind>
</comp>

<comp id="1308" class="1004" name="kernel_1_2_0_promoted_load_load_fu_1308">
<pin_list>
<pin id="1309" dir="0" index="0" bw="32" slack="1"/>
<pin id="1310" dir="1" index="1" bw="32" slack="0"/>
</pin_list>
<bind>
<opcode="load(27) " fcode="load"/>
<opset="kernel_1_2_0_promoted_load/2 "/>
</bind>
</comp>

<comp id="1312" class="1004" name="kernel_1_2_2_promoted_load_load_fu_1312">
<pin_list>
<pin id="1313" dir="0" index="0" bw="32" slack="1"/>
<pin id="1314" dir="1" index="1" bw="32" slack="0"/>
</pin_list>
<bind>
<opcode="load(27) " fcode="load"/>
<opset="kernel_1_2_2_promoted_load/2 "/>
</bind>
</comp>

<comp id="1316" class="1004" name="kernel_0_1_1_promoted_load_load_fu_1316">
<pin_list>
<pin id="1317" dir="0" index="0" bw="32" slack="1"/>
<pin id="1318" dir="1" index="1" bw="32" slack="0"/>
</pin_list>
<bind>
<opcode="load(27) " fcode="load"/>
<opset="kernel_0_1_1_promoted_load/2 "/>
</bind>
</comp>

<comp id="1320" class="1004" name="kernel_0_1_0_promoted_load_load_fu_1320">
<pin_list>
<pin id="1321" dir="0" index="0" bw="32" slack="1"/>
<pin id="1322" dir="1" index="1" bw="32" slack="0"/>
</pin_list>
<bind>
<opcode="load(27) " fcode="load"/>
<opset="kernel_0_1_0_promoted_load/2 "/>
</bind>
</comp>

<comp id="1324" class="1004" name="kernel_0_1_2_promoted_load_load_fu_1324">
<pin_list>
<pin id="1325" dir="0" index="0" bw="32" slack="1"/>
<pin id="1326" dir="1" index="1" bw="32" slack="0"/>
</pin_list>
<bind>
<opcode="load(27) " fcode="load"/>
<opset="kernel_0_1_2_promoted_load/2 "/>
</bind>
</comp>

<comp id="1328" class="1004" name="kernel_0_0_1_promoted_load_load_fu_1328">
<pin_list>
<pin id="1329" dir="0" index="0" bw="32" slack="1"/>
<pin id="1330" dir="1" index="1" bw="32" slack="0"/>
</pin_list>
<bind>
<opcode="load(27) " fcode="load"/>
<opset="kernel_0_0_1_promoted_load/2 "/>
</bind>
</comp>

<comp id="1332" class="1004" name="kernel_0_0_0_promoted_load_load_fu_1332">
<pin_list>
<pin id="1333" dir="0" index="0" bw="32" slack="1"/>
<pin id="1334" dir="1" index="1" bw="32" slack="0"/>
</pin_list>
<bind>
<opcode="load(27) " fcode="load"/>
<opset="kernel_0_0_0_promoted_load/2 "/>
</bind>
</comp>

<comp id="1336" class="1004" name="kernel_0_0_2_promoted_load_load_fu_1336">
<pin_list>
<pin id="1337" dir="0" index="0" bw="32" slack="1"/>
<pin id="1338" dir="1" index="1" bw="32" slack="0"/>
</pin_list>
<bind>
<opcode="load(27) " fcode="load"/>
<opset="kernel_0_0_2_promoted_load/2 "/>
</bind>
</comp>

<comp id="1340" class="1004" name="kernel_0_2_1_promoted_load_load_fu_1340">
<pin_list>
<pin id="1341" dir="0" index="0" bw="32" slack="1"/>
<pin id="1342" dir="1" index="1" bw="32" slack="0"/>
</pin_list>
<bind>
<opcode="load(27) " fcode="load"/>
<opset="kernel_0_2_1_promoted_load/2 "/>
</bind>
</comp>

<comp id="1344" class="1004" name="kernel_0_2_0_promoted_load_load_fu_1344">
<pin_list>
<pin id="1345" dir="0" index="0" bw="32" slack="1"/>
<pin id="1346" dir="1" index="1" bw="32" slack="0"/>
</pin_list>
<bind>
<opcode="load(27) " fcode="load"/>
<opset="kernel_0_2_0_promoted_load/2 "/>
</bind>
</comp>

<comp id="1348" class="1004" name="kernel_0_2_2_promoted_load_load_fu_1348">
<pin_list>
<pin id="1349" dir="0" index="0" bw="32" slack="1"/>
<pin id="1350" dir="1" index="1" bw="32" slack="0"/>
</pin_list>
<bind>
<opcode="load(27) " fcode="load"/>
<opset="kernel_0_2_2_promoted_load/2 "/>
</bind>
</comp>

<comp id="1352" class="1004" name="kernel_3_1_1_promoted_load_load_fu_1352">
<pin_list>
<pin id="1353" dir="0" index="0" bw="32" slack="1"/>
<pin id="1354" dir="1" index="1" bw="32" slack="0"/>
</pin_list>
<bind>
<opcode="load(27) " fcode="load"/>
<opset="kernel_3_1_1_promoted_load/2 "/>
</bind>
</comp>

<comp id="1356" class="1004" name="kernel_3_1_0_promoted_load_load_fu_1356">
<pin_list>
<pin id="1357" dir="0" index="0" bw="32" slack="1"/>
<pin id="1358" dir="1" index="1" bw="32" slack="0"/>
</pin_list>
<bind>
<opcode="load(27) " fcode="load"/>
<opset="kernel_3_1_0_promoted_load/2 "/>
</bind>
</comp>

<comp id="1360" class="1004" name="kernel_3_1_2_promoted_load_load_fu_1360">
<pin_list>
<pin id="1361" dir="0" index="0" bw="32" slack="1"/>
<pin id="1362" dir="1" index="1" bw="32" slack="0"/>
</pin_list>
<bind>
<opcode="load(27) " fcode="load"/>
<opset="kernel_3_1_2_promoted_load/2 "/>
</bind>
</comp>

<comp id="1364" class="1004" name="kernel_3_0_1_promoted_load_load_fu_1364">
<pin_list>
<pin id="1365" dir="0" index="0" bw="32" slack="1"/>
<pin id="1366" dir="1" index="1" bw="32" slack="0"/>
</pin_list>
<bind>
<opcode="load(27) " fcode="load"/>
<opset="kernel_3_0_1_promoted_load/2 "/>
</bind>
</comp>

<comp id="1368" class="1004" name="kernel_3_0_0_promoted_load_load_fu_1368">
<pin_list>
<pin id="1369" dir="0" index="0" bw="32" slack="1"/>
<pin id="1370" dir="1" index="1" bw="32" slack="0"/>
</pin_list>
<bind>
<opcode="load(27) " fcode="load"/>
<opset="kernel_3_0_0_promoted_load/2 "/>
</bind>
</comp>

<comp id="1372" class="1004" name="kernel_3_0_2_promoted_load_load_fu_1372">
<pin_list>
<pin id="1373" dir="0" index="0" bw="32" slack="1"/>
<pin id="1374" dir="1" index="1" bw="32" slack="0"/>
</pin_list>
<bind>
<opcode="load(27) " fcode="load"/>
<opset="kernel_3_0_2_promoted_load/2 "/>
</bind>
</comp>

<comp id="1376" class="1004" name="kernel_3_2_1_promoted_load_load_fu_1376">
<pin_list>
<pin id="1377" dir="0" index="0" bw="32" slack="1"/>
<pin id="1378" dir="1" index="1" bw="32" slack="0"/>
</pin_list>
<bind>
<opcode="load(27) " fcode="load"/>
<opset="kernel_3_2_1_promoted_load/2 "/>
</bind>
</comp>

<comp id="1380" class="1004" name="kernel_3_2_0_promoted_load_load_fu_1380">
<pin_list>
<pin id="1381" dir="0" index="0" bw="32" slack="1"/>
<pin id="1382" dir="1" index="1" bw="32" slack="0"/>
</pin_list>
<bind>
<opcode="load(27) " fcode="load"/>
<opset="kernel_3_2_0_promoted_load/2 "/>
</bind>
</comp>

<comp id="1384" class="1004" name="kernel_3_2_2_promoted_load_load_fu_1384">
<pin_list>
<pin id="1385" dir="0" index="0" bw="32" slack="1"/>
<pin id="1386" dir="1" index="1" bw="32" slack="0"/>
</pin_list>
<bind>
<opcode="load(27) " fcode="load"/>
<opset="kernel_3_2_2_promoted_load/2 "/>
</bind>
</comp>

<comp id="1388" class="1004" name="or_ln_fu_1388">
<pin_list>
<pin id="1389" dir="0" index="0" bw="8" slack="0"/>
<pin id="1390" dir="0" index="1" bw="3" slack="0"/>
<pin id="1391" dir="0" index="2" bw="3" slack="0"/>
<pin id="1392" dir="0" index="3" bw="1" slack="0"/>
<pin id="1393" dir="1" index="4" bw="8" slack="0"/>
</pin_list>
<bind>
<opcode="bitconcatenate(1004) " fcode="bitconcatenate"/>
<opset="or_ln/2 "/>
</bind>
</comp>

<comp id="1399" class="1004" name="zext_ln133_fu_1399">
<pin_list>
<pin id="1400" dir="0" index="0" bw="3" slack="2147483647"/>
<pin id="1401" dir="1" index="1" bw="64" slack="0"/>
</pin_list>
<bind>
<opcode="zext(34) " fcode="zext"/>
<opset="zext_ln133/3 "/>
</bind>
</comp>

<comp id="1403" class="1004" name="tmp_s_fu_1403">
<pin_list>
<pin id="1404" dir="0" index="0" bw="8" slack="0"/>
<pin id="1405" dir="0" index="1" bw="3" slack="2147483647"/>
<pin id="1406" dir="0" index="2" bw="1" slack="0"/>
<pin id="1407" dir="1" index="3" bw="8" slack="0"/>
</pin_list>
<bind>
<opcode="bitconcatenate(1004) " fcode="bitconcatenate"/>
<opset="tmp_s/4 "/>
</bind>
</comp>

<comp id="1410" class="1004" name="zext_ln26_fu_1410">
<pin_list>
<pin id="1411" dir="0" index="0" bw="8" slack="0"/>
<pin id="1412" dir="1" index="1" bw="9" slack="0"/>
</pin_list>
<bind>
<opcode="zext(34) " fcode="zext"/>
<opset="zext_ln26/4 "/>
</bind>
</comp>

<comp id="1414" class="1004" name="tmp_25_fu_1414">
<pin_list>
<pin id="1415" dir="0" index="0" bw="6" slack="0"/>
<pin id="1416" dir="0" index="1" bw="3" slack="2147483647"/>
<pin id="1417" dir="0" index="2" bw="1" slack="0"/>
<pin id="1418" dir="1" index="3" bw="6" slack="0"/>
</pin_list>
<bind>
<opcode="bitconcatenate(1004) " fcode="bitconcatenate"/>
<opset="tmp_25/4 "/>
</bind>
</comp>

<comp id="1421" class="1004" name="zext_ln146_fu_1421">
<pin_list>
<pin id="1422" dir="0" index="0" bw="6" slack="0"/>
<pin id="1423" dir="1" index="1" bw="9" slack="0"/>
</pin_list>
<bind>
<opcode="zext(34) " fcode="zext"/>
<opset="zext_ln146/4 "/>
</bind>
</comp>

<comp id="1425" class="1004" name="sub_ln146_fu_1425">
<pin_list>
<pin id="1426" dir="0" index="0" bw="8" slack="0"/>
<pin id="1427" dir="0" index="1" bw="6" slack="0"/>
<pin id="1428" dir="1" index="2" bw="9" slack="0"/>
</pin_list>
<bind>
<opcode="sub(10) " fcode="sub"/>
<opset="sub_ln146/4 "/>
</bind>
</comp>

<comp id="1431" class="1004" name="sext_ln133_fu_1431">
<pin_list>
<pin id="1432" dir="0" index="0" bw="9" slack="0"/>
<pin id="1433" dir="1" index="1" bw="10" slack="2"/>
</pin_list>
<bind>
<opcode="sext(35) " fcode="sext"/>
<opset="sext_ln133/4 "/>
</bind>
</comp>

<comp id="1435" class="1004" name="p_loc_load_load_fu_1435">
<pin_list>
<pin id="1436" dir="0" index="0" bw="32" slack="3"/>
<pin id="1437" dir="1" index="1" bw="32" slack="2147483647"/>
</pin_list>
<bind>
<opcode="load(27) " fcode="load"/>
<opset="p_loc_load/4 "/>
</bind>
</comp>

<comp id="1438" class="1004" name="p_loc108_load_load_fu_1438">
<pin_list>
<pin id="1439" dir="0" index="0" bw="32" slack="3"/>
<pin id="1440" dir="1" index="1" bw="32" slack="2147483647"/>
</pin_list>
<bind>
<opcode="load(27) " fcode="load"/>
<opset="p_loc108_load/4 "/>
</bind>
</comp>

<comp id="1441" class="1004" name="p_loc109_load_load_fu_1441">
<pin_list>
<pin id="1442" dir="0" index="0" bw="32" slack="3"/>
<pin id="1443" dir="1" index="1" bw="32" slack="2147483647"/>
</pin_list>
<bind>
<opcode="load(27) " fcode="load"/>
<opset="p_loc109_load/4 "/>
</bind>
</comp>

<comp id="1444" class="1004" name="p_loc110_load_load_fu_1444">
<pin_list>
<pin id="1445" dir="0" index="0" bw="32" slack="3"/>
<pin id="1446" dir="1" index="1" bw="32" slack="2147483647"/>
</pin_list>
<bind>
<opcode="load(27) " fcode="load"/>
<opset="p_loc110_load/4 "/>
</bind>
</comp>

<comp id="1447" class="1004" name="p_loc111_load_load_fu_1447">
<pin_list>
<pin id="1448" dir="0" index="0" bw="32" slack="3"/>
<pin id="1449" dir="1" index="1" bw="32" slack="2147483647"/>
</pin_list>
<bind>
<opcode="load(27) " fcode="load"/>
<opset="p_loc111_load/4 "/>
</bind>
</comp>

<comp id="1450" class="1004" name="p_loc112_load_load_fu_1450">
<pin_list>
<pin id="1451" dir="0" index="0" bw="32" slack="3"/>
<pin id="1452" dir="1" index="1" bw="32" slack="2147483647"/>
</pin_list>
<bind>
<opcode="load(27) " fcode="load"/>
<opset="p_loc112_load/4 "/>
</bind>
</comp>

<comp id="1453" class="1004" name="p_loc113_load_load_fu_1453">
<pin_list>
<pin id="1454" dir="0" index="0" bw="32" slack="3"/>
<pin id="1455" dir="1" index="1" bw="32" slack="2147483647"/>
</pin_list>
<bind>
<opcode="load(27) " fcode="load"/>
<opset="p_loc113_load/4 "/>
</bind>
</comp>

<comp id="1456" class="1004" name="p_loc114_load_load_fu_1456">
<pin_list>
<pin id="1457" dir="0" index="0" bw="32" slack="3"/>
<pin id="1458" dir="1" index="1" bw="32" slack="2147483647"/>
</pin_list>
<bind>
<opcode="load(27) " fcode="load"/>
<opset="p_loc114_load/4 "/>
</bind>
</comp>

<comp id="1459" class="1004" name="p_loc115_load_load_fu_1459">
<pin_list>
<pin id="1460" dir="0" index="0" bw="32" slack="3"/>
<pin id="1461" dir="1" index="1" bw="32" slack="2147483647"/>
</pin_list>
<bind>
<opcode="load(27) " fcode="load"/>
<opset="p_loc115_load/4 "/>
</bind>
</comp>

<comp id="1462" class="1004" name="p_loc116_load_load_fu_1462">
<pin_list>
<pin id="1463" dir="0" index="0" bw="32" slack="3"/>
<pin id="1464" dir="1" index="1" bw="32" slack="2147483647"/>
</pin_list>
<bind>
<opcode="load(27) " fcode="load"/>
<opset="p_loc116_load/4 "/>
</bind>
</comp>

<comp id="1465" class="1004" name="p_loc117_load_load_fu_1465">
<pin_list>
<pin id="1466" dir="0" index="0" bw="32" slack="3"/>
<pin id="1467" dir="1" index="1" bw="32" slack="2147483647"/>
</pin_list>
<bind>
<opcode="load(27) " fcode="load"/>
<opset="p_loc117_load/4 "/>
</bind>
</comp>

<comp id="1468" class="1004" name="p_loc118_load_load_fu_1468">
<pin_list>
<pin id="1469" dir="0" index="0" bw="32" slack="3"/>
<pin id="1470" dir="1" index="1" bw="32" slack="2147483647"/>
</pin_list>
<bind>
<opcode="load(27) " fcode="load"/>
<opset="p_loc118_load/4 "/>
</bind>
</comp>

<comp id="1471" class="1004" name="p_loc119_load_load_fu_1471">
<pin_list>
<pin id="1472" dir="0" index="0" bw="32" slack="3"/>
<pin id="1473" dir="1" index="1" bw="32" slack="2147483647"/>
</pin_list>
<bind>
<opcode="load(27) " fcode="load"/>
<opset="p_loc119_load/4 "/>
</bind>
</comp>

<comp id="1474" class="1004" name="p_loc120_load_load_fu_1474">
<pin_list>
<pin id="1475" dir="0" index="0" bw="32" slack="3"/>
<pin id="1476" dir="1" index="1" bw="32" slack="2147483647"/>
</pin_list>
<bind>
<opcode="load(27) " fcode="load"/>
<opset="p_loc120_load/4 "/>
</bind>
</comp>

<comp id="1477" class="1004" name="p_loc121_load_load_fu_1477">
<pin_list>
<pin id="1478" dir="0" index="0" bw="32" slack="3"/>
<pin id="1479" dir="1" index="1" bw="32" slack="2147483647"/>
</pin_list>
<bind>
<opcode="load(27) " fcode="load"/>
<opset="p_loc121_load/4 "/>
</bind>
</comp>

<comp id="1480" class="1004" name="p_loc122_load_load_fu_1480">
<pin_list>
<pin id="1481" dir="0" index="0" bw="32" slack="3"/>
<pin id="1482" dir="1" index="1" bw="32" slack="2147483647"/>
</pin_list>
<bind>
<opcode="load(27) " fcode="load"/>
<opset="p_loc122_load/4 "/>
</bind>
</comp>

<comp id="1483" class="1004" name="p_loc123_load_load_fu_1483">
<pin_list>
<pin id="1484" dir="0" index="0" bw="32" slack="3"/>
<pin id="1485" dir="1" index="1" bw="32" slack="2147483647"/>
</pin_list>
<bind>
<opcode="load(27) " fcode="load"/>
<opset="p_loc123_load/4 "/>
</bind>
</comp>

<comp id="1486" class="1004" name="p_loc124_load_load_fu_1486">
<pin_list>
<pin id="1487" dir="0" index="0" bw="32" slack="3"/>
<pin id="1488" dir="1" index="1" bw="32" slack="2147483647"/>
</pin_list>
<bind>
<opcode="load(27) " fcode="load"/>
<opset="p_loc124_load/4 "/>
</bind>
</comp>

<comp id="1489" class="1004" name="p_loc125_load_load_fu_1489">
<pin_list>
<pin id="1490" dir="0" index="0" bw="32" slack="3"/>
<pin id="1491" dir="1" index="1" bw="32" slack="2147483647"/>
</pin_list>
<bind>
<opcode="load(27) " fcode="load"/>
<opset="p_loc125_load/4 "/>
</bind>
</comp>

<comp id="1492" class="1004" name="p_loc126_load_load_fu_1492">
<pin_list>
<pin id="1493" dir="0" index="0" bw="32" slack="3"/>
<pin id="1494" dir="1" index="1" bw="32" slack="2147483647"/>
</pin_list>
<bind>
<opcode="load(27) " fcode="load"/>
<opset="p_loc126_load/4 "/>
</bind>
</comp>

<comp id="1495" class="1004" name="p_loc127_load_load_fu_1495">
<pin_list>
<pin id="1496" dir="0" index="0" bw="32" slack="3"/>
<pin id="1497" dir="1" index="1" bw="32" slack="2147483647"/>
</pin_list>
<bind>
<opcode="load(27) " fcode="load"/>
<opset="p_loc127_load/4 "/>
</bind>
</comp>

<comp id="1498" class="1004" name="p_loc128_load_load_fu_1498">
<pin_list>
<pin id="1499" dir="0" index="0" bw="32" slack="3"/>
<pin id="1500" dir="1" index="1" bw="32" slack="2147483647"/>
</pin_list>
<bind>
<opcode="load(27) " fcode="load"/>
<opset="p_loc128_load/4 "/>
</bind>
</comp>

<comp id="1501" class="1004" name="p_loc129_load_load_fu_1501">
<pin_list>
<pin id="1502" dir="0" index="0" bw="32" slack="3"/>
<pin id="1503" dir="1" index="1" bw="32" slack="2147483647"/>
</pin_list>
<bind>
<opcode="load(27) " fcode="load"/>
<opset="p_loc129_load/4 "/>
</bind>
</comp>

<comp id="1504" class="1004" name="p_loc130_load_load_fu_1504">
<pin_list>
<pin id="1505" dir="0" index="0" bw="32" slack="3"/>
<pin id="1506" dir="1" index="1" bw="32" slack="2147483647"/>
</pin_list>
<bind>
<opcode="load(27) " fcode="load"/>
<opset="p_loc130_load/4 "/>
</bind>
</comp>

<comp id="1507" class="1004" name="p_loc131_load_load_fu_1507">
<pin_list>
<pin id="1508" dir="0" index="0" bw="32" slack="3"/>
<pin id="1509" dir="1" index="1" bw="32" slack="2147483647"/>
</pin_list>
<bind>
<opcode="load(27) " fcode="load"/>
<opset="p_loc131_load/4 "/>
</bind>
</comp>

<comp id="1510" class="1004" name="p_loc132_load_load_fu_1510">
<pin_list>
<pin id="1511" dir="0" index="0" bw="32" slack="3"/>
<pin id="1512" dir="1" index="1" bw="32" slack="2147483647"/>
</pin_list>
<bind>
<opcode="load(27) " fcode="load"/>
<opset="p_loc132_load/4 "/>
</bind>
</comp>

<comp id="1513" class="1004" name="p_loc133_load_load_fu_1513">
<pin_list>
<pin id="1514" dir="0" index="0" bw="32" slack="3"/>
<pin id="1515" dir="1" index="1" bw="32" slack="2147483647"/>
</pin_list>
<bind>
<opcode="load(27) " fcode="load"/>
<opset="p_loc133_load/4 "/>
</bind>
</comp>

<comp id="1516" class="1004" name="p_loc134_load_load_fu_1516">
<pin_list>
<pin id="1517" dir="0" index="0" bw="32" slack="3"/>
<pin id="1518" dir="1" index="1" bw="32" slack="2147483647"/>
</pin_list>
<bind>
<opcode="load(27) " fcode="load"/>
<opset="p_loc134_load/4 "/>
</bind>
</comp>

<comp id="1519" class="1004" name="p_loc135_load_load_fu_1519">
<pin_list>
<pin id="1520" dir="0" index="0" bw="32" slack="3"/>
<pin id="1521" dir="1" index="1" bw="32" slack="2147483647"/>
</pin_list>
<bind>
<opcode="load(27) " fcode="load"/>
<opset="p_loc135_load/4 "/>
</bind>
</comp>

<comp id="1522" class="1004" name="p_loc136_load_load_fu_1522">
<pin_list>
<pin id="1523" dir="0" index="0" bw="32" slack="3"/>
<pin id="1524" dir="1" index="1" bw="32" slack="2147483647"/>
</pin_list>
<bind>
<opcode="load(27) " fcode="load"/>
<opset="p_loc136_load/4 "/>
</bind>
</comp>

<comp id="1525" class="1004" name="p_loc137_load_load_fu_1525">
<pin_list>
<pin id="1526" dir="0" index="0" bw="32" slack="3"/>
<pin id="1527" dir="1" index="1" bw="32" slack="2147483647"/>
</pin_list>
<bind>
<opcode="load(27) " fcode="load"/>
<opset="p_loc137_load/4 "/>
</bind>
</comp>

<comp id="1528" class="1004" name="p_loc138_load_load_fu_1528">
<pin_list>
<pin id="1529" dir="0" index="0" bw="32" slack="3"/>
<pin id="1530" dir="1" index="1" bw="32" slack="2147483647"/>
</pin_list>
<bind>
<opcode="load(27) " fcode="load"/>
<opset="p_loc138_load/4 "/>
</bind>
</comp>

<comp id="1531" class="1004" name="p_loc139_load_load_fu_1531">
<pin_list>
<pin id="1532" dir="0" index="0" bw="32" slack="3"/>
<pin id="1533" dir="1" index="1" bw="32" slack="2147483647"/>
</pin_list>
<bind>
<opcode="load(27) " fcode="load"/>
<opset="p_loc139_load/4 "/>
</bind>
</comp>

<comp id="1534" class="1004" name="p_loc140_load_load_fu_1534">
<pin_list>
<pin id="1535" dir="0" index="0" bw="32" slack="3"/>
<pin id="1536" dir="1" index="1" bw="32" slack="2147483647"/>
</pin_list>
<bind>
<opcode="load(27) " fcode="load"/>
<opset="p_loc140_load/4 "/>
</bind>
</comp>

<comp id="1537" class="1004" name="p_loc141_load_load_fu_1537">
<pin_list>
<pin id="1538" dir="0" index="0" bw="32" slack="3"/>
<pin id="1539" dir="1" index="1" bw="32" slack="2147483647"/>
</pin_list>
<bind>
<opcode="load(27) " fcode="load"/>
<opset="p_loc141_load/4 "/>
</bind>
</comp>

<comp id="1540" class="1004" name="p_loc142_load_load_fu_1540">
<pin_list>
<pin id="1541" dir="0" index="0" bw="32" slack="3"/>
<pin id="1542" dir="1" index="1" bw="32" slack="2147483647"/>
</pin_list>
<bind>
<opcode="load(27) " fcode="load"/>
<opset="p_loc142_load/4 "/>
</bind>
</comp>

<comp id="1543" class="1004" name="icmp_ln137_fu_1543">
<pin_list>
<pin id="1544" dir="0" index="0" bw="12" slack="0"/>
<pin id="1545" dir="0" index="1" bw="12" slack="0"/>
<pin id="1546" dir="1" index="2" bw="1" slack="2147483647"/>
</pin_list>
<bind>
<opcode="icmp(45) " fcode="icmp"/>
<opset="icmp_ln137/5 "/>
</bind>
</comp>

<comp id="1549" class="1004" name="add_ln137_1_fu_1549">
<pin_list>
<pin id="1550" dir="0" index="0" bw="12" slack="0"/>
<pin id="1551" dir="0" index="1" bw="1" slack="0"/>
<pin id="1552" dir="1" index="2" bw="12" slack="0"/>
</pin_list>
<bind>
<opcode="add(8) " fcode="add"/>
<opset="add_ln137_1/5 "/>
</bind>
</comp>

<comp id="1555" class="1004" name="icmp_ln139_fu_1555">
<pin_list>
<pin id="1556" dir="0" index="0" bw="10" slack="0"/>
<pin id="1557" dir="0" index="1" bw="10" slack="0"/>
<pin id="1558" dir="1" index="2" bw="1" slack="0"/>
</pin_list>
<bind>
<opcode="icmp(45) " fcode="icmp"/>
<opset="icmp_ln139/5 "/>
</bind>
</comp>

<comp id="1561" class="1004" name="select_ln137_fu_1561">
<pin_list>
<pin id="1562" dir="0" index="0" bw="1" slack="0"/>
<pin id="1563" dir="0" index="1" bw="5" slack="0"/>
<pin id="1564" dir="0" index="2" bw="5" slack="0"/>
<pin id="1565" dir="1" index="3" bw="5" slack="1"/>
</pin_list>
<bind>
<opcode="select(49) " fcode="select"/>
<opset="select_ln137/5 "/>
</bind>
</comp>

<comp id="1569" class="1004" name="store_ln133_store_fu_1569">
<pin_list>
<pin id="1570" dir="0" index="0" bw="32" slack="2147483647"/>
<pin id="1571" dir="0" index="1" bw="32" slack="4"/>
<pin id="1572" dir="1" index="2" bw="0" slack="2147483647"/>
</pin_list>
<bind>
<opcode="store(28) " fcode="store"/>
<opset="store_ln133/5 "/>
</bind>
</comp>

<comp id="1573" class="1004" name="store_ln133_store_fu_1573">
<pin_list>
<pin id="1574" dir="0" index="0" bw="32" slack="2147483647"/>
<pin id="1575" dir="0" index="1" bw="32" slack="4"/>
<pin id="1576" dir="1" index="2" bw="0" slack="2147483647"/>
</pin_list>
<bind>
<opcode="store(28) " fcode="store"/>
<opset="store_ln133/5 "/>
</bind>
</comp>

<comp id="1577" class="1004" name="store_ln133_store_fu_1577">
<pin_list>
<pin id="1578" dir="0" index="0" bw="32" slack="2147483647"/>
<pin id="1579" dir="0" index="1" bw="32" slack="4"/>
<pin id="1580" dir="1" index="2" bw="0" slack="2147483647"/>
</pin_list>
<bind>
<opcode="store(28) " fcode="store"/>
<opset="store_ln133/5 "/>
</bind>
</comp>

<comp id="1581" class="1004" name="store_ln133_store_fu_1581">
<pin_list>
<pin id="1582" dir="0" index="0" bw="32" slack="2147483647"/>
<pin id="1583" dir="0" index="1" bw="32" slack="4"/>
<pin id="1584" dir="1" index="2" bw="0" slack="2147483647"/>
</pin_list>
<bind>
<opcode="store(28) " fcode="store"/>
<opset="store_ln133/5 "/>
</bind>
</comp>

<comp id="1585" class="1004" name="store_ln133_store_fu_1585">
<pin_list>
<pin id="1586" dir="0" index="0" bw="32" slack="2147483647"/>
<pin id="1587" dir="0" index="1" bw="32" slack="4"/>
<pin id="1588" dir="1" index="2" bw="0" slack="2147483647"/>
</pin_list>
<bind>
<opcode="store(28) " fcode="store"/>
<opset="store_ln133/5 "/>
</bind>
</comp>

<comp id="1589" class="1004" name="store_ln133_store_fu_1589">
<pin_list>
<pin id="1590" dir="0" index="0" bw="32" slack="2147483647"/>
<pin id="1591" dir="0" index="1" bw="32" slack="4"/>
<pin id="1592" dir="1" index="2" bw="0" slack="2147483647"/>
</pin_list>
<bind>
<opcode="store(28) " fcode="store"/>
<opset="store_ln133/5 "/>
</bind>
</comp>

<comp id="1593" class="1004" name="store_ln133_store_fu_1593">
<pin_list>
<pin id="1594" dir="0" index="0" bw="32" slack="2147483647"/>
<pin id="1595" dir="0" index="1" bw="32" slack="4"/>
<pin id="1596" dir="1" index="2" bw="0" slack="2147483647"/>
</pin_list>
<bind>
<opcode="store(28) " fcode="store"/>
<opset="store_ln133/5 "/>
</bind>
</comp>

<comp id="1597" class="1004" name="store_ln133_store_fu_1597">
<pin_list>
<pin id="1598" dir="0" index="0" bw="32" slack="2147483647"/>
<pin id="1599" dir="0" index="1" bw="32" slack="4"/>
<pin id="1600" dir="1" index="2" bw="0" slack="2147483647"/>
</pin_list>
<bind>
<opcode="store(28) " fcode="store"/>
<opset="store_ln133/5 "/>
</bind>
</comp>

<comp id="1601" class="1004" name="store_ln133_store_fu_1601">
<pin_list>
<pin id="1602" dir="0" index="0" bw="32" slack="2147483647"/>
<pin id="1603" dir="0" index="1" bw="32" slack="4"/>
<pin id="1604" dir="1" index="2" bw="0" slack="2147483647"/>
</pin_list>
<bind>
<opcode="store(28) " fcode="store"/>
<opset="store_ln133/5 "/>
</bind>
</comp>

<comp id="1605" class="1004" name="store_ln133_store_fu_1605">
<pin_list>
<pin id="1606" dir="0" index="0" bw="32" slack="2147483647"/>
<pin id="1607" dir="0" index="1" bw="32" slack="4"/>
<pin id="1608" dir="1" index="2" bw="0" slack="2147483647"/>
</pin_list>
<bind>
<opcode="store(28) " fcode="store"/>
<opset="store_ln133/5 "/>
</bind>
</comp>

<comp id="1609" class="1004" name="store_ln133_store_fu_1609">
<pin_list>
<pin id="1610" dir="0" index="0" bw="32" slack="2147483647"/>
<pin id="1611" dir="0" index="1" bw="32" slack="4"/>
<pin id="1612" dir="1" index="2" bw="0" slack="2147483647"/>
</pin_list>
<bind>
<opcode="store(28) " fcode="store"/>
<opset="store_ln133/5 "/>
</bind>
</comp>

<comp id="1613" class="1004" name="store_ln133_store_fu_1613">
<pin_list>
<pin id="1614" dir="0" index="0" bw="32" slack="2147483647"/>
<pin id="1615" dir="0" index="1" bw="32" slack="4"/>
<pin id="1616" dir="1" index="2" bw="0" slack="2147483647"/>
</pin_list>
<bind>
<opcode="store(28) " fcode="store"/>
<opset="store_ln133/5 "/>
</bind>
</comp>

<comp id="1617" class="1004" name="store_ln133_store_fu_1617">
<pin_list>
<pin id="1618" dir="0" index="0" bw="32" slack="2147483647"/>
<pin id="1619" dir="0" index="1" bw="32" slack="4"/>
<pin id="1620" dir="1" index="2" bw="0" slack="2147483647"/>
</pin_list>
<bind>
<opcode="store(28) " fcode="store"/>
<opset="store_ln133/5 "/>
</bind>
</comp>

<comp id="1621" class="1004" name="store_ln133_store_fu_1621">
<pin_list>
<pin id="1622" dir="0" index="0" bw="32" slack="2147483647"/>
<pin id="1623" dir="0" index="1" bw="32" slack="4"/>
<pin id="1624" dir="1" index="2" bw="0" slack="2147483647"/>
</pin_list>
<bind>
<opcode="store(28) " fcode="store"/>
<opset="store_ln133/5 "/>
</bind>
</comp>

<comp id="1625" class="1004" name="store_ln133_store_fu_1625">
<pin_list>
<pin id="1626" dir="0" index="0" bw="32" slack="2147483647"/>
<pin id="1627" dir="0" index="1" bw="32" slack="4"/>
<pin id="1628" dir="1" index="2" bw="0" slack="2147483647"/>
</pin_list>
<bind>
<opcode="store(28) " fcode="store"/>
<opset="store_ln133/5 "/>
</bind>
</comp>

<comp id="1629" class="1004" name="store_ln133_store_fu_1629">
<pin_list>
<pin id="1630" dir="0" index="0" bw="32" slack="2147483647"/>
<pin id="1631" dir="0" index="1" bw="32" slack="4"/>
<pin id="1632" dir="1" index="2" bw="0" slack="2147483647"/>
</pin_list>
<bind>
<opcode="store(28) " fcode="store"/>
<opset="store_ln133/5 "/>
</bind>
</comp>

<comp id="1633" class="1004" name="store_ln133_store_fu_1633">
<pin_list>
<pin id="1634" dir="0" index="0" bw="32" slack="2147483647"/>
<pin id="1635" dir="0" index="1" bw="32" slack="4"/>
<pin id="1636" dir="1" index="2" bw="0" slack="2147483647"/>
</pin_list>
<bind>
<opcode="store(28) " fcode="store"/>
<opset="store_ln133/5 "/>
</bind>
</comp>

<comp id="1637" class="1004" name="store_ln133_store_fu_1637">
<pin_list>
<pin id="1638" dir="0" index="0" bw="32" slack="2147483647"/>
<pin id="1639" dir="0" index="1" bw="32" slack="4"/>
<pin id="1640" dir="1" index="2" bw="0" slack="2147483647"/>
</pin_list>
<bind>
<opcode="store(28) " fcode="store"/>
<opset="store_ln133/5 "/>
</bind>
</comp>

<comp id="1641" class="1004" name="store_ln133_store_fu_1641">
<pin_list>
<pin id="1642" dir="0" index="0" bw="32" slack="2147483647"/>
<pin id="1643" dir="0" index="1" bw="32" slack="4"/>
<pin id="1644" dir="1" index="2" bw="0" slack="2147483647"/>
</pin_list>
<bind>
<opcode="store(28) " fcode="store"/>
<opset="store_ln133/5 "/>
</bind>
</comp>

<comp id="1645" class="1004" name="store_ln133_store_fu_1645">
<pin_list>
<pin id="1646" dir="0" index="0" bw="32" slack="2147483647"/>
<pin id="1647" dir="0" index="1" bw="32" slack="4"/>
<pin id="1648" dir="1" index="2" bw="0" slack="2147483647"/>
</pin_list>
<bind>
<opcode="store(28) " fcode="store"/>
<opset="store_ln133/5 "/>
</bind>
</comp>

<comp id="1649" class="1004" name="store_ln133_store_fu_1649">
<pin_list>
<pin id="1650" dir="0" index="0" bw="32" slack="2147483647"/>
<pin id="1651" dir="0" index="1" bw="32" slack="4"/>
<pin id="1652" dir="1" index="2" bw="0" slack="2147483647"/>
</pin_list>
<bind>
<opcode="store(28) " fcode="store"/>
<opset="store_ln133/5 "/>
</bind>
</comp>

<comp id="1653" class="1004" name="store_ln133_store_fu_1653">
<pin_list>
<pin id="1654" dir="0" index="0" bw="32" slack="2147483647"/>
<pin id="1655" dir="0" index="1" bw="32" slack="4"/>
<pin id="1656" dir="1" index="2" bw="0" slack="2147483647"/>
</pin_list>
<bind>
<opcode="store(28) " fcode="store"/>
<opset="store_ln133/5 "/>
</bind>
</comp>

<comp id="1657" class="1004" name="store_ln133_store_fu_1657">
<pin_list>
<pin id="1658" dir="0" index="0" bw="32" slack="2147483647"/>
<pin id="1659" dir="0" index="1" bw="32" slack="4"/>
<pin id="1660" dir="1" index="2" bw="0" slack="2147483647"/>
</pin_list>
<bind>
<opcode="store(28) " fcode="store"/>
<opset="store_ln133/5 "/>
</bind>
</comp>

<comp id="1661" class="1004" name="store_ln133_store_fu_1661">
<pin_list>
<pin id="1662" dir="0" index="0" bw="32" slack="2147483647"/>
<pin id="1663" dir="0" index="1" bw="32" slack="4"/>
<pin id="1664" dir="1" index="2" bw="0" slack="2147483647"/>
</pin_list>
<bind>
<opcode="store(28) " fcode="store"/>
<opset="store_ln133/5 "/>
</bind>
</comp>

<comp id="1665" class="1004" name="store_ln133_store_fu_1665">
<pin_list>
<pin id="1666" dir="0" index="0" bw="32" slack="2147483647"/>
<pin id="1667" dir="0" index="1" bw="32" slack="4"/>
<pin id="1668" dir="1" index="2" bw="0" slack="2147483647"/>
</pin_list>
<bind>
<opcode="store(28) " fcode="store"/>
<opset="store_ln133/5 "/>
</bind>
</comp>

<comp id="1669" class="1004" name="store_ln133_store_fu_1669">
<pin_list>
<pin id="1670" dir="0" index="0" bw="32" slack="2147483647"/>
<pin id="1671" dir="0" index="1" bw="32" slack="4"/>
<pin id="1672" dir="1" index="2" bw="0" slack="2147483647"/>
</pin_list>
<bind>
<opcode="store(28) " fcode="store"/>
<opset="store_ln133/5 "/>
</bind>
</comp>

<comp id="1673" class="1004" name="store_ln133_store_fu_1673">
<pin_list>
<pin id="1674" dir="0" index="0" bw="32" slack="2147483647"/>
<pin id="1675" dir="0" index="1" bw="32" slack="4"/>
<pin id="1676" dir="1" index="2" bw="0" slack="2147483647"/>
</pin_list>
<bind>
<opcode="store(28) " fcode="store"/>
<opset="store_ln133/5 "/>
</bind>
</comp>

<comp id="1677" class="1004" name="store_ln133_store_fu_1677">
<pin_list>
<pin id="1678" dir="0" index="0" bw="32" slack="2147483647"/>
<pin id="1679" dir="0" index="1" bw="32" slack="4"/>
<pin id="1680" dir="1" index="2" bw="0" slack="2147483647"/>
</pin_list>
<bind>
<opcode="store(28) " fcode="store"/>
<opset="store_ln133/5 "/>
</bind>
</comp>

<comp id="1681" class="1004" name="store_ln133_store_fu_1681">
<pin_list>
<pin id="1682" dir="0" index="0" bw="32" slack="2147483647"/>
<pin id="1683" dir="0" index="1" bw="32" slack="4"/>
<pin id="1684" dir="1" index="2" bw="0" slack="2147483647"/>
</pin_list>
<bind>
<opcode="store(28) " fcode="store"/>
<opset="store_ln133/5 "/>
</bind>
</comp>

<comp id="1685" class="1004" name="store_ln133_store_fu_1685">
<pin_list>
<pin id="1686" dir="0" index="0" bw="32" slack="2147483647"/>
<pin id="1687" dir="0" index="1" bw="32" slack="4"/>
<pin id="1688" dir="1" index="2" bw="0" slack="2147483647"/>
</pin_list>
<bind>
<opcode="store(28) " fcode="store"/>
<opset="store_ln133/5 "/>
</bind>
</comp>

<comp id="1689" class="1004" name="store_ln133_store_fu_1689">
<pin_list>
<pin id="1690" dir="0" index="0" bw="32" slack="2147483647"/>
<pin id="1691" dir="0" index="1" bw="32" slack="4"/>
<pin id="1692" dir="1" index="2" bw="0" slack="2147483647"/>
</pin_list>
<bind>
<opcode="store(28) " fcode="store"/>
<opset="store_ln133/5 "/>
</bind>
</comp>

<comp id="1693" class="1004" name="store_ln133_store_fu_1693">
<pin_list>
<pin id="1694" dir="0" index="0" bw="32" slack="2147483647"/>
<pin id="1695" dir="0" index="1" bw="32" slack="4"/>
<pin id="1696" dir="1" index="2" bw="0" slack="2147483647"/>
</pin_list>
<bind>
<opcode="store(28) " fcode="store"/>
<opset="store_ln133/5 "/>
</bind>
</comp>

<comp id="1697" class="1004" name="store_ln133_store_fu_1697">
<pin_list>
<pin id="1698" dir="0" index="0" bw="32" slack="2147483647"/>
<pin id="1699" dir="0" index="1" bw="32" slack="4"/>
<pin id="1700" dir="1" index="2" bw="0" slack="2147483647"/>
</pin_list>
<bind>
<opcode="store(28) " fcode="store"/>
<opset="store_ln133/5 "/>
</bind>
</comp>

<comp id="1701" class="1004" name="store_ln133_store_fu_1701">
<pin_list>
<pin id="1702" dir="0" index="0" bw="32" slack="2147483647"/>
<pin id="1703" dir="0" index="1" bw="32" slack="4"/>
<pin id="1704" dir="1" index="2" bw="0" slack="2147483647"/>
</pin_list>
<bind>
<opcode="store(28) " fcode="store"/>
<opset="store_ln133/5 "/>
</bind>
</comp>

<comp id="1705" class="1004" name="store_ln133_store_fu_1705">
<pin_list>
<pin id="1706" dir="0" index="0" bw="32" slack="2147483647"/>
<pin id="1707" dir="0" index="1" bw="32" slack="4"/>
<pin id="1708" dir="1" index="2" bw="0" slack="2147483647"/>
</pin_list>
<bind>
<opcode="store(28) " fcode="store"/>
<opset="store_ln133/5 "/>
</bind>
</comp>

<comp id="1709" class="1004" name="store_ln133_store_fu_1709">
<pin_list>
<pin id="1710" dir="0" index="0" bw="32" slack="2147483647"/>
<pin id="1711" dir="0" index="1" bw="32" slack="4"/>
<pin id="1712" dir="1" index="2" bw="0" slack="2147483647"/>
</pin_list>
<bind>
<opcode="store(28) " fcode="store"/>
<opset="store_ln133/5 "/>
</bind>
</comp>

<comp id="1713" class="1004" name="store_ln133_store_fu_1713">
<pin_list>
<pin id="1714" dir="0" index="0" bw="3" slack="3"/>
<pin id="1715" dir="0" index="1" bw="3" slack="4"/>
<pin id="1716" dir="1" index="2" bw="0" slack="2147483647"/>
</pin_list>
<bind>
<opcode="store(28) " fcode="store"/>
<opset="store_ln133/5 "/>
</bind>
</comp>

<comp id="1717" class="1004" name="add_ln137_fu_1717">
<pin_list>
<pin id="1718" dir="0" index="0" bw="3" slack="1"/>
<pin id="1719" dir="0" index="1" bw="1" slack="0"/>
<pin id="1720" dir="1" index="2" bw="3" slack="0"/>
</pin_list>
<bind>
<opcode="add(8) " fcode="add"/>
<opset="add_ln137/6 "/>
</bind>
</comp>

<comp id="1723" class="1004" name="select_ln137_1_fu_1723">
<pin_list>
<pin id="1724" dir="0" index="0" bw="1" slack="1"/>
<pin id="1725" dir="0" index="1" bw="3" slack="0"/>
<pin id="1726" dir="0" index="2" bw="3" slack="1"/>
<pin id="1727" dir="1" index="3" bw="3" slack="0"/>
</pin_list>
<bind>
<opcode="select(49) " fcode="select"/>
<opset="select_ln137_1/6 "/>
</bind>
</comp>

<comp id="1730" class="1004" name="zext_ln52_fu_1730">
<pin_list>
<pin id="1731" dir="0" index="0" bw="3" slack="0"/>
<pin id="1732" dir="1" index="1" bw="8" slack="0"/>
</pin_list>
<bind>
<opcode="zext(34) " fcode="zext"/>
<opset="zext_ln52/6 "/>
</bind>
</comp>

<comp id="1734" class="1004" name="mul_ln52_fu_1734">
<pin_list>
<pin id="1735" dir="0" index="0" bw="3" slack="0"/>
<pin id="1736" dir="0" index="1" bw="6" slack="0"/>
<pin id="1737" dir="1" index="2" bw="8" slack="1"/>
</pin_list>
<bind>
<opcode="mul(12) " fcode="mul"/>
<opset="mul_ln52/6 "/>
</bind>
</comp>

<comp id="1740" class="1004" name="cmp15_mid1_fu_1740">
<pin_list>
<pin id="1741" dir="0" index="0" bw="3" slack="0"/>
<pin id="1742" dir="0" index="1" bw="3" slack="0"/>
<pin id="1743" dir="1" index="2" bw="1" slack="0"/>
</pin_list>
<bind>
<opcode="icmp(45) " fcode="icmp"/>
<opset="cmp15_mid1/6 "/>
</bind>
</comp>

<comp id="1746" class="1004" name="cmp1597_fu_1746">
<pin_list>
<pin id="1747" dir="0" index="0" bw="3" slack="1"/>
<pin id="1748" dir="0" index="1" bw="3" slack="0"/>
<pin id="1749" dir="1" index="2" bw="1" slack="0"/>
</pin_list>
<bind>
<opcode="icmp(45) " fcode="icmp"/>
<opset="cmp1597/6 "/>
</bind>
</comp>

<comp id="1752" class="1004" name="select_ln137_2_fu_1752">
<pin_list>
<pin id="1753" dir="0" index="0" bw="1" slack="1"/>
<pin id="1754" dir="0" index="1" bw="1" slack="0"/>
<pin id="1755" dir="0" index="2" bw="1" slack="0"/>
<pin id="1756" dir="1" index="3" bw="1" slack="3"/>
</pin_list>
<bind>
<opcode="select(49) " fcode="select"/>
<opset="select_ln137_2/6 "/>
</bind>
</comp>

<comp id="1759" class="1004" name="cmp28_mid1_fu_1759">
<pin_list>
<pin id="1760" dir="0" index="0" bw="3" slack="0"/>
<pin id="1761" dir="0" index="1" bw="3" slack="0"/>
<pin id="1762" dir="1" index="2" bw="1" slack="0"/>
</pin_list>
<bind>
<opcode="icmp(45) " fcode="icmp"/>
<opset="cmp28_mid1/6 "/>
</bind>
</comp>

<comp id="1765" class="1004" name="cmp2896_fu_1765">
<pin_list>
<pin id="1766" dir="0" index="0" bw="3" slack="1"/>
<pin id="1767" dir="0" index="1" bw="3" slack="0"/>
<pin id="1768" dir="1" index="2" bw="1" slack="0"/>
</pin_list>
<bind>
<opcode="icmp(45) " fcode="icmp"/>
<opset="cmp2896/6 "/>
</bind>
</comp>

<comp id="1771" class="1004" name="select_ln137_3_fu_1771">
<pin_list>
<pin id="1772" dir="0" index="0" bw="1" slack="1"/>
<pin id="1773" dir="0" index="1" bw="1" slack="0"/>
<pin id="1774" dir="0" index="2" bw="1" slack="0"/>
<pin id="1775" dir="1" index="3" bw="1" slack="30"/>
</pin_list>
<bind>
<opcode="select(49) " fcode="select"/>
<opset="select_ln137_3/6 "/>
</bind>
</comp>

<comp id="1778" class="1004" name="trunc_ln137_fu_1778">
<pin_list>
<pin id="1779" dir="0" index="0" bw="3" slack="0"/>
<pin id="1780" dir="1" index="1" bw="2" slack="5"/>
</pin_list>
<bind>
<opcode="trunc(33) " fcode="trunc"/>
<opset="trunc_ln137/6 "/>
</bind>
</comp>

<comp id="1782" class="1004" name="xor_ln137_fu_1782">
<pin_list>
<pin id="1783" dir="0" index="0" bw="1" slack="1"/>
<pin id="1784" dir="0" index="1" bw="1" slack="0"/>
<pin id="1785" dir="1" index="2" bw="1" slack="0"/>
</pin_list>
<bind>
<opcode="xor(25) " fcode="xor"/>
<opset="xor_ln137/6 "/>
</bind>
</comp>

<comp id="1787" class="1004" name="icmp_ln141_fu_1787">
<pin_list>
<pin id="1788" dir="0" index="0" bw="5" slack="1"/>
<pin id="1789" dir="0" index="1" bw="5" slack="0"/>
<pin id="1790" dir="1" index="2" bw="1" slack="0"/>
</pin_list>
<bind>
<opcode="icmp(45) " fcode="icmp"/>
<opset="icmp_ln141/6 "/>
</bind>
</comp>

<comp id="1793" class="1004" name="and_ln137_fu_1793">
<pin_list>
<pin id="1794" dir="0" index="0" bw="1" slack="0"/>
<pin id="1795" dir="0" index="1" bw="1" slack="0"/>
<pin id="1796" dir="1" index="2" bw="1" slack="0"/>
</pin_list>
<bind>
<opcode="and(23) " fcode="and"/>
<opset="and_ln137/6 "/>
</bind>
</comp>

<comp id="1799" class="1004" name="add_ln139_fu_1799">
<pin_list>
<pin id="1800" dir="0" index="0" bw="5" slack="1"/>
<pin id="1801" dir="0" index="1" bw="1" slack="0"/>
<pin id="1802" dir="1" index="2" bw="5" slack="0"/>
</pin_list>
<bind>
<opcode="add(8) " fcode="add"/>
<opset="add_ln139/6 "/>
</bind>
</comp>

<comp id="1804" class="1004" name="or_ln139_fu_1804">
<pin_list>
<pin id="1805" dir="0" index="0" bw="1" slack="0"/>
<pin id="1806" dir="0" index="1" bw="1" slack="1"/>
<pin id="1807" dir="1" index="2" bw="1" slack="0"/>
</pin_list>
<bind>
<opcode="or(24) " fcode="or"/>
<opset="or_ln139/6 "/>
</bind>
</comp>

<comp id="1809" class="1004" name="select_ln139_fu_1809">
<pin_list>
<pin id="1810" dir="0" index="0" bw="1" slack="0"/>
<pin id="1811" dir="0" index="1" bw="5" slack="0"/>
<pin id="1812" dir="0" index="2" bw="5" slack="1"/>
<pin id="1813" dir="1" index="3" bw="5" slack="0"/>
</pin_list>
<bind>
<opcode="select(49) " fcode="select"/>
<opset="select_ln139/6 "/>
</bind>
</comp>

<comp id="1817" class="1004" name="select_ln139_2_fu_1817">
<pin_list>
<pin id="1818" dir="0" index="0" bw="1" slack="0"/>
<pin id="1819" dir="0" index="1" bw="5" slack="0"/>
<pin id="1820" dir="0" index="2" bw="5" slack="1"/>
<pin id="1821" dir="1" index="3" bw="5" slack="0"/>
</pin_list>
<bind>
<opcode="select(49) " fcode="select"/>
<opset="select_ln139_2/6 "/>
</bind>
</comp>

<comp id="1824" class="1004" name="zext_ln146_1_fu_1824">
<pin_list>
<pin id="1825" dir="0" index="0" bw="5" slack="0"/>
<pin id="1826" dir="1" index="1" bw="10" slack="0"/>
</pin_list>
<bind>
<opcode="zext(34) " fcode="zext"/>
<opset="zext_ln146_1/6 "/>
</bind>
</comp>

<comp id="1828" class="1004" name="add_ln146_fu_1828">
<pin_list>
<pin id="1829" dir="0" index="0" bw="9" slack="2"/>
<pin id="1830" dir="0" index="1" bw="5" slack="0"/>
<pin id="1831" dir="1" index="2" bw="10" slack="0"/>
</pin_list>
<bind>
<opcode="add(8) " fcode="add"/>
<opset="add_ln146/6 "/>
</bind>
</comp>

<comp id="1833" class="1004" name="trunc_ln146_fu_1833">
<pin_list>
<pin id="1834" dir="0" index="0" bw="10" slack="0"/>
<pin id="1835" dir="1" index="1" bw="7" slack="0"/>
</pin_list>
<bind>
<opcode="trunc(33) " fcode="trunc"/>
<opset="trunc_ln146/6 "/>
</bind>
</comp>

<comp id="1837" class="1004" name="p_shl5_fu_1837">
<pin_list>
<pin id="1838" dir="0" index="0" bw="11" slack="0"/>
<pin id="1839" dir="0" index="1" bw="7" slack="0"/>
<pin id="1840" dir="0" index="2" bw="1" slack="0"/>
<pin id="1841" dir="1" index="3" bw="11" slack="0"/>
</pin_list>
<bind>
<opcode="bitconcatenate(1004) " fcode="bitconcatenate"/>
<opset="p_shl5/6 "/>
</bind>
</comp>

<comp id="1845" class="1004" name="trunc_ln146_1_fu_1845">
<pin_list>
<pin id="1846" dir="0" index="0" bw="10" slack="0"/>
<pin id="1847" dir="1" index="1" bw="9" slack="0"/>
</pin_list>
<bind>
<opcode="trunc(33) " fcode="trunc"/>
<opset="trunc_ln146_1/6 "/>
</bind>
</comp>

<comp id="1849" class="1004" name="p_shl6_fu_1849">
<pin_list>
<pin id="1850" dir="0" index="0" bw="11" slack="0"/>
<pin id="1851" dir="0" index="1" bw="9" slack="0"/>
<pin id="1852" dir="0" index="2" bw="1" slack="0"/>
<pin id="1853" dir="1" index="3" bw="11" slack="0"/>
</pin_list>
<bind>
<opcode="bitconcatenate(1004) " fcode="bitconcatenate"/>
<opset="p_shl6/6 "/>
</bind>
</comp>

<comp id="1857" class="1004" name="sub_ln146_1_fu_1857">
<pin_list>
<pin id="1858" dir="0" index="0" bw="11" slack="0"/>
<pin id="1859" dir="0" index="1" bw="11" slack="0"/>
<pin id="1860" dir="1" index="2" bw="11" slack="3"/>
</pin_list>
<bind>
<opcode="sub(10) " fcode="sub"/>
<opset="sub_ln146_1/6 "/>
</bind>
</comp>

<comp id="1863" class="1004" name="trunc_ln141_fu_1863">
<pin_list>
<pin id="1864" dir="0" index="0" bw="5" slack="0"/>
<pin id="1865" dir="1" index="1" bw="1" slack="4"/>
</pin_list>
<bind>
<opcode="trunc(33) " fcode="trunc"/>
<opset="trunc_ln141/6 "/>
</bind>
</comp>

<comp id="1867" class="1004" name="icmp_ln46_fu_1867">
<pin_list>
<pin id="1868" dir="0" index="0" bw="5" slack="0"/>
<pin id="1869" dir="0" index="1" bw="5" slack="0"/>
<pin id="1870" dir="1" index="2" bw="1" slack="3"/>
</pin_list>
<bind>
<opcode="icmp(45) " fcode="icmp"/>
<opset="icmp_ln46/6 "/>
</bind>
</comp>

<comp id="1873" class="1004" name="mux_case_01_load_load_fu_1873">
<pin_list>
<pin id="1874" dir="0" index="0" bw="32" slack="5"/>
<pin id="1875" dir="1" index="1" bw="32" slack="2147483647"/>
</pin_list>
<bind>
<opcode="load(27) " fcode="load"/>
<opset="mux_case_01_load/6 "/>
</bind>
</comp>

<comp id="1876" class="1004" name="mux_case_113_load_load_fu_1876">
<pin_list>
<pin id="1877" dir="0" index="0" bw="32" slack="5"/>
<pin id="1878" dir="1" index="1" bw="32" slack="2147483647"/>
</pin_list>
<bind>
<opcode="load(27) " fcode="load"/>
<opset="mux_case_113_load/6 "/>
</bind>
</comp>

<comp id="1879" class="1004" name="mux_case_224_load_load_fu_1879">
<pin_list>
<pin id="1880" dir="0" index="0" bw="32" slack="5"/>
<pin id="1881" dir="1" index="1" bw="32" slack="2147483647"/>
</pin_list>
<bind>
<opcode="load(27) " fcode="load"/>
<opset="mux_case_224_load/6 "/>
</bind>
</comp>

<comp id="1882" class="1004" name="mux_case_08435_load_load_fu_1882">
<pin_list>
<pin id="1883" dir="0" index="0" bw="32" slack="5"/>
<pin id="1884" dir="1" index="1" bw="32" slack="2147483647"/>
</pin_list>
<bind>
<opcode="load(27) " fcode="load"/>
<opset="mux_case_08435_load/6 "/>
</bind>
</comp>

<comp id="1885" class="1004" name="mux_case_18546_load_load_fu_1885">
<pin_list>
<pin id="1886" dir="0" index="0" bw="32" slack="5"/>
<pin id="1887" dir="1" index="1" bw="32" slack="2147483647"/>
</pin_list>
<bind>
<opcode="load(27) " fcode="load"/>
<opset="mux_case_18546_load/6 "/>
</bind>
</comp>

<comp id="1888" class="1004" name="mux_case_28657_load_load_fu_1888">
<pin_list>
<pin id="1889" dir="0" index="0" bw="32" slack="5"/>
<pin id="1890" dir="1" index="1" bw="32" slack="2147483647"/>
</pin_list>
<bind>
<opcode="load(27) " fcode="load"/>
<opset="mux_case_28657_load/6 "/>
</bind>
</comp>

<comp id="1891" class="1004" name="window_1_1_promoted237291_load_load_fu_1891">
<pin_list>
<pin id="1892" dir="0" index="0" bw="32" slack="5"/>
<pin id="1893" dir="1" index="1" bw="32" slack="2147483647"/>
</pin_list>
<bind>
<opcode="load(27) " fcode="load"/>
<opset="window_1_1_promoted237291_load/6 "/>
</bind>
</comp>

<comp id="1894" class="1004" name="window_1_0_promoted239298_load_load_fu_1894">
<pin_list>
<pin id="1895" dir="0" index="0" bw="32" slack="5"/>
<pin id="1896" dir="1" index="1" bw="32" slack="2147483647"/>
</pin_list>
<bind>
<opcode="load(27) " fcode="load"/>
<opset="window_1_0_promoted239298_load/6 "/>
</bind>
</comp>

<comp id="1897" class="1004" name="window_1_2_promoted241305_load_load_fu_1897">
<pin_list>
<pin id="1898" dir="0" index="0" bw="32" slack="5"/>
<pin id="1899" dir="1" index="1" bw="32" slack="2147483647"/>
</pin_list>
<bind>
<opcode="load(27) " fcode="load"/>
<opset="window_1_2_promoted241305_load/6 "/>
</bind>
</comp>

<comp id="1900" class="1004" name="window_0_1_promoted243312_load_load_fu_1900">
<pin_list>
<pin id="1901" dir="0" index="0" bw="32" slack="5"/>
<pin id="1902" dir="1" index="1" bw="32" slack="2147483647"/>
</pin_list>
<bind>
<opcode="load(27) " fcode="load"/>
<opset="window_0_1_promoted243312_load/6 "/>
</bind>
</comp>

<comp id="1903" class="1004" name="window_0_0_promoted245319_load_load_fu_1903">
<pin_list>
<pin id="1904" dir="0" index="0" bw="32" slack="5"/>
<pin id="1905" dir="1" index="1" bw="32" slack="2147483647"/>
</pin_list>
<bind>
<opcode="load(27) " fcode="load"/>
<opset="window_0_0_promoted245319_load/6 "/>
</bind>
</comp>

<comp id="1906" class="1004" name="window_0_2_promoted247326_load_load_fu_1906">
<pin_list>
<pin id="1907" dir="0" index="0" bw="32" slack="5"/>
<pin id="1908" dir="1" index="1" bw="32" slack="2147483647"/>
</pin_list>
<bind>
<opcode="load(27) " fcode="load"/>
<opset="window_0_2_promoted247326_load/6 "/>
</bind>
</comp>

<comp id="1909" class="1004" name="window_2_1_promoted249333_load_load_fu_1909">
<pin_list>
<pin id="1910" dir="0" index="0" bw="32" slack="5"/>
<pin id="1911" dir="1" index="1" bw="32" slack="2147483647"/>
</pin_list>
<bind>
<opcode="load(27) " fcode="load"/>
<opset="window_2_1_promoted249333_load/6 "/>
</bind>
</comp>

<comp id="1912" class="1004" name="window_2_0_promoted251340_load_load_fu_1912">
<pin_list>
<pin id="1913" dir="0" index="0" bw="32" slack="5"/>
<pin id="1914" dir="1" index="1" bw="32" slack="2147483647"/>
</pin_list>
<bind>
<opcode="load(27) " fcode="load"/>
<opset="window_2_0_promoted251340_load/6 "/>
</bind>
</comp>

<comp id="1915" class="1004" name="window_2_2_promoted253347_load_load_fu_1915">
<pin_list>
<pin id="1916" dir="0" index="0" bw="32" slack="5"/>
<pin id="1917" dir="1" index="1" bw="32" slack="2147483647"/>
</pin_list>
<bind>
<opcode="load(27) " fcode="load"/>
<opset="window_2_2_promoted253347_load/6 "/>
</bind>
</comp>

<comp id="1918" class="1004" name="window4153_load_load_fu_1918">
<pin_list>
<pin id="1919" dir="0" index="0" bw="32" slack="6"/>
<pin id="1920" dir="1" index="1" bw="32" slack="0"/>
</pin_list>
<bind>
<opcode="load(27) " fcode="load"/>
<opset="window4153_load/7 "/>
</bind>
</comp>

<comp id="1922" class="1004" name="window_214260_load_load_fu_1922">
<pin_list>
<pin id="1923" dir="0" index="0" bw="32" slack="6"/>
<pin id="1924" dir="1" index="1" bw="32" slack="0"/>
</pin_list>
<bind>
<opcode="load(27) " fcode="load"/>
<opset="window_214260_load/7 "/>
</bind>
</comp>

<comp id="1926" class="1004" name="window_224367_load_load_fu_1926">
<pin_list>
<pin id="1927" dir="0" index="0" bw="32" slack="6"/>
<pin id="1928" dir="1" index="1" bw="32" slack="0"/>
</pin_list>
<bind>
<opcode="load(27) " fcode="load"/>
<opset="window_224367_load/7 "/>
</bind>
</comp>

<comp id="1930" class="1004" name="window_234474_load_load_fu_1930">
<pin_list>
<pin id="1931" dir="0" index="0" bw="32" slack="6"/>
<pin id="1932" dir="1" index="1" bw="32" slack="0"/>
</pin_list>
<bind>
<opcode="load(27) " fcode="load"/>
<opset="window_234474_load/7 "/>
</bind>
</comp>

<comp id="1934" class="1004" name="window_244581_load_load_fu_1934">
<pin_list>
<pin id="1935" dir="0" index="0" bw="32" slack="6"/>
<pin id="1936" dir="1" index="1" bw="32" slack="0"/>
</pin_list>
<bind>
<opcode="load(27) " fcode="load"/>
<opset="window_244581_load/7 "/>
</bind>
</comp>

<comp id="1938" class="1004" name="window_254688_load_load_fu_1938">
<pin_list>
<pin id="1939" dir="0" index="0" bw="32" slack="6"/>
<pin id="1940" dir="1" index="1" bw="32" slack="0"/>
</pin_list>
<bind>
<opcode="load(27) " fcode="load"/>
<opset="window_254688_load/7 "/>
</bind>
</comp>

<comp id="1942" class="1004" name="window_264795_load_load_fu_1942">
<pin_list>
<pin id="1943" dir="0" index="0" bw="32" slack="6"/>
<pin id="1944" dir="1" index="1" bw="32" slack="0"/>
</pin_list>
<bind>
<opcode="load(27) " fcode="load"/>
<opset="window_264795_load/7 "/>
</bind>
</comp>

<comp id="1946" class="1004" name="window_2748102_load_load_fu_1946">
<pin_list>
<pin id="1947" dir="0" index="0" bw="32" slack="6"/>
<pin id="1948" dir="1" index="1" bw="32" slack="0"/>
</pin_list>
<bind>
<opcode="load(27) " fcode="load"/>
<opset="window_2748102_load/7 "/>
</bind>
</comp>

<comp id="1950" class="1004" name="window_2849109_load_load_fu_1950">
<pin_list>
<pin id="1951" dir="0" index="0" bw="32" slack="6"/>
<pin id="1952" dir="1" index="1" bw="32" slack="0"/>
</pin_list>
<bind>
<opcode="load(27) " fcode="load"/>
<opset="window_2849109_load/7 "/>
</bind>
</comp>

<comp id="1954" class="1004" name="empty_189_fu_1954">
<pin_list>
<pin id="1955" dir="0" index="0" bw="5" slack="1"/>
<pin id="1956" dir="0" index="1" bw="3" slack="0"/>
<pin id="1957" dir="1" index="2" bw="5" slack="0"/>
</pin_list>
<bind>
<opcode="add(8) " fcode="add"/>
<opset="empty_189/7 "/>
</bind>
</comp>

<comp id="1960" class="1004" name="window_2849107_loc_load_load_fu_1960">
<pin_list>
<pin id="1961" dir="0" index="0" bw="32" slack="8"/>
<pin id="1962" dir="1" index="1" bw="32" slack="2147483647"/>
</pin_list>
<bind>
<opcode="load(27) " fcode="load"/>
<opset="window_2849107_loc_load/9 "/>
</bind>
</comp>

<comp id="1963" class="1004" name="window_2748100_loc_load_load_fu_1963">
<pin_list>
<pin id="1964" dir="0" index="0" bw="32" slack="8"/>
<pin id="1965" dir="1" index="1" bw="32" slack="2147483647"/>
</pin_list>
<bind>
<opcode="load(27) " fcode="load"/>
<opset="window_2748100_loc_load/9 "/>
</bind>
</comp>

<comp id="1966" class="1004" name="window_264793_loc_load_load_fu_1966">
<pin_list>
<pin id="1967" dir="0" index="0" bw="32" slack="8"/>
<pin id="1968" dir="1" index="1" bw="32" slack="2147483647"/>
</pin_list>
<bind>
<opcode="load(27) " fcode="load"/>
<opset="window_264793_loc_load/9 "/>
</bind>
</comp>

<comp id="1969" class="1004" name="window_254686_loc_load_load_fu_1969">
<pin_list>
<pin id="1970" dir="0" index="0" bw="32" slack="8"/>
<pin id="1971" dir="1" index="1" bw="32" slack="2147483647"/>
</pin_list>
<bind>
<opcode="load(27) " fcode="load"/>
<opset="window_254686_loc_load/9 "/>
</bind>
</comp>

<comp id="1972" class="1004" name="window_244579_loc_load_load_fu_1972">
<pin_list>
<pin id="1973" dir="0" index="0" bw="32" slack="8"/>
<pin id="1974" dir="1" index="1" bw="32" slack="2147483647"/>
</pin_list>
<bind>
<opcode="load(27) " fcode="load"/>
<opset="window_244579_loc_load/9 "/>
</bind>
</comp>

<comp id="1975" class="1004" name="window_234472_loc_load_load_fu_1975">
<pin_list>
<pin id="1976" dir="0" index="0" bw="32" slack="8"/>
<pin id="1977" dir="1" index="1" bw="32" slack="2147483647"/>
</pin_list>
<bind>
<opcode="load(27) " fcode="load"/>
<opset="window_234472_loc_load/9 "/>
</bind>
</comp>

<comp id="1978" class="1004" name="window_224365_loc_load_load_fu_1978">
<pin_list>
<pin id="1979" dir="0" index="0" bw="32" slack="8"/>
<pin id="1980" dir="1" index="1" bw="32" slack="2147483647"/>
</pin_list>
<bind>
<opcode="load(27) " fcode="load"/>
<opset="window_224365_loc_load/9 "/>
</bind>
</comp>

<comp id="1981" class="1004" name="window_214258_loc_load_load_fu_1981">
<pin_list>
<pin id="1982" dir="0" index="0" bw="32" slack="8"/>
<pin id="1983" dir="1" index="1" bw="32" slack="2147483647"/>
</pin_list>
<bind>
<opcode="load(27) " fcode="load"/>
<opset="window_214258_loc_load/9 "/>
</bind>
</comp>

<comp id="1984" class="1004" name="window4151_loc_load_load_fu_1984">
<pin_list>
<pin id="1985" dir="0" index="0" bw="32" slack="8"/>
<pin id="1986" dir="1" index="1" bw="32" slack="2147483647"/>
</pin_list>
<bind>
<opcode="load(27) " fcode="load"/>
<opset="window4151_loc_load/9 "/>
</bind>
</comp>

<comp id="1987" class="1004" name="window_2_2_promoted253351_loc_load_load_fu_1987">
<pin_list>
<pin id="1988" dir="0" index="0" bw="32" slack="8"/>
<pin id="1989" dir="1" index="1" bw="32" slack="2147483647"/>
</pin_list>
<bind>
<opcode="load(27) " fcode="load"/>
<opset="window_2_2_promoted253351_loc_load/9 "/>
</bind>
</comp>

<comp id="1990" class="1004" name="window_2_0_promoted251344_loc_load_load_fu_1990">
<pin_list>
<pin id="1991" dir="0" index="0" bw="32" slack="8"/>
<pin id="1992" dir="1" index="1" bw="32" slack="2147483647"/>
</pin_list>
<bind>
<opcode="load(27) " fcode="load"/>
<opset="window_2_0_promoted251344_loc_load/9 "/>
</bind>
</comp>

<comp id="1993" class="1004" name="window_2_1_promoted249337_loc_load_load_fu_1993">
<pin_list>
<pin id="1994" dir="0" index="0" bw="32" slack="8"/>
<pin id="1995" dir="1" index="1" bw="32" slack="2147483647"/>
</pin_list>
<bind>
<opcode="load(27) " fcode="load"/>
<opset="window_2_1_promoted249337_loc_load/9 "/>
</bind>
</comp>

<comp id="1996" class="1004" name="window_0_2_promoted247330_loc_load_load_fu_1996">
<pin_list>
<pin id="1997" dir="0" index="0" bw="32" slack="8"/>
<pin id="1998" dir="1" index="1" bw="32" slack="2147483647"/>
</pin_list>
<bind>
<opcode="load(27) " fcode="load"/>
<opset="window_0_2_promoted247330_loc_load/9 "/>
</bind>
</comp>

<comp id="1999" class="1004" name="window_0_0_promoted245323_loc_load_load_fu_1999">
<pin_list>
<pin id="2000" dir="0" index="0" bw="32" slack="8"/>
<pin id="2001" dir="1" index="1" bw="32" slack="2147483647"/>
</pin_list>
<bind>
<opcode="load(27) " fcode="load"/>
<opset="window_0_0_promoted245323_loc_load/9 "/>
</bind>
</comp>

<comp id="2002" class="1004" name="window_0_1_promoted243316_loc_load_load_fu_2002">
<pin_list>
<pin id="2003" dir="0" index="0" bw="32" slack="8"/>
<pin id="2004" dir="1" index="1" bw="32" slack="2147483647"/>
</pin_list>
<bind>
<opcode="load(27) " fcode="load"/>
<opset="window_0_1_promoted243316_loc_load/9 "/>
</bind>
</comp>

<comp id="2005" class="1004" name="window_1_2_promoted241309_loc_load_load_fu_2005">
<pin_list>
<pin id="2006" dir="0" index="0" bw="32" slack="8"/>
<pin id="2007" dir="1" index="1" bw="32" slack="2147483647"/>
</pin_list>
<bind>
<opcode="load(27) " fcode="load"/>
<opset="window_1_2_promoted241309_loc_load/9 "/>
</bind>
</comp>

<comp id="2008" class="1004" name="window_1_0_promoted239302_loc_load_load_fu_2008">
<pin_list>
<pin id="2009" dir="0" index="0" bw="32" slack="8"/>
<pin id="2010" dir="1" index="1" bw="32" slack="2147483647"/>
</pin_list>
<bind>
<opcode="load(27) " fcode="load"/>
<opset="window_1_0_promoted239302_loc_load/9 "/>
</bind>
</comp>

<comp id="2011" class="1004" name="window_1_1_promoted237295_loc_load_load_fu_2011">
<pin_list>
<pin id="2012" dir="0" index="0" bw="32" slack="8"/>
<pin id="2013" dir="1" index="1" bw="32" slack="2147483647"/>
</pin_list>
<bind>
<opcode="load(27) " fcode="load"/>
<opset="window_1_1_promoted237295_loc_load/9 "/>
</bind>
</comp>

<comp id="2014" class="1004" name="mux_case_286_loc_load_load_fu_2014">
<pin_list>
<pin id="2015" dir="0" index="0" bw="32" slack="8"/>
<pin id="2016" dir="1" index="1" bw="32" slack="2147483647"/>
</pin_list>
<bind>
<opcode="load(27) " fcode="load"/>
<opset="mux_case_286_loc_load/9 "/>
</bind>
</comp>

<comp id="2017" class="1004" name="mux_case_185_loc_load_load_fu_2017">
<pin_list>
<pin id="2018" dir="0" index="0" bw="32" slack="8"/>
<pin id="2019" dir="1" index="1" bw="32" slack="2147483647"/>
</pin_list>
<bind>
<opcode="load(27) " fcode="load"/>
<opset="mux_case_185_loc_load/9 "/>
</bind>
</comp>

<comp id="2020" class="1004" name="mux_case_084_loc_load_load_fu_2020">
<pin_list>
<pin id="2021" dir="0" index="0" bw="32" slack="8"/>
<pin id="2022" dir="1" index="1" bw="32" slack="2147483647"/>
</pin_list>
<bind>
<opcode="load(27) " fcode="load"/>
<opset="mux_case_084_loc_load/9 "/>
</bind>
</comp>

<comp id="2023" class="1004" name="mux_case_2_loc_load_load_fu_2023">
<pin_list>
<pin id="2024" dir="0" index="0" bw="32" slack="8"/>
<pin id="2025" dir="1" index="1" bw="32" slack="2147483647"/>
</pin_list>
<bind>
<opcode="load(27) " fcode="load"/>
<opset="mux_case_2_loc_load/9 "/>
</bind>
</comp>

<comp id="2026" class="1004" name="mux_case_1_loc_load_load_fu_2026">
<pin_list>
<pin id="2027" dir="0" index="0" bw="32" slack="8"/>
<pin id="2028" dir="1" index="1" bw="32" slack="2147483647"/>
</pin_list>
<bind>
<opcode="load(27) " fcode="load"/>
<opset="mux_case_1_loc_load/9 "/>
</bind>
</comp>

<comp id="2029" class="1004" name="mux_case_0_loc_load_load_fu_2029">
<pin_list>
<pin id="2030" dir="0" index="0" bw="32" slack="8"/>
<pin id="2031" dir="1" index="1" bw="32" slack="2147483647"/>
</pin_list>
<bind>
<opcode="load(27) " fcode="load"/>
<opset="mux_case_0_loc_load/9 "/>
</bind>
</comp>

<comp id="2032" class="1004" name="p_loc179_load_load_fu_2032">
<pin_list>
<pin id="2033" dir="0" index="0" bw="32" slack="8"/>
<pin id="2034" dir="1" index="1" bw="32" slack="1"/>
</pin_list>
<bind>
<opcode="load(27) " fcode="load"/>
<opset="p_loc179_load/9 "/>
</bind>
</comp>

<comp id="2035" class="1004" name="p_loc180_load_load_fu_2035">
<pin_list>
<pin id="2036" dir="0" index="0" bw="32" slack="8"/>
<pin id="2037" dir="1" index="1" bw="32" slack="1"/>
</pin_list>
<bind>
<opcode="load(27) " fcode="load"/>
<opset="p_loc180_load/9 "/>
</bind>
</comp>

<comp id="2038" class="1004" name="p_loc181_load_load_fu_2038">
<pin_list>
<pin id="2039" dir="0" index="0" bw="32" slack="8"/>
<pin id="2040" dir="1" index="1" bw="32" slack="1"/>
</pin_list>
<bind>
<opcode="load(27) " fcode="load"/>
<opset="p_loc181_load/9 "/>
</bind>
</comp>

<comp id="2041" class="1004" name="p_loc182_load_load_fu_2041">
<pin_list>
<pin id="2042" dir="0" index="0" bw="32" slack="8"/>
<pin id="2043" dir="1" index="1" bw="32" slack="1"/>
</pin_list>
<bind>
<opcode="load(27) " fcode="load"/>
<opset="p_loc182_load/9 "/>
</bind>
</comp>

<comp id="2044" class="1004" name="p_loc183_load_load_fu_2044">
<pin_list>
<pin id="2045" dir="0" index="0" bw="32" slack="8"/>
<pin id="2046" dir="1" index="1" bw="32" slack="1"/>
</pin_list>
<bind>
<opcode="load(27) " fcode="load"/>
<opset="p_loc183_load/9 "/>
</bind>
</comp>

<comp id="2047" class="1004" name="p_loc184_load_load_fu_2047">
<pin_list>
<pin id="2048" dir="0" index="0" bw="32" slack="8"/>
<pin id="2049" dir="1" index="1" bw="32" slack="1"/>
</pin_list>
<bind>
<opcode="load(27) " fcode="load"/>
<opset="p_loc184_load/9 "/>
</bind>
</comp>

<comp id="2050" class="1004" name="p_loc185_load_load_fu_2050">
<pin_list>
<pin id="2051" dir="0" index="0" bw="32" slack="8"/>
<pin id="2052" dir="1" index="1" bw="32" slack="1"/>
</pin_list>
<bind>
<opcode="load(27) " fcode="load"/>
<opset="p_loc185_load/9 "/>
</bind>
</comp>

<comp id="2053" class="1004" name="p_loc186_load_load_fu_2053">
<pin_list>
<pin id="2054" dir="0" index="0" bw="32" slack="8"/>
<pin id="2055" dir="1" index="1" bw="32" slack="1"/>
</pin_list>
<bind>
<opcode="load(27) " fcode="load"/>
<opset="p_loc186_load/9 "/>
</bind>
</comp>

<comp id="2056" class="1004" name="p_loc187_load_load_fu_2056">
<pin_list>
<pin id="2057" dir="0" index="0" bw="32" slack="8"/>
<pin id="2058" dir="1" index="1" bw="32" slack="1"/>
</pin_list>
<bind>
<opcode="load(27) " fcode="load"/>
<opset="p_loc187_load/9 "/>
</bind>
</comp>

<comp id="2059" class="1004" name="mux_case_28662_loc_load_load_fu_2059">
<pin_list>
<pin id="2060" dir="0" index="0" bw="32" slack="8"/>
<pin id="2061" dir="1" index="1" bw="32" slack="1"/>
</pin_list>
<bind>
<opcode="load(27) " fcode="load"/>
<opset="mux_case_28662_loc_load/9 "/>
</bind>
</comp>

<comp id="2062" class="1004" name="mux_case_18551_loc_load_load_fu_2062">
<pin_list>
<pin id="2063" dir="0" index="0" bw="32" slack="8"/>
<pin id="2064" dir="1" index="1" bw="32" slack="1"/>
</pin_list>
<bind>
<opcode="load(27) " fcode="load"/>
<opset="mux_case_18551_loc_load/9 "/>
</bind>
</comp>

<comp id="2065" class="1004" name="mux_case_08440_loc_load_load_fu_2065">
<pin_list>
<pin id="2066" dir="0" index="0" bw="32" slack="8"/>
<pin id="2067" dir="1" index="1" bw="32" slack="1"/>
</pin_list>
<bind>
<opcode="load(27) " fcode="load"/>
<opset="mux_case_08440_loc_load/9 "/>
</bind>
</comp>

<comp id="2068" class="1004" name="mux_case_230_loc_load_load_fu_2068">
<pin_list>
<pin id="2069" dir="0" index="0" bw="32" slack="8"/>
<pin id="2070" dir="1" index="1" bw="32" slack="1"/>
</pin_list>
<bind>
<opcode="load(27) " fcode="load"/>
<opset="mux_case_230_loc_load/9 "/>
</bind>
</comp>

<comp id="2071" class="1004" name="mux_case_119_loc_load_load_fu_2071">
<pin_list>
<pin id="2072" dir="0" index="0" bw="32" slack="8"/>
<pin id="2073" dir="1" index="1" bw="32" slack="1"/>
</pin_list>
<bind>
<opcode="load(27) " fcode="load"/>
<opset="mux_case_119_loc_load/9 "/>
</bind>
</comp>

<comp id="2074" class="1004" name="mux_case_08_loc_load_load_fu_2074">
<pin_list>
<pin id="2075" dir="0" index="0" bw="32" slack="8"/>
<pin id="2076" dir="1" index="1" bw="32" slack="1"/>
</pin_list>
<bind>
<opcode="load(27) " fcode="load"/>
<opset="mux_case_08_loc_load/9 "/>
</bind>
</comp>

<comp id="2077" class="1004" name="lshr_ln_fu_2077">
<pin_list>
<pin id="2078" dir="0" index="0" bw="4" slack="0"/>
<pin id="2079" dir="0" index="1" bw="5" slack="3"/>
<pin id="2080" dir="0" index="2" bw="1" slack="0"/>
<pin id="2081" dir="0" index="3" bw="4" slack="0"/>
<pin id="2082" dir="1" index="4" bw="4" slack="0"/>
</pin_list>
<bind>
<opcode="partselect(1002) " fcode="partselect"/>
<opset="lshr_ln/9 "/>
</bind>
</comp>

<comp id="2086" class="1004" name="zext_ln146_2_fu_2086">
<pin_list>
<pin id="2087" dir="0" index="0" bw="4" slack="0"/>
<pin id="2088" dir="1" index="1" bw="11" slack="0"/>
</pin_list>
<bind>
<opcode="zext(34) " fcode="zext"/>
<opset="zext_ln146_2/9 "/>
</bind>
</comp>

<comp id="2090" class="1004" name="add_ln146_1_fu_2090">
<pin_list>
<pin id="2091" dir="0" index="0" bw="11" slack="3"/>
<pin id="2092" dir="0" index="1" bw="4" slack="0"/>
<pin id="2093" dir="1" index="2" bw="11" slack="0"/>
</pin_list>
<bind>
<opcode="add(8) " fcode="add"/>
<opset="add_ln146_1/9 "/>
</bind>
</comp>

<comp id="2095" class="1004" name="zext_ln146_3_fu_2095">
<pin_list>
<pin id="2096" dir="0" index="0" bw="11" slack="0"/>
<pin id="2097" dir="1" index="1" bw="64" slack="0"/>
</pin_list>
<bind>
<opcode="zext(34) " fcode="zext"/>
<opset="zext_ln146_3/9 "/>
</bind>
</comp>

<comp id="2101" class="1004" name="tmp_fu_2101">
<pin_list>
<pin id="2102" dir="0" index="0" bw="32" slack="0"/>
<pin id="2103" dir="0" index="1" bw="32" slack="0"/>
<pin id="2104" dir="0" index="2" bw="32" slack="0"/>
<pin id="2105" dir="0" index="3" bw="1" slack="4"/>
<pin id="2106" dir="1" index="4" bw="32" slack="0"/>
</pin_list>
<bind>
<opcode="mux(1196) " fcode="mux"/>
<opset="tmp/12 "/>
</bind>
</comp>

<comp id="2110" class="1004" name="prev_sum_fu_2110">
<pin_list>
<pin id="2111" dir="0" index="0" bw="1" slack="4"/>
<pin id="2112" dir="0" index="1" bw="32" slack="6"/>
<pin id="2113" dir="0" index="2" bw="32" slack="0"/>
<pin id="2114" dir="1" index="3" bw="32" slack="1"/>
</pin_list>
<bind>
<opcode="select(49) " fcode="select"/>
<opset="prev_sum/12 "/>
</bind>
</comp>

<comp id="2116" class="1004" name="bitcast_ln73_fu_2116">
<pin_list>
<pin id="2117" dir="0" index="0" bw="32" slack="2"/>
<pin id="2118" dir="1" index="1" bw="32" slack="0"/>
</pin_list>
<bind>
<opcode="bitcast(44) " fcode="bitcast"/>
<opset="bitcast_ln73/41 "/>
</bind>
</comp>

<comp id="2119" class="1004" name="tmp_22_fu_2119">
<pin_list>
<pin id="2120" dir="0" index="0" bw="8" slack="0"/>
<pin id="2121" dir="0" index="1" bw="32" slack="0"/>
<pin id="2122" dir="0" index="2" bw="6" slack="0"/>
<pin id="2123" dir="0" index="3" bw="6" slack="0"/>
<pin id="2124" dir="1" index="4" bw="8" slack="0"/>
</pin_list>
<bind>
<opcode="partselect(1002) " fcode="partselect"/>
<opset="tmp_22/41 "/>
</bind>
</comp>

<comp id="2129" class="1004" name="trunc_ln73_fu_2129">
<pin_list>
<pin id="2130" dir="0" index="0" bw="32" slack="0"/>
<pin id="2131" dir="1" index="1" bw="23" slack="0"/>
</pin_list>
<bind>
<opcode="trunc(33) " fcode="trunc"/>
<opset="trunc_ln73/41 "/>
</bind>
</comp>

<comp id="2133" class="1004" name="icmp_ln73_fu_2133">
<pin_list>
<pin id="2134" dir="0" index="0" bw="8" slack="0"/>
<pin id="2135" dir="0" index="1" bw="8" slack="0"/>
<pin id="2136" dir="1" index="2" bw="1" slack="0"/>
</pin_list>
<bind>
<opcode="icmp(45) " fcode="icmp"/>
<opset="icmp_ln73/41 "/>
</bind>
</comp>

<comp id="2139" class="1004" name="icmp_ln73_17_fu_2139">
<pin_list>
<pin id="2140" dir="0" index="0" bw="23" slack="0"/>
<pin id="2141" dir="0" index="1" bw="23" slack="0"/>
<pin id="2142" dir="1" index="2" bw="1" slack="0"/>
</pin_list>
<bind>
<opcode="icmp(45) " fcode="icmp"/>
<opset="icmp_ln73_17/41 "/>
</bind>
</comp>

<comp id="2145" class="1004" name="or_ln73_fu_2145">
<pin_list>
<pin id="2146" dir="0" index="0" bw="1" slack="0"/>
<pin id="2147" dir="0" index="1" bw="1" slack="0"/>
<pin id="2148" dir="1" index="2" bw="1" slack="0"/>
</pin_list>
<bind>
<opcode="or(24) " fcode="or"/>
<opset="or_ln73/41 "/>
</bind>
</comp>

<comp id="2151" class="1004" name="and_ln73_fu_2151">
<pin_list>
<pin id="2152" dir="0" index="0" bw="1" slack="0"/>
<pin id="2153" dir="0" index="1" bw="1" slack="0"/>
<pin id="2154" dir="1" index="2" bw="1" slack="0"/>
</pin_list>
<bind>
<opcode="and(23) " fcode="and"/>
<opset="and_ln73/41 "/>
</bind>
</comp>

<comp id="2157" class="1004" name="select_ln73_fu_2157">
<pin_list>
<pin id="2158" dir="0" index="0" bw="1" slack="0"/>
<pin id="2159" dir="0" index="1" bw="32" slack="0"/>
<pin id="2160" dir="0" index="2" bw="32" slack="2"/>
<pin id="2161" dir="1" index="3" bw="32" slack="1"/>
</pin_list>
<bind>
<opcode="select(49) " fcode="select"/>
<opset="select_ln73/41 "/>
</bind>
</comp>

<comp id="2164" class="1004" name="add_ln141_fu_2164">
<pin_list>
<pin id="2165" dir="0" index="0" bw="5" slack="33"/>
<pin id="2166" dir="0" index="1" bw="1" slack="0"/>
<pin id="2167" dir="1" index="2" bw="5" slack="1"/>
</pin_list>
<bind>
<opcode="add(8) " fcode="add"/>
<opset="add_ln141/42 "/>
</bind>
</comp>

<comp id="2169" class="1004" name="add_ln139_2_fu_2169">
<pin_list>
<pin id="2170" dir="0" index="0" bw="10" slack="34"/>
<pin id="2171" dir="0" index="1" bw="1" slack="0"/>
<pin id="2172" dir="1" index="2" bw="10" slack="0"/>
</pin_list>
<bind>
<opcode="add(8) " fcode="add"/>
<opset="add_ln139_2/42 "/>
</bind>
</comp>

<comp id="2175" class="1004" name="select_ln139_3_fu_2175">
<pin_list>
<pin id="2176" dir="0" index="0" bw="1" slack="34"/>
<pin id="2177" dir="0" index="1" bw="10" slack="0"/>
<pin id="2178" dir="0" index="2" bw="10" slack="0"/>
<pin id="2179" dir="1" index="3" bw="10" slack="1"/>
</pin_list>
<bind>
<opcode="select(49) " fcode="select"/>
<opset="select_ln139_3/42 "/>
</bind>
</comp>

<comp id="2182" class="1004" name="store_ln141_store_fu_2182">
<pin_list>
<pin id="2183" dir="0" index="0" bw="32" slack="29"/>
<pin id="2184" dir="0" index="1" bw="32" slack="38"/>
<pin id="2185" dir="1" index="2" bw="0" slack="2147483647"/>
</pin_list>
<bind>
<opcode="store(28) " fcode="store"/>
<opset="store_ln141/42 "/>
</bind>
</comp>

<comp id="2187" class="1004" name="store_ln141_store_fu_2187">
<pin_list>
<pin id="2188" dir="0" index="0" bw="32" slack="29"/>
<pin id="2189" dir="0" index="1" bw="32" slack="38"/>
<pin id="2190" dir="1" index="2" bw="0" slack="2147483647"/>
</pin_list>
<bind>
<opcode="store(28) " fcode="store"/>
<opset="store_ln141/42 "/>
</bind>
</comp>

<comp id="2192" class="1004" name="store_ln141_store_fu_2192">
<pin_list>
<pin id="2193" dir="0" index="0" bw="32" slack="29"/>
<pin id="2194" dir="0" index="1" bw="32" slack="38"/>
<pin id="2195" dir="1" index="2" bw="0" slack="2147483647"/>
</pin_list>
<bind>
<opcode="store(28) " fcode="store"/>
<opset="store_ln141/42 "/>
</bind>
</comp>

<comp id="2197" class="1004" name="store_ln141_store_fu_2197">
<pin_list>
<pin id="2198" dir="0" index="0" bw="32" slack="29"/>
<pin id="2199" dir="0" index="1" bw="32" slack="38"/>
<pin id="2200" dir="1" index="2" bw="0" slack="2147483647"/>
</pin_list>
<bind>
<opcode="store(28) " fcode="store"/>
<opset="store_ln141/42 "/>
</bind>
</comp>

<comp id="2202" class="1004" name="store_ln141_store_fu_2202">
<pin_list>
<pin id="2203" dir="0" index="0" bw="32" slack="29"/>
<pin id="2204" dir="0" index="1" bw="32" slack="38"/>
<pin id="2205" dir="1" index="2" bw="0" slack="2147483647"/>
</pin_list>
<bind>
<opcode="store(28) " fcode="store"/>
<opset="store_ln141/42 "/>
</bind>
</comp>

<comp id="2207" class="1004" name="store_ln141_store_fu_2207">
<pin_list>
<pin id="2208" dir="0" index="0" bw="32" slack="29"/>
<pin id="2209" dir="0" index="1" bw="32" slack="38"/>
<pin id="2210" dir="1" index="2" bw="0" slack="2147483647"/>
</pin_list>
<bind>
<opcode="store(28) " fcode="store"/>
<opset="store_ln141/42 "/>
</bind>
</comp>

<comp id="2212" class="1004" name="store_ln141_store_fu_2212">
<pin_list>
<pin id="2213" dir="0" index="0" bw="32" slack="29"/>
<pin id="2214" dir="0" index="1" bw="32" slack="38"/>
<pin id="2215" dir="1" index="2" bw="0" slack="2147483647"/>
</pin_list>
<bind>
<opcode="store(28) " fcode="store"/>
<opset="store_ln141/42 "/>
</bind>
</comp>

<comp id="2217" class="1004" name="store_ln141_store_fu_2217">
<pin_list>
<pin id="2218" dir="0" index="0" bw="32" slack="29"/>
<pin id="2219" dir="0" index="1" bw="32" slack="38"/>
<pin id="2220" dir="1" index="2" bw="0" slack="2147483647"/>
</pin_list>
<bind>
<opcode="store(28) " fcode="store"/>
<opset="store_ln141/42 "/>
</bind>
</comp>

<comp id="2222" class="1004" name="store_ln141_store_fu_2222">
<pin_list>
<pin id="2223" dir="0" index="0" bw="32" slack="29"/>
<pin id="2224" dir="0" index="1" bw="32" slack="38"/>
<pin id="2225" dir="1" index="2" bw="0" slack="2147483647"/>
</pin_list>
<bind>
<opcode="store(28) " fcode="store"/>
<opset="store_ln141/42 "/>
</bind>
</comp>

<comp id="2227" class="1004" name="store_ln141_store_fu_2227">
<pin_list>
<pin id="2228" dir="0" index="0" bw="32" slack="29"/>
<pin id="2229" dir="0" index="1" bw="32" slack="38"/>
<pin id="2230" dir="1" index="2" bw="0" slack="2147483647"/>
</pin_list>
<bind>
<opcode="store(28) " fcode="store"/>
<opset="store_ln141/42 "/>
</bind>
</comp>

<comp id="2232" class="1004" name="store_ln141_store_fu_2232">
<pin_list>
<pin id="2233" dir="0" index="0" bw="32" slack="29"/>
<pin id="2234" dir="0" index="1" bw="32" slack="38"/>
<pin id="2235" dir="1" index="2" bw="0" slack="2147483647"/>
</pin_list>
<bind>
<opcode="store(28) " fcode="store"/>
<opset="store_ln141/42 "/>
</bind>
</comp>

<comp id="2237" class="1004" name="store_ln141_store_fu_2237">
<pin_list>
<pin id="2238" dir="0" index="0" bw="32" slack="29"/>
<pin id="2239" dir="0" index="1" bw="32" slack="38"/>
<pin id="2240" dir="1" index="2" bw="0" slack="2147483647"/>
</pin_list>
<bind>
<opcode="store(28) " fcode="store"/>
<opset="store_ln141/42 "/>
</bind>
</comp>

<comp id="2242" class="1004" name="store_ln141_store_fu_2242">
<pin_list>
<pin id="2243" dir="0" index="0" bw="32" slack="29"/>
<pin id="2244" dir="0" index="1" bw="32" slack="38"/>
<pin id="2245" dir="1" index="2" bw="0" slack="2147483647"/>
</pin_list>
<bind>
<opcode="store(28) " fcode="store"/>
<opset="store_ln141/42 "/>
</bind>
</comp>

<comp id="2247" class="1004" name="store_ln141_store_fu_2247">
<pin_list>
<pin id="2248" dir="0" index="0" bw="32" slack="29"/>
<pin id="2249" dir="0" index="1" bw="32" slack="38"/>
<pin id="2250" dir="1" index="2" bw="0" slack="2147483647"/>
</pin_list>
<bind>
<opcode="store(28) " fcode="store"/>
<opset="store_ln141/42 "/>
</bind>
</comp>

<comp id="2252" class="1004" name="store_ln141_store_fu_2252">
<pin_list>
<pin id="2253" dir="0" index="0" bw="32" slack="29"/>
<pin id="2254" dir="0" index="1" bw="32" slack="38"/>
<pin id="2255" dir="1" index="2" bw="0" slack="2147483647"/>
</pin_list>
<bind>
<opcode="store(28) " fcode="store"/>
<opset="store_ln141/42 "/>
</bind>
</comp>

<comp id="2257" class="1004" name="store_ln141_store_fu_2257">
<pin_list>
<pin id="2258" dir="0" index="0" bw="32" slack="29"/>
<pin id="2259" dir="0" index="1" bw="32" slack="38"/>
<pin id="2260" dir="1" index="2" bw="0" slack="2147483647"/>
</pin_list>
<bind>
<opcode="store(28) " fcode="store"/>
<opset="store_ln141/42 "/>
</bind>
</comp>

<comp id="2262" class="1004" name="store_ln141_store_fu_2262">
<pin_list>
<pin id="2263" dir="0" index="0" bw="32" slack="29"/>
<pin id="2264" dir="0" index="1" bw="32" slack="38"/>
<pin id="2265" dir="1" index="2" bw="0" slack="2147483647"/>
</pin_list>
<bind>
<opcode="store(28) " fcode="store"/>
<opset="store_ln141/42 "/>
</bind>
</comp>

<comp id="2267" class="1004" name="store_ln141_store_fu_2267">
<pin_list>
<pin id="2268" dir="0" index="0" bw="32" slack="29"/>
<pin id="2269" dir="0" index="1" bw="32" slack="38"/>
<pin id="2270" dir="1" index="2" bw="0" slack="2147483647"/>
</pin_list>
<bind>
<opcode="store(28) " fcode="store"/>
<opset="store_ln141/42 "/>
</bind>
</comp>

<comp id="2272" class="1004" name="store_ln141_store_fu_2272">
<pin_list>
<pin id="2273" dir="0" index="0" bw="32" slack="29"/>
<pin id="2274" dir="0" index="1" bw="32" slack="38"/>
<pin id="2275" dir="1" index="2" bw="0" slack="2147483647"/>
</pin_list>
<bind>
<opcode="store(28) " fcode="store"/>
<opset="store_ln141/42 "/>
</bind>
</comp>

<comp id="2277" class="1004" name="store_ln141_store_fu_2277">
<pin_list>
<pin id="2278" dir="0" index="0" bw="32" slack="29"/>
<pin id="2279" dir="0" index="1" bw="32" slack="38"/>
<pin id="2280" dir="1" index="2" bw="0" slack="2147483647"/>
</pin_list>
<bind>
<opcode="store(28) " fcode="store"/>
<opset="store_ln141/42 "/>
</bind>
</comp>

<comp id="2282" class="1004" name="store_ln141_store_fu_2282">
<pin_list>
<pin id="2283" dir="0" index="0" bw="32" slack="29"/>
<pin id="2284" dir="0" index="1" bw="32" slack="38"/>
<pin id="2285" dir="1" index="2" bw="0" slack="2147483647"/>
</pin_list>
<bind>
<opcode="store(28) " fcode="store"/>
<opset="store_ln141/42 "/>
</bind>
</comp>

<comp id="2287" class="1004" name="store_ln141_store_fu_2287">
<pin_list>
<pin id="2288" dir="0" index="0" bw="32" slack="29"/>
<pin id="2289" dir="0" index="1" bw="32" slack="38"/>
<pin id="2290" dir="1" index="2" bw="0" slack="2147483647"/>
</pin_list>
<bind>
<opcode="store(28) " fcode="store"/>
<opset="store_ln141/42 "/>
</bind>
</comp>

<comp id="2292" class="1004" name="store_ln141_store_fu_2292">
<pin_list>
<pin id="2293" dir="0" index="0" bw="32" slack="29"/>
<pin id="2294" dir="0" index="1" bw="32" slack="38"/>
<pin id="2295" dir="1" index="2" bw="0" slack="2147483647"/>
</pin_list>
<bind>
<opcode="store(28) " fcode="store"/>
<opset="store_ln141/42 "/>
</bind>
</comp>

<comp id="2297" class="1004" name="store_ln141_store_fu_2297">
<pin_list>
<pin id="2298" dir="0" index="0" bw="32" slack="29"/>
<pin id="2299" dir="0" index="1" bw="32" slack="38"/>
<pin id="2300" dir="1" index="2" bw="0" slack="2147483647"/>
</pin_list>
<bind>
<opcode="store(28) " fcode="store"/>
<opset="store_ln141/42 "/>
</bind>
</comp>

<comp id="2302" class="1005" name="n_f_reg_2302">
<pin_list>
<pin id="2303" dir="0" index="0" bw="3" slack="0"/>
<pin id="2304" dir="1" index="1" bw="3" slack="0"/>
</pin_list>
<bind>
<opset="n_f "/>
</bind>
</comp>

<comp id="2309" class="1005" name="kernel_2_1_1_promoted_reg_2309">
<pin_list>
<pin id="2310" dir="0" index="0" bw="32" slack="1"/>
<pin id="2311" dir="1" index="1" bw="32" slack="1"/>
</pin_list>
<bind>
<opset="kernel_2_1_1_promoted "/>
</bind>
</comp>

<comp id="2315" class="1005" name="kernel_2_1_0_promoted_reg_2315">
<pin_list>
<pin id="2316" dir="0" index="0" bw="32" slack="1"/>
<pin id="2317" dir="1" index="1" bw="32" slack="1"/>
</pin_list>
<bind>
<opset="kernel_2_1_0_promoted "/>
</bind>
</comp>

<comp id="2321" class="1005" name="kernel_2_1_2_promoted_reg_2321">
<pin_list>
<pin id="2322" dir="0" index="0" bw="32" slack="1"/>
<pin id="2323" dir="1" index="1" bw="32" slack="1"/>
</pin_list>
<bind>
<opset="kernel_2_1_2_promoted "/>
</bind>
</comp>

<comp id="2327" class="1005" name="kernel_2_0_1_promoted_reg_2327">
<pin_list>
<pin id="2328" dir="0" index="0" bw="32" slack="1"/>
<pin id="2329" dir="1" index="1" bw="32" slack="1"/>
</pin_list>
<bind>
<opset="kernel_2_0_1_promoted "/>
</bind>
</comp>

<comp id="2333" class="1005" name="kernel_2_0_0_promoted_reg_2333">
<pin_list>
<pin id="2334" dir="0" index="0" bw="32" slack="1"/>
<pin id="2335" dir="1" index="1" bw="32" slack="1"/>
</pin_list>
<bind>
<opset="kernel_2_0_0_promoted "/>
</bind>
</comp>

<comp id="2339" class="1005" name="kernel_2_0_2_promoted_reg_2339">
<pin_list>
<pin id="2340" dir="0" index="0" bw="32" slack="1"/>
<pin id="2341" dir="1" index="1" bw="32" slack="1"/>
</pin_list>
<bind>
<opset="kernel_2_0_2_promoted "/>
</bind>
</comp>

<comp id="2345" class="1005" name="kernel_2_2_1_promoted_reg_2345">
<pin_list>
<pin id="2346" dir="0" index="0" bw="32" slack="1"/>
<pin id="2347" dir="1" index="1" bw="32" slack="1"/>
</pin_list>
<bind>
<opset="kernel_2_2_1_promoted "/>
</bind>
</comp>

<comp id="2351" class="1005" name="kernel_2_2_0_promoted_reg_2351">
<pin_list>
<pin id="2352" dir="0" index="0" bw="32" slack="1"/>
<pin id="2353" dir="1" index="1" bw="32" slack="1"/>
</pin_list>
<bind>
<opset="kernel_2_2_0_promoted "/>
</bind>
</comp>

<comp id="2357" class="1005" name="kernel_2_2_2_promoted_reg_2357">
<pin_list>
<pin id="2358" dir="0" index="0" bw="32" slack="1"/>
<pin id="2359" dir="1" index="1" bw="32" slack="1"/>
</pin_list>
<bind>
<opset="kernel_2_2_2_promoted "/>
</bind>
</comp>

<comp id="2363" class="1005" name="kernel_1_1_1_promoted_reg_2363">
<pin_list>
<pin id="2364" dir="0" index="0" bw="32" slack="1"/>
<pin id="2365" dir="1" index="1" bw="32" slack="1"/>
</pin_list>
<bind>
<opset="kernel_1_1_1_promoted "/>
</bind>
</comp>

<comp id="2369" class="1005" name="kernel_1_1_0_promoted_reg_2369">
<pin_list>
<pin id="2370" dir="0" index="0" bw="32" slack="1"/>
<pin id="2371" dir="1" index="1" bw="32" slack="1"/>
</pin_list>
<bind>
<opset="kernel_1_1_0_promoted "/>
</bind>
</comp>

<comp id="2375" class="1005" name="kernel_1_1_2_promoted_reg_2375">
<pin_list>
<pin id="2376" dir="0" index="0" bw="32" slack="1"/>
<pin id="2377" dir="1" index="1" bw="32" slack="1"/>
</pin_list>
<bind>
<opset="kernel_1_1_2_promoted "/>
</bind>
</comp>

<comp id="2381" class="1005" name="kernel_1_0_1_promoted_reg_2381">
<pin_list>
<pin id="2382" dir="0" index="0" bw="32" slack="1"/>
<pin id="2383" dir="1" index="1" bw="32" slack="1"/>
</pin_list>
<bind>
<opset="kernel_1_0_1_promoted "/>
</bind>
</comp>

<comp id="2387" class="1005" name="kernel_1_0_0_promoted_reg_2387">
<pin_list>
<pin id="2388" dir="0" index="0" bw="32" slack="1"/>
<pin id="2389" dir="1" index="1" bw="32" slack="1"/>
</pin_list>
<bind>
<opset="kernel_1_0_0_promoted "/>
</bind>
</comp>

<comp id="2393" class="1005" name="kernel_1_0_2_promoted_reg_2393">
<pin_list>
<pin id="2394" dir="0" index="0" bw="32" slack="1"/>
<pin id="2395" dir="1" index="1" bw="32" slack="1"/>
</pin_list>
<bind>
<opset="kernel_1_0_2_promoted "/>
</bind>
</comp>

<comp id="2399" class="1005" name="kernel_1_2_1_promoted_reg_2399">
<pin_list>
<pin id="2400" dir="0" index="0" bw="32" slack="1"/>
<pin id="2401" dir="1" index="1" bw="32" slack="1"/>
</pin_list>
<bind>
<opset="kernel_1_2_1_promoted "/>
</bind>
</comp>

<comp id="2405" class="1005" name="kernel_1_2_0_promoted_reg_2405">
<pin_list>
<pin id="2406" dir="0" index="0" bw="32" slack="1"/>
<pin id="2407" dir="1" index="1" bw="32" slack="1"/>
</pin_list>
<bind>
<opset="kernel_1_2_0_promoted "/>
</bind>
</comp>

<comp id="2411" class="1005" name="kernel_1_2_2_promoted_reg_2411">
<pin_list>
<pin id="2412" dir="0" index="0" bw="32" slack="1"/>
<pin id="2413" dir="1" index="1" bw="32" slack="1"/>
</pin_list>
<bind>
<opset="kernel_1_2_2_promoted "/>
</bind>
</comp>

<comp id="2417" class="1005" name="kernel_0_1_1_promoted_reg_2417">
<pin_list>
<pin id="2418" dir="0" index="0" bw="32" slack="1"/>
<pin id="2419" dir="1" index="1" bw="32" slack="1"/>
</pin_list>
<bind>
<opset="kernel_0_1_1_promoted "/>
</bind>
</comp>

<comp id="2423" class="1005" name="kernel_0_1_0_promoted_reg_2423">
<pin_list>
<pin id="2424" dir="0" index="0" bw="32" slack="1"/>
<pin id="2425" dir="1" index="1" bw="32" slack="1"/>
</pin_list>
<bind>
<opset="kernel_0_1_0_promoted "/>
</bind>
</comp>

<comp id="2429" class="1005" name="kernel_0_1_2_promoted_reg_2429">
<pin_list>
<pin id="2430" dir="0" index="0" bw="32" slack="1"/>
<pin id="2431" dir="1" index="1" bw="32" slack="1"/>
</pin_list>
<bind>
<opset="kernel_0_1_2_promoted "/>
</bind>
</comp>

<comp id="2435" class="1005" name="kernel_0_0_1_promoted_reg_2435">
<pin_list>
<pin id="2436" dir="0" index="0" bw="32" slack="1"/>
<pin id="2437" dir="1" index="1" bw="32" slack="1"/>
</pin_list>
<bind>
<opset="kernel_0_0_1_promoted "/>
</bind>
</comp>

<comp id="2441" class="1005" name="kernel_0_0_0_promoted_reg_2441">
<pin_list>
<pin id="2442" dir="0" index="0" bw="32" slack="1"/>
<pin id="2443" dir="1" index="1" bw="32" slack="1"/>
</pin_list>
<bind>
<opset="kernel_0_0_0_promoted "/>
</bind>
</comp>

<comp id="2447" class="1005" name="kernel_0_0_2_promoted_reg_2447">
<pin_list>
<pin id="2448" dir="0" index="0" bw="32" slack="1"/>
<pin id="2449" dir="1" index="1" bw="32" slack="1"/>
</pin_list>
<bind>
<opset="kernel_0_0_2_promoted "/>
</bind>
</comp>

<comp id="2453" class="1005" name="kernel_0_2_1_promoted_reg_2453">
<pin_list>
<pin id="2454" dir="0" index="0" bw="32" slack="1"/>
<pin id="2455" dir="1" index="1" bw="32" slack="1"/>
</pin_list>
<bind>
<opset="kernel_0_2_1_promoted "/>
</bind>
</comp>

<comp id="2459" class="1005" name="kernel_0_2_0_promoted_reg_2459">
<pin_list>
<pin id="2460" dir="0" index="0" bw="32" slack="1"/>
<pin id="2461" dir="1" index="1" bw="32" slack="1"/>
</pin_list>
<bind>
<opset="kernel_0_2_0_promoted "/>
</bind>
</comp>

<comp id="2465" class="1005" name="kernel_0_2_2_promoted_reg_2465">
<pin_list>
<pin id="2466" dir="0" index="0" bw="32" slack="1"/>
<pin id="2467" dir="1" index="1" bw="32" slack="1"/>
</pin_list>
<bind>
<opset="kernel_0_2_2_promoted "/>
</bind>
</comp>

<comp id="2471" class="1005" name="kernel_3_1_1_promoted_reg_2471">
<pin_list>
<pin id="2472" dir="0" index="0" bw="32" slack="1"/>
<pin id="2473" dir="1" index="1" bw="32" slack="1"/>
</pin_list>
<bind>
<opset="kernel_3_1_1_promoted "/>
</bind>
</comp>

<comp id="2477" class="1005" name="kernel_3_1_0_promoted_reg_2477">
<pin_list>
<pin id="2478" dir="0" index="0" bw="32" slack="1"/>
<pin id="2479" dir="1" index="1" bw="32" slack="1"/>
</pin_list>
<bind>
<opset="kernel_3_1_0_promoted "/>
</bind>
</comp>

<comp id="2483" class="1005" name="kernel_3_1_2_promoted_reg_2483">
<pin_list>
<pin id="2484" dir="0" index="0" bw="32" slack="1"/>
<pin id="2485" dir="1" index="1" bw="32" slack="1"/>
</pin_list>
<bind>
<opset="kernel_3_1_2_promoted "/>
</bind>
</comp>

<comp id="2489" class="1005" name="kernel_3_0_1_promoted_reg_2489">
<pin_list>
<pin id="2490" dir="0" index="0" bw="32" slack="1"/>
<pin id="2491" dir="1" index="1" bw="32" slack="1"/>
</pin_list>
<bind>
<opset="kernel_3_0_1_promoted "/>
</bind>
</comp>

<comp id="2495" class="1005" name="kernel_3_0_0_promoted_reg_2495">
<pin_list>
<pin id="2496" dir="0" index="0" bw="32" slack="1"/>
<pin id="2497" dir="1" index="1" bw="32" slack="1"/>
</pin_list>
<bind>
<opset="kernel_3_0_0_promoted "/>
</bind>
</comp>

<comp id="2501" class="1005" name="kernel_3_0_2_promoted_reg_2501">
<pin_list>
<pin id="2502" dir="0" index="0" bw="32" slack="1"/>
<pin id="2503" dir="1" index="1" bw="32" slack="1"/>
</pin_list>
<bind>
<opset="kernel_3_0_2_promoted "/>
</bind>
</comp>

<comp id="2507" class="1005" name="kernel_3_2_1_promoted_reg_2507">
<pin_list>
<pin id="2508" dir="0" index="0" bw="32" slack="1"/>
<pin id="2509" dir="1" index="1" bw="32" slack="1"/>
</pin_list>
<bind>
<opset="kernel_3_2_1_promoted "/>
</bind>
</comp>

<comp id="2513" class="1005" name="kernel_3_2_0_promoted_reg_2513">
<pin_list>
<pin id="2514" dir="0" index="0" bw="32" slack="1"/>
<pin id="2515" dir="1" index="1" bw="32" slack="1"/>
</pin_list>
<bind>
<opset="kernel_3_2_0_promoted "/>
</bind>
</comp>

<comp id="2519" class="1005" name="kernel_3_2_2_promoted_reg_2519">
<pin_list>
<pin id="2520" dir="0" index="0" bw="32" slack="1"/>
<pin id="2521" dir="1" index="1" bw="32" slack="1"/>
</pin_list>
<bind>
<opset="kernel_3_2_2_promoted "/>
</bind>
</comp>

<comp id="2525" class="1005" name="mux_case_01_reg_2525">
<pin_list>
<pin id="2526" dir="0" index="0" bw="32" slack="5"/>
<pin id="2527" dir="1" index="1" bw="32" slack="5"/>
</pin_list>
<bind>
<opset="mux_case_01 "/>
</bind>
</comp>

<comp id="2531" class="1005" name="mux_case_113_reg_2531">
<pin_list>
<pin id="2532" dir="0" index="0" bw="32" slack="5"/>
<pin id="2533" dir="1" index="1" bw="32" slack="5"/>
</pin_list>
<bind>
<opset="mux_case_113 "/>
</bind>
</comp>

<comp id="2537" class="1005" name="mux_case_224_reg_2537">
<pin_list>
<pin id="2538" dir="0" index="0" bw="32" slack="5"/>
<pin id="2539" dir="1" index="1" bw="32" slack="5"/>
</pin_list>
<bind>
<opset="mux_case_224 "/>
</bind>
</comp>

<comp id="2543" class="1005" name="mux_case_08435_reg_2543">
<pin_list>
<pin id="2544" dir="0" index="0" bw="32" slack="5"/>
<pin id="2545" dir="1" index="1" bw="32" slack="5"/>
</pin_list>
<bind>
<opset="mux_case_08435 "/>
</bind>
</comp>

<comp id="2549" class="1005" name="mux_case_18546_reg_2549">
<pin_list>
<pin id="2550" dir="0" index="0" bw="32" slack="5"/>
<pin id="2551" dir="1" index="1" bw="32" slack="5"/>
</pin_list>
<bind>
<opset="mux_case_18546 "/>
</bind>
</comp>

<comp id="2555" class="1005" name="mux_case_28657_reg_2555">
<pin_list>
<pin id="2556" dir="0" index="0" bw="32" slack="5"/>
<pin id="2557" dir="1" index="1" bw="32" slack="5"/>
</pin_list>
<bind>
<opset="mux_case_28657 "/>
</bind>
</comp>

<comp id="2561" class="1005" name="window_1_1_promoted237291_reg_2561">
<pin_list>
<pin id="2562" dir="0" index="0" bw="32" slack="5"/>
<pin id="2563" dir="1" index="1" bw="32" slack="5"/>
</pin_list>
<bind>
<opset="window_1_1_promoted237291 "/>
</bind>
</comp>

<comp id="2567" class="1005" name="window_1_0_promoted239298_reg_2567">
<pin_list>
<pin id="2568" dir="0" index="0" bw="32" slack="5"/>
<pin id="2569" dir="1" index="1" bw="32" slack="5"/>
</pin_list>
<bind>
<opset="window_1_0_promoted239298 "/>
</bind>
</comp>

<comp id="2573" class="1005" name="window_1_2_promoted241305_reg_2573">
<pin_list>
<pin id="2574" dir="0" index="0" bw="32" slack="5"/>
<pin id="2575" dir="1" index="1" bw="32" slack="5"/>
</pin_list>
<bind>
<opset="window_1_2_promoted241305 "/>
</bind>
</comp>

<comp id="2579" class="1005" name="window_0_1_promoted243312_reg_2579">
<pin_list>
<pin id="2580" dir="0" index="0" bw="32" slack="5"/>
<pin id="2581" dir="1" index="1" bw="32" slack="5"/>
</pin_list>
<bind>
<opset="window_0_1_promoted243312 "/>
</bind>
</comp>

<comp id="2585" class="1005" name="window_0_0_promoted245319_reg_2585">
<pin_list>
<pin id="2586" dir="0" index="0" bw="32" slack="5"/>
<pin id="2587" dir="1" index="1" bw="32" slack="5"/>
</pin_list>
<bind>
<opset="window_0_0_promoted245319 "/>
</bind>
</comp>

<comp id="2591" class="1005" name="window_0_2_promoted247326_reg_2591">
<pin_list>
<pin id="2592" dir="0" index="0" bw="32" slack="5"/>
<pin id="2593" dir="1" index="1" bw="32" slack="5"/>
</pin_list>
<bind>
<opset="window_0_2_promoted247326 "/>
</bind>
</comp>

<comp id="2597" class="1005" name="window_2_1_promoted249333_reg_2597">
<pin_list>
<pin id="2598" dir="0" index="0" bw="32" slack="5"/>
<pin id="2599" dir="1" index="1" bw="32" slack="5"/>
</pin_list>
<bind>
<opset="window_2_1_promoted249333 "/>
</bind>
</comp>

<comp id="2603" class="1005" name="window_2_0_promoted251340_reg_2603">
<pin_list>
<pin id="2604" dir="0" index="0" bw="32" slack="5"/>
<pin id="2605" dir="1" index="1" bw="32" slack="5"/>
</pin_list>
<bind>
<opset="window_2_0_promoted251340 "/>
</bind>
</comp>

<comp id="2609" class="1005" name="window_2_2_promoted253347_reg_2609">
<pin_list>
<pin id="2610" dir="0" index="0" bw="32" slack="5"/>
<pin id="2611" dir="1" index="1" bw="32" slack="5"/>
</pin_list>
<bind>
<opset="window_2_2_promoted253347 "/>
</bind>
</comp>

<comp id="2615" class="1005" name="window4153_reg_2615">
<pin_list>
<pin id="2616" dir="0" index="0" bw="32" slack="6"/>
<pin id="2617" dir="1" index="1" bw="32" slack="6"/>
</pin_list>
<bind>
<opset="window4153 "/>
</bind>
</comp>

<comp id="2621" class="1005" name="window_214260_reg_2621">
<pin_list>
<pin id="2622" dir="0" index="0" bw="32" slack="6"/>
<pin id="2623" dir="1" index="1" bw="32" slack="6"/>
</pin_list>
<bind>
<opset="window_214260 "/>
</bind>
</comp>

<comp id="2627" class="1005" name="window_224367_reg_2627">
<pin_list>
<pin id="2628" dir="0" index="0" bw="32" slack="6"/>
<pin id="2629" dir="1" index="1" bw="32" slack="6"/>
</pin_list>
<bind>
<opset="window_224367 "/>
</bind>
</comp>

<comp id="2633" class="1005" name="window_234474_reg_2633">
<pin_list>
<pin id="2634" dir="0" index="0" bw="32" slack="6"/>
<pin id="2635" dir="1" index="1" bw="32" slack="6"/>
</pin_list>
<bind>
<opset="window_234474 "/>
</bind>
</comp>

<comp id="2639" class="1005" name="window_244581_reg_2639">
<pin_list>
<pin id="2640" dir="0" index="0" bw="32" slack="6"/>
<pin id="2641" dir="1" index="1" bw="32" slack="6"/>
</pin_list>
<bind>
<opset="window_244581 "/>
</bind>
</comp>

<comp id="2645" class="1005" name="window_254688_reg_2645">
<pin_list>
<pin id="2646" dir="0" index="0" bw="32" slack="6"/>
<pin id="2647" dir="1" index="1" bw="32" slack="6"/>
</pin_list>
<bind>
<opset="window_254688 "/>
</bind>
</comp>

<comp id="2651" class="1005" name="window_264795_reg_2651">
<pin_list>
<pin id="2652" dir="0" index="0" bw="32" slack="6"/>
<pin id="2653" dir="1" index="1" bw="32" slack="6"/>
</pin_list>
<bind>
<opset="window_264795 "/>
</bind>
</comp>

<comp id="2657" class="1005" name="window_2748102_reg_2657">
<pin_list>
<pin id="2658" dir="0" index="0" bw="32" slack="6"/>
<pin id="2659" dir="1" index="1" bw="32" slack="6"/>
</pin_list>
<bind>
<opset="window_2748102 "/>
</bind>
</comp>

<comp id="2663" class="1005" name="window_2849109_reg_2663">
<pin_list>
<pin id="2664" dir="0" index="0" bw="32" slack="6"/>
<pin id="2665" dir="1" index="1" bw="32" slack="6"/>
</pin_list>
<bind>
<opset="window_2849109 "/>
</bind>
</comp>

<comp id="2669" class="1005" name="mux_case_0_loc_reg_2669">
<pin_list>
<pin id="2670" dir="0" index="0" bw="32" slack="6"/>
<pin id="2671" dir="1" index="1" bw="32" slack="6"/>
</pin_list>
<bind>
<opset="mux_case_0_loc "/>
</bind>
</comp>

<comp id="2675" class="1005" name="mux_case_1_loc_reg_2675">
<pin_list>
<pin id="2676" dir="0" index="0" bw="32" slack="6"/>
<pin id="2677" dir="1" index="1" bw="32" slack="6"/>
</pin_list>
<bind>
<opset="mux_case_1_loc "/>
</bind>
</comp>

<comp id="2681" class="1005" name="mux_case_2_loc_reg_2681">
<pin_list>
<pin id="2682" dir="0" index="0" bw="32" slack="6"/>
<pin id="2683" dir="1" index="1" bw="32" slack="6"/>
</pin_list>
<bind>
<opset="mux_case_2_loc "/>
</bind>
</comp>

<comp id="2687" class="1005" name="mux_case_084_loc_reg_2687">
<pin_list>
<pin id="2688" dir="0" index="0" bw="32" slack="6"/>
<pin id="2689" dir="1" index="1" bw="32" slack="6"/>
</pin_list>
<bind>
<opset="mux_case_084_loc "/>
</bind>
</comp>

<comp id="2693" class="1005" name="mux_case_185_loc_reg_2693">
<pin_list>
<pin id="2694" dir="0" index="0" bw="32" slack="6"/>
<pin id="2695" dir="1" index="1" bw="32" slack="6"/>
</pin_list>
<bind>
<opset="mux_case_185_loc "/>
</bind>
</comp>

<comp id="2699" class="1005" name="mux_case_286_loc_reg_2699">
<pin_list>
<pin id="2700" dir="0" index="0" bw="32" slack="6"/>
<pin id="2701" dir="1" index="1" bw="32" slack="6"/>
</pin_list>
<bind>
<opset="mux_case_286_loc "/>
</bind>
</comp>

<comp id="2705" class="1005" name="window_1_1_promoted237295_loc_reg_2705">
<pin_list>
<pin id="2706" dir="0" index="0" bw="32" slack="6"/>
<pin id="2707" dir="1" index="1" bw="32" slack="6"/>
</pin_list>
<bind>
<opset="window_1_1_promoted237295_loc "/>
</bind>
</comp>

<comp id="2711" class="1005" name="window_1_0_promoted239302_loc_reg_2711">
<pin_list>
<pin id="2712" dir="0" index="0" bw="32" slack="6"/>
<pin id="2713" dir="1" index="1" bw="32" slack="6"/>
</pin_list>
<bind>
<opset="window_1_0_promoted239302_loc "/>
</bind>
</comp>

<comp id="2717" class="1005" name="window_1_2_promoted241309_loc_reg_2717">
<pin_list>
<pin id="2718" dir="0" index="0" bw="32" slack="6"/>
<pin id="2719" dir="1" index="1" bw="32" slack="6"/>
</pin_list>
<bind>
<opset="window_1_2_promoted241309_loc "/>
</bind>
</comp>

<comp id="2723" class="1005" name="window_0_1_promoted243316_loc_reg_2723">
<pin_list>
<pin id="2724" dir="0" index="0" bw="32" slack="6"/>
<pin id="2725" dir="1" index="1" bw="32" slack="6"/>
</pin_list>
<bind>
<opset="window_0_1_promoted243316_loc "/>
</bind>
</comp>

<comp id="2729" class="1005" name="window_0_0_promoted245323_loc_reg_2729">
<pin_list>
<pin id="2730" dir="0" index="0" bw="32" slack="6"/>
<pin id="2731" dir="1" index="1" bw="32" slack="6"/>
</pin_list>
<bind>
<opset="window_0_0_promoted245323_loc "/>
</bind>
</comp>

<comp id="2735" class="1005" name="window_0_2_promoted247330_loc_reg_2735">
<pin_list>
<pin id="2736" dir="0" index="0" bw="32" slack="6"/>
<pin id="2737" dir="1" index="1" bw="32" slack="6"/>
</pin_list>
<bind>
<opset="window_0_2_promoted247330_loc "/>
</bind>
</comp>

<comp id="2741" class="1005" name="window_2_1_promoted249337_loc_reg_2741">
<pin_list>
<pin id="2742" dir="0" index="0" bw="32" slack="6"/>
<pin id="2743" dir="1" index="1" bw="32" slack="6"/>
</pin_list>
<bind>
<opset="window_2_1_promoted249337_loc "/>
</bind>
</comp>

<comp id="2747" class="1005" name="window_2_0_promoted251344_loc_reg_2747">
<pin_list>
<pin id="2748" dir="0" index="0" bw="32" slack="6"/>
<pin id="2749" dir="1" index="1" bw="32" slack="6"/>
</pin_list>
<bind>
<opset="window_2_0_promoted251344_loc "/>
</bind>
</comp>

<comp id="2753" class="1005" name="window_2_2_promoted253351_loc_reg_2753">
<pin_list>
<pin id="2754" dir="0" index="0" bw="32" slack="6"/>
<pin id="2755" dir="1" index="1" bw="32" slack="6"/>
</pin_list>
<bind>
<opset="window_2_2_promoted253351_loc "/>
</bind>
</comp>

<comp id="2759" class="1005" name="window4151_loc_reg_2759">
<pin_list>
<pin id="2760" dir="0" index="0" bw="32" slack="6"/>
<pin id="2761" dir="1" index="1" bw="32" slack="6"/>
</pin_list>
<bind>
<opset="window4151_loc "/>
</bind>
</comp>

<comp id="2765" class="1005" name="window_214258_loc_reg_2765">
<pin_list>
<pin id="2766" dir="0" index="0" bw="32" slack="6"/>
<pin id="2767" dir="1" index="1" bw="32" slack="6"/>
</pin_list>
<bind>
<opset="window_214258_loc "/>
</bind>
</comp>

<comp id="2771" class="1005" name="window_224365_loc_reg_2771">
<pin_list>
<pin id="2772" dir="0" index="0" bw="32" slack="6"/>
<pin id="2773" dir="1" index="1" bw="32" slack="6"/>
</pin_list>
<bind>
<opset="window_224365_loc "/>
</bind>
</comp>

<comp id="2777" class="1005" name="window_234472_loc_reg_2777">
<pin_list>
<pin id="2778" dir="0" index="0" bw="32" slack="6"/>
<pin id="2779" dir="1" index="1" bw="32" slack="6"/>
</pin_list>
<bind>
<opset="window_234472_loc "/>
</bind>
</comp>

<comp id="2783" class="1005" name="window_244579_loc_reg_2783">
<pin_list>
<pin id="2784" dir="0" index="0" bw="32" slack="6"/>
<pin id="2785" dir="1" index="1" bw="32" slack="6"/>
</pin_list>
<bind>
<opset="window_244579_loc "/>
</bind>
</comp>

<comp id="2789" class="1005" name="window_254686_loc_reg_2789">
<pin_list>
<pin id="2790" dir="0" index="0" bw="32" slack="6"/>
<pin id="2791" dir="1" index="1" bw="32" slack="6"/>
</pin_list>
<bind>
<opset="window_254686_loc "/>
</bind>
</comp>

<comp id="2795" class="1005" name="window_264793_loc_reg_2795">
<pin_list>
<pin id="2796" dir="0" index="0" bw="32" slack="6"/>
<pin id="2797" dir="1" index="1" bw="32" slack="6"/>
</pin_list>
<bind>
<opset="window_264793_loc "/>
</bind>
</comp>

<comp id="2801" class="1005" name="window_2748100_loc_reg_2801">
<pin_list>
<pin id="2802" dir="0" index="0" bw="32" slack="6"/>
<pin id="2803" dir="1" index="1" bw="32" slack="6"/>
</pin_list>
<bind>
<opset="window_2748100_loc "/>
</bind>
</comp>

<comp id="2807" class="1005" name="window_2849107_loc_reg_2807">
<pin_list>
<pin id="2808" dir="0" index="0" bw="32" slack="6"/>
<pin id="2809" dir="1" index="1" bw="32" slack="6"/>
</pin_list>
<bind>
<opset="window_2849107_loc "/>
</bind>
</comp>

<comp id="2813" class="1005" name="mux_case_08_loc_reg_2813">
<pin_list>
<pin id="2814" dir="0" index="0" bw="32" slack="6"/>
<pin id="2815" dir="1" index="1" bw="32" slack="6"/>
</pin_list>
<bind>
<opset="mux_case_08_loc "/>
</bind>
</comp>

<comp id="2819" class="1005" name="mux_case_119_loc_reg_2819">
<pin_list>
<pin id="2820" dir="0" index="0" bw="32" slack="6"/>
<pin id="2821" dir="1" index="1" bw="32" slack="6"/>
</pin_list>
<bind>
<opset="mux_case_119_loc "/>
</bind>
</comp>

<comp id="2825" class="1005" name="mux_case_230_loc_reg_2825">
<pin_list>
<pin id="2826" dir="0" index="0" bw="32" slack="6"/>
<pin id="2827" dir="1" index="1" bw="32" slack="6"/>
</pin_list>
<bind>
<opset="mux_case_230_loc "/>
</bind>
</comp>

<comp id="2831" class="1005" name="mux_case_08440_loc_reg_2831">
<pin_list>
<pin id="2832" dir="0" index="0" bw="32" slack="6"/>
<pin id="2833" dir="1" index="1" bw="32" slack="6"/>
</pin_list>
<bind>
<opset="mux_case_08440_loc "/>
</bind>
</comp>

<comp id="2837" class="1005" name="mux_case_18551_loc_reg_2837">
<pin_list>
<pin id="2838" dir="0" index="0" bw="32" slack="6"/>
<pin id="2839" dir="1" index="1" bw="32" slack="6"/>
</pin_list>
<bind>
<opset="mux_case_18551_loc "/>
</bind>
</comp>

<comp id="2843" class="1005" name="mux_case_28662_loc_reg_2843">
<pin_list>
<pin id="2844" dir="0" index="0" bw="32" slack="6"/>
<pin id="2845" dir="1" index="1" bw="32" slack="6"/>
</pin_list>
<bind>
<opset="mux_case_28662_loc "/>
</bind>
</comp>

<comp id="2849" class="1005" name="p_loc187_reg_2849">
<pin_list>
<pin id="2850" dir="0" index="0" bw="32" slack="6"/>
<pin id="2851" dir="1" index="1" bw="32" slack="6"/>
</pin_list>
<bind>
<opset="p_loc187 "/>
</bind>
</comp>

<comp id="2855" class="1005" name="p_loc186_reg_2855">
<pin_list>
<pin id="2856" dir="0" index="0" bw="32" slack="6"/>
<pin id="2857" dir="1" index="1" bw="32" slack="6"/>
</pin_list>
<bind>
<opset="p_loc186 "/>
</bind>
</comp>

<comp id="2861" class="1005" name="p_loc185_reg_2861">
<pin_list>
<pin id="2862" dir="0" index="0" bw="32" slack="6"/>
<pin id="2863" dir="1" index="1" bw="32" slack="6"/>
</pin_list>
<bind>
<opset="p_loc185 "/>
</bind>
</comp>

<comp id="2867" class="1005" name="p_loc184_reg_2867">
<pin_list>
<pin id="2868" dir="0" index="0" bw="32" slack="6"/>
<pin id="2869" dir="1" index="1" bw="32" slack="6"/>
</pin_list>
<bind>
<opset="p_loc184 "/>
</bind>
</comp>

<comp id="2873" class="1005" name="p_loc183_reg_2873">
<pin_list>
<pin id="2874" dir="0" index="0" bw="32" slack="6"/>
<pin id="2875" dir="1" index="1" bw="32" slack="6"/>
</pin_list>
<bind>
<opset="p_loc183 "/>
</bind>
</comp>

<comp id="2879" class="1005" name="p_loc182_reg_2879">
<pin_list>
<pin id="2880" dir="0" index="0" bw="32" slack="6"/>
<pin id="2881" dir="1" index="1" bw="32" slack="6"/>
</pin_list>
<bind>
<opset="p_loc182 "/>
</bind>
</comp>

<comp id="2885" class="1005" name="p_loc181_reg_2885">
<pin_list>
<pin id="2886" dir="0" index="0" bw="32" slack="6"/>
<pin id="2887" dir="1" index="1" bw="32" slack="6"/>
</pin_list>
<bind>
<opset="p_loc181 "/>
</bind>
</comp>

<comp id="2891" class="1005" name="p_loc180_reg_2891">
<pin_list>
<pin id="2892" dir="0" index="0" bw="32" slack="6"/>
<pin id="2893" dir="1" index="1" bw="32" slack="6"/>
</pin_list>
<bind>
<opset="p_loc180 "/>
</bind>
</comp>

<comp id="2897" class="1005" name="p_loc179_reg_2897">
<pin_list>
<pin id="2898" dir="0" index="0" bw="32" slack="6"/>
<pin id="2899" dir="1" index="1" bw="32" slack="6"/>
</pin_list>
<bind>
<opset="p_loc179 "/>
</bind>
</comp>

<comp id="2903" class="1005" name="p_loc142_reg_2903">
<pin_list>
<pin id="2904" dir="0" index="0" bw="32" slack="1"/>
<pin id="2905" dir="1" index="1" bw="32" slack="1"/>
</pin_list>
<bind>
<opset="p_loc142 "/>
</bind>
</comp>

<comp id="2909" class="1005" name="p_loc141_reg_2909">
<pin_list>
<pin id="2910" dir="0" index="0" bw="32" slack="1"/>
<pin id="2911" dir="1" index="1" bw="32" slack="1"/>
</pin_list>
<bind>
<opset="p_loc141 "/>
</bind>
</comp>

<comp id="2915" class="1005" name="p_loc140_reg_2915">
<pin_list>
<pin id="2916" dir="0" index="0" bw="32" slack="1"/>
<pin id="2917" dir="1" index="1" bw="32" slack="1"/>
</pin_list>
<bind>
<opset="p_loc140 "/>
</bind>
</comp>

<comp id="2921" class="1005" name="p_loc139_reg_2921">
<pin_list>
<pin id="2922" dir="0" index="0" bw="32" slack="1"/>
<pin id="2923" dir="1" index="1" bw="32" slack="1"/>
</pin_list>
<bind>
<opset="p_loc139 "/>
</bind>
</comp>

<comp id="2927" class="1005" name="p_loc138_reg_2927">
<pin_list>
<pin id="2928" dir="0" index="0" bw="32" slack="1"/>
<pin id="2929" dir="1" index="1" bw="32" slack="1"/>
</pin_list>
<bind>
<opset="p_loc138 "/>
</bind>
</comp>

<comp id="2933" class="1005" name="p_loc137_reg_2933">
<pin_list>
<pin id="2934" dir="0" index="0" bw="32" slack="1"/>
<pin id="2935" dir="1" index="1" bw="32" slack="1"/>
</pin_list>
<bind>
<opset="p_loc137 "/>
</bind>
</comp>

<comp id="2939" class="1005" name="p_loc136_reg_2939">
<pin_list>
<pin id="2940" dir="0" index="0" bw="32" slack="1"/>
<pin id="2941" dir="1" index="1" bw="32" slack="1"/>
</pin_list>
<bind>
<opset="p_loc136 "/>
</bind>
</comp>

<comp id="2945" class="1005" name="p_loc135_reg_2945">
<pin_list>
<pin id="2946" dir="0" index="0" bw="32" slack="1"/>
<pin id="2947" dir="1" index="1" bw="32" slack="1"/>
</pin_list>
<bind>
<opset="p_loc135 "/>
</bind>
</comp>

<comp id="2951" class="1005" name="p_loc134_reg_2951">
<pin_list>
<pin id="2952" dir="0" index="0" bw="32" slack="1"/>
<pin id="2953" dir="1" index="1" bw="32" slack="1"/>
</pin_list>
<bind>
<opset="p_loc134 "/>
</bind>
</comp>

<comp id="2957" class="1005" name="p_loc133_reg_2957">
<pin_list>
<pin id="2958" dir="0" index="0" bw="32" slack="1"/>
<pin id="2959" dir="1" index="1" bw="32" slack="1"/>
</pin_list>
<bind>
<opset="p_loc133 "/>
</bind>
</comp>

<comp id="2963" class="1005" name="p_loc132_reg_2963">
<pin_list>
<pin id="2964" dir="0" index="0" bw="32" slack="1"/>
<pin id="2965" dir="1" index="1" bw="32" slack="1"/>
</pin_list>
<bind>
<opset="p_loc132 "/>
</bind>
</comp>

<comp id="2969" class="1005" name="p_loc131_reg_2969">
<pin_list>
<pin id="2970" dir="0" index="0" bw="32" slack="1"/>
<pin id="2971" dir="1" index="1" bw="32" slack="1"/>
</pin_list>
<bind>
<opset="p_loc131 "/>
</bind>
</comp>

<comp id="2975" class="1005" name="p_loc130_reg_2975">
<pin_list>
<pin id="2976" dir="0" index="0" bw="32" slack="1"/>
<pin id="2977" dir="1" index="1" bw="32" slack="1"/>
</pin_list>
<bind>
<opset="p_loc130 "/>
</bind>
</comp>

<comp id="2981" class="1005" name="p_loc129_reg_2981">
<pin_list>
<pin id="2982" dir="0" index="0" bw="32" slack="1"/>
<pin id="2983" dir="1" index="1" bw="32" slack="1"/>
</pin_list>
<bind>
<opset="p_loc129 "/>
</bind>
</comp>

<comp id="2987" class="1005" name="p_loc128_reg_2987">
<pin_list>
<pin id="2988" dir="0" index="0" bw="32" slack="1"/>
<pin id="2989" dir="1" index="1" bw="32" slack="1"/>
</pin_list>
<bind>
<opset="p_loc128 "/>
</bind>
</comp>

<comp id="2993" class="1005" name="p_loc127_reg_2993">
<pin_list>
<pin id="2994" dir="0" index="0" bw="32" slack="1"/>
<pin id="2995" dir="1" index="1" bw="32" slack="1"/>
</pin_list>
<bind>
<opset="p_loc127 "/>
</bind>
</comp>

<comp id="2999" class="1005" name="p_loc126_reg_2999">
<pin_list>
<pin id="3000" dir="0" index="0" bw="32" slack="1"/>
<pin id="3001" dir="1" index="1" bw="32" slack="1"/>
</pin_list>
<bind>
<opset="p_loc126 "/>
</bind>
</comp>

<comp id="3005" class="1005" name="p_loc125_reg_3005">
<pin_list>
<pin id="3006" dir="0" index="0" bw="32" slack="1"/>
<pin id="3007" dir="1" index="1" bw="32" slack="1"/>
</pin_list>
<bind>
<opset="p_loc125 "/>
</bind>
</comp>

<comp id="3011" class="1005" name="p_loc124_reg_3011">
<pin_list>
<pin id="3012" dir="0" index="0" bw="32" slack="1"/>
<pin id="3013" dir="1" index="1" bw="32" slack="1"/>
</pin_list>
<bind>
<opset="p_loc124 "/>
</bind>
</comp>

<comp id="3017" class="1005" name="p_loc123_reg_3017">
<pin_list>
<pin id="3018" dir="0" index="0" bw="32" slack="1"/>
<pin id="3019" dir="1" index="1" bw="32" slack="1"/>
</pin_list>
<bind>
<opset="p_loc123 "/>
</bind>
</comp>

<comp id="3023" class="1005" name="p_loc122_reg_3023">
<pin_list>
<pin id="3024" dir="0" index="0" bw="32" slack="1"/>
<pin id="3025" dir="1" index="1" bw="32" slack="1"/>
</pin_list>
<bind>
<opset="p_loc122 "/>
</bind>
</comp>

<comp id="3029" class="1005" name="p_loc121_reg_3029">
<pin_list>
<pin id="3030" dir="0" index="0" bw="32" slack="1"/>
<pin id="3031" dir="1" index="1" bw="32" slack="1"/>
</pin_list>
<bind>
<opset="p_loc121 "/>
</bind>
</comp>

<comp id="3035" class="1005" name="p_loc120_reg_3035">
<pin_list>
<pin id="3036" dir="0" index="0" bw="32" slack="1"/>
<pin id="3037" dir="1" index="1" bw="32" slack="1"/>
</pin_list>
<bind>
<opset="p_loc120 "/>
</bind>
</comp>

<comp id="3041" class="1005" name="p_loc119_reg_3041">
<pin_list>
<pin id="3042" dir="0" index="0" bw="32" slack="1"/>
<pin id="3043" dir="1" index="1" bw="32" slack="1"/>
</pin_list>
<bind>
<opset="p_loc119 "/>
</bind>
</comp>

<comp id="3047" class="1005" name="p_loc118_reg_3047">
<pin_list>
<pin id="3048" dir="0" index="0" bw="32" slack="1"/>
<pin id="3049" dir="1" index="1" bw="32" slack="1"/>
</pin_list>
<bind>
<opset="p_loc118 "/>
</bind>
</comp>

<comp id="3053" class="1005" name="p_loc117_reg_3053">
<pin_list>
<pin id="3054" dir="0" index="0" bw="32" slack="1"/>
<pin id="3055" dir="1" index="1" bw="32" slack="1"/>
</pin_list>
<bind>
<opset="p_loc117 "/>
</bind>
</comp>

<comp id="3059" class="1005" name="p_loc116_reg_3059">
<pin_list>
<pin id="3060" dir="0" index="0" bw="32" slack="1"/>
<pin id="3061" dir="1" index="1" bw="32" slack="1"/>
</pin_list>
<bind>
<opset="p_loc116 "/>
</bind>
</comp>

<comp id="3065" class="1005" name="p_loc115_reg_3065">
<pin_list>
<pin id="3066" dir="0" index="0" bw="32" slack="1"/>
<pin id="3067" dir="1" index="1" bw="32" slack="1"/>
</pin_list>
<bind>
<opset="p_loc115 "/>
</bind>
</comp>

<comp id="3071" class="1005" name="p_loc114_reg_3071">
<pin_list>
<pin id="3072" dir="0" index="0" bw="32" slack="1"/>
<pin id="3073" dir="1" index="1" bw="32" slack="1"/>
</pin_list>
<bind>
<opset="p_loc114 "/>
</bind>
</comp>

<comp id="3077" class="1005" name="p_loc113_reg_3077">
<pin_list>
<pin id="3078" dir="0" index="0" bw="32" slack="1"/>
<pin id="3079" dir="1" index="1" bw="32" slack="1"/>
</pin_list>
<bind>
<opset="p_loc113 "/>
</bind>
</comp>

<comp id="3083" class="1005" name="p_loc112_reg_3083">
<pin_list>
<pin id="3084" dir="0" index="0" bw="32" slack="1"/>
<pin id="3085" dir="1" index="1" bw="32" slack="1"/>
</pin_list>
<bind>
<opset="p_loc112 "/>
</bind>
</comp>

<comp id="3089" class="1005" name="p_loc111_reg_3089">
<pin_list>
<pin id="3090" dir="0" index="0" bw="32" slack="1"/>
<pin id="3091" dir="1" index="1" bw="32" slack="1"/>
</pin_list>
<bind>
<opset="p_loc111 "/>
</bind>
</comp>

<comp id="3095" class="1005" name="p_loc110_reg_3095">
<pin_list>
<pin id="3096" dir="0" index="0" bw="32" slack="1"/>
<pin id="3097" dir="1" index="1" bw="32" slack="1"/>
</pin_list>
<bind>
<opset="p_loc110 "/>
</bind>
</comp>

<comp id="3101" class="1005" name="p_loc109_reg_3101">
<pin_list>
<pin id="3102" dir="0" index="0" bw="32" slack="1"/>
<pin id="3103" dir="1" index="1" bw="32" slack="1"/>
</pin_list>
<bind>
<opset="p_loc109 "/>
</bind>
</comp>

<comp id="3107" class="1005" name="p_loc108_reg_3107">
<pin_list>
<pin id="3108" dir="0" index="0" bw="32" slack="1"/>
<pin id="3109" dir="1" index="1" bw="32" slack="1"/>
</pin_list>
<bind>
<opset="p_loc108 "/>
</bind>
</comp>

<comp id="3113" class="1005" name="p_loc_reg_3113">
<pin_list>
<pin id="3114" dir="0" index="0" bw="32" slack="1"/>
<pin id="3115" dir="1" index="1" bw="32" slack="1"/>
</pin_list>
<bind>
<opset="p_loc "/>
</bind>
</comp>

<comp id="3125" class="1005" name="add_ln133_reg_3125">
<pin_list>
<pin id="3126" dir="0" index="0" bw="3" slack="3"/>
<pin id="3127" dir="1" index="1" bw="3" slack="3"/>
</pin_list>
<bind>
<opset="add_ln133 "/>
</bind>
</comp>

<comp id="3238" class="1005" name="or_ln_reg_3238">
<pin_list>
<pin id="3239" dir="0" index="0" bw="8" slack="1"/>
<pin id="3240" dir="1" index="1" bw="8" slack="1"/>
</pin_list>
<bind>
<opset="or_ln "/>
</bind>
</comp>

<comp id="3243" class="1005" name="conv2_bias_addr_reg_3243">
<pin_list>
<pin id="3244" dir="0" index="0" bw="2" slack="1"/>
<pin id="3245" dir="1" index="1" bw="2" slack="1"/>
</pin_list>
<bind>
<opset="conv2_bias_addr "/>
</bind>
</comp>

<comp id="3248" class="1005" name="sext_ln133_reg_3248">
<pin_list>
<pin id="3249" dir="0" index="0" bw="10" slack="2"/>
<pin id="3250" dir="1" index="1" bw="10" slack="2"/>
</pin_list>
<bind>
<opset="sext_ln133 "/>
</bind>
</comp>

<comp id="3361" class="1005" name="conv2_bias_load_reg_3361">
<pin_list>
<pin id="3362" dir="0" index="0" bw="32" slack="6"/>
<pin id="3363" dir="1" index="1" bw="32" slack="6"/>
</pin_list>
<bind>
<opset="conv2_bias_load "/>
</bind>
</comp>

<comp id="3369" class="1005" name="add_ln137_1_reg_3369">
<pin_list>
<pin id="3370" dir="0" index="0" bw="12" slack="0"/>
<pin id="3371" dir="1" index="1" bw="12" slack="0"/>
</pin_list>
<bind>
<opset="add_ln137_1 "/>
</bind>
</comp>

<comp id="3374" class="1005" name="icmp_ln139_reg_3374">
<pin_list>
<pin id="3375" dir="0" index="0" bw="1" slack="1"/>
<pin id="3376" dir="1" index="1" bw="1" slack="1"/>
</pin_list>
<bind>
<opset="icmp_ln139 "/>
</bind>
</comp>

<comp id="3384" class="1005" name="select_ln137_reg_3384">
<pin_list>
<pin id="3385" dir="0" index="0" bw="5" slack="1"/>
<pin id="3386" dir="1" index="1" bw="5" slack="1"/>
</pin_list>
<bind>
<opset="select_ln137 "/>
</bind>
</comp>

<comp id="3390" class="1005" name="select_ln137_1_reg_3390">
<pin_list>
<pin id="3391" dir="0" index="0" bw="3" slack="1"/>
<pin id="3392" dir="1" index="1" bw="3" slack="1"/>
</pin_list>
<bind>
<opset="select_ln137_1 "/>
</bind>
</comp>

<comp id="3395" class="1005" name="mul_ln52_reg_3395">
<pin_list>
<pin id="3396" dir="0" index="0" bw="8" slack="1"/>
<pin id="3397" dir="1" index="1" bw="8" slack="1"/>
</pin_list>
<bind>
<opset="mul_ln52 "/>
</bind>
</comp>

<comp id="3401" class="1005" name="select_ln137_2_reg_3401">
<pin_list>
<pin id="3402" dir="0" index="0" bw="1" slack="3"/>
<pin id="3403" dir="1" index="1" bw="1" slack="4"/>
</pin_list>
<bind>
<opset="select_ln137_2 "/>
</bind>
</comp>

<comp id="3406" class="1005" name="select_ln137_3_reg_3406">
<pin_list>
<pin id="3407" dir="0" index="0" bw="1" slack="30"/>
<pin id="3408" dir="1" index="1" bw="1" slack="2147483647"/>
</pin_list>
<bind>
<opset="select_ln137_3 "/>
</bind>
</comp>

<comp id="3410" class="1005" name="trunc_ln137_reg_3410">
<pin_list>
<pin id="3411" dir="0" index="0" bw="2" slack="5"/>
<pin id="3412" dir="1" index="1" bw="2" slack="5"/>
</pin_list>
<bind>
<opset="trunc_ln137 "/>
</bind>
</comp>

<comp id="3415" class="1005" name="select_ln139_reg_3415">
<pin_list>
<pin id="3416" dir="0" index="0" bw="5" slack="1"/>
<pin id="3417" dir="1" index="1" bw="5" slack="1"/>
</pin_list>
<bind>
<opset="select_ln139 "/>
</bind>
</comp>

<comp id="3422" class="1005" name="select_ln139_2_reg_3422">
<pin_list>
<pin id="3423" dir="0" index="0" bw="5" slack="1"/>
<pin id="3424" dir="1" index="1" bw="5" slack="1"/>
</pin_list>
<bind>
<opset="select_ln139_2 "/>
</bind>
</comp>

<comp id="3429" class="1005" name="sub_ln146_1_reg_3429">
<pin_list>
<pin id="3430" dir="0" index="0" bw="11" slack="3"/>
<pin id="3431" dir="1" index="1" bw="11" slack="3"/>
</pin_list>
<bind>
<opset="sub_ln146_1 "/>
</bind>
</comp>

<comp id="3434" class="1005" name="trunc_ln141_reg_3434">
<pin_list>
<pin id="3435" dir="0" index="0" bw="1" slack="4"/>
<pin id="3436" dir="1" index="1" bw="1" slack="4"/>
</pin_list>
<bind>
<opset="trunc_ln141 "/>
</bind>
</comp>

<comp id="3439" class="1005" name="icmp_ln46_reg_3439">
<pin_list>
<pin id="3440" dir="0" index="0" bw="1" slack="3"/>
<pin id="3441" dir="1" index="1" bw="1" slack="2147483647"/>
</pin_list>
<bind>
<opset="icmp_ln46 "/>
</bind>
</comp>

<comp id="3515" class="1005" name="empty_189_reg_3515">
<pin_list>
<pin id="3516" dir="0" index="0" bw="5" slack="1"/>
<pin id="3517" dir="1" index="1" bw="5" slack="1"/>
</pin_list>
<bind>
<opset="empty_189 "/>
</bind>
</comp>

<comp id="3592" class="1005" name="p_loc179_load_reg_3592">
<pin_list>
<pin id="3593" dir="0" index="0" bw="32" slack="1"/>
<pin id="3594" dir="1" index="1" bw="32" slack="1"/>
</pin_list>
<bind>
<opset="p_loc179_load "/>
</bind>
</comp>

<comp id="3598" class="1005" name="p_loc180_load_reg_3598">
<pin_list>
<pin id="3599" dir="0" index="0" bw="32" slack="1"/>
<pin id="3600" dir="1" index="1" bw="32" slack="1"/>
</pin_list>
<bind>
<opset="p_loc180_load "/>
</bind>
</comp>

<comp id="3604" class="1005" name="p_loc181_load_reg_3604">
<pin_list>
<pin id="3605" dir="0" index="0" bw="32" slack="1"/>
<pin id="3606" dir="1" index="1" bw="32" slack="1"/>
</pin_list>
<bind>
<opset="p_loc181_load "/>
</bind>
</comp>

<comp id="3610" class="1005" name="p_loc182_load_reg_3610">
<pin_list>
<pin id="3611" dir="0" index="0" bw="32" slack="1"/>
<pin id="3612" dir="1" index="1" bw="32" slack="1"/>
</pin_list>
<bind>
<opset="p_loc182_load "/>
</bind>
</comp>

<comp id="3616" class="1005" name="p_loc183_load_reg_3616">
<pin_list>
<pin id="3617" dir="0" index="0" bw="32" slack="1"/>
<pin id="3618" dir="1" index="1" bw="32" slack="1"/>
</pin_list>
<bind>
<opset="p_loc183_load "/>
</bind>
</comp>

<comp id="3622" class="1005" name="p_loc184_load_reg_3622">
<pin_list>
<pin id="3623" dir="0" index="0" bw="32" slack="1"/>
<pin id="3624" dir="1" index="1" bw="32" slack="1"/>
</pin_list>
<bind>
<opset="p_loc184_load "/>
</bind>
</comp>

<comp id="3628" class="1005" name="p_loc185_load_reg_3628">
<pin_list>
<pin id="3629" dir="0" index="0" bw="32" slack="1"/>
<pin id="3630" dir="1" index="1" bw="32" slack="1"/>
</pin_list>
<bind>
<opset="p_loc185_load "/>
</bind>
</comp>

<comp id="3634" class="1005" name="p_loc186_load_reg_3634">
<pin_list>
<pin id="3635" dir="0" index="0" bw="32" slack="1"/>
<pin id="3636" dir="1" index="1" bw="32" slack="1"/>
</pin_list>
<bind>
<opset="p_loc186_load "/>
</bind>
</comp>

<comp id="3640" class="1005" name="p_loc187_load_reg_3640">
<pin_list>
<pin id="3641" dir="0" index="0" bw="32" slack="1"/>
<pin id="3642" dir="1" index="1" bw="32" slack="1"/>
</pin_list>
<bind>
<opset="p_loc187_load "/>
</bind>
</comp>

<comp id="3646" class="1005" name="mux_case_28662_loc_load_reg_3646">
<pin_list>
<pin id="3647" dir="0" index="0" bw="32" slack="1"/>
<pin id="3648" dir="1" index="1" bw="32" slack="1"/>
</pin_list>
<bind>
<opset="mux_case_28662_loc_load "/>
</bind>
</comp>

<comp id="3651" class="1005" name="mux_case_18551_loc_load_reg_3651">
<pin_list>
<pin id="3652" dir="0" index="0" bw="32" slack="1"/>
<pin id="3653" dir="1" index="1" bw="32" slack="1"/>
</pin_list>
<bind>
<opset="mux_case_18551_loc_load "/>
</bind>
</comp>

<comp id="3656" class="1005" name="mux_case_08440_loc_load_reg_3656">
<pin_list>
<pin id="3657" dir="0" index="0" bw="32" slack="1"/>
<pin id="3658" dir="1" index="1" bw="32" slack="1"/>
</pin_list>
<bind>
<opset="mux_case_08440_loc_load "/>
</bind>
</comp>

<comp id="3661" class="1005" name="mux_case_230_loc_load_reg_3661">
<pin_list>
<pin id="3662" dir="0" index="0" bw="32" slack="1"/>
<pin id="3663" dir="1" index="1" bw="32" slack="1"/>
</pin_list>
<bind>
<opset="mux_case_230_loc_load "/>
</bind>
</comp>

<comp id="3666" class="1005" name="mux_case_119_loc_load_reg_3666">
<pin_list>
<pin id="3667" dir="0" index="0" bw="32" slack="1"/>
<pin id="3668" dir="1" index="1" bw="32" slack="1"/>
</pin_list>
<bind>
<opset="mux_case_119_loc_load "/>
</bind>
</comp>

<comp id="3671" class="1005" name="mux_case_08_loc_load_reg_3671">
<pin_list>
<pin id="3672" dir="0" index="0" bw="32" slack="1"/>
<pin id="3673" dir="1" index="1" bw="32" slack="1"/>
</pin_list>
<bind>
<opset="mux_case_08_loc_load "/>
</bind>
</comp>

<comp id="3676" class="1005" name="ofmap_0_addr_reg_3676">
<pin_list>
<pin id="3677" dir="0" index="0" bw="11" slack="1"/>
<pin id="3678" dir="1" index="1" bw="11" slack="1"/>
</pin_list>
<bind>
<opset="ofmap_0_addr "/>
</bind>
</comp>

<comp id="3681" class="1005" name="ofmap_1_addr_reg_3681">
<pin_list>
<pin id="3682" dir="0" index="0" bw="11" slack="1"/>
<pin id="3683" dir="1" index="1" bw="11" slack="1"/>
</pin_list>
<bind>
<opset="ofmap_1_addr "/>
</bind>
</comp>

<comp id="3686" class="1005" name="prev_sum_reg_3686">
<pin_list>
<pin id="3687" dir="0" index="0" bw="32" slack="1"/>
<pin id="3688" dir="1" index="1" bw="32" slack="1"/>
</pin_list>
<bind>
<opset="prev_sum "/>
</bind>
</comp>

<comp id="3691" class="1005" name="sum_reg_3691">
<pin_list>
<pin id="3692" dir="0" index="0" bw="32" slack="1"/>
<pin id="3693" dir="1" index="1" bw="32" slack="1"/>
</pin_list>
<bind>
<opset="sum "/>
</bind>
</comp>

<comp id="3700" class="1005" name="select_ln73_reg_3700">
<pin_list>
<pin id="3701" dir="0" index="0" bw="32" slack="1"/>
<pin id="3702" dir="1" index="1" bw="32" slack="1"/>
</pin_list>
<bind>
<opset="select_ln73 "/>
</bind>
</comp>

<comp id="3706" class="1005" name="add_ln141_reg_3706">
<pin_list>
<pin id="3707" dir="0" index="0" bw="5" slack="1"/>
<pin id="3708" dir="1" index="1" bw="5" slack="1"/>
</pin_list>
<bind>
<opset="add_ln141 "/>
</bind>
</comp>

<comp id="3711" class="1005" name="select_ln139_3_reg_3711">
<pin_list>
<pin id="3712" dir="0" index="0" bw="10" slack="1"/>
<pin id="3713" dir="1" index="1" bw="10" slack="1"/>
</pin_list>
<bind>
<opset="select_ln139_3 "/>
</bind>
</comp>

</comp_list>

<net_list>
<net id="107"><net_src comp="10" pin="0"/><net_sink comp="104" pin=0"/></net>

<net id="111"><net_src comp="10" pin="0"/><net_sink comp="108" pin=0"/></net>

<net id="115"><net_src comp="10" pin="0"/><net_sink comp="112" pin=0"/></net>

<net id="119"><net_src comp="10" pin="0"/><net_sink comp="116" pin=0"/></net>

<net id="123"><net_src comp="10" pin="0"/><net_sink comp="120" pin=0"/></net>

<net id="127"><net_src comp="10" pin="0"/><net_sink comp="124" pin=0"/></net>

<net id="131"><net_src comp="10" pin="0"/><net_sink comp="128" pin=0"/></net>

<net id="135"><net_src comp="10" pin="0"/><net_sink comp="132" pin=0"/></net>

<net id="139"><net_src comp="10" pin="0"/><net_sink comp="136" pin=0"/></net>

<net id="143"><net_src comp="10" pin="0"/><net_sink comp="140" pin=0"/></net>

<net id="147"><net_src comp="10" pin="0"/><net_sink comp="144" pin=0"/></net>

<net id="151"><net_src comp="10" pin="0"/><net_sink comp="148" pin=0"/></net>

<net id="155"><net_src comp="10" pin="0"/><net_sink comp="152" pin=0"/></net>

<net id="159"><net_src comp="10" pin="0"/><net_sink comp="156" pin=0"/></net>

<net id="163"><net_src comp="10" pin="0"/><net_sink comp="160" pin=0"/></net>

<net id="167"><net_src comp="10" pin="0"/><net_sink comp="164" pin=0"/></net>

<net id="171"><net_src comp="10" pin="0"/><net_sink comp="168" pin=0"/></net>

<net id="175"><net_src comp="10" pin="0"/><net_sink comp="172" pin=0"/></net>

<net id="179"><net_src comp="10" pin="0"/><net_sink comp="176" pin=0"/></net>

<net id="183"><net_src comp="10" pin="0"/><net_sink comp="180" pin=0"/></net>

<net id="187"><net_src comp="10" pin="0"/><net_sink comp="184" pin=0"/></net>

<net id="191"><net_src comp="10" pin="0"/><net_sink comp="188" pin=0"/></net>

<net id="195"><net_src comp="10" pin="0"/><net_sink comp="192" pin=0"/></net>

<net id="199"><net_src comp="10" pin="0"/><net_sink comp="196" pin=0"/></net>

<net id="203"><net_src comp="10" pin="0"/><net_sink comp="200" pin=0"/></net>

<net id="207"><net_src comp="10" pin="0"/><net_sink comp="204" pin=0"/></net>

<net id="211"><net_src comp="10" pin="0"/><net_sink comp="208" pin=0"/></net>

<net id="215"><net_src comp="10" pin="0"/><net_sink comp="212" pin=0"/></net>

<net id="219"><net_src comp="10" pin="0"/><net_sink comp="216" pin=0"/></net>

<net id="223"><net_src comp="10" pin="0"/><net_sink comp="220" pin=0"/></net>

<net id="227"><net_src comp="10" pin="0"/><net_sink comp="224" pin=0"/></net>

<net id="231"><net_src comp="10" pin="0"/><net_sink comp="228" pin=0"/></net>

<net id="235"><net_src comp="10" pin="0"/><net_sink comp="232" pin=0"/></net>

<net id="239"><net_src comp="10" pin="0"/><net_sink comp="236" pin=0"/></net>

<net id="243"><net_src comp="10" pin="0"/><net_sink comp="240" pin=0"/></net>

<net id="247"><net_src comp="10" pin="0"/><net_sink comp="244" pin=0"/></net>

<net id="251"><net_src comp="10" pin="0"/><net_sink comp="248" pin=0"/></net>

<net id="255"><net_src comp="10" pin="0"/><net_sink comp="252" pin=0"/></net>

<net id="259"><net_src comp="10" pin="0"/><net_sink comp="256" pin=0"/></net>

<net id="263"><net_src comp="10" pin="0"/><net_sink comp="260" pin=0"/></net>

<net id="267"><net_src comp="10" pin="0"/><net_sink comp="264" pin=0"/></net>

<net id="271"><net_src comp="10" pin="0"/><net_sink comp="268" pin=0"/></net>

<net id="275"><net_src comp="10" pin="0"/><net_sink comp="272" pin=0"/></net>

<net id="279"><net_src comp="10" pin="0"/><net_sink comp="276" pin=0"/></net>

<net id="283"><net_src comp="10" pin="0"/><net_sink comp="280" pin=0"/></net>

<net id="287"><net_src comp="10" pin="0"/><net_sink comp="284" pin=0"/></net>

<net id="291"><net_src comp="10" pin="0"/><net_sink comp="288" pin=0"/></net>

<net id="295"><net_src comp="10" pin="0"/><net_sink comp="292" pin=0"/></net>

<net id="299"><net_src comp="10" pin="0"/><net_sink comp="296" pin=0"/></net>

<net id="303"><net_src comp="10" pin="0"/><net_sink comp="300" pin=0"/></net>

<net id="307"><net_src comp="10" pin="0"/><net_sink comp="304" pin=0"/></net>

<net id="311"><net_src comp="10" pin="0"/><net_sink comp="308" pin=0"/></net>

<net id="315"><net_src comp="10" pin="0"/><net_sink comp="312" pin=0"/></net>

<net id="319"><net_src comp="10" pin="0"/><net_sink comp="316" pin=0"/></net>

<net id="323"><net_src comp="10" pin="0"/><net_sink comp="320" pin=0"/></net>

<net id="327"><net_src comp="10" pin="0"/><net_sink comp="324" pin=0"/></net>

<net id="331"><net_src comp="10" pin="0"/><net_sink comp="328" pin=0"/></net>

<net id="335"><net_src comp="10" pin="0"/><net_sink comp="332" pin=0"/></net>

<net id="339"><net_src comp="10" pin="0"/><net_sink comp="336" pin=0"/></net>

<net id="343"><net_src comp="10" pin="0"/><net_sink comp="340" pin=0"/></net>

<net id="347"><net_src comp="10" pin="0"/><net_sink comp="344" pin=0"/></net>

<net id="351"><net_src comp="12" pin="0"/><net_sink comp="348" pin=0"/></net>

<net id="355"><net_src comp="12" pin="0"/><net_sink comp="352" pin=0"/></net>

<net id="359"><net_src comp="12" pin="0"/><net_sink comp="356" pin=0"/></net>

<net id="363"><net_src comp="12" pin="0"/><net_sink comp="360" pin=0"/></net>

<net id="367"><net_src comp="12" pin="0"/><net_sink comp="364" pin=0"/></net>

<net id="371"><net_src comp="12" pin="0"/><net_sink comp="368" pin=0"/></net>

<net id="375"><net_src comp="12" pin="0"/><net_sink comp="372" pin=0"/></net>

<net id="379"><net_src comp="12" pin="0"/><net_sink comp="376" pin=0"/></net>

<net id="383"><net_src comp="12" pin="0"/><net_sink comp="380" pin=0"/></net>

<net id="387"><net_src comp="12" pin="0"/><net_sink comp="384" pin=0"/></net>

<net id="391"><net_src comp="12" pin="0"/><net_sink comp="388" pin=0"/></net>

<net id="395"><net_src comp="12" pin="0"/><net_sink comp="392" pin=0"/></net>

<net id="399"><net_src comp="12" pin="0"/><net_sink comp="396" pin=0"/></net>

<net id="403"><net_src comp="12" pin="0"/><net_sink comp="400" pin=0"/></net>

<net id="407"><net_src comp="12" pin="0"/><net_sink comp="404" pin=0"/></net>

<net id="411"><net_src comp="12" pin="0"/><net_sink comp="408" pin=0"/></net>

<net id="415"><net_src comp="12" pin="0"/><net_sink comp="412" pin=0"/></net>

<net id="419"><net_src comp="12" pin="0"/><net_sink comp="416" pin=0"/></net>

<net id="423"><net_src comp="12" pin="0"/><net_sink comp="420" pin=0"/></net>

<net id="427"><net_src comp="12" pin="0"/><net_sink comp="424" pin=0"/></net>

<net id="431"><net_src comp="12" pin="0"/><net_sink comp="428" pin=0"/></net>

<net id="435"><net_src comp="12" pin="0"/><net_sink comp="432" pin=0"/></net>

<net id="439"><net_src comp="12" pin="0"/><net_sink comp="436" pin=0"/></net>

<net id="443"><net_src comp="12" pin="0"/><net_sink comp="440" pin=0"/></net>

<net id="447"><net_src comp="12" pin="0"/><net_sink comp="444" pin=0"/></net>

<net id="451"><net_src comp="12" pin="0"/><net_sink comp="448" pin=0"/></net>

<net id="455"><net_src comp="12" pin="0"/><net_sink comp="452" pin=0"/></net>

<net id="459"><net_src comp="12" pin="0"/><net_sink comp="456" pin=0"/></net>

<net id="463"><net_src comp="12" pin="0"/><net_sink comp="460" pin=0"/></net>

<net id="467"><net_src comp="12" pin="0"/><net_sink comp="464" pin=0"/></net>

<net id="471"><net_src comp="12" pin="0"/><net_sink comp="468" pin=0"/></net>

<net id="475"><net_src comp="12" pin="0"/><net_sink comp="472" pin=0"/></net>

<net id="479"><net_src comp="12" pin="0"/><net_sink comp="476" pin=0"/></net>

<net id="483"><net_src comp="12" pin="0"/><net_sink comp="480" pin=0"/></net>

<net id="487"><net_src comp="12" pin="0"/><net_sink comp="484" pin=0"/></net>

<net id="491"><net_src comp="12" pin="0"/><net_sink comp="488" pin=0"/></net>

<net id="495"><net_src comp="12" pin="0"/><net_sink comp="492" pin=0"/></net>

<net id="499"><net_src comp="12" pin="0"/><net_sink comp="496" pin=0"/></net>

<net id="503"><net_src comp="12" pin="0"/><net_sink comp="500" pin=0"/></net>

<net id="507"><net_src comp="12" pin="0"/><net_sink comp="504" pin=0"/></net>

<net id="511"><net_src comp="12" pin="0"/><net_sink comp="508" pin=0"/></net>

<net id="515"><net_src comp="12" pin="0"/><net_sink comp="512" pin=0"/></net>

<net id="519"><net_src comp="12" pin="0"/><net_sink comp="516" pin=0"/></net>

<net id="523"><net_src comp="12" pin="0"/><net_sink comp="520" pin=0"/></net>

<net id="527"><net_src comp="12" pin="0"/><net_sink comp="524" pin=0"/></net>

<net id="531"><net_src comp="12" pin="0"/><net_sink comp="528" pin=0"/></net>

<net id="535"><net_src comp="12" pin="0"/><net_sink comp="532" pin=0"/></net>

<net id="539"><net_src comp="12" pin="0"/><net_sink comp="536" pin=0"/></net>

<net id="543"><net_src comp="12" pin="0"/><net_sink comp="540" pin=0"/></net>

<net id="547"><net_src comp="12" pin="0"/><net_sink comp="544" pin=0"/></net>

<net id="551"><net_src comp="12" pin="0"/><net_sink comp="548" pin=0"/></net>

<net id="555"><net_src comp="12" pin="0"/><net_sink comp="552" pin=0"/></net>

<net id="559"><net_src comp="12" pin="0"/><net_sink comp="556" pin=0"/></net>

<net id="563"><net_src comp="12" pin="0"/><net_sink comp="560" pin=0"/></net>

<net id="567"><net_src comp="12" pin="0"/><net_sink comp="564" pin=0"/></net>

<net id="571"><net_src comp="12" pin="0"/><net_sink comp="568" pin=0"/></net>

<net id="575"><net_src comp="12" pin="0"/><net_sink comp="572" pin=0"/></net>

<net id="579"><net_src comp="12" pin="0"/><net_sink comp="576" pin=0"/></net>

<net id="583"><net_src comp="12" pin="0"/><net_sink comp="580" pin=0"/></net>

<net id="587"><net_src comp="12" pin="0"/><net_sink comp="584" pin=0"/></net>

<net id="591"><net_src comp="12" pin="0"/><net_sink comp="588" pin=0"/></net>

<net id="595"><net_src comp="12" pin="0"/><net_sink comp="592" pin=0"/></net>

<net id="599"><net_src comp="12" pin="0"/><net_sink comp="596" pin=0"/></net>

<net id="603"><net_src comp="12" pin="0"/><net_sink comp="600" pin=0"/></net>

<net id="607"><net_src comp="12" pin="0"/><net_sink comp="604" pin=0"/></net>

<net id="611"><net_src comp="12" pin="0"/><net_sink comp="608" pin=0"/></net>

<net id="615"><net_src comp="12" pin="0"/><net_sink comp="612" pin=0"/></net>

<net id="619"><net_src comp="12" pin="0"/><net_sink comp="616" pin=0"/></net>

<net id="623"><net_src comp="12" pin="0"/><net_sink comp="620" pin=0"/></net>

<net id="627"><net_src comp="12" pin="0"/><net_sink comp="624" pin=0"/></net>

<net id="631"><net_src comp="12" pin="0"/><net_sink comp="628" pin=0"/></net>

<net id="635"><net_src comp="12" pin="0"/><net_sink comp="632" pin=0"/></net>

<net id="639"><net_src comp="12" pin="0"/><net_sink comp="636" pin=0"/></net>

<net id="643"><net_src comp="12" pin="0"/><net_sink comp="640" pin=0"/></net>

<net id="647"><net_src comp="12" pin="0"/><net_sink comp="644" pin=0"/></net>

<net id="653"><net_src comp="8" pin="0"/><net_sink comp="648" pin=0"/></net>

<net id="654"><net_src comp="30" pin="0"/><net_sink comp="648" pin=1"/></net>

<net id="660"><net_src comp="648" pin="3"/><net_sink comp="655" pin=0"/></net>

<net id="666"><net_src comp="2" pin="0"/><net_sink comp="661" pin=0"/></net>

<net id="667"><net_src comp="30" pin="0"/><net_sink comp="661" pin=1"/></net>

<net id="673"><net_src comp="4" pin="0"/><net_sink comp="668" pin=0"/></net>

<net id="674"><net_src comp="30" pin="0"/><net_sink comp="668" pin=1"/></net>

<net id="680"><net_src comp="661" pin="3"/><net_sink comp="675" pin=0"/></net>

<net id="686"><net_src comp="668" pin="3"/><net_sink comp="681" pin=0"/></net>

<net id="690"><net_src comp="42" pin="0"/><net_sink comp="687" pin=0"/></net>

<net id="697"><net_src comp="687" pin="1"/><net_sink comp="691" pin=0"/></net>

<net id="701"><net_src comp="14" pin="0"/><net_sink comp="698" pin=0"/></net>

<net id="708"><net_src comp="698" pin="1"/><net_sink comp="702" pin=0"/></net>

<net id="709"><net_src comp="702" pin="4"/><net_sink comp="698" pin=0"/></net>

<net id="713"><net_src comp="44" pin="0"/><net_sink comp="710" pin=0"/></net>

<net id="720"><net_src comp="710" pin="1"/><net_sink comp="714" pin=0"/></net>

<net id="721"><net_src comp="714" pin="4"/><net_sink comp="710" pin=0"/></net>

<net id="725"><net_src comp="34" pin="0"/><net_sink comp="722" pin=0"/></net>

<net id="732"><net_src comp="722" pin="1"/><net_sink comp="726" pin=0"/></net>

<net id="736"><net_src comp="34" pin="0"/><net_sink comp="733" pin=0"/></net>

<net id="743"><net_src comp="733" pin="1"/><net_sink comp="737" pin=0"/></net>

<net id="744"><net_src comp="737" pin="4"/><net_sink comp="733" pin=0"/></net>

<net id="754"><net_src comp="748" pin="4"/><net_sink comp="745" pin=0"/></net>

<net id="764"><net_src comp="758" pin="4"/><net_sink comp="755" pin=0"/></net>

<net id="774"><net_src comp="768" pin="4"/><net_sink comp="765" pin=0"/></net>

<net id="784"><net_src comp="778" pin="4"/><net_sink comp="775" pin=0"/></net>

<net id="794"><net_src comp="788" pin="4"/><net_sink comp="785" pin=0"/></net>

<net id="804"><net_src comp="798" pin="4"/><net_sink comp="795" pin=0"/></net>

<net id="814"><net_src comp="808" pin="4"/><net_sink comp="805" pin=0"/></net>

<net id="824"><net_src comp="818" pin="4"/><net_sink comp="815" pin=0"/></net>

<net id="834"><net_src comp="828" pin="4"/><net_sink comp="825" pin=0"/></net>

<net id="844"><net_src comp="838" pin="4"/><net_sink comp="835" pin=0"/></net>

<net id="854"><net_src comp="848" pin="4"/><net_sink comp="845" pin=0"/></net>

<net id="864"><net_src comp="858" pin="4"/><net_sink comp="855" pin=0"/></net>

<net id="874"><net_src comp="868" pin="4"/><net_sink comp="865" pin=0"/></net>

<net id="884"><net_src comp="878" pin="4"/><net_sink comp="875" pin=0"/></net>

<net id="894"><net_src comp="888" pin="4"/><net_sink comp="885" pin=0"/></net>

<net id="904"><net_src comp="898" pin="4"/><net_sink comp="895" pin=0"/></net>

<net id="914"><net_src comp="908" pin="4"/><net_sink comp="905" pin=0"/></net>

<net id="924"><net_src comp="918" pin="4"/><net_sink comp="915" pin=0"/></net>

<net id="934"><net_src comp="928" pin="4"/><net_sink comp="925" pin=0"/></net>

<net id="944"><net_src comp="938" pin="4"/><net_sink comp="935" pin=0"/></net>

<net id="954"><net_src comp="948" pin="4"/><net_sink comp="945" pin=0"/></net>

<net id="964"><net_src comp="958" pin="4"/><net_sink comp="955" pin=0"/></net>

<net id="974"><net_src comp="968" pin="4"/><net_sink comp="965" pin=0"/></net>

<net id="984"><net_src comp="978" pin="4"/><net_sink comp="975" pin=0"/></net>

<net id="1062"><net_src comp="28" pin="0"/><net_sink comp="985" pin=0"/></net>

<net id="1063"><net_src comp="6" pin="0"/><net_sink comp="985" pin=74"/></net>

<net id="1119"><net_src comp="78" pin="0"/><net_sink comp="1064" pin=0"/></net>

<net id="1120"><net_src comp="0" pin="0"/><net_sink comp="1064" pin=28"/></net>

<net id="1157"><net_src comp="84" pin="0"/><net_sink comp="1121" pin=0"/></net>

<net id="1158"><net_src comp="0" pin="0"/><net_sink comp="1121" pin=18"/></net>

<net id="1209"><net_src comp="88" pin="0"/><net_sink comp="1159" pin=0"/></net>

<net id="1210"><net_src comp="825" pin="1"/><net_sink comp="1159" pin=38"/></net>

<net id="1211"><net_src comp="815" pin="1"/><net_sink comp="1159" pin=39"/></net>

<net id="1212"><net_src comp="805" pin="1"/><net_sink comp="1159" pin=40"/></net>

<net id="1213"><net_src comp="795" pin="1"/><net_sink comp="1159" pin=41"/></net>

<net id="1214"><net_src comp="785" pin="1"/><net_sink comp="1159" pin=42"/></net>

<net id="1215"><net_src comp="775" pin="1"/><net_sink comp="1159" pin=43"/></net>

<net id="1216"><net_src comp="765" pin="1"/><net_sink comp="1159" pin=44"/></net>

<net id="1217"><net_src comp="755" pin="1"/><net_sink comp="1159" pin=45"/></net>

<net id="1218"><net_src comp="745" pin="1"/><net_sink comp="1159" pin=46"/></net>

<net id="1223"><net_src comp="90" pin="0"/><net_sink comp="1219" pin=1"/></net>

<net id="1228"><net_src comp="14" pin="0"/><net_sink comp="1224" pin=0"/></net>

<net id="1236"><net_src comp="1229" pin="1"/><net_sink comp="1232" pin=0"/></net>

<net id="1237"><net_src comp="16" pin="0"/><net_sink comp="1232" pin=1"/></net>

<net id="1242"><net_src comp="1229" pin="1"/><net_sink comp="1238" pin=0"/></net>

<net id="1243"><net_src comp="22" pin="0"/><net_sink comp="1238" pin=1"/></net>

<net id="1247"><net_src comp="1244" pin="1"/><net_sink comp="985" pin=36"/></net>

<net id="1251"><net_src comp="1248" pin="1"/><net_sink comp="985" pin=35"/></net>

<net id="1255"><net_src comp="1252" pin="1"/><net_sink comp="985" pin=34"/></net>

<net id="1259"><net_src comp="1256" pin="1"/><net_sink comp="985" pin=33"/></net>

<net id="1263"><net_src comp="1260" pin="1"/><net_sink comp="985" pin=32"/></net>

<net id="1267"><net_src comp="1264" pin="1"/><net_sink comp="985" pin=31"/></net>

<net id="1271"><net_src comp="1268" pin="1"/><net_sink comp="985" pin=30"/></net>

<net id="1275"><net_src comp="1272" pin="1"/><net_sink comp="985" pin=29"/></net>

<net id="1279"><net_src comp="1276" pin="1"/><net_sink comp="985" pin=28"/></net>

<net id="1283"><net_src comp="1280" pin="1"/><net_sink comp="985" pin=27"/></net>

<net id="1287"><net_src comp="1284" pin="1"/><net_sink comp="985" pin=26"/></net>

<net id="1291"><net_src comp="1288" pin="1"/><net_sink comp="985" pin=25"/></net>

<net id="1295"><net_src comp="1292" pin="1"/><net_sink comp="985" pin=24"/></net>

<net id="1299"><net_src comp="1296" pin="1"/><net_sink comp="985" pin=23"/></net>

<net id="1303"><net_src comp="1300" pin="1"/><net_sink comp="985" pin=22"/></net>

<net id="1307"><net_src comp="1304" pin="1"/><net_sink comp="985" pin=21"/></net>

<net id="1311"><net_src comp="1308" pin="1"/><net_sink comp="985" pin=20"/></net>

<net id="1315"><net_src comp="1312" pin="1"/><net_sink comp="985" pin=19"/></net>

<net id="1319"><net_src comp="1316" pin="1"/><net_sink comp="985" pin=18"/></net>

<net id="1323"><net_src comp="1320" pin="1"/><net_sink comp="985" pin=17"/></net>

<net id="1327"><net_src comp="1324" pin="1"/><net_sink comp="985" pin=16"/></net>

<net id="1331"><net_src comp="1328" pin="1"/><net_sink comp="985" pin=15"/></net>

<net id="1335"><net_src comp="1332" pin="1"/><net_sink comp="985" pin=14"/></net>

<net id="1339"><net_src comp="1336" pin="1"/><net_sink comp="985" pin=13"/></net>

<net id="1343"><net_src comp="1340" pin="1"/><net_sink comp="985" pin=12"/></net>

<net id="1347"><net_src comp="1344" pin="1"/><net_sink comp="985" pin=11"/></net>

<net id="1351"><net_src comp="1348" pin="1"/><net_sink comp="985" pin=10"/></net>

<net id="1355"><net_src comp="1352" pin="1"/><net_sink comp="985" pin=9"/></net>

<net id="1359"><net_src comp="1356" pin="1"/><net_sink comp="985" pin=8"/></net>

<net id="1363"><net_src comp="1360" pin="1"/><net_sink comp="985" pin=7"/></net>

<net id="1367"><net_src comp="1364" pin="1"/><net_sink comp="985" pin=6"/></net>

<net id="1371"><net_src comp="1368" pin="1"/><net_sink comp="985" pin=5"/></net>

<net id="1375"><net_src comp="1372" pin="1"/><net_sink comp="985" pin=4"/></net>

<net id="1379"><net_src comp="1376" pin="1"/><net_sink comp="985" pin=3"/></net>

<net id="1383"><net_src comp="1380" pin="1"/><net_sink comp="985" pin=2"/></net>

<net id="1387"><net_src comp="1384" pin="1"/><net_sink comp="985" pin=1"/></net>

<net id="1394"><net_src comp="24" pin="0"/><net_sink comp="1388" pin=0"/></net>

<net id="1395"><net_src comp="1229" pin="1"/><net_sink comp="1388" pin=1"/></net>

<net id="1396"><net_src comp="1229" pin="1"/><net_sink comp="1388" pin=2"/></net>

<net id="1397"><net_src comp="26" pin="0"/><net_sink comp="1388" pin=3"/></net>

<net id="1398"><net_src comp="1388" pin="4"/><net_sink comp="985" pin=37"/></net>

<net id="1402"><net_src comp="1399" pin="1"/><net_sink comp="648" pin=2"/></net>

<net id="1408"><net_src comp="32" pin="0"/><net_sink comp="1403" pin=0"/></net>

<net id="1409"><net_src comp="34" pin="0"/><net_sink comp="1403" pin=2"/></net>

<net id="1413"><net_src comp="1403" pin="3"/><net_sink comp="1410" pin=0"/></net>

<net id="1419"><net_src comp="36" pin="0"/><net_sink comp="1414" pin=0"/></net>

<net id="1420"><net_src comp="14" pin="0"/><net_sink comp="1414" pin=2"/></net>

<net id="1424"><net_src comp="1414" pin="3"/><net_sink comp="1421" pin=0"/></net>

<net id="1429"><net_src comp="1410" pin="1"/><net_sink comp="1425" pin=0"/></net>

<net id="1430"><net_src comp="1421" pin="1"/><net_sink comp="1425" pin=1"/></net>

<net id="1434"><net_src comp="1425" pin="2"/><net_sink comp="1431" pin=0"/></net>

<net id="1547"><net_src comp="691" pin="4"/><net_sink comp="1543" pin=0"/></net>

<net id="1548"><net_src comp="46" pin="0"/><net_sink comp="1543" pin=1"/></net>

<net id="1553"><net_src comp="691" pin="4"/><net_sink comp="1549" pin=0"/></net>

<net id="1554"><net_src comp="48" pin="0"/><net_sink comp="1549" pin=1"/></net>

<net id="1559"><net_src comp="714" pin="4"/><net_sink comp="1555" pin=0"/></net>

<net id="1560"><net_src comp="50" pin="0"/><net_sink comp="1555" pin=1"/></net>

<net id="1566"><net_src comp="1555" pin="2"/><net_sink comp="1561" pin=0"/></net>

<net id="1567"><net_src comp="34" pin="0"/><net_sink comp="1561" pin=1"/></net>

<net id="1568"><net_src comp="726" pin="4"/><net_sink comp="1561" pin=2"/></net>

<net id="1721"><net_src comp="698" pin="1"/><net_sink comp="1717" pin=0"/></net>

<net id="1722"><net_src comp="22" pin="0"/><net_sink comp="1717" pin=1"/></net>

<net id="1728"><net_src comp="1717" pin="2"/><net_sink comp="1723" pin=1"/></net>

<net id="1729"><net_src comp="698" pin="1"/><net_sink comp="1723" pin=2"/></net>

<net id="1733"><net_src comp="1723" pin="3"/><net_sink comp="1730" pin=0"/></net>

<net id="1738"><net_src comp="1730" pin="1"/><net_sink comp="1734" pin=0"/></net>

<net id="1739"><net_src comp="56" pin="0"/><net_sink comp="1734" pin=1"/></net>

<net id="1744"><net_src comp="1717" pin="2"/><net_sink comp="1740" pin=0"/></net>

<net id="1745"><net_src comp="14" pin="0"/><net_sink comp="1740" pin=1"/></net>

<net id="1750"><net_src comp="698" pin="1"/><net_sink comp="1746" pin=0"/></net>

<net id="1751"><net_src comp="14" pin="0"/><net_sink comp="1746" pin=1"/></net>

<net id="1757"><net_src comp="1740" pin="2"/><net_sink comp="1752" pin=1"/></net>

<net id="1758"><net_src comp="1746" pin="2"/><net_sink comp="1752" pin=2"/></net>

<net id="1763"><net_src comp="1717" pin="2"/><net_sink comp="1759" pin=0"/></net>

<net id="1764"><net_src comp="58" pin="0"/><net_sink comp="1759" pin=1"/></net>

<net id="1769"><net_src comp="698" pin="1"/><net_sink comp="1765" pin=0"/></net>

<net id="1770"><net_src comp="58" pin="0"/><net_sink comp="1765" pin=1"/></net>

<net id="1776"><net_src comp="1759" pin="2"/><net_sink comp="1771" pin=1"/></net>

<net id="1777"><net_src comp="1765" pin="2"/><net_sink comp="1771" pin=2"/></net>

<net id="1781"><net_src comp="1723" pin="3"/><net_sink comp="1778" pin=0"/></net>

<net id="1786"><net_src comp="60" pin="0"/><net_sink comp="1782" pin=1"/></net>

<net id="1791"><net_src comp="733" pin="1"/><net_sink comp="1787" pin=0"/></net>

<net id="1792"><net_src comp="62" pin="0"/><net_sink comp="1787" pin=1"/></net>

<net id="1797"><net_src comp="1787" pin="2"/><net_sink comp="1793" pin=0"/></net>

<net id="1798"><net_src comp="1782" pin="2"/><net_sink comp="1793" pin=1"/></net>

<net id="1803"><net_src comp="64" pin="0"/><net_sink comp="1799" pin=1"/></net>

<net id="1808"><net_src comp="1793" pin="2"/><net_sink comp="1804" pin=0"/></net>

<net id="1814"><net_src comp="1804" pin="2"/><net_sink comp="1809" pin=0"/></net>

<net id="1815"><net_src comp="34" pin="0"/><net_sink comp="1809" pin=1"/></net>

<net id="1816"><net_src comp="733" pin="1"/><net_sink comp="1809" pin=2"/></net>

<net id="1822"><net_src comp="1793" pin="2"/><net_sink comp="1817" pin=0"/></net>

<net id="1823"><net_src comp="1799" pin="2"/><net_sink comp="1817" pin=1"/></net>

<net id="1827"><net_src comp="1817" pin="3"/><net_sink comp="1824" pin=0"/></net>

<net id="1832"><net_src comp="1824" pin="1"/><net_sink comp="1828" pin=1"/></net>

<net id="1836"><net_src comp="1828" pin="2"/><net_sink comp="1833" pin=0"/></net>

<net id="1842"><net_src comp="68" pin="0"/><net_sink comp="1837" pin=0"/></net>

<net id="1843"><net_src comp="1833" pin="1"/><net_sink comp="1837" pin=1"/></net>

<net id="1844"><net_src comp="70" pin="0"/><net_sink comp="1837" pin=2"/></net>

<net id="1848"><net_src comp="1828" pin="2"/><net_sink comp="1845" pin=0"/></net>

<net id="1854"><net_src comp="72" pin="0"/><net_sink comp="1849" pin=0"/></net>

<net id="1855"><net_src comp="1845" pin="1"/><net_sink comp="1849" pin=1"/></net>

<net id="1856"><net_src comp="26" pin="0"/><net_sink comp="1849" pin=2"/></net>

<net id="1861"><net_src comp="1837" pin="3"/><net_sink comp="1857" pin=0"/></net>

<net id="1862"><net_src comp="1849" pin="3"/><net_sink comp="1857" pin=1"/></net>

<net id="1866"><net_src comp="1809" pin="3"/><net_sink comp="1863" pin=0"/></net>

<net id="1871"><net_src comp="1809" pin="3"/><net_sink comp="1867" pin=0"/></net>

<net id="1872"><net_src comp="34" pin="0"/><net_sink comp="1867" pin=1"/></net>

<net id="1921"><net_src comp="1918" pin="1"/><net_sink comp="1064" pin=9"/></net>

<net id="1925"><net_src comp="1922" pin="1"/><net_sink comp="1064" pin=8"/></net>

<net id="1929"><net_src comp="1926" pin="1"/><net_sink comp="1064" pin=7"/></net>

<net id="1933"><net_src comp="1930" pin="1"/><net_sink comp="1064" pin=6"/></net>

<net id="1937"><net_src comp="1934" pin="1"/><net_sink comp="1064" pin=5"/></net>

<net id="1941"><net_src comp="1938" pin="1"/><net_sink comp="1064" pin=4"/></net>

<net id="1945"><net_src comp="1942" pin="1"/><net_sink comp="1064" pin=3"/></net>

<net id="1949"><net_src comp="1946" pin="1"/><net_sink comp="1064" pin=2"/></net>

<net id="1953"><net_src comp="1950" pin="1"/><net_sink comp="1064" pin=1"/></net>

<net id="1958"><net_src comp="76" pin="0"/><net_sink comp="1954" pin=1"/></net>

<net id="1959"><net_src comp="1954" pin="2"/><net_sink comp="1064" pin=27"/></net>

<net id="2083"><net_src comp="80" pin="0"/><net_sink comp="2077" pin=0"/></net>

<net id="2084"><net_src comp="10" pin="0"/><net_sink comp="2077" pin=2"/></net>

<net id="2085"><net_src comp="82" pin="0"/><net_sink comp="2077" pin=3"/></net>

<net id="2089"><net_src comp="2077" pin="4"/><net_sink comp="2086" pin=0"/></net>

<net id="2094"><net_src comp="2086" pin="1"/><net_sink comp="2090" pin=1"/></net>

<net id="2098"><net_src comp="2090" pin="2"/><net_sink comp="2095" pin=0"/></net>

<net id="2099"><net_src comp="2095" pin="1"/><net_sink comp="661" pin=2"/></net>

<net id="2100"><net_src comp="2095" pin="1"/><net_sink comp="668" pin=2"/></net>

<net id="2107"><net_src comp="86" pin="0"/><net_sink comp="2101" pin=0"/></net>

<net id="2108"><net_src comp="675" pin="3"/><net_sink comp="2101" pin=1"/></net>

<net id="2109"><net_src comp="681" pin="3"/><net_sink comp="2101" pin=2"/></net>

<net id="2115"><net_src comp="2101" pin="4"/><net_sink comp="2110" pin=2"/></net>

<net id="2125"><net_src comp="92" pin="0"/><net_sink comp="2119" pin=0"/></net>

<net id="2126"><net_src comp="2116" pin="1"/><net_sink comp="2119" pin=1"/></net>

<net id="2127"><net_src comp="94" pin="0"/><net_sink comp="2119" pin=2"/></net>

<net id="2128"><net_src comp="96" pin="0"/><net_sink comp="2119" pin=3"/></net>

<net id="2132"><net_src comp="2116" pin="1"/><net_sink comp="2129" pin=0"/></net>

<net id="2137"><net_src comp="2119" pin="4"/><net_sink comp="2133" pin=0"/></net>

<net id="2138"><net_src comp="98" pin="0"/><net_sink comp="2133" pin=1"/></net>

<net id="2143"><net_src comp="2129" pin="1"/><net_sink comp="2139" pin=0"/></net>

<net id="2144"><net_src comp="100" pin="0"/><net_sink comp="2139" pin=1"/></net>

<net id="2149"><net_src comp="2139" pin="2"/><net_sink comp="2145" pin=0"/></net>

<net id="2150"><net_src comp="2133" pin="2"/><net_sink comp="2145" pin=1"/></net>

<net id="2155"><net_src comp="2145" pin="2"/><net_sink comp="2151" pin=0"/></net>

<net id="2156"><net_src comp="1219" pin="2"/><net_sink comp="2151" pin=1"/></net>

<net id="2162"><net_src comp="2151" pin="2"/><net_sink comp="2157" pin=0"/></net>

<net id="2163"><net_src comp="90" pin="0"/><net_sink comp="2157" pin=1"/></net>

<net id="2168"><net_src comp="64" pin="0"/><net_sink comp="2164" pin=1"/></net>

<net id="2173"><net_src comp="710" pin="1"/><net_sink comp="2169" pin=0"/></net>

<net id="2174"><net_src comp="102" pin="0"/><net_sink comp="2169" pin=1"/></net>

<net id="2180"><net_src comp="102" pin="0"/><net_sink comp="2175" pin=1"/></net>

<net id="2181"><net_src comp="2169" pin="2"/><net_sink comp="2175" pin=2"/></net>

<net id="2186"><net_src comp="745" pin="1"/><net_sink comp="2182" pin=0"/></net>

<net id="2191"><net_src comp="755" pin="1"/><net_sink comp="2187" pin=0"/></net>

<net id="2196"><net_src comp="765" pin="1"/><net_sink comp="2192" pin=0"/></net>

<net id="2201"><net_src comp="775" pin="1"/><net_sink comp="2197" pin=0"/></net>

<net id="2206"><net_src comp="785" pin="1"/><net_sink comp="2202" pin=0"/></net>

<net id="2211"><net_src comp="795" pin="1"/><net_sink comp="2207" pin=0"/></net>

<net id="2216"><net_src comp="805" pin="1"/><net_sink comp="2212" pin=0"/></net>

<net id="2221"><net_src comp="815" pin="1"/><net_sink comp="2217" pin=0"/></net>

<net id="2226"><net_src comp="825" pin="1"/><net_sink comp="2222" pin=0"/></net>

<net id="2231"><net_src comp="835" pin="1"/><net_sink comp="2227" pin=0"/></net>

<net id="2236"><net_src comp="845" pin="1"/><net_sink comp="2232" pin=0"/></net>

<net id="2241"><net_src comp="855" pin="1"/><net_sink comp="2237" pin=0"/></net>

<net id="2246"><net_src comp="865" pin="1"/><net_sink comp="2242" pin=0"/></net>

<net id="2251"><net_src comp="875" pin="1"/><net_sink comp="2247" pin=0"/></net>

<net id="2256"><net_src comp="885" pin="1"/><net_sink comp="2252" pin=0"/></net>

<net id="2261"><net_src comp="895" pin="1"/><net_sink comp="2257" pin=0"/></net>

<net id="2266"><net_src comp="905" pin="1"/><net_sink comp="2262" pin=0"/></net>

<net id="2271"><net_src comp="915" pin="1"/><net_sink comp="2267" pin=0"/></net>

<net id="2276"><net_src comp="925" pin="1"/><net_sink comp="2272" pin=0"/></net>

<net id="2281"><net_src comp="935" pin="1"/><net_sink comp="2277" pin=0"/></net>

<net id="2286"><net_src comp="945" pin="1"/><net_sink comp="2282" pin=0"/></net>

<net id="2291"><net_src comp="955" pin="1"/><net_sink comp="2287" pin=0"/></net>

<net id="2296"><net_src comp="965" pin="1"/><net_sink comp="2292" pin=0"/></net>

<net id="2301"><net_src comp="975" pin="1"/><net_sink comp="2297" pin=0"/></net>

<net id="2305"><net_src comp="104" pin="1"/><net_sink comp="2302" pin=0"/></net>

<net id="2306"><net_src comp="2302" pin="1"/><net_sink comp="1224" pin=1"/></net>

<net id="2307"><net_src comp="2302" pin="1"/><net_sink comp="1229" pin=0"/></net>

<net id="2308"><net_src comp="2302" pin="1"/><net_sink comp="1713" pin=1"/></net>

<net id="2312"><net_src comp="108" pin="1"/><net_sink comp="2309" pin=0"/></net>

<net id="2313"><net_src comp="2309" pin="1"/><net_sink comp="1244" pin=0"/></net>

<net id="2314"><net_src comp="2309" pin="1"/><net_sink comp="1709" pin=1"/></net>

<net id="2318"><net_src comp="112" pin="1"/><net_sink comp="2315" pin=0"/></net>

<net id="2319"><net_src comp="2315" pin="1"/><net_sink comp="1248" pin=0"/></net>

<net id="2320"><net_src comp="2315" pin="1"/><net_sink comp="1705" pin=1"/></net>

<net id="2324"><net_src comp="116" pin="1"/><net_sink comp="2321" pin=0"/></net>

<net id="2325"><net_src comp="2321" pin="1"/><net_sink comp="1252" pin=0"/></net>

<net id="2326"><net_src comp="2321" pin="1"/><net_sink comp="1701" pin=1"/></net>

<net id="2330"><net_src comp="120" pin="1"/><net_sink comp="2327" pin=0"/></net>

<net id="2331"><net_src comp="2327" pin="1"/><net_sink comp="1256" pin=0"/></net>

<net id="2332"><net_src comp="2327" pin="1"/><net_sink comp="1697" pin=1"/></net>

<net id="2336"><net_src comp="124" pin="1"/><net_sink comp="2333" pin=0"/></net>

<net id="2337"><net_src comp="2333" pin="1"/><net_sink comp="1260" pin=0"/></net>

<net id="2338"><net_src comp="2333" pin="1"/><net_sink comp="1693" pin=1"/></net>

<net id="2342"><net_src comp="128" pin="1"/><net_sink comp="2339" pin=0"/></net>

<net id="2343"><net_src comp="2339" pin="1"/><net_sink comp="1264" pin=0"/></net>

<net id="2344"><net_src comp="2339" pin="1"/><net_sink comp="1689" pin=1"/></net>

<net id="2348"><net_src comp="132" pin="1"/><net_sink comp="2345" pin=0"/></net>

<net id="2349"><net_src comp="2345" pin="1"/><net_sink comp="1268" pin=0"/></net>

<net id="2350"><net_src comp="2345" pin="1"/><net_sink comp="1685" pin=1"/></net>

<net id="2354"><net_src comp="136" pin="1"/><net_sink comp="2351" pin=0"/></net>

<net id="2355"><net_src comp="2351" pin="1"/><net_sink comp="1272" pin=0"/></net>

<net id="2356"><net_src comp="2351" pin="1"/><net_sink comp="1681" pin=1"/></net>

<net id="2360"><net_src comp="140" pin="1"/><net_sink comp="2357" pin=0"/></net>

<net id="2361"><net_src comp="2357" pin="1"/><net_sink comp="1276" pin=0"/></net>

<net id="2362"><net_src comp="2357" pin="1"/><net_sink comp="1677" pin=1"/></net>

<net id="2366"><net_src comp="144" pin="1"/><net_sink comp="2363" pin=0"/></net>

<net id="2367"><net_src comp="2363" pin="1"/><net_sink comp="1280" pin=0"/></net>

<net id="2368"><net_src comp="2363" pin="1"/><net_sink comp="1673" pin=1"/></net>

<net id="2372"><net_src comp="148" pin="1"/><net_sink comp="2369" pin=0"/></net>

<net id="2373"><net_src comp="2369" pin="1"/><net_sink comp="1284" pin=0"/></net>

<net id="2374"><net_src comp="2369" pin="1"/><net_sink comp="1669" pin=1"/></net>

<net id="2378"><net_src comp="152" pin="1"/><net_sink comp="2375" pin=0"/></net>

<net id="2379"><net_src comp="2375" pin="1"/><net_sink comp="1288" pin=0"/></net>

<net id="2380"><net_src comp="2375" pin="1"/><net_sink comp="1665" pin=1"/></net>

<net id="2384"><net_src comp="156" pin="1"/><net_sink comp="2381" pin=0"/></net>

<net id="2385"><net_src comp="2381" pin="1"/><net_sink comp="1292" pin=0"/></net>

<net id="2386"><net_src comp="2381" pin="1"/><net_sink comp="1661" pin=1"/></net>

<net id="2390"><net_src comp="160" pin="1"/><net_sink comp="2387" pin=0"/></net>

<net id="2391"><net_src comp="2387" pin="1"/><net_sink comp="1296" pin=0"/></net>

<net id="2392"><net_src comp="2387" pin="1"/><net_sink comp="1657" pin=1"/></net>

<net id="2396"><net_src comp="164" pin="1"/><net_sink comp="2393" pin=0"/></net>

<net id="2397"><net_src comp="2393" pin="1"/><net_sink comp="1300" pin=0"/></net>

<net id="2398"><net_src comp="2393" pin="1"/><net_sink comp="1653" pin=1"/></net>

<net id="2402"><net_src comp="168" pin="1"/><net_sink comp="2399" pin=0"/></net>

<net id="2403"><net_src comp="2399" pin="1"/><net_sink comp="1304" pin=0"/></net>

<net id="2404"><net_src comp="2399" pin="1"/><net_sink comp="1649" pin=1"/></net>

<net id="2408"><net_src comp="172" pin="1"/><net_sink comp="2405" pin=0"/></net>

<net id="2409"><net_src comp="2405" pin="1"/><net_sink comp="1308" pin=0"/></net>

<net id="2410"><net_src comp="2405" pin="1"/><net_sink comp="1645" pin=1"/></net>

<net id="2414"><net_src comp="176" pin="1"/><net_sink comp="2411" pin=0"/></net>

<net id="2415"><net_src comp="2411" pin="1"/><net_sink comp="1312" pin=0"/></net>

<net id="2416"><net_src comp="2411" pin="1"/><net_sink comp="1641" pin=1"/></net>

<net id="2420"><net_src comp="180" pin="1"/><net_sink comp="2417" pin=0"/></net>

<net id="2421"><net_src comp="2417" pin="1"/><net_sink comp="1316" pin=0"/></net>

<net id="2422"><net_src comp="2417" pin="1"/><net_sink comp="1637" pin=1"/></net>

<net id="2426"><net_src comp="184" pin="1"/><net_sink comp="2423" pin=0"/></net>

<net id="2427"><net_src comp="2423" pin="1"/><net_sink comp="1320" pin=0"/></net>

<net id="2428"><net_src comp="2423" pin="1"/><net_sink comp="1633" pin=1"/></net>

<net id="2432"><net_src comp="188" pin="1"/><net_sink comp="2429" pin=0"/></net>

<net id="2433"><net_src comp="2429" pin="1"/><net_sink comp="1324" pin=0"/></net>

<net id="2434"><net_src comp="2429" pin="1"/><net_sink comp="1629" pin=1"/></net>

<net id="2438"><net_src comp="192" pin="1"/><net_sink comp="2435" pin=0"/></net>

<net id="2439"><net_src comp="2435" pin="1"/><net_sink comp="1328" pin=0"/></net>

<net id="2440"><net_src comp="2435" pin="1"/><net_sink comp="1625" pin=1"/></net>

<net id="2444"><net_src comp="196" pin="1"/><net_sink comp="2441" pin=0"/></net>

<net id="2445"><net_src comp="2441" pin="1"/><net_sink comp="1332" pin=0"/></net>

<net id="2446"><net_src comp="2441" pin="1"/><net_sink comp="1621" pin=1"/></net>

<net id="2450"><net_src comp="200" pin="1"/><net_sink comp="2447" pin=0"/></net>

<net id="2451"><net_src comp="2447" pin="1"/><net_sink comp="1336" pin=0"/></net>

<net id="2452"><net_src comp="2447" pin="1"/><net_sink comp="1617" pin=1"/></net>

<net id="2456"><net_src comp="204" pin="1"/><net_sink comp="2453" pin=0"/></net>

<net id="2457"><net_src comp="2453" pin="1"/><net_sink comp="1340" pin=0"/></net>

<net id="2458"><net_src comp="2453" pin="1"/><net_sink comp="1613" pin=1"/></net>

<net id="2462"><net_src comp="208" pin="1"/><net_sink comp="2459" pin=0"/></net>

<net id="2463"><net_src comp="2459" pin="1"/><net_sink comp="1344" pin=0"/></net>

<net id="2464"><net_src comp="2459" pin="1"/><net_sink comp="1609" pin=1"/></net>

<net id="2468"><net_src comp="212" pin="1"/><net_sink comp="2465" pin=0"/></net>

<net id="2469"><net_src comp="2465" pin="1"/><net_sink comp="1348" pin=0"/></net>

<net id="2470"><net_src comp="2465" pin="1"/><net_sink comp="1605" pin=1"/></net>

<net id="2474"><net_src comp="216" pin="1"/><net_sink comp="2471" pin=0"/></net>

<net id="2475"><net_src comp="2471" pin="1"/><net_sink comp="1352" pin=0"/></net>

<net id="2476"><net_src comp="2471" pin="1"/><net_sink comp="1601" pin=1"/></net>

<net id="2480"><net_src comp="220" pin="1"/><net_sink comp="2477" pin=0"/></net>

<net id="2481"><net_src comp="2477" pin="1"/><net_sink comp="1356" pin=0"/></net>

<net id="2482"><net_src comp="2477" pin="1"/><net_sink comp="1597" pin=1"/></net>

<net id="2486"><net_src comp="224" pin="1"/><net_sink comp="2483" pin=0"/></net>

<net id="2487"><net_src comp="2483" pin="1"/><net_sink comp="1360" pin=0"/></net>

<net id="2488"><net_src comp="2483" pin="1"/><net_sink comp="1593" pin=1"/></net>

<net id="2492"><net_src comp="228" pin="1"/><net_sink comp="2489" pin=0"/></net>

<net id="2493"><net_src comp="2489" pin="1"/><net_sink comp="1364" pin=0"/></net>

<net id="2494"><net_src comp="2489" pin="1"/><net_sink comp="1589" pin=1"/></net>

<net id="2498"><net_src comp="232" pin="1"/><net_sink comp="2495" pin=0"/></net>

<net id="2499"><net_src comp="2495" pin="1"/><net_sink comp="1368" pin=0"/></net>

<net id="2500"><net_src comp="2495" pin="1"/><net_sink comp="1585" pin=1"/></net>

<net id="2504"><net_src comp="236" pin="1"/><net_sink comp="2501" pin=0"/></net>

<net id="2505"><net_src comp="2501" pin="1"/><net_sink comp="1372" pin=0"/></net>

<net id="2506"><net_src comp="2501" pin="1"/><net_sink comp="1581" pin=1"/></net>

<net id="2510"><net_src comp="240" pin="1"/><net_sink comp="2507" pin=0"/></net>

<net id="2511"><net_src comp="2507" pin="1"/><net_sink comp="1376" pin=0"/></net>

<net id="2512"><net_src comp="2507" pin="1"/><net_sink comp="1577" pin=1"/></net>

<net id="2516"><net_src comp="244" pin="1"/><net_sink comp="2513" pin=0"/></net>

<net id="2517"><net_src comp="2513" pin="1"/><net_sink comp="1380" pin=0"/></net>

<net id="2518"><net_src comp="2513" pin="1"/><net_sink comp="1573" pin=1"/></net>

<net id="2522"><net_src comp="248" pin="1"/><net_sink comp="2519" pin=0"/></net>

<net id="2523"><net_src comp="2519" pin="1"/><net_sink comp="1384" pin=0"/></net>

<net id="2524"><net_src comp="2519" pin="1"/><net_sink comp="1569" pin=1"/></net>

<net id="2528"><net_src comp="252" pin="1"/><net_sink comp="2525" pin=0"/></net>

<net id="2529"><net_src comp="2525" pin="1"/><net_sink comp="1873" pin=0"/></net>

<net id="2530"><net_src comp="2525" pin="1"/><net_sink comp="2297" pin=1"/></net>

<net id="2534"><net_src comp="256" pin="1"/><net_sink comp="2531" pin=0"/></net>

<net id="2535"><net_src comp="2531" pin="1"/><net_sink comp="1876" pin=0"/></net>

<net id="2536"><net_src comp="2531" pin="1"/><net_sink comp="2292" pin=1"/></net>

<net id="2540"><net_src comp="260" pin="1"/><net_sink comp="2537" pin=0"/></net>

<net id="2541"><net_src comp="2537" pin="1"/><net_sink comp="1879" pin=0"/></net>

<net id="2542"><net_src comp="2537" pin="1"/><net_sink comp="2287" pin=1"/></net>

<net id="2546"><net_src comp="264" pin="1"/><net_sink comp="2543" pin=0"/></net>

<net id="2547"><net_src comp="2543" pin="1"/><net_sink comp="1882" pin=0"/></net>

<net id="2548"><net_src comp="2543" pin="1"/><net_sink comp="2282" pin=1"/></net>

<net id="2552"><net_src comp="268" pin="1"/><net_sink comp="2549" pin=0"/></net>

<net id="2553"><net_src comp="2549" pin="1"/><net_sink comp="1885" pin=0"/></net>

<net id="2554"><net_src comp="2549" pin="1"/><net_sink comp="2277" pin=1"/></net>

<net id="2558"><net_src comp="272" pin="1"/><net_sink comp="2555" pin=0"/></net>

<net id="2559"><net_src comp="2555" pin="1"/><net_sink comp="1888" pin=0"/></net>

<net id="2560"><net_src comp="2555" pin="1"/><net_sink comp="2272" pin=1"/></net>

<net id="2564"><net_src comp="276" pin="1"/><net_sink comp="2561" pin=0"/></net>

<net id="2565"><net_src comp="2561" pin="1"/><net_sink comp="1891" pin=0"/></net>

<net id="2566"><net_src comp="2561" pin="1"/><net_sink comp="2267" pin=1"/></net>

<net id="2570"><net_src comp="280" pin="1"/><net_sink comp="2567" pin=0"/></net>

<net id="2571"><net_src comp="2567" pin="1"/><net_sink comp="1894" pin=0"/></net>

<net id="2572"><net_src comp="2567" pin="1"/><net_sink comp="2262" pin=1"/></net>

<net id="2576"><net_src comp="284" pin="1"/><net_sink comp="2573" pin=0"/></net>

<net id="2577"><net_src comp="2573" pin="1"/><net_sink comp="1897" pin=0"/></net>

<net id="2578"><net_src comp="2573" pin="1"/><net_sink comp="2257" pin=1"/></net>

<net id="2582"><net_src comp="288" pin="1"/><net_sink comp="2579" pin=0"/></net>

<net id="2583"><net_src comp="2579" pin="1"/><net_sink comp="1900" pin=0"/></net>

<net id="2584"><net_src comp="2579" pin="1"/><net_sink comp="2252" pin=1"/></net>

<net id="2588"><net_src comp="292" pin="1"/><net_sink comp="2585" pin=0"/></net>

<net id="2589"><net_src comp="2585" pin="1"/><net_sink comp="1903" pin=0"/></net>

<net id="2590"><net_src comp="2585" pin="1"/><net_sink comp="2247" pin=1"/></net>

<net id="2594"><net_src comp="296" pin="1"/><net_sink comp="2591" pin=0"/></net>

<net id="2595"><net_src comp="2591" pin="1"/><net_sink comp="1906" pin=0"/></net>

<net id="2596"><net_src comp="2591" pin="1"/><net_sink comp="2242" pin=1"/></net>

<net id="2600"><net_src comp="300" pin="1"/><net_sink comp="2597" pin=0"/></net>

<net id="2601"><net_src comp="2597" pin="1"/><net_sink comp="1909" pin=0"/></net>

<net id="2602"><net_src comp="2597" pin="1"/><net_sink comp="2237" pin=1"/></net>

<net id="2606"><net_src comp="304" pin="1"/><net_sink comp="2603" pin=0"/></net>

<net id="2607"><net_src comp="2603" pin="1"/><net_sink comp="1912" pin=0"/></net>

<net id="2608"><net_src comp="2603" pin="1"/><net_sink comp="2232" pin=1"/></net>

<net id="2612"><net_src comp="308" pin="1"/><net_sink comp="2609" pin=0"/></net>

<net id="2613"><net_src comp="2609" pin="1"/><net_sink comp="1915" pin=0"/></net>

<net id="2614"><net_src comp="2609" pin="1"/><net_sink comp="2227" pin=1"/></net>

<net id="2618"><net_src comp="312" pin="1"/><net_sink comp="2615" pin=0"/></net>

<net id="2619"><net_src comp="2615" pin="1"/><net_sink comp="1918" pin=0"/></net>

<net id="2620"><net_src comp="2615" pin="1"/><net_sink comp="2222" pin=1"/></net>

<net id="2624"><net_src comp="316" pin="1"/><net_sink comp="2621" pin=0"/></net>

<net id="2625"><net_src comp="2621" pin="1"/><net_sink comp="1922" pin=0"/></net>

<net id="2626"><net_src comp="2621" pin="1"/><net_sink comp="2217" pin=1"/></net>

<net id="2630"><net_src comp="320" pin="1"/><net_sink comp="2627" pin=0"/></net>

<net id="2631"><net_src comp="2627" pin="1"/><net_sink comp="1926" pin=0"/></net>

<net id="2632"><net_src comp="2627" pin="1"/><net_sink comp="2212" pin=1"/></net>

<net id="2636"><net_src comp="324" pin="1"/><net_sink comp="2633" pin=0"/></net>

<net id="2637"><net_src comp="2633" pin="1"/><net_sink comp="1930" pin=0"/></net>

<net id="2638"><net_src comp="2633" pin="1"/><net_sink comp="2207" pin=1"/></net>

<net id="2642"><net_src comp="328" pin="1"/><net_sink comp="2639" pin=0"/></net>

<net id="2643"><net_src comp="2639" pin="1"/><net_sink comp="1934" pin=0"/></net>

<net id="2644"><net_src comp="2639" pin="1"/><net_sink comp="2202" pin=1"/></net>

<net id="2648"><net_src comp="332" pin="1"/><net_sink comp="2645" pin=0"/></net>

<net id="2649"><net_src comp="2645" pin="1"/><net_sink comp="1938" pin=0"/></net>

<net id="2650"><net_src comp="2645" pin="1"/><net_sink comp="2197" pin=1"/></net>

<net id="2654"><net_src comp="336" pin="1"/><net_sink comp="2651" pin=0"/></net>

<net id="2655"><net_src comp="2651" pin="1"/><net_sink comp="1942" pin=0"/></net>

<net id="2656"><net_src comp="2651" pin="1"/><net_sink comp="2192" pin=1"/></net>

<net id="2660"><net_src comp="340" pin="1"/><net_sink comp="2657" pin=0"/></net>

<net id="2661"><net_src comp="2657" pin="1"/><net_sink comp="1946" pin=0"/></net>

<net id="2662"><net_src comp="2657" pin="1"/><net_sink comp="2187" pin=1"/></net>

<net id="2666"><net_src comp="344" pin="1"/><net_sink comp="2663" pin=0"/></net>

<net id="2667"><net_src comp="2663" pin="1"/><net_sink comp="1950" pin=0"/></net>

<net id="2668"><net_src comp="2663" pin="1"/><net_sink comp="2182" pin=1"/></net>

<net id="2672"><net_src comp="348" pin="1"/><net_sink comp="2669" pin=0"/></net>

<net id="2673"><net_src comp="2669" pin="1"/><net_sink comp="1064" pin=52"/></net>

<net id="2674"><net_src comp="2669" pin="1"/><net_sink comp="2029" pin=0"/></net>

<net id="2678"><net_src comp="352" pin="1"/><net_sink comp="2675" pin=0"/></net>

<net id="2679"><net_src comp="2675" pin="1"/><net_sink comp="1064" pin=51"/></net>

<net id="2680"><net_src comp="2675" pin="1"/><net_sink comp="2026" pin=0"/></net>

<net id="2684"><net_src comp="356" pin="1"/><net_sink comp="2681" pin=0"/></net>

<net id="2685"><net_src comp="2681" pin="1"/><net_sink comp="1064" pin=50"/></net>

<net id="2686"><net_src comp="2681" pin="1"/><net_sink comp="2023" pin=0"/></net>

<net id="2690"><net_src comp="360" pin="1"/><net_sink comp="2687" pin=0"/></net>

<net id="2691"><net_src comp="2687" pin="1"/><net_sink comp="1064" pin=49"/></net>

<net id="2692"><net_src comp="2687" pin="1"/><net_sink comp="2020" pin=0"/></net>

<net id="2696"><net_src comp="364" pin="1"/><net_sink comp="2693" pin=0"/></net>

<net id="2697"><net_src comp="2693" pin="1"/><net_sink comp="1064" pin=48"/></net>

<net id="2698"><net_src comp="2693" pin="1"/><net_sink comp="2017" pin=0"/></net>

<net id="2702"><net_src comp="368" pin="1"/><net_sink comp="2699" pin=0"/></net>

<net id="2703"><net_src comp="2699" pin="1"/><net_sink comp="1064" pin=47"/></net>

<net id="2704"><net_src comp="2699" pin="1"/><net_sink comp="2014" pin=0"/></net>

<net id="2708"><net_src comp="372" pin="1"/><net_sink comp="2705" pin=0"/></net>

<net id="2709"><net_src comp="2705" pin="1"/><net_sink comp="1064" pin=46"/></net>

<net id="2710"><net_src comp="2705" pin="1"/><net_sink comp="2011" pin=0"/></net>

<net id="2714"><net_src comp="376" pin="1"/><net_sink comp="2711" pin=0"/></net>

<net id="2715"><net_src comp="2711" pin="1"/><net_sink comp="1064" pin=45"/></net>

<net id="2716"><net_src comp="2711" pin="1"/><net_sink comp="2008" pin=0"/></net>

<net id="2720"><net_src comp="380" pin="1"/><net_sink comp="2717" pin=0"/></net>

<net id="2721"><net_src comp="2717" pin="1"/><net_sink comp="1064" pin=44"/></net>

<net id="2722"><net_src comp="2717" pin="1"/><net_sink comp="2005" pin=0"/></net>

<net id="2726"><net_src comp="384" pin="1"/><net_sink comp="2723" pin=0"/></net>

<net id="2727"><net_src comp="2723" pin="1"/><net_sink comp="1064" pin=43"/></net>

<net id="2728"><net_src comp="2723" pin="1"/><net_sink comp="2002" pin=0"/></net>

<net id="2732"><net_src comp="388" pin="1"/><net_sink comp="2729" pin=0"/></net>

<net id="2733"><net_src comp="2729" pin="1"/><net_sink comp="1064" pin=42"/></net>

<net id="2734"><net_src comp="2729" pin="1"/><net_sink comp="1999" pin=0"/></net>

<net id="2738"><net_src comp="392" pin="1"/><net_sink comp="2735" pin=0"/></net>

<net id="2739"><net_src comp="2735" pin="1"/><net_sink comp="1064" pin=41"/></net>

<net id="2740"><net_src comp="2735" pin="1"/><net_sink comp="1996" pin=0"/></net>

<net id="2744"><net_src comp="396" pin="1"/><net_sink comp="2741" pin=0"/></net>

<net id="2745"><net_src comp="2741" pin="1"/><net_sink comp="1064" pin=40"/></net>

<net id="2746"><net_src comp="2741" pin="1"/><net_sink comp="1993" pin=0"/></net>

<net id="2750"><net_src comp="400" pin="1"/><net_sink comp="2747" pin=0"/></net>

<net id="2751"><net_src comp="2747" pin="1"/><net_sink comp="1064" pin=39"/></net>

<net id="2752"><net_src comp="2747" pin="1"/><net_sink comp="1990" pin=0"/></net>

<net id="2756"><net_src comp="404" pin="1"/><net_sink comp="2753" pin=0"/></net>

<net id="2757"><net_src comp="2753" pin="1"/><net_sink comp="1064" pin=38"/></net>

<net id="2758"><net_src comp="2753" pin="1"/><net_sink comp="1987" pin=0"/></net>

<net id="2762"><net_src comp="408" pin="1"/><net_sink comp="2759" pin=0"/></net>

<net id="2763"><net_src comp="2759" pin="1"/><net_sink comp="1064" pin=37"/></net>

<net id="2764"><net_src comp="2759" pin="1"/><net_sink comp="1984" pin=0"/></net>

<net id="2768"><net_src comp="412" pin="1"/><net_sink comp="2765" pin=0"/></net>

<net id="2769"><net_src comp="2765" pin="1"/><net_sink comp="1064" pin=36"/></net>

<net id="2770"><net_src comp="2765" pin="1"/><net_sink comp="1981" pin=0"/></net>

<net id="2774"><net_src comp="416" pin="1"/><net_sink comp="2771" pin=0"/></net>

<net id="2775"><net_src comp="2771" pin="1"/><net_sink comp="1064" pin=35"/></net>

<net id="2776"><net_src comp="2771" pin="1"/><net_sink comp="1978" pin=0"/></net>

<net id="2780"><net_src comp="420" pin="1"/><net_sink comp="2777" pin=0"/></net>

<net id="2781"><net_src comp="2777" pin="1"/><net_sink comp="1064" pin=34"/></net>

<net id="2782"><net_src comp="2777" pin="1"/><net_sink comp="1975" pin=0"/></net>

<net id="2786"><net_src comp="424" pin="1"/><net_sink comp="2783" pin=0"/></net>

<net id="2787"><net_src comp="2783" pin="1"/><net_sink comp="1064" pin=33"/></net>

<net id="2788"><net_src comp="2783" pin="1"/><net_sink comp="1972" pin=0"/></net>

<net id="2792"><net_src comp="428" pin="1"/><net_sink comp="2789" pin=0"/></net>

<net id="2793"><net_src comp="2789" pin="1"/><net_sink comp="1064" pin=32"/></net>

<net id="2794"><net_src comp="2789" pin="1"/><net_sink comp="1969" pin=0"/></net>

<net id="2798"><net_src comp="432" pin="1"/><net_sink comp="2795" pin=0"/></net>

<net id="2799"><net_src comp="2795" pin="1"/><net_sink comp="1064" pin=31"/></net>

<net id="2800"><net_src comp="2795" pin="1"/><net_sink comp="1966" pin=0"/></net>

<net id="2804"><net_src comp="436" pin="1"/><net_sink comp="2801" pin=0"/></net>

<net id="2805"><net_src comp="2801" pin="1"/><net_sink comp="1064" pin=30"/></net>

<net id="2806"><net_src comp="2801" pin="1"/><net_sink comp="1963" pin=0"/></net>

<net id="2810"><net_src comp="440" pin="1"/><net_sink comp="2807" pin=0"/></net>

<net id="2811"><net_src comp="2807" pin="1"/><net_sink comp="1064" pin=29"/></net>

<net id="2812"><net_src comp="2807" pin="1"/><net_sink comp="1960" pin=0"/></net>

<net id="2816"><net_src comp="444" pin="1"/><net_sink comp="2813" pin=0"/></net>

<net id="2817"><net_src comp="2813" pin="1"/><net_sink comp="2074" pin=0"/></net>

<net id="2818"><net_src comp="2813" pin="1"/><net_sink comp="1121" pin=33"/></net>

<net id="2822"><net_src comp="448" pin="1"/><net_sink comp="2819" pin=0"/></net>

<net id="2823"><net_src comp="2819" pin="1"/><net_sink comp="2071" pin=0"/></net>

<net id="2824"><net_src comp="2819" pin="1"/><net_sink comp="1121" pin=32"/></net>

<net id="2828"><net_src comp="452" pin="1"/><net_sink comp="2825" pin=0"/></net>

<net id="2829"><net_src comp="2825" pin="1"/><net_sink comp="2068" pin=0"/></net>

<net id="2830"><net_src comp="2825" pin="1"/><net_sink comp="1121" pin=31"/></net>

<net id="2834"><net_src comp="456" pin="1"/><net_sink comp="2831" pin=0"/></net>

<net id="2835"><net_src comp="2831" pin="1"/><net_sink comp="2065" pin=0"/></net>

<net id="2836"><net_src comp="2831" pin="1"/><net_sink comp="1121" pin=30"/></net>

<net id="2840"><net_src comp="460" pin="1"/><net_sink comp="2837" pin=0"/></net>

<net id="2841"><net_src comp="2837" pin="1"/><net_sink comp="2062" pin=0"/></net>

<net id="2842"><net_src comp="2837" pin="1"/><net_sink comp="1121" pin=29"/></net>

<net id="2846"><net_src comp="464" pin="1"/><net_sink comp="2843" pin=0"/></net>

<net id="2847"><net_src comp="2843" pin="1"/><net_sink comp="2059" pin=0"/></net>

<net id="2848"><net_src comp="2843" pin="1"/><net_sink comp="1121" pin=28"/></net>

<net id="2852"><net_src comp="468" pin="1"/><net_sink comp="2849" pin=0"/></net>

<net id="2853"><net_src comp="2849" pin="1"/><net_sink comp="2056" pin=0"/></net>

<net id="2854"><net_src comp="2849" pin="1"/><net_sink comp="1121" pin=27"/></net>

<net id="2858"><net_src comp="472" pin="1"/><net_sink comp="2855" pin=0"/></net>

<net id="2859"><net_src comp="2855" pin="1"/><net_sink comp="2053" pin=0"/></net>

<net id="2860"><net_src comp="2855" pin="1"/><net_sink comp="1121" pin=26"/></net>

<net id="2864"><net_src comp="476" pin="1"/><net_sink comp="2861" pin=0"/></net>

<net id="2865"><net_src comp="2861" pin="1"/><net_sink comp="2050" pin=0"/></net>

<net id="2866"><net_src comp="2861" pin="1"/><net_sink comp="1121" pin=25"/></net>

<net id="2870"><net_src comp="480" pin="1"/><net_sink comp="2867" pin=0"/></net>

<net id="2871"><net_src comp="2867" pin="1"/><net_sink comp="2047" pin=0"/></net>

<net id="2872"><net_src comp="2867" pin="1"/><net_sink comp="1121" pin=24"/></net>

<net id="2876"><net_src comp="484" pin="1"/><net_sink comp="2873" pin=0"/></net>

<net id="2877"><net_src comp="2873" pin="1"/><net_sink comp="2044" pin=0"/></net>

<net id="2878"><net_src comp="2873" pin="1"/><net_sink comp="1121" pin=23"/></net>

<net id="2882"><net_src comp="488" pin="1"/><net_sink comp="2879" pin=0"/></net>

<net id="2883"><net_src comp="2879" pin="1"/><net_sink comp="2041" pin=0"/></net>

<net id="2884"><net_src comp="2879" pin="1"/><net_sink comp="1121" pin=22"/></net>

<net id="2888"><net_src comp="492" pin="1"/><net_sink comp="2885" pin=0"/></net>

<net id="2889"><net_src comp="2885" pin="1"/><net_sink comp="2038" pin=0"/></net>

<net id="2890"><net_src comp="2885" pin="1"/><net_sink comp="1121" pin=21"/></net>

<net id="2894"><net_src comp="496" pin="1"/><net_sink comp="2891" pin=0"/></net>

<net id="2895"><net_src comp="2891" pin="1"/><net_sink comp="2035" pin=0"/></net>

<net id="2896"><net_src comp="2891" pin="1"/><net_sink comp="1121" pin=20"/></net>

<net id="2900"><net_src comp="500" pin="1"/><net_sink comp="2897" pin=0"/></net>

<net id="2901"><net_src comp="2897" pin="1"/><net_sink comp="2032" pin=0"/></net>

<net id="2902"><net_src comp="2897" pin="1"/><net_sink comp="1121" pin=19"/></net>

<net id="2906"><net_src comp="504" pin="1"/><net_sink comp="2903" pin=0"/></net>

<net id="2907"><net_src comp="2903" pin="1"/><net_sink comp="985" pin=73"/></net>

<net id="2908"><net_src comp="2903" pin="1"/><net_sink comp="1540" pin=0"/></net>

<net id="2912"><net_src comp="508" pin="1"/><net_sink comp="2909" pin=0"/></net>

<net id="2913"><net_src comp="2909" pin="1"/><net_sink comp="985" pin=72"/></net>

<net id="2914"><net_src comp="2909" pin="1"/><net_sink comp="1537" pin=0"/></net>

<net id="2918"><net_src comp="512" pin="1"/><net_sink comp="2915" pin=0"/></net>

<net id="2919"><net_src comp="2915" pin="1"/><net_sink comp="985" pin=71"/></net>

<net id="2920"><net_src comp="2915" pin="1"/><net_sink comp="1534" pin=0"/></net>

<net id="2924"><net_src comp="516" pin="1"/><net_sink comp="2921" pin=0"/></net>

<net id="2925"><net_src comp="2921" pin="1"/><net_sink comp="985" pin=70"/></net>

<net id="2926"><net_src comp="2921" pin="1"/><net_sink comp="1531" pin=0"/></net>

<net id="2930"><net_src comp="520" pin="1"/><net_sink comp="2927" pin=0"/></net>

<net id="2931"><net_src comp="2927" pin="1"/><net_sink comp="985" pin=69"/></net>

<net id="2932"><net_src comp="2927" pin="1"/><net_sink comp="1528" pin=0"/></net>

<net id="2936"><net_src comp="524" pin="1"/><net_sink comp="2933" pin=0"/></net>

<net id="2937"><net_src comp="2933" pin="1"/><net_sink comp="985" pin=68"/></net>

<net id="2938"><net_src comp="2933" pin="1"/><net_sink comp="1525" pin=0"/></net>

<net id="2942"><net_src comp="528" pin="1"/><net_sink comp="2939" pin=0"/></net>

<net id="2943"><net_src comp="2939" pin="1"/><net_sink comp="985" pin=67"/></net>

<net id="2944"><net_src comp="2939" pin="1"/><net_sink comp="1522" pin=0"/></net>

<net id="2948"><net_src comp="532" pin="1"/><net_sink comp="2945" pin=0"/></net>

<net id="2949"><net_src comp="2945" pin="1"/><net_sink comp="985" pin=66"/></net>

<net id="2950"><net_src comp="2945" pin="1"/><net_sink comp="1519" pin=0"/></net>

<net id="2954"><net_src comp="536" pin="1"/><net_sink comp="2951" pin=0"/></net>

<net id="2955"><net_src comp="2951" pin="1"/><net_sink comp="985" pin=65"/></net>

<net id="2956"><net_src comp="2951" pin="1"/><net_sink comp="1516" pin=0"/></net>

<net id="2960"><net_src comp="540" pin="1"/><net_sink comp="2957" pin=0"/></net>

<net id="2961"><net_src comp="2957" pin="1"/><net_sink comp="985" pin=64"/></net>

<net id="2962"><net_src comp="2957" pin="1"/><net_sink comp="1513" pin=0"/></net>

<net id="2966"><net_src comp="544" pin="1"/><net_sink comp="2963" pin=0"/></net>

<net id="2967"><net_src comp="2963" pin="1"/><net_sink comp="985" pin=63"/></net>

<net id="2968"><net_src comp="2963" pin="1"/><net_sink comp="1510" pin=0"/></net>

<net id="2972"><net_src comp="548" pin="1"/><net_sink comp="2969" pin=0"/></net>

<net id="2973"><net_src comp="2969" pin="1"/><net_sink comp="985" pin=62"/></net>

<net id="2974"><net_src comp="2969" pin="1"/><net_sink comp="1507" pin=0"/></net>

<net id="2978"><net_src comp="552" pin="1"/><net_sink comp="2975" pin=0"/></net>

<net id="2979"><net_src comp="2975" pin="1"/><net_sink comp="985" pin=61"/></net>

<net id="2980"><net_src comp="2975" pin="1"/><net_sink comp="1504" pin=0"/></net>

<net id="2984"><net_src comp="556" pin="1"/><net_sink comp="2981" pin=0"/></net>

<net id="2985"><net_src comp="2981" pin="1"/><net_sink comp="985" pin=60"/></net>

<net id="2986"><net_src comp="2981" pin="1"/><net_sink comp="1501" pin=0"/></net>

<net id="2990"><net_src comp="560" pin="1"/><net_sink comp="2987" pin=0"/></net>

<net id="2991"><net_src comp="2987" pin="1"/><net_sink comp="985" pin=59"/></net>

<net id="2992"><net_src comp="2987" pin="1"/><net_sink comp="1498" pin=0"/></net>

<net id="2996"><net_src comp="564" pin="1"/><net_sink comp="2993" pin=0"/></net>

<net id="2997"><net_src comp="2993" pin="1"/><net_sink comp="985" pin=58"/></net>

<net id="2998"><net_src comp="2993" pin="1"/><net_sink comp="1495" pin=0"/></net>

<net id="3002"><net_src comp="568" pin="1"/><net_sink comp="2999" pin=0"/></net>

<net id="3003"><net_src comp="2999" pin="1"/><net_sink comp="985" pin=57"/></net>

<net id="3004"><net_src comp="2999" pin="1"/><net_sink comp="1492" pin=0"/></net>

<net id="3008"><net_src comp="572" pin="1"/><net_sink comp="3005" pin=0"/></net>

<net id="3009"><net_src comp="3005" pin="1"/><net_sink comp="985" pin=56"/></net>

<net id="3010"><net_src comp="3005" pin="1"/><net_sink comp="1489" pin=0"/></net>

<net id="3014"><net_src comp="576" pin="1"/><net_sink comp="3011" pin=0"/></net>

<net id="3015"><net_src comp="3011" pin="1"/><net_sink comp="985" pin=55"/></net>

<net id="3016"><net_src comp="3011" pin="1"/><net_sink comp="1486" pin=0"/></net>

<net id="3020"><net_src comp="580" pin="1"/><net_sink comp="3017" pin=0"/></net>

<net id="3021"><net_src comp="3017" pin="1"/><net_sink comp="985" pin=54"/></net>

<net id="3022"><net_src comp="3017" pin="1"/><net_sink comp="1483" pin=0"/></net>

<net id="3026"><net_src comp="584" pin="1"/><net_sink comp="3023" pin=0"/></net>

<net id="3027"><net_src comp="3023" pin="1"/><net_sink comp="985" pin=53"/></net>

<net id="3028"><net_src comp="3023" pin="1"/><net_sink comp="1480" pin=0"/></net>

<net id="3032"><net_src comp="588" pin="1"/><net_sink comp="3029" pin=0"/></net>

<net id="3033"><net_src comp="3029" pin="1"/><net_sink comp="985" pin=52"/></net>

<net id="3034"><net_src comp="3029" pin="1"/><net_sink comp="1477" pin=0"/></net>

<net id="3038"><net_src comp="592" pin="1"/><net_sink comp="3035" pin=0"/></net>

<net id="3039"><net_src comp="3035" pin="1"/><net_sink comp="985" pin=51"/></net>

<net id="3040"><net_src comp="3035" pin="1"/><net_sink comp="1474" pin=0"/></net>

<net id="3044"><net_src comp="596" pin="1"/><net_sink comp="3041" pin=0"/></net>

<net id="3045"><net_src comp="3041" pin="1"/><net_sink comp="985" pin=50"/></net>

<net id="3046"><net_src comp="3041" pin="1"/><net_sink comp="1471" pin=0"/></net>

<net id="3050"><net_src comp="600" pin="1"/><net_sink comp="3047" pin=0"/></net>

<net id="3051"><net_src comp="3047" pin="1"/><net_sink comp="985" pin=49"/></net>

<net id="3052"><net_src comp="3047" pin="1"/><net_sink comp="1468" pin=0"/></net>

<net id="3056"><net_src comp="604" pin="1"/><net_sink comp="3053" pin=0"/></net>

<net id="3057"><net_src comp="3053" pin="1"/><net_sink comp="985" pin=48"/></net>

<net id="3058"><net_src comp="3053" pin="1"/><net_sink comp="1465" pin=0"/></net>

<net id="3062"><net_src comp="608" pin="1"/><net_sink comp="3059" pin=0"/></net>

<net id="3063"><net_src comp="3059" pin="1"/><net_sink comp="985" pin=47"/></net>

<net id="3064"><net_src comp="3059" pin="1"/><net_sink comp="1462" pin=0"/></net>

<net id="3068"><net_src comp="612" pin="1"/><net_sink comp="3065" pin=0"/></net>

<net id="3069"><net_src comp="3065" pin="1"/><net_sink comp="985" pin=46"/></net>

<net id="3070"><net_src comp="3065" pin="1"/><net_sink comp="1459" pin=0"/></net>

<net id="3074"><net_src comp="616" pin="1"/><net_sink comp="3071" pin=0"/></net>

<net id="3075"><net_src comp="3071" pin="1"/><net_sink comp="985" pin=45"/></net>

<net id="3076"><net_src comp="3071" pin="1"/><net_sink comp="1456" pin=0"/></net>

<net id="3080"><net_src comp="620" pin="1"/><net_sink comp="3077" pin=0"/></net>

<net id="3081"><net_src comp="3077" pin="1"/><net_sink comp="985" pin=44"/></net>

<net id="3082"><net_src comp="3077" pin="1"/><net_sink comp="1453" pin=0"/></net>

<net id="3086"><net_src comp="624" pin="1"/><net_sink comp="3083" pin=0"/></net>

<net id="3087"><net_src comp="3083" pin="1"/><net_sink comp="985" pin=43"/></net>

<net id="3088"><net_src comp="3083" pin="1"/><net_sink comp="1450" pin=0"/></net>

<net id="3092"><net_src comp="628" pin="1"/><net_sink comp="3089" pin=0"/></net>

<net id="3093"><net_src comp="3089" pin="1"/><net_sink comp="985" pin=42"/></net>

<net id="3094"><net_src comp="3089" pin="1"/><net_sink comp="1447" pin=0"/></net>

<net id="3098"><net_src comp="632" pin="1"/><net_sink comp="3095" pin=0"/></net>

<net id="3099"><net_src comp="3095" pin="1"/><net_sink comp="985" pin=41"/></net>

<net id="3100"><net_src comp="3095" pin="1"/><net_sink comp="1444" pin=0"/></net>

<net id="3104"><net_src comp="636" pin="1"/><net_sink comp="3101" pin=0"/></net>

<net id="3105"><net_src comp="3101" pin="1"/><net_sink comp="985" pin=40"/></net>

<net id="3106"><net_src comp="3101" pin="1"/><net_sink comp="1441" pin=0"/></net>

<net id="3110"><net_src comp="640" pin="1"/><net_sink comp="3107" pin=0"/></net>

<net id="3111"><net_src comp="3107" pin="1"/><net_sink comp="985" pin=39"/></net>

<net id="3112"><net_src comp="3107" pin="1"/><net_sink comp="1438" pin=0"/></net>

<net id="3116"><net_src comp="644" pin="1"/><net_sink comp="3113" pin=0"/></net>

<net id="3117"><net_src comp="3113" pin="1"/><net_sink comp="985" pin=38"/></net>

<net id="3118"><net_src comp="3113" pin="1"/><net_sink comp="1435" pin=0"/></net>

<net id="3128"><net_src comp="1238" pin="2"/><net_sink comp="3125" pin=0"/></net>

<net id="3129"><net_src comp="3125" pin="1"/><net_sink comp="1713" pin=0"/></net>

<net id="3241"><net_src comp="1388" pin="4"/><net_sink comp="3238" pin=0"/></net>

<net id="3242"><net_src comp="3238" pin="1"/><net_sink comp="985" pin=37"/></net>

<net id="3246"><net_src comp="648" pin="3"/><net_sink comp="3243" pin=0"/></net>

<net id="3247"><net_src comp="3243" pin="1"/><net_sink comp="655" pin=0"/></net>

<net id="3251"><net_src comp="1431" pin="1"/><net_sink comp="3248" pin=0"/></net>

<net id="3252"><net_src comp="3248" pin="1"/><net_sink comp="1828" pin=0"/></net>

<net id="3364"><net_src comp="655" pin="3"/><net_sink comp="3361" pin=0"/></net>

<net id="3365"><net_src comp="3361" pin="1"/><net_sink comp="2110" pin=1"/></net>

<net id="3372"><net_src comp="1549" pin="2"/><net_sink comp="3369" pin=0"/></net>

<net id="3373"><net_src comp="3369" pin="1"/><net_sink comp="691" pin=2"/></net>

<net id="3377"><net_src comp="1555" pin="2"/><net_sink comp="3374" pin=0"/></net>

<net id="3378"><net_src comp="3374" pin="1"/><net_sink comp="1723" pin=0"/></net>

<net id="3379"><net_src comp="3374" pin="1"/><net_sink comp="1752" pin=0"/></net>

<net id="3380"><net_src comp="3374" pin="1"/><net_sink comp="1771" pin=0"/></net>

<net id="3381"><net_src comp="3374" pin="1"/><net_sink comp="1782" pin=0"/></net>

<net id="3382"><net_src comp="3374" pin="1"/><net_sink comp="1804" pin=1"/></net>

<net id="3383"><net_src comp="3374" pin="1"/><net_sink comp="2175" pin=0"/></net>

<net id="3387"><net_src comp="1561" pin="3"/><net_sink comp="3384" pin=0"/></net>

<net id="3388"><net_src comp="3384" pin="1"/><net_sink comp="1799" pin=0"/></net>

<net id="3389"><net_src comp="3384" pin="1"/><net_sink comp="1817" pin=2"/></net>

<net id="3393"><net_src comp="1723" pin="3"/><net_sink comp="3390" pin=0"/></net>

<net id="3394"><net_src comp="3390" pin="1"/><net_sink comp="702" pin=2"/></net>

<net id="3398"><net_src comp="1734" pin="2"/><net_sink comp="3395" pin=0"/></net>

<net id="3399"><net_src comp="3395" pin="1"/><net_sink comp="1064" pin=26"/></net>

<net id="3400"><net_src comp="3395" pin="1"/><net_sink comp="1121" pin=17"/></net>

<net id="3404"><net_src comp="1752" pin="3"/><net_sink comp="3401" pin=0"/></net>

<net id="3405"><net_src comp="3401" pin="1"/><net_sink comp="2110" pin=0"/></net>

<net id="3409"><net_src comp="1771" pin="3"/><net_sink comp="3406" pin=0"/></net>

<net id="3413"><net_src comp="1778" pin="1"/><net_sink comp="3410" pin=0"/></net>

<net id="3414"><net_src comp="3410" pin="1"/><net_sink comp="1159" pin=1"/></net>

<net id="3418"><net_src comp="1809" pin="3"/><net_sink comp="3415" pin=0"/></net>

<net id="3419"><net_src comp="3415" pin="1"/><net_sink comp="1954" pin=0"/></net>

<net id="3420"><net_src comp="3415" pin="1"/><net_sink comp="2077" pin=1"/></net>

<net id="3421"><net_src comp="3415" pin="1"/><net_sink comp="2164" pin=0"/></net>

<net id="3425"><net_src comp="1817" pin="3"/><net_sink comp="3422" pin=0"/></net>

<net id="3426"><net_src comp="3422" pin="1"/><net_sink comp="726" pin=2"/></net>

<net id="3427"><net_src comp="3422" pin="1"/><net_sink comp="1064" pin=25"/></net>

<net id="3428"><net_src comp="3422" pin="1"/><net_sink comp="1121" pin=16"/></net>

<net id="3432"><net_src comp="1857" pin="2"/><net_sink comp="3429" pin=0"/></net>

<net id="3433"><net_src comp="3429" pin="1"/><net_sink comp="2090" pin=0"/></net>

<net id="3437"><net_src comp="1863" pin="1"/><net_sink comp="3434" pin=0"/></net>

<net id="3438"><net_src comp="3434" pin="1"/><net_sink comp="2101" pin=3"/></net>

<net id="3442"><net_src comp="1867" pin="2"/><net_sink comp="3439" pin=0"/></net>

<net id="3518"><net_src comp="1954" pin="2"/><net_sink comp="3515" pin=0"/></net>

<net id="3519"><net_src comp="3515" pin="1"/><net_sink comp="1064" pin=27"/></net>

<net id="3595"><net_src comp="2032" pin="1"/><net_sink comp="3592" pin=0"/></net>

<net id="3596"><net_src comp="3592" pin="1"/><net_sink comp="748" pin=2"/></net>

<net id="3597"><net_src comp="3592" pin="1"/><net_sink comp="838" pin=2"/></net>

<net id="3601"><net_src comp="2035" pin="1"/><net_sink comp="3598" pin=0"/></net>

<net id="3602"><net_src comp="3598" pin="1"/><net_sink comp="768" pin=2"/></net>

<net id="3603"><net_src comp="3598" pin="1"/><net_sink comp="848" pin=2"/></net>

<net id="3607"><net_src comp="2038" pin="1"/><net_sink comp="3604" pin=0"/></net>

<net id="3608"><net_src comp="3604" pin="1"/><net_sink comp="758" pin=2"/></net>

<net id="3609"><net_src comp="3604" pin="1"/><net_sink comp="858" pin=2"/></net>

<net id="3613"><net_src comp="2041" pin="1"/><net_sink comp="3610" pin=0"/></net>

<net id="3614"><net_src comp="3610" pin="1"/><net_sink comp="808" pin=2"/></net>

<net id="3615"><net_src comp="3610" pin="1"/><net_sink comp="868" pin=2"/></net>

<net id="3619"><net_src comp="2044" pin="1"/><net_sink comp="3616" pin=0"/></net>

<net id="3620"><net_src comp="3616" pin="1"/><net_sink comp="828" pin=2"/></net>

<net id="3621"><net_src comp="3616" pin="1"/><net_sink comp="878" pin=2"/></net>

<net id="3625"><net_src comp="2047" pin="1"/><net_sink comp="3622" pin=0"/></net>

<net id="3626"><net_src comp="3622" pin="1"/><net_sink comp="818" pin=2"/></net>

<net id="3627"><net_src comp="3622" pin="1"/><net_sink comp="888" pin=2"/></net>

<net id="3631"><net_src comp="2050" pin="1"/><net_sink comp="3628" pin=0"/></net>

<net id="3632"><net_src comp="3628" pin="1"/><net_sink comp="778" pin=2"/></net>

<net id="3633"><net_src comp="3628" pin="1"/><net_sink comp="898" pin=2"/></net>

<net id="3637"><net_src comp="2053" pin="1"/><net_sink comp="3634" pin=0"/></net>

<net id="3638"><net_src comp="3634" pin="1"/><net_sink comp="798" pin=2"/></net>

<net id="3639"><net_src comp="3634" pin="1"/><net_sink comp="908" pin=2"/></net>

<net id="3643"><net_src comp="2056" pin="1"/><net_sink comp="3640" pin=0"/></net>

<net id="3644"><net_src comp="3640" pin="1"/><net_sink comp="788" pin=2"/></net>

<net id="3645"><net_src comp="3640" pin="1"/><net_sink comp="918" pin=2"/></net>

<net id="3649"><net_src comp="2059" pin="1"/><net_sink comp="3646" pin=0"/></net>

<net id="3650"><net_src comp="3646" pin="1"/><net_sink comp="928" pin=2"/></net>

<net id="3654"><net_src comp="2062" pin="1"/><net_sink comp="3651" pin=0"/></net>

<net id="3655"><net_src comp="3651" pin="1"/><net_sink comp="938" pin=2"/></net>

<net id="3659"><net_src comp="2065" pin="1"/><net_sink comp="3656" pin=0"/></net>

<net id="3660"><net_src comp="3656" pin="1"/><net_sink comp="948" pin=2"/></net>

<net id="3664"><net_src comp="2068" pin="1"/><net_sink comp="3661" pin=0"/></net>

<net id="3665"><net_src comp="3661" pin="1"/><net_sink comp="958" pin=2"/></net>

<net id="3669"><net_src comp="2071" pin="1"/><net_sink comp="3666" pin=0"/></net>

<net id="3670"><net_src comp="3666" pin="1"/><net_sink comp="968" pin=2"/></net>

<net id="3674"><net_src comp="2074" pin="1"/><net_sink comp="3671" pin=0"/></net>

<net id="3675"><net_src comp="3671" pin="1"/><net_sink comp="978" pin=2"/></net>

<net id="3679"><net_src comp="661" pin="3"/><net_sink comp="3676" pin=0"/></net>

<net id="3680"><net_src comp="3676" pin="1"/><net_sink comp="675" pin=0"/></net>

<net id="3684"><net_src comp="668" pin="3"/><net_sink comp="3681" pin=0"/></net>

<net id="3685"><net_src comp="3681" pin="1"/><net_sink comp="681" pin=0"/></net>

<net id="3689"><net_src comp="2110" pin="3"/><net_sink comp="3686" pin=0"/></net>

<net id="3690"><net_src comp="3686" pin="1"/><net_sink comp="1159" pin=47"/></net>

<net id="3694"><net_src comp="1159" pin="48"/><net_sink comp="3691" pin=0"/></net>

<net id="3695"><net_src comp="3691" pin="1"/><net_sink comp="675" pin=1"/></net>

<net id="3696"><net_src comp="3691" pin="1"/><net_sink comp="681" pin=1"/></net>

<net id="3697"><net_src comp="3691" pin="1"/><net_sink comp="1219" pin=0"/></net>

<net id="3698"><net_src comp="3691" pin="1"/><net_sink comp="2116" pin=0"/></net>

<net id="3699"><net_src comp="3691" pin="1"/><net_sink comp="2157" pin=2"/></net>

<net id="3703"><net_src comp="2157" pin="3"/><net_sink comp="3700" pin=0"/></net>

<net id="3704"><net_src comp="3700" pin="1"/><net_sink comp="675" pin=1"/></net>

<net id="3705"><net_src comp="3700" pin="1"/><net_sink comp="681" pin=1"/></net>

<net id="3709"><net_src comp="2164" pin="2"/><net_sink comp="3706" pin=0"/></net>

<net id="3710"><net_src comp="3706" pin="1"/><net_sink comp="737" pin=2"/></net>

<net id="3714"><net_src comp="2175" pin="3"/><net_sink comp="3711" pin=0"/></net>

<net id="3715"><net_src comp="3711" pin="1"/><net_sink comp="714" pin=2"/></net>

</net_list>

</model> 
---------------- Datapath Model END ------------------

* FSMD analyzer results:
  - Output states:
	Port: ifmap | {}
	Port: ofmap_0 | {39 42 }
	Port: ofmap_1 | {39 42 }
	Port: conv2_weight | {}
	Port: conv2_bias | {}
 - Input state : 
	Port: Conv_func<4, 26, 4, 24> : ifmap | {7 8 10 11 }
	Port: Conv_func<4, 26, 4, 24> : ofmap_0 | {9 12 }
	Port: Conv_func<4, 26, 4, 24> : ofmap_1 | {9 12 }
	Port: Conv_func<4, 26, 4, 24> : conv2_weight | {2 3 }
	Port: Conv_func<4, 26, 4, 24> : conv2_bias | {3 4 }
  - Chain level:
	State 1
		store_ln133 : 1
	State 2
		icmp_ln133 : 1
		add_ln133 : 1
		br_ln133 : 2
		or_ln : 1
		call_ln26 : 2
	State 3
		conv2_bias_addr : 1
		conv2_bias_load : 2
	State 4
		zext_ln26 : 1
		zext_ln146 : 1
		sub_ln146 : 2
		sext_ln133 : 3
	State 5
		icmp_ln137 : 1
		add_ln137_1 : 1
		br_ln137 : 2
		icmp_ln139 : 1
		select_ln137 : 2
	State 6
		select_ln137_1 : 1
		zext_ln52 : 2
		mul_ln52 : 3
		cmp15_mid1 : 1
		select_ln137_2 : 2
		cmp28_mid1 : 1
		select_ln137_3 : 2
		trunc_ln137 : 2
		and_ln137 : 1
		or_ln139 : 1
		select_ln139 : 1
		select_ln139_2 : 1
		zext_ln146_1 : 2
		add_ln146 : 3
		trunc_ln146 : 4
		p_shl5 : 5
		trunc_ln146_1 : 4
		p_shl6 : 5
		sub_ln146_1 : 6
		trunc_ln141 : 2
		icmp_ln46 : 2
		br_ln46 : 3
	State 7
		call_ln139 : 1
	State 8
	State 9
		zext_ln146_2 : 1
		add_ln146_1 : 2
		zext_ln146_3 : 3
		ofmap_0_addr : 4
		ofmap_1_addr : 4
		ofmap_0_load : 5
		ofmap_1_load : 5
	State 10
	State 11
	State 12
		tmp : 1
		prev_sum : 2
	State 13
	State 14
	State 15
	State 16
	State 17
	State 18
	State 19
	State 20
	State 21
	State 22
	State 23
	State 24
	State 25
	State 26
	State 27
	State 28
	State 29
	State 30
	State 31
	State 32
	State 33
	State 34
	State 35
	State 36
	State 37
	State 38
	State 39
	State 40
	State 41
		tmp_22 : 1
		trunc_ln73 : 1
		icmp_ln73 : 2
		icmp_ln73_17 : 2
		or_ln73 : 3
		and_ln73 : 3
		select_ln73 : 3
	State 42
		select_ln139_3 : 1


============================================================
+ Verbose Summary: Datapath Resource usage 
============================================================

* Functional unit list:
|----------|---------------------------------------------------------------------------|---------|---------|---------|---------|
| Operation|                              Functional Unit                              |   DSP   |  Delay  |    FF   |   LUT   |
|----------|---------------------------------------------------------------------------|---------|---------|---------|---------|
|          | grp_Conv_func_4_26_4_24_Pipeline_Fil_load_ch_Fil_load_r_Fil_load_c_fu_985 |    0    |  1.588  |   1210  |   196   |
|   call   |           grp_Conv_func_4_26_4_24_Pipeline_loadWinShift_fu_1064           |    1    |  3.176  |   797   |    77   |
|          |    grp_Conv_func_4_26_4_24_Pipeline_loadWinFull_VITIS_LOOP_50_1_fu_1121   |    1    |  3.176  |   517   |    85   |
|          |                           grp_conv2D_4_s_fu_1159                          |    45   |    0    |   4284  |   6579  |
|----------|---------------------------------------------------------------------------|---------|---------|---------|---------|
|          |                             add_ln133_fu_1238                             |    0    |    0    |    0    |    11   |
|          |                            add_ln137_1_fu_1549                            |    0    |    0    |    0    |    12   |
|          |                             add_ln137_fu_1717                             |    0    |    0    |    0    |    11   |
|          |                             add_ln139_fu_1799                             |    0    |    0    |    0    |    13   |
|    add   |                             add_ln146_fu_1828                             |    0    |    0    |    0    |    14   |
|          |                             empty_189_fu_1954                             |    0    |    0    |    0    |    13   |
|          |                            add_ln146_1_fu_2090                            |    0    |    0    |    0    |    12   |
|          |                             add_ln141_fu_2164                             |    0    |    0    |    0    |    13   |
|          |                            add_ln139_2_fu_2169                            |    0    |    0    |    0    |    13   |
|----------|---------------------------------------------------------------------------|---------|---------|---------|---------|
|          |                             icmp_ln133_fu_1232                            |    0    |    0    |    0    |    8    |
|          |                             icmp_ln137_fu_1543                            |    0    |    0    |    0    |    12   |
|          |                             icmp_ln139_fu_1555                            |    0    |    0    |    0    |    11   |
|          |                             cmp15_mid1_fu_1740                            |    0    |    0    |    0    |    8    |
|          |                              cmp1597_fu_1746                              |    0    |    0    |    0    |    8    |
|   icmp   |                             cmp28_mid1_fu_1759                            |    0    |    0    |    0    |    8    |
|          |                              cmp2896_fu_1765                              |    0    |    0    |    0    |    8    |
|          |                             icmp_ln141_fu_1787                            |    0    |    0    |    0    |    9    |
|          |                             icmp_ln46_fu_1867                             |    0    |    0    |    0    |    9    |
|          |                             icmp_ln73_fu_2133                             |    0    |    0    |    0    |    11   |
|          |                            icmp_ln73_17_fu_2139                           |    0    |    0    |    0    |    15   |
|----------|---------------------------------------------------------------------------|---------|---------|---------|---------|
|          |                            select_ln137_fu_1561                           |    0    |    0    |    0    |    5    |
|          |                           select_ln137_1_fu_1723                          |    0    |    0    |    0    |    3    |
|          |                           select_ln137_2_fu_1752                          |    0    |    0    |    0    |    2    |
|          |                           select_ln137_3_fu_1771                          |    0    |    0    |    0    |    2    |
|  select  |                            select_ln139_fu_1809                           |    0    |    0    |    0    |    5    |
|          |                           select_ln139_2_fu_1817                          |    0    |    0    |    0    |    5    |
|          |                              prev_sum_fu_2110                             |    0    |    0    |    0    |    32   |
|          |                            select_ln73_fu_2157                            |    0    |    0    |    0    |    32   |
|          |                           select_ln139_3_fu_2175                          |    0    |    0    |    0    |    10   |
|----------|---------------------------------------------------------------------------|---------|---------|---------|---------|
|    sub   |                             sub_ln146_fu_1425                             |    0    |    0    |    0    |    15   |
|          |                            sub_ln146_1_fu_1857                            |    0    |    0    |    0    |    12   |
|----------|---------------------------------------------------------------------------|---------|---------|---------|---------|
|    mul   |                              mul_ln52_fu_1734                             |    0    |    0    |    0    |    26   |
|----------|---------------------------------------------------------------------------|---------|---------|---------|---------|
|    mux   |                                tmp_fu_2101                                |    0    |    0    |    0    |    9    |
|----------|---------------------------------------------------------------------------|---------|---------|---------|---------|
|    and   |                             and_ln137_fu_1793                             |    0    |    0    |    0    |    2    |
|          |                              and_ln73_fu_2151                             |    0    |    0    |    0    |    2    |
|----------|---------------------------------------------------------------------------|---------|---------|---------|---------|
|    or    |                              or_ln139_fu_1804                             |    0    |    0    |    0    |    2    |
|          |                              or_ln73_fu_2145                              |    0    |    0    |    0    |    2    |
|----------|---------------------------------------------------------------------------|---------|---------|---------|---------|
|    xor   |                             xor_ln137_fu_1782                             |    0    |    0    |    0    |    2    |
|----------|---------------------------------------------------------------------------|---------|---------|---------|---------|
|   fcmp   |                                grp_fu_1219                                |    0    |    0    |    0    |    0    |
|----------|---------------------------------------------------------------------------|---------|---------|---------|---------|
|          |                               or_ln_fu_1388                               |    0    |    0    |    0    |    0    |
|          |                               tmp_s_fu_1403                               |    0    |    0    |    0    |    0    |
|bitconcatenate|                               tmp_25_fu_1414                              |    0    |    0    |    0    |    0    |
|          |                               p_shl5_fu_1837                              |    0    |    0    |    0    |    0    |
|          |                               p_shl6_fu_1849                              |    0    |    0    |    0    |    0    |
|----------|---------------------------------------------------------------------------|---------|---------|---------|---------|
|          |                             zext_ln133_fu_1399                            |    0    |    0    |    0    |    0    |
|          |                             zext_ln26_fu_1410                             |    0    |    0    |    0    |    0    |
|          |                             zext_ln146_fu_1421                            |    0    |    0    |    0    |    0    |
|   zext   |                             zext_ln52_fu_1730                             |    0    |    0    |    0    |    0    |
|          |                            zext_ln146_1_fu_1824                           |    0    |    0    |    0    |    0    |
|          |                            zext_ln146_2_fu_2086                           |    0    |    0    |    0    |    0    |
|          |                            zext_ln146_3_fu_2095                           |    0    |    0    |    0    |    0    |
|----------|---------------------------------------------------------------------------|---------|---------|---------|---------|
|   sext   |                             sext_ln133_fu_1431                            |    0    |    0    |    0    |    0    |
|----------|---------------------------------------------------------------------------|---------|---------|---------|---------|
|          |                            trunc_ln137_fu_1778                            |    0    |    0    |    0    |    0    |
|          |                            trunc_ln146_fu_1833                            |    0    |    0    |    0    |    0    |
|   trunc  |                           trunc_ln146_1_fu_1845                           |    0    |    0    |    0    |    0    |
|          |                            trunc_ln141_fu_1863                            |    0    |    0    |    0    |    0    |
|          |                             trunc_ln73_fu_2129                            |    0    |    0    |    0    |    0    |
|----------|---------------------------------------------------------------------------|---------|---------|---------|---------|
|partselect|                              lshr_ln_fu_2077                              |    0    |    0    |    0    |    0    |
|          |                               tmp_22_fu_2119                              |    0    |    0    |    0    |    0    |
|----------|---------------------------------------------------------------------------|---------|---------|---------|---------|
|   Total  |                                                                           |    47   |   7.94  |   6808  |   7324  |
|----------|---------------------------------------------------------------------------|---------|---------|---------|---------|

Memories:
N/A

* Register list:
+--------------------------------------+--------+
|                                      |   FF   |
+--------------------------------------+--------+
|          add_ln133_reg_3125          |    3   |
|         add_ln137_1_reg_3369         |   12   |
|          add_ln141_reg_3706          |    5   |
|       conv2_bias_addr_reg_3243       |    2   |
|       conv2_bias_load_reg_3361       |   32   |
|          empty_189_reg_3515          |    5   |
|          icmp_ln139_reg_3374         |    1   |
|          icmp_ln46_reg_3439          |    1   |
|       indvar_flatten157_reg_710      |   10   |
|       indvar_flatten219_reg_687      |   12   |
|              kch_reg_698             |    3   |
|    kernel_0_0_0_promoted_reg_2441    |   32   |
|    kernel_0_0_1_promoted_reg_2435    |   32   |
|    kernel_0_0_2_promoted_reg_2447    |   32   |
|    kernel_0_1_0_promoted_reg_2423    |   32   |
|    kernel_0_1_1_promoted_reg_2417    |   32   |
|    kernel_0_1_2_promoted_reg_2429    |   32   |
|    kernel_0_2_0_promoted_reg_2459    |   32   |
|    kernel_0_2_1_promoted_reg_2453    |   32   |
|    kernel_0_2_2_promoted_reg_2465    |   32   |
|    kernel_1_0_0_promoted_reg_2387    |   32   |
|    kernel_1_0_1_promoted_reg_2381    |   32   |
|    kernel_1_0_2_promoted_reg_2393    |   32   |
|    kernel_1_1_0_promoted_reg_2369    |   32   |
|    kernel_1_1_1_promoted_reg_2363    |   32   |
|    kernel_1_1_2_promoted_reg_2375    |   32   |
|    kernel_1_2_0_promoted_reg_2405    |   32   |
|    kernel_1_2_1_promoted_reg_2399    |   32   |
|    kernel_1_2_2_promoted_reg_2411    |   32   |
|    kernel_2_0_0_promoted_reg_2333    |   32   |
|    kernel_2_0_1_promoted_reg_2327    |   32   |
|    kernel_2_0_2_promoted_reg_2339    |   32   |
|    kernel_2_1_0_promoted_reg_2315    |   32   |
|    kernel_2_1_1_promoted_reg_2309    |   32   |
|    kernel_2_1_2_promoted_reg_2321    |   32   |
|    kernel_2_2_0_promoted_reg_2351    |   32   |
|    kernel_2_2_1_promoted_reg_2345    |   32   |
|    kernel_2_2_2_promoted_reg_2357    |   32   |
|    kernel_3_0_0_promoted_reg_2495    |   32   |
|    kernel_3_0_1_promoted_reg_2489    |   32   |
|    kernel_3_0_2_promoted_reg_2501    |   32   |
|    kernel_3_1_0_promoted_reg_2477    |   32   |
|    kernel_3_1_1_promoted_reg_2471    |   32   |
|    kernel_3_1_2_promoted_reg_2483    |   32   |
|    kernel_3_2_0_promoted_reg_2513    |   32   |
|    kernel_3_2_1_promoted_reg_2507    |   32   |
|    kernel_3_2_2_promoted_reg_2519    |   32   |
|           mul_ln52_reg_3395          |    8   |
|         mux_case_01_reg_2525         |   32   |
|          mux_case_06_reg_975         |   32   |
|        mux_case_08435_reg_2543       |   32   |
|   mux_case_08440_loc_load_reg_3656   |   32   |
|      mux_case_08440_loc_reg_2831     |   32   |
|        mux_case_08443_reg_945        |   32   |
|       mux_case_084_loc_reg_2687      |   32   |
|     mux_case_08_loc_load_reg_3671    |   32   |
|       mux_case_08_loc_reg_2813       |   32   |
|        mux_case_0_loc_reg_2669       |   32   |
|         mux_case_113_reg_2531        |   32   |
|         mux_case_117_reg_965         |   32   |
|    mux_case_119_loc_load_reg_3666    |   32   |
|       mux_case_119_loc_reg_2819      |   32   |
|        mux_case_18546_reg_2549       |   32   |
|   mux_case_18551_loc_load_reg_3651   |   32   |
|      mux_case_18551_loc_reg_2837     |   32   |
|        mux_case_18554_reg_935        |   32   |
|       mux_case_185_loc_reg_2693      |   32   |
|        mux_case_1_loc_reg_2675       |   32   |
|         mux_case_224_reg_2537        |   32   |
|         mux_case_228_reg_955         |   32   |
|    mux_case_230_loc_load_reg_3661    |   32   |
|       mux_case_230_loc_reg_2825      |   32   |
|        mux_case_28657_reg_2555       |   32   |
|   mux_case_28662_loc_load_reg_3646   |   32   |
|      mux_case_28662_loc_reg_2843     |   32   |
|        mux_case_28665_reg_925        |   32   |
|       mux_case_286_loc_reg_2699      |   32   |
|        mux_case_2_loc_reg_2681       |   32   |
|             n_f_reg_2302             |    3   |
|         ofmap_0_addr_reg_3676        |   11   |
|         ofmap_1_addr_reg_3681        |   11   |
|              oh_reg_722              |    5   |
|            or_ln_reg_3238            |    8   |
|              ow_reg_733              |    5   |
|           p_loc108_reg_3107          |   32   |
|           p_loc109_reg_3101          |   32   |
|           p_loc110_reg_3095          |   32   |
|           p_loc111_reg_3089          |   32   |
|           p_loc112_reg_3083          |   32   |
|           p_loc113_reg_3077          |   32   |
|           p_loc114_reg_3071          |   32   |
|           p_loc115_reg_3065          |   32   |
|           p_loc116_reg_3059          |   32   |
|           p_loc117_reg_3053          |   32   |
|           p_loc118_reg_3047          |   32   |
|           p_loc119_reg_3041          |   32   |
|           p_loc120_reg_3035          |   32   |
|           p_loc121_reg_3029          |   32   |
|           p_loc122_reg_3023          |   32   |
|           p_loc123_reg_3017          |   32   |
|           p_loc124_reg_3011          |   32   |
|           p_loc125_reg_3005          |   32   |
|           p_loc126_reg_2999          |   32   |
|           p_loc127_reg_2993          |   32   |
|           p_loc128_reg_2987          |   32   |
|           p_loc129_reg_2981          |   32   |
|           p_loc130_reg_2975          |   32   |
|           p_loc131_reg_2969          |   32   |
|           p_loc132_reg_2963          |   32   |
|           p_loc133_reg_2957          |   32   |
|           p_loc134_reg_2951          |   32   |
|           p_loc135_reg_2945          |   32   |
|           p_loc136_reg_2939          |   32   |
|           p_loc137_reg_2933          |   32   |
|           p_loc138_reg_2927          |   32   |
|           p_loc139_reg_2921          |   32   |
|           p_loc140_reg_2915          |   32   |
|           p_loc141_reg_2909          |   32   |
|           p_loc142_reg_2903          |   32   |
|        p_loc179_load_reg_3592        |   32   |
|           p_loc179_reg_2897          |   32   |
|        p_loc180_load_reg_3598        |   32   |
|           p_loc180_reg_2891          |   32   |
|        p_loc181_load_reg_3604        |   32   |
|           p_loc181_reg_2885          |   32   |
|        p_loc182_load_reg_3610        |   32   |
|           p_loc182_reg_2879          |   32   |
|        p_loc183_load_reg_3616        |   32   |
|           p_loc183_reg_2873          |   32   |
|        p_loc184_load_reg_3622        |   32   |
|           p_loc184_reg_2867          |   32   |
|        p_loc185_load_reg_3628        |   32   |
|           p_loc185_reg_2861          |   32   |
|        p_loc186_load_reg_3634        |   32   |
|           p_loc186_reg_2855          |   32   |
|        p_loc187_load_reg_3640        |   32   |
|           p_loc187_reg_2849          |   32   |
|            p_loc_reg_3113            |   32   |
|           prev_sum_reg_3686          |   32   |
|        select_ln137_1_reg_3390       |    3   |
|        select_ln137_2_reg_3401       |    1   |
|        select_ln137_3_reg_3406       |    1   |
|         select_ln137_reg_3384        |    5   |
|        select_ln139_2_reg_3422       |    5   |
|        select_ln139_3_reg_3711       |   10   |
|         select_ln139_reg_3415        |    5   |
|         select_ln73_reg_3700         |   32   |
|          sext_ln133_reg_3248         |   10   |
|         sub_ln146_1_reg_3429         |   11   |
|             sum_reg_3691             |   32   |
|         trunc_ln137_reg_3410         |    2   |
|         trunc_ln141_reg_3434         |    1   |
|        window4151_loc_reg_2759       |   32   |
|          window4153_reg_2615         |   32   |
|           window41_reg_825           |   32   |
|  window_0_0_promoted245319_reg_2585  |   32   |
|window_0_0_promoted245323_loc_reg_2729|   32   |
|   window_0_0_promoted245325_reg_875  |   32   |
|  window_0_1_promoted243312_reg_2579  |   32   |
|window_0_1_promoted243316_loc_reg_2723|   32   |
|   window_0_1_promoted243318_reg_885  |   32   |
|  window_0_2_promoted247326_reg_2591  |   32   |
|window_0_2_promoted247330_loc_reg_2735|   32   |
|   window_0_2_promoted247332_reg_865  |   32   |
|  window_1_0_promoted239298_reg_2567  |   32   |
|window_1_0_promoted239302_loc_reg_2711|   32   |
|   window_1_0_promoted239304_reg_905  |   32   |
|  window_1_1_promoted237291_reg_2561  |   32   |
|window_1_1_promoted237295_loc_reg_2705|   32   |
|   window_1_1_promoted237297_reg_915  |   32   |
|  window_1_2_promoted241305_reg_2573  |   32   |
|window_1_2_promoted241309_loc_reg_2717|   32   |
|   window_1_2_promoted241311_reg_895  |   32   |
|      window_214258_loc_reg_2765      |   32   |
|        window_214260_reg_2621        |   32   |
|          window_2142_reg_815         |   32   |
|      window_224365_loc_reg_2771      |   32   |
|        window_224367_reg_2627        |   32   |
|          window_2243_reg_805         |   32   |
|      window_234472_loc_reg_2777      |   32   |
|        window_234474_reg_2633        |   32   |
|          window_2344_reg_795         |   32   |
|      window_244579_loc_reg_2783      |   32   |
|        window_244581_reg_2639        |   32   |
|          window_2445_reg_785         |   32   |
|      window_254686_loc_reg_2789      |   32   |
|        window_254688_reg_2645        |   32   |
|          window_2546_reg_775         |   32   |
|      window_264793_loc_reg_2795      |   32   |
|        window_264795_reg_2651        |   32   |
|          window_2647_reg_765         |   32   |
|      window_2748100_loc_reg_2801     |   32   |
|        window_2748102_reg_2657       |   32   |
|          window_2748_reg_755         |   32   |
|      window_2849107_loc_reg_2807     |   32   |
|        window_2849109_reg_2663       |   32   |
|          window_2849_reg_745         |   32   |
|  window_2_0_promoted251340_reg_2603  |   32   |
|window_2_0_promoted251344_loc_reg_2747|   32   |
|   window_2_0_promoted251346_reg_845  |   32   |
|  window_2_1_promoted249333_reg_2597  |   32   |
|window_2_1_promoted249337_loc_reg_2741|   32   |
|   window_2_1_promoted249339_reg_855  |   32   |
|  window_2_2_promoted253347_reg_2609  |   32   |
|window_2_2_promoted253351_loc_reg_2753|   32   |
|   window_2_2_promoted253353_reg_835  |   32   |
+--------------------------------------+--------+
|                 Total                |  5855  |
+--------------------------------------+--------+

* Multiplexer (MUX) list: 
|---------------------------------------------------------------------------|------|------|------|--------||---------||---------|
|                                    Comp                                   |  Pin | Size |  BW  | S x BW ||  Delay  ||   LUT   |
|---------------------------------------------------------------------------|------|------|------|--------||---------||---------|
|                             grp_access_fu_655                             |  p0  |   2  |   2  |    4   ||    9    |
|                             grp_access_fu_675                             |  p0  |   2  |  11  |   22   ||    9    |
|                             grp_access_fu_675                             |  p1  |   2  |  32  |   64   ||    9    |
|                             grp_access_fu_681                             |  p0  |   2  |  11  |   22   ||    9    |
|                             grp_access_fu_681                             |  p1  |   2  |  32  |   64   ||    9    |
|                                kch_reg_698                                |  p0  |   2  |   3  |    6   ||    9    |
|                         indvar_flatten157_reg_710                         |  p0  |   2  |  10  |   20   ||    9    |
|                                 ow_reg_733                                |  p0  |   2  |   5  |   10   ||    9    |
| grp_Conv_func_4_26_4_24_Pipeline_Fil_load_ch_Fil_load_r_Fil_load_c_fu_985 |  p37 |   2  |   8  |   16   ||    9    |
|           grp_Conv_func_4_26_4_24_Pipeline_loadWinShift_fu_1064           |  p27 |   2  |   5  |   10   ||    9    |
|---------------------------------------------------------------------------|------|------|------|--------||---------||---------|
|                                   Total                                   |      |      |      |   238  ||  15.88  ||    90   |
|---------------------------------------------------------------------------|------|------|------|--------||---------||---------|



* Summary:
+-----------+--------+--------+--------+--------+
|           |   DSP  |  Delay |   FF   |   LUT  |
+-----------+--------+--------+--------+--------+
|  Function |   47   |    7   |  6808  |  7324  |
|   Memory  |    -   |    -   |    -   |    -   |
|Multiplexer|    -   |   15   |    -   |   90   |
|  Register |    -   |    -   |  5855  |    -   |
+-----------+--------+--------+--------+--------+
|   Total   |   47   |   23   |  12663 |  7414  |
+-----------+--------+--------+--------+--------+
