

================================================================
== Vitis HLS Report for 'conv1'
================================================================
* Date:           Thu Dec 25 17:04:36 2025

* Version:        2022.1 (Build 3526262 on Mon Apr 18 15:48:16 MDT 2022)
* Project:        Day_5_final_boss
* Solution:       hellojio (Vivado IP Flow Target)
* Product family: zynq
* Target device:  xc7z020-clg400-1


================================================================
== Performance Estimates
================================================================
+ Timing: 
    * Summary: 
    +--------+----------+----------+------------+
    |  Clock |  Target  | Estimated| Uncertainty|
    +--------+----------+----------+------------+
    |ap_clk  |  10.00 ns|  7.290 ns|     2.70 ns|
    +--------+----------+----------+------------+

+ Latency: 
    * Summary: 
    +---------+---------+----------+----------+--------+--------+---------+
    |  Latency (cycles) |  Latency (absolute) |     Interval    | Pipeline|
    |   min   |   max   |    min   |    max   |   min  |   max  |   Type  |
    +---------+---------+----------+----------+--------+--------+---------+
    |   105521|   121745|  1.055 ms|  1.217 ms|  105521|  121745|       no|
    +---------+---------+----------+----------+--------+--------+---------+

    + Detail: 
        * Instance: 
        +-------------------------------------------------------+--------------------------------------------+---------+---------+-----------+-----------+-----+-----+---------+
        |                                                       |                                            |  Latency (cycles) |   Latency (absolute)  |  Interval | Pipeline|
        |                        Instance                       |                   Module                   |   min   |   max   |    min    |    max    | min | max |   Type  |
        +-------------------------------------------------------+--------------------------------------------+---------+---------+-----------+-----------+-----+-----+---------+
        |grp_conv1_Pipeline_Fil_load_r_Fil_load_c_fu_691        |conv1_Pipeline_Fil_load_r_Fil_load_c        |       12|       12|   0.120 us|   0.120 us|   12|   12|       no|
        |grp_conv1_Pipeline_loadWinShift_fu_716                 |conv1_Pipeline_loadWinShift                 |        6|        6|  60.000 ns|  60.000 ns|    6|    6|       no|
        |grp_conv1_Pipeline_loadWinFull_VITIS_LOOP_50_1_fu_772  |conv1_Pipeline_loadWinFull_VITIS_LOOP_50_1  |       12|       12|   0.120 us|   0.120 us|   12|   12|       no|
        |grp_conv2D_1_s_fu_809                                  |conv2D_1_s                                  |       23|       23|   0.230 us|   0.230 us|    1|    1|      yes|
        +-------------------------------------------------------+--------------------------------------------+---------+---------+-----------+-----------+-----+-----+---------+

        * Loop: 
        +---------------+---------+---------+---------------+-----------+-----------+------+----------+
        |               |  Latency (cycles) |   Iteration   |  Initiation Interval  | Trip |          |
        |   Loop Name   |   min   |   max   |    Latency    |  achieved |   target  | Count| Pipelined|
        +---------------+---------+---------+---------------+-----------+-----------+------+----------+
        |- C1_fil_load  |   105520|   121744|  26380 ~ 30436|          -|          -|     4|        no|
        | + VS_HS       |    26364|    30420|        39 ~ 45|          -|          -|   676|        no|
        +---------------+---------+---------+---------------+-----------+-----------+------+----------+

============================================================
+ Verbose Summary: Synthesis Manager
============================================================
InlineROM: 1
ExposeGlobal: 0
============================================================
+ Verbose Summary: CDFG Model
============================================================
IsTopModel: 0
ResetActiveHigh: 1
IsCombinational: 2
IsDatapathOnly: 0
HasWiredReturn: 1
HasMFsm: 0
HasVarLatency: 1
IsPipeline: 0
IsRtlPipelined: 0
IsInstanceOverlapped: 0
IsDontTouch: 0
HasImplIP: 0
IsGatedGlobalClock: 0


============================================================
+ Verbose Summary: Schedule
============================================================
* Number of FSM states : 38
* Pipeline : 0
* Dataflow Pipeline: 0

* FSM state transitions: 
1 --> 2 
2 --> 3 
3 --> 4 
4 --> 5 
5 --> 6 2 
6 --> 7 
7 --> 8 
8 --> 9 11 
9 --> 10 
10 --> 12 
11 --> 10 
12 --> 13 
13 --> 14 
14 --> 15 
15 --> 16 
16 --> 17 
17 --> 18 
18 --> 19 
19 --> 20 
20 --> 21 
21 --> 22 
22 --> 23 
23 --> 24 
24 --> 25 
25 --> 26 
26 --> 27 
27 --> 28 
28 --> 29 
29 --> 30 
30 --> 31 
31 --> 32 
32 --> 33 
33 --> 34 
34 --> 35 
35 --> 36 
36 --> 37 
37 --> 38 
38 --> 5 

* FSM state operations: 

State 1 <SV = 0> <Delay = 1.58>
ST_1 : Operation 39 [1/1] (0.00ns)   --->   "%phi_mul = alloca i32 1"   --->   Operation 39 'alloca' 'phi_mul' <Predicate = true> <Delay = 0.00>
ST_1 : Operation 40 [1/1] (0.00ns)   --->   "%n_f = alloca i32 1"   --->   Operation 40 'alloca' 'n_f' <Predicate = true> <Delay = 0.00>
ST_1 : Operation 41 [1/1] (0.00ns)   --->   "%kernel_i_1_1_promoted152 = alloca i32 1"   --->   Operation 41 'alloca' 'kernel_i_1_1_promoted152' <Predicate = true> <Delay = 0.00>
ST_1 : Operation 42 [1/1] (0.00ns)   --->   "%kernel_i_1_0_promoted154 = alloca i32 1"   --->   Operation 42 'alloca' 'kernel_i_1_0_promoted154' <Predicate = true> <Delay = 0.00>
ST_1 : Operation 43 [1/1] (0.00ns)   --->   "%kernel_i_1_2_promoted156 = alloca i32 1"   --->   Operation 43 'alloca' 'kernel_i_1_2_promoted156' <Predicate = true> <Delay = 0.00>
ST_1 : Operation 44 [1/1] (0.00ns)   --->   "%kernel_i_0_1_promoted158 = alloca i32 1"   --->   Operation 44 'alloca' 'kernel_i_0_1_promoted158' <Predicate = true> <Delay = 0.00>
ST_1 : Operation 45 [1/1] (0.00ns)   --->   "%kernel_i_0_0_promoted160 = alloca i32 1"   --->   Operation 45 'alloca' 'kernel_i_0_0_promoted160' <Predicate = true> <Delay = 0.00>
ST_1 : Operation 46 [1/1] (0.00ns)   --->   "%kernel_i_0_2_promoted162 = alloca i32 1"   --->   Operation 46 'alloca' 'kernel_i_0_2_promoted162' <Predicate = true> <Delay = 0.00>
ST_1 : Operation 47 [1/1] (0.00ns)   --->   "%kernel_i_2_1_promoted164 = alloca i32 1"   --->   Operation 47 'alloca' 'kernel_i_2_1_promoted164' <Predicate = true> <Delay = 0.00>
ST_1 : Operation 48 [1/1] (0.00ns)   --->   "%kernel_i_2_0_promoted166 = alloca i32 1"   --->   Operation 48 'alloca' 'kernel_i_2_0_promoted166' <Predicate = true> <Delay = 0.00>
ST_1 : Operation 49 [1/1] (0.00ns)   --->   "%kernel_i_2_2_promoted168 = alloca i32 1"   --->   Operation 49 'alloca' 'kernel_i_2_2_promoted168' <Predicate = true> <Delay = 0.00>
ST_1 : Operation 50 [1/1] (0.00ns)   --->   "%mux_case_090 = alloca i32 1"   --->   Operation 50 'alloca' 'mux_case_090' <Predicate = true> <Delay = 0.00>
ST_1 : Operation 51 [1/1] (0.00ns)   --->   "%mux_case_1100 = alloca i32 1"   --->   Operation 51 'alloca' 'mux_case_1100' <Predicate = true> <Delay = 0.00>
ST_1 : Operation 52 [1/1] (0.00ns)   --->   "%mux_case_2110 = alloca i32 1"   --->   Operation 52 'alloca' 'mux_case_2110' <Predicate = true> <Delay = 0.00>
ST_1 : Operation 53 [1/1] (0.00ns)   --->   "%mux_case_077120 = alloca i32 1"   --->   Operation 53 'alloca' 'mux_case_077120' <Predicate = true> <Delay = 0.00>
ST_1 : Operation 54 [1/1] (0.00ns)   --->   "%mux_case_179130 = alloca i32 1"   --->   Operation 54 'alloca' 'mux_case_179130' <Predicate = true> <Delay = 0.00>
ST_1 : Operation 55 [1/1] (0.00ns)   --->   "%mux_case_281140 = alloca i32 1"   --->   Operation 55 'alloca' 'mux_case_281140' <Predicate = true> <Delay = 0.00>
ST_1 : Operation 56 [1/1] (0.00ns)   --->   "%window_i_1_1_promoted179211 = alloca i32 1"   --->   Operation 56 'alloca' 'window_i_1_1_promoted179211' <Predicate = true> <Delay = 0.00>
ST_1 : Operation 57 [1/1] (0.00ns)   --->   "%window_i_1_0_promoted181217 = alloca i32 1"   --->   Operation 57 'alloca' 'window_i_1_0_promoted181217' <Predicate = true> <Delay = 0.00>
ST_1 : Operation 58 [1/1] (0.00ns)   --->   "%window_i_1_2_promoted183223 = alloca i32 1"   --->   Operation 58 'alloca' 'window_i_1_2_promoted183223' <Predicate = true> <Delay = 0.00>
ST_1 : Operation 59 [1/1] (0.00ns)   --->   "%window_i_0_1_promoted185229 = alloca i32 1"   --->   Operation 59 'alloca' 'window_i_0_1_promoted185229' <Predicate = true> <Delay = 0.00>
ST_1 : Operation 60 [1/1] (0.00ns)   --->   "%window_i_0_0_promoted187235 = alloca i32 1"   --->   Operation 60 'alloca' 'window_i_0_0_promoted187235' <Predicate = true> <Delay = 0.00>
ST_1 : Operation 61 [1/1] (0.00ns)   --->   "%window_i_0_2_promoted189241 = alloca i32 1"   --->   Operation 61 'alloca' 'window_i_0_2_promoted189241' <Predicate = true> <Delay = 0.00>
ST_1 : Operation 62 [1/1] (0.00ns)   --->   "%window_i_2_1_promoted191247 = alloca i32 1"   --->   Operation 62 'alloca' 'window_i_2_1_promoted191247' <Predicate = true> <Delay = 0.00>
ST_1 : Operation 63 [1/1] (0.00ns)   --->   "%window_i_2_0_promoted193253 = alloca i32 1"   --->   Operation 63 'alloca' 'window_i_2_0_promoted193253' <Predicate = true> <Delay = 0.00>
ST_1 : Operation 64 [1/1] (0.00ns)   --->   "%window_i_2_2_promoted195259 = alloca i32 1"   --->   Operation 64 'alloca' 'window_i_2_2_promoted195259' <Predicate = true> <Delay = 0.00>
ST_1 : Operation 65 [1/1] (0.00ns)   --->   "%window1627 = alloca i32 1"   --->   Operation 65 'alloca' 'window1627' <Predicate = true> <Delay = 0.00>
ST_1 : Operation 66 [1/1] (0.00ns)   --->   "%window_11733 = alloca i32 1"   --->   Operation 66 'alloca' 'window_11733' <Predicate = true> <Delay = 0.00>
ST_1 : Operation 67 [1/1] (0.00ns)   --->   "%window_21839 = alloca i32 1"   --->   Operation 67 'alloca' 'window_21839' <Predicate = true> <Delay = 0.00>
ST_1 : Operation 68 [1/1] (0.00ns)   --->   "%window_31945 = alloca i32 1"   --->   Operation 68 'alloca' 'window_31945' <Predicate = true> <Delay = 0.00>
ST_1 : Operation 69 [1/1] (0.00ns)   --->   "%window_42051 = alloca i32 1"   --->   Operation 69 'alloca' 'window_42051' <Predicate = true> <Delay = 0.00>
ST_1 : Operation 70 [1/1] (0.00ns)   --->   "%window_52157 = alloca i32 1"   --->   Operation 70 'alloca' 'window_52157' <Predicate = true> <Delay = 0.00>
ST_1 : Operation 71 [1/1] (0.00ns)   --->   "%window_62263 = alloca i32 1"   --->   Operation 71 'alloca' 'window_62263' <Predicate = true> <Delay = 0.00>
ST_1 : Operation 72 [1/1] (0.00ns)   --->   "%window_72369 = alloca i32 1"   --->   Operation 72 'alloca' 'window_72369' <Predicate = true> <Delay = 0.00>
ST_1 : Operation 73 [1/1] (0.00ns)   --->   "%window_82475 = alloca i32 1"   --->   Operation 73 'alloca' 'window_82475' <Predicate = true> <Delay = 0.00>
ST_1 : Operation 74 [1/1] (0.00ns)   --->   "%mux_case_0_loc = alloca i64 1"   --->   Operation 74 'alloca' 'mux_case_0_loc' <Predicate = true> <Delay = 0.00>
ST_1 : Operation 75 [1/1] (0.00ns)   --->   "%mux_case_1_loc = alloca i64 1"   --->   Operation 75 'alloca' 'mux_case_1_loc' <Predicate = true> <Delay = 0.00>
ST_1 : Operation 76 [1/1] (0.00ns)   --->   "%mux_case_2_loc = alloca i64 1"   --->   Operation 76 'alloca' 'mux_case_2_loc' <Predicate = true> <Delay = 0.00>
ST_1 : Operation 77 [1/1] (0.00ns)   --->   "%mux_case_077_loc = alloca i64 1"   --->   Operation 77 'alloca' 'mux_case_077_loc' <Predicate = true> <Delay = 0.00>
ST_1 : Operation 78 [1/1] (0.00ns)   --->   "%mux_case_179_loc = alloca i64 1"   --->   Operation 78 'alloca' 'mux_case_179_loc' <Predicate = true> <Delay = 0.00>
ST_1 : Operation 79 [1/1] (0.00ns)   --->   "%mux_case_281_loc = alloca i64 1"   --->   Operation 79 'alloca' 'mux_case_281_loc' <Predicate = true> <Delay = 0.00>
ST_1 : Operation 80 [1/1] (0.00ns)   --->   "%window_i_1_1_promoted179208_loc = alloca i64 1"   --->   Operation 80 'alloca' 'window_i_1_1_promoted179208_loc' <Predicate = true> <Delay = 0.00>
ST_1 : Operation 81 [1/1] (0.00ns)   --->   "%window_i_1_0_promoted181214_loc = alloca i64 1"   --->   Operation 81 'alloca' 'window_i_1_0_promoted181214_loc' <Predicate = true> <Delay = 0.00>
ST_1 : Operation 82 [1/1] (0.00ns)   --->   "%window_i_1_2_promoted183220_loc = alloca i64 1"   --->   Operation 82 'alloca' 'window_i_1_2_promoted183220_loc' <Predicate = true> <Delay = 0.00>
ST_1 : Operation 83 [1/1] (0.00ns)   --->   "%window_i_0_1_promoted185226_loc = alloca i64 1"   --->   Operation 83 'alloca' 'window_i_0_1_promoted185226_loc' <Predicate = true> <Delay = 0.00>
ST_1 : Operation 84 [1/1] (0.00ns)   --->   "%window_i_0_0_promoted187232_loc = alloca i64 1"   --->   Operation 84 'alloca' 'window_i_0_0_promoted187232_loc' <Predicate = true> <Delay = 0.00>
ST_1 : Operation 85 [1/1] (0.00ns)   --->   "%window_i_0_2_promoted189238_loc = alloca i64 1"   --->   Operation 85 'alloca' 'window_i_0_2_promoted189238_loc' <Predicate = true> <Delay = 0.00>
ST_1 : Operation 86 [1/1] (0.00ns)   --->   "%window_i_2_1_promoted191244_loc = alloca i64 1"   --->   Operation 86 'alloca' 'window_i_2_1_promoted191244_loc' <Predicate = true> <Delay = 0.00>
ST_1 : Operation 87 [1/1] (0.00ns)   --->   "%window_i_2_0_promoted193250_loc = alloca i64 1"   --->   Operation 87 'alloca' 'window_i_2_0_promoted193250_loc' <Predicate = true> <Delay = 0.00>
ST_1 : Operation 88 [1/1] (0.00ns)   --->   "%window_i_2_2_promoted195256_loc = alloca i64 1"   --->   Operation 88 'alloca' 'window_i_2_2_promoted195256_loc' <Predicate = true> <Delay = 0.00>
ST_1 : Operation 89 [1/1] (0.00ns)   --->   "%window1626_loc = alloca i64 1"   --->   Operation 89 'alloca' 'window1626_loc' <Predicate = true> <Delay = 0.00>
ST_1 : Operation 90 [1/1] (0.00ns)   --->   "%window_11732_loc = alloca i64 1"   --->   Operation 90 'alloca' 'window_11732_loc' <Predicate = true> <Delay = 0.00>
ST_1 : Operation 91 [1/1] (0.00ns)   --->   "%window_21838_loc = alloca i64 1"   --->   Operation 91 'alloca' 'window_21838_loc' <Predicate = true> <Delay = 0.00>
ST_1 : Operation 92 [1/1] (0.00ns)   --->   "%window_31944_loc = alloca i64 1"   --->   Operation 92 'alloca' 'window_31944_loc' <Predicate = true> <Delay = 0.00>
ST_1 : Operation 93 [1/1] (0.00ns)   --->   "%window_42050_loc = alloca i64 1"   --->   Operation 93 'alloca' 'window_42050_loc' <Predicate = true> <Delay = 0.00>
ST_1 : Operation 94 [1/1] (0.00ns)   --->   "%window_52156_loc = alloca i64 1"   --->   Operation 94 'alloca' 'window_52156_loc' <Predicate = true> <Delay = 0.00>
ST_1 : Operation 95 [1/1] (0.00ns)   --->   "%window_62262_loc = alloca i64 1"   --->   Operation 95 'alloca' 'window_62262_loc' <Predicate = true> <Delay = 0.00>
ST_1 : Operation 96 [1/1] (0.00ns)   --->   "%window_72368_loc = alloca i64 1"   --->   Operation 96 'alloca' 'window_72368_loc' <Predicate = true> <Delay = 0.00>
ST_1 : Operation 97 [1/1] (0.00ns)   --->   "%window_82474_loc = alloca i64 1"   --->   Operation 97 'alloca' 'window_82474_loc' <Predicate = true> <Delay = 0.00>
ST_1 : Operation 98 [1/1] (0.00ns)   --->   "%mux_case_086_loc = alloca i64 1"   --->   Operation 98 'alloca' 'mux_case_086_loc' <Predicate = true> <Delay = 0.00>
ST_1 : Operation 99 [1/1] (0.00ns)   --->   "%mux_case_196_loc = alloca i64 1"   --->   Operation 99 'alloca' 'mux_case_196_loc' <Predicate = true> <Delay = 0.00>
ST_1 : Operation 100 [1/1] (0.00ns)   --->   "%mux_case_2106_loc = alloca i64 1"   --->   Operation 100 'alloca' 'mux_case_2106_loc' <Predicate = true> <Delay = 0.00>
ST_1 : Operation 101 [1/1] (0.00ns)   --->   "%mux_case_077116_loc = alloca i64 1"   --->   Operation 101 'alloca' 'mux_case_077116_loc' <Predicate = true> <Delay = 0.00>
ST_1 : Operation 102 [1/1] (0.00ns)   --->   "%mux_case_179126_loc = alloca i64 1"   --->   Operation 102 'alloca' 'mux_case_179126_loc' <Predicate = true> <Delay = 0.00>
ST_1 : Operation 103 [1/1] (0.00ns)   --->   "%mux_case_281136_loc = alloca i64 1"   --->   Operation 103 'alloca' 'mux_case_281136_loc' <Predicate = true> <Delay = 0.00>
ST_1 : Operation 104 [1/1] (0.00ns)   --->   "%p_loc57 = alloca i64 1"   --->   Operation 104 'alloca' 'p_loc57' <Predicate = true> <Delay = 0.00>
ST_1 : Operation 105 [1/1] (0.00ns)   --->   "%p_loc56 = alloca i64 1"   --->   Operation 105 'alloca' 'p_loc56' <Predicate = true> <Delay = 0.00>
ST_1 : Operation 106 [1/1] (0.00ns)   --->   "%p_loc55 = alloca i64 1"   --->   Operation 106 'alloca' 'p_loc55' <Predicate = true> <Delay = 0.00>
ST_1 : Operation 107 [1/1] (0.00ns)   --->   "%p_loc54 = alloca i64 1"   --->   Operation 107 'alloca' 'p_loc54' <Predicate = true> <Delay = 0.00>
ST_1 : Operation 108 [1/1] (0.00ns)   --->   "%p_loc53 = alloca i64 1"   --->   Operation 108 'alloca' 'p_loc53' <Predicate = true> <Delay = 0.00>
ST_1 : Operation 109 [1/1] (0.00ns)   --->   "%p_loc52 = alloca i64 1"   --->   Operation 109 'alloca' 'p_loc52' <Predicate = true> <Delay = 0.00>
ST_1 : Operation 110 [1/1] (0.00ns)   --->   "%p_loc51 = alloca i64 1"   --->   Operation 110 'alloca' 'p_loc51' <Predicate = true> <Delay = 0.00>
ST_1 : Operation 111 [1/1] (0.00ns)   --->   "%p_loc50 = alloca i64 1"   --->   Operation 111 'alloca' 'p_loc50' <Predicate = true> <Delay = 0.00>
ST_1 : Operation 112 [1/1] (0.00ns)   --->   "%p_loc49 = alloca i64 1"   --->   Operation 112 'alloca' 'p_loc49' <Predicate = true> <Delay = 0.00>
ST_1 : Operation 113 [1/1] (0.00ns)   --->   "%p_loc39 = alloca i64 1"   --->   Operation 113 'alloca' 'p_loc39' <Predicate = true> <Delay = 0.00>
ST_1 : Operation 114 [1/1] (0.00ns)   --->   "%p_loc38 = alloca i64 1"   --->   Operation 114 'alloca' 'p_loc38' <Predicate = true> <Delay = 0.00>
ST_1 : Operation 115 [1/1] (0.00ns)   --->   "%p_loc37 = alloca i64 1"   --->   Operation 115 'alloca' 'p_loc37' <Predicate = true> <Delay = 0.00>
ST_1 : Operation 116 [1/1] (0.00ns)   --->   "%p_loc36 = alloca i64 1"   --->   Operation 116 'alloca' 'p_loc36' <Predicate = true> <Delay = 0.00>
ST_1 : Operation 117 [1/1] (0.00ns)   --->   "%p_loc35 = alloca i64 1"   --->   Operation 117 'alloca' 'p_loc35' <Predicate = true> <Delay = 0.00>
ST_1 : Operation 118 [1/1] (0.00ns)   --->   "%p_loc34 = alloca i64 1"   --->   Operation 118 'alloca' 'p_loc34' <Predicate = true> <Delay = 0.00>
ST_1 : Operation 119 [1/1] (0.00ns)   --->   "%p_loc33 = alloca i64 1"   --->   Operation 119 'alloca' 'p_loc33' <Predicate = true> <Delay = 0.00>
ST_1 : Operation 120 [1/1] (0.00ns)   --->   "%p_loc32 = alloca i64 1"   --->   Operation 120 'alloca' 'p_loc32' <Predicate = true> <Delay = 0.00>
ST_1 : Operation 121 [1/1] (0.00ns)   --->   "%p_loc = alloca i64 1"   --->   Operation 121 'alloca' 'p_loc' <Predicate = true> <Delay = 0.00>
ST_1 : Operation 122 [1/1] (1.58ns)   --->   "%store_ln133 = store i3 0, i3 %n_f" [codes_lab5/HLS_sources_final/templatedFuncs.h:133]   --->   Operation 122 'store' 'store_ln133' <Predicate = true> <Delay = 1.58>
ST_1 : Operation 123 [1/1] (1.58ns)   --->   "%store_ln133 = store i7 0, i7 %phi_mul" [codes_lab5/HLS_sources_final/templatedFuncs.h:133]   --->   Operation 123 'store' 'store_ln133' <Predicate = true> <Delay = 1.58>
ST_1 : Operation 124 [1/1] (0.00ns)   --->   "%br_ln133 = br void %inCh.i" [codes_lab5/HLS_sources_final/templatedFuncs.h:133]   --->   Operation 124 'br' 'br_ln133' <Predicate = true> <Delay = 0.00>

State 2 <SV = 1> <Delay = 2.95>
ST_2 : Operation 125 [1/1] (0.00ns)   --->   "%phi_mul_load = load i7 %phi_mul" [codes_lab5/HLS_sources_final/templatedFuncs.h:150]   --->   Operation 125 'load' 'phi_mul_load' <Predicate = true> <Delay = 0.00>
ST_2 : Operation 126 [1/1] (0.00ns)   --->   "%n_f_1 = load i3 %n_f" [codes_lab5/HLS_sources_final/templatedFuncs.h:133]   --->   Operation 126 'load' 'n_f_1' <Predicate = true> <Delay = 0.00>
ST_2 : Operation 127 [1/1] (1.87ns)   --->   "%add_ln133_1 = add i7 %phi_mul_load, i7 26" [codes_lab5/HLS_sources_final/templatedFuncs.h:133]   --->   Operation 127 'add' 'add_ln133_1' <Predicate = true> <Delay = 1.87> <CoreInst = "Adder">   --->   Core 1 'Adder' <Latency = 0> <II = 1> <Delay = 1.87> <FuncUnit> <Opcode : 'add' 'sub'> <InPorts = 2> <OutPorts = 1>
ST_2 : Operation 128 [1/1] (1.13ns)   --->   "%icmp_ln133 = icmp_eq  i3 %n_f_1, i3 4" [codes_lab5/HLS_sources_final/templatedFuncs.h:133]   --->   Operation 128 'icmp' 'icmp_ln133' <Predicate = true> <Delay = 1.13> <CoreInst = "Cmp">   --->   Core 9 'Cmp' <Latency = 0> <II = 1> <Delay = 1.13> <FuncUnit> <Opcode : 'icmp'> <InPorts = 2> <OutPorts = 1>
ST_2 : Operation 129 [1/1] (0.00ns)   --->   "%empty = speclooptripcount i32 @_ssdm_op_SpecLoopTripCount, i64 4, i64 4, i64 4"   --->   Operation 129 'speclooptripcount' 'empty' <Predicate = true> <Delay = 0.00>
ST_2 : Operation 130 [1/1] (1.65ns)   --->   "%add_ln133 = add i3 %n_f_1, i3 1" [codes_lab5/HLS_sources_final/templatedFuncs.h:133]   --->   Operation 130 'add' 'add_ln133' <Predicate = true> <Delay = 1.65> <CoreInst = "Adder">   --->   Core 1 'Adder' <Latency = 0> <II = 1> <Delay = 1.65> <FuncUnit> <Opcode : 'add' 'sub'> <InPorts = 2> <OutPorts = 1>
ST_2 : Operation 131 [1/1] (0.00ns)   --->   "%br_ln133 = br i1 %icmp_ln133, void %inCh.i.split, void %_Z9Conv_funcILi1ELi28ELi4ELi26EEvPAT0__AT0__fPAT2__AT2__fPAmlmlT_Li3ELi3E_KfPS6_.exit" [codes_lab5/HLS_sources_final/templatedFuncs.h:133]   --->   Operation 131 'br' 'br_ln133' <Predicate = true> <Delay = 0.00>
ST_2 : Operation 132 [1/1] (0.00ns)   --->   "%kernel_i_1_1_promoted152_load = load i32 %kernel_i_1_1_promoted152"   --->   Operation 132 'load' 'kernel_i_1_1_promoted152_load' <Predicate = (!icmp_ln133)> <Delay = 0.00>
ST_2 : Operation 133 [1/1] (0.00ns)   --->   "%kernel_i_1_0_promoted154_load = load i32 %kernel_i_1_0_promoted154"   --->   Operation 133 'load' 'kernel_i_1_0_promoted154_load' <Predicate = (!icmp_ln133)> <Delay = 0.00>
ST_2 : Operation 134 [1/1] (0.00ns)   --->   "%kernel_i_1_2_promoted156_load = load i32 %kernel_i_1_2_promoted156"   --->   Operation 134 'load' 'kernel_i_1_2_promoted156_load' <Predicate = (!icmp_ln133)> <Delay = 0.00>
ST_2 : Operation 135 [1/1] (0.00ns)   --->   "%kernel_i_0_1_promoted158_load = load i32 %kernel_i_0_1_promoted158"   --->   Operation 135 'load' 'kernel_i_0_1_promoted158_load' <Predicate = (!icmp_ln133)> <Delay = 0.00>
ST_2 : Operation 136 [1/1] (0.00ns)   --->   "%kernel_i_0_0_promoted160_load = load i32 %kernel_i_0_0_promoted160"   --->   Operation 136 'load' 'kernel_i_0_0_promoted160_load' <Predicate = (!icmp_ln133)> <Delay = 0.00>
ST_2 : Operation 137 [1/1] (0.00ns)   --->   "%kernel_i_0_2_promoted162_load = load i32 %kernel_i_0_2_promoted162"   --->   Operation 137 'load' 'kernel_i_0_2_promoted162_load' <Predicate = (!icmp_ln133)> <Delay = 0.00>
ST_2 : Operation 138 [1/1] (0.00ns)   --->   "%kernel_i_2_1_promoted164_load = load i32 %kernel_i_2_1_promoted164"   --->   Operation 138 'load' 'kernel_i_2_1_promoted164_load' <Predicate = (!icmp_ln133)> <Delay = 0.00>
ST_2 : Operation 139 [1/1] (0.00ns)   --->   "%kernel_i_2_0_promoted166_load = load i32 %kernel_i_2_0_promoted166"   --->   Operation 139 'load' 'kernel_i_2_0_promoted166_load' <Predicate = (!icmp_ln133)> <Delay = 0.00>
ST_2 : Operation 140 [1/1] (0.00ns)   --->   "%kernel_i_2_2_promoted168_load = load i32 %kernel_i_2_2_promoted168"   --->   Operation 140 'load' 'kernel_i_2_2_promoted168_load' <Predicate = (!icmp_ln133)> <Delay = 0.00>
ST_2 : Operation 141 [1/1] (0.00ns)   --->   "%or_ln = bitconcatenate i6 @_ssdm_op_BitConcatenate.i6.i3.i3, i3 %n_f_1, i3 %n_f_1" [codes_lab5/HLS_sources_final/templatedFuncs.h:26]   --->   Operation 141 'bitconcatenate' 'or_ln' <Predicate = (!icmp_ln133)> <Delay = 0.00>
ST_2 : Operation 142 [2/2] (1.82ns)   --->   "%call_ln26 = call void @conv1_Pipeline_Fil_load_r_Fil_load_c, i32 %kernel_i_2_2_promoted168_load, i32 %kernel_i_2_0_promoted166_load, i32 %kernel_i_2_1_promoted164_load, i32 %kernel_i_0_2_promoted162_load, i32 %kernel_i_0_0_promoted160_load, i32 %kernel_i_0_1_promoted158_load, i32 %kernel_i_1_2_promoted156_load, i32 %kernel_i_1_0_promoted154_load, i32 %kernel_i_1_1_promoted152_load, i6 %or_ln, i32 %p_loc, i32 %p_loc32, i32 %p_loc33, i32 %p_loc34, i32 %p_loc35, i32 %p_loc36, i32 %p_loc37, i32 %p_loc38, i32 %p_loc39, i32 %conv1_weight" [codes_lab5/HLS_sources_final/templatedFuncs.h:26]   --->   Operation 142 'call' 'call_ln26' <Predicate = (!icmp_ln133)> <Delay = 1.82> <CoreType = "Generic">   --->   Core 0 '' <Latency = 0> <II = 1> <Delay = 1.00> <Generic> <Opcode : >
ST_2 : Operation 143 [1/1] (0.00ns)   --->   "%ret_ln30 = ret" [codes_lab5/HLS_sources_final/design.cpp:30]   --->   Operation 143 'ret' 'ret_ln30' <Predicate = (icmp_ln133)> <Delay = 0.00>

State 3 <SV = 2> <Delay = 2.32>
ST_3 : Operation 144 [1/1] (0.00ns)   --->   "%zext_ln133 = zext i3 %n_f_1" [codes_lab5/HLS_sources_final/templatedFuncs.h:133]   --->   Operation 144 'zext' 'zext_ln133' <Predicate = true> <Delay = 0.00>
ST_3 : Operation 145 [1/2] (0.00ns)   --->   "%call_ln26 = call void @conv1_Pipeline_Fil_load_r_Fil_load_c, i32 %kernel_i_2_2_promoted168_load, i32 %kernel_i_2_0_promoted166_load, i32 %kernel_i_2_1_promoted164_load, i32 %kernel_i_0_2_promoted162_load, i32 %kernel_i_0_0_promoted160_load, i32 %kernel_i_0_1_promoted158_load, i32 %kernel_i_1_2_promoted156_load, i32 %kernel_i_1_0_promoted154_load, i32 %kernel_i_1_1_promoted152_load, i6 %or_ln, i32 %p_loc, i32 %p_loc32, i32 %p_loc33, i32 %p_loc34, i32 %p_loc35, i32 %p_loc36, i32 %p_loc37, i32 %p_loc38, i32 %p_loc39, i32 %conv1_weight" [codes_lab5/HLS_sources_final/templatedFuncs.h:26]   --->   Operation 145 'call' 'call_ln26' <Predicate = true> <Delay = 0.00> <CoreType = "Generic">   --->   Core 0 '' <Latency = 0> <II = 1> <Delay = 1.00> <Generic> <Opcode : >
ST_3 : Operation 146 [1/1] (0.00ns)   --->   "%conv1_bias_addr = getelementptr i32 %conv1_bias, i64 0, i64 %zext_ln133" [codes_lab5/HLS_sources_final/templatedFuncs.h:133]   --->   Operation 146 'getelementptr' 'conv1_bias_addr' <Predicate = true> <Delay = 0.00>
ST_3 : Operation 147 [2/2] (2.32ns)   --->   "%prev_sum = load i2 %conv1_bias_addr" [codes_lab5/HLS_sources_final/templatedFuncs.h:146]   --->   Operation 147 'load' 'prev_sum' <Predicate = true> <Delay = 2.32> <CoreInst = "ROM">   --->   Core 95 'ROM' <Latency = 1> <II = 1> <Delay = 2.32> <Storage> <Opcode : 'load'> <Ports = 0> <Width = 32> <Depth = 4> <ROM>

State 4 <SV = 3> <Delay = 2.32>
ST_4 : Operation 148 [1/1] (0.00ns)   --->   "%specloopname_ln133 = specloopname void @_ssdm_op_SpecLoopName, void @empty_0" [codes_lab5/HLS_sources_final/templatedFuncs.h:133]   --->   Operation 148 'specloopname' 'specloopname_ln133' <Predicate = true> <Delay = 0.00>
ST_4 : Operation 149 [1/1] (0.00ns)   --->   "%p_loc_load = load i32 %p_loc"   --->   Operation 149 'load' 'p_loc_load' <Predicate = true> <Delay = 0.00>
ST_4 : Operation 150 [1/1] (0.00ns)   --->   "%p_loc32_load = load i32 %p_loc32"   --->   Operation 150 'load' 'p_loc32_load' <Predicate = true> <Delay = 0.00>
ST_4 : Operation 151 [1/1] (0.00ns)   --->   "%p_loc33_load = load i32 %p_loc33"   --->   Operation 151 'load' 'p_loc33_load' <Predicate = true> <Delay = 0.00>
ST_4 : Operation 152 [1/1] (0.00ns)   --->   "%p_loc34_load = load i32 %p_loc34"   --->   Operation 152 'load' 'p_loc34_load' <Predicate = true> <Delay = 0.00>
ST_4 : Operation 153 [1/1] (0.00ns)   --->   "%p_loc35_load = load i32 %p_loc35"   --->   Operation 153 'load' 'p_loc35_load' <Predicate = true> <Delay = 0.00>
ST_4 : Operation 154 [1/1] (0.00ns)   --->   "%p_loc36_load = load i32 %p_loc36"   --->   Operation 154 'load' 'p_loc36_load' <Predicate = true> <Delay = 0.00>
ST_4 : Operation 155 [1/1] (0.00ns)   --->   "%p_loc37_load = load i32 %p_loc37"   --->   Operation 155 'load' 'p_loc37_load' <Predicate = true> <Delay = 0.00>
ST_4 : Operation 156 [1/1] (0.00ns)   --->   "%p_loc38_load = load i32 %p_loc38"   --->   Operation 156 'load' 'p_loc38_load' <Predicate = true> <Delay = 0.00>
ST_4 : Operation 157 [1/1] (0.00ns)   --->   "%p_loc39_load = load i32 %p_loc39"   --->   Operation 157 'load' 'p_loc39_load' <Predicate = true> <Delay = 0.00>
ST_4 : Operation 158 [1/2] (2.32ns)   --->   "%prev_sum = load i2 %conv1_bias_addr" [codes_lab5/HLS_sources_final/templatedFuncs.h:146]   --->   Operation 158 'load' 'prev_sum' <Predicate = true> <Delay = 2.32> <CoreInst = "ROM">   --->   Core 95 'ROM' <Latency = 1> <II = 1> <Delay = 2.32> <Storage> <Opcode : 'load'> <Ports = 0> <Width = 32> <Depth = 4> <ROM>
ST_4 : Operation 159 [1/1] (1.58ns)   --->   "%br_ln139 = br void %for.body13.i" [codes_lab5/HLS_sources_final/templatedFuncs.h:139]   --->   Operation 159 'br' 'br_ln139' <Predicate = true> <Delay = 1.58>

State 5 <SV = 4> <Delay = 5.69>
ST_5 : Operation 160 [1/1] (0.00ns)   --->   "%indvar_flatten34 = phi i10 0, void %inCh.i.split, i10 %add_ln139_1, void %cond.true.i" [codes_lab5/HLS_sources_final/templatedFuncs.h:139]   --->   Operation 160 'phi' 'indvar_flatten34' <Predicate = true> <Delay = 0.00>
ST_5 : Operation 161 [1/1] (0.00ns)   --->   "%oh = phi i5 0, void %inCh.i.split, i5 %select_ln139_1, void %cond.true.i" [codes_lab5/HLS_sources_final/templatedFuncs.h:139]   --->   Operation 161 'phi' 'oh' <Predicate = true> <Delay = 0.00>
ST_5 : Operation 162 [1/1] (0.00ns)   --->   "%ow = phi i5 0, void %inCh.i.split, i5 %add_ln141, void %cond.true.i" [codes_lab5/HLS_sources_final/templatedFuncs.h:141]   --->   Operation 162 'phi' 'ow' <Predicate = true> <Delay = 0.00>
ST_5 : Operation 163 [1/1] (1.77ns)   --->   "%icmp_ln139 = icmp_eq  i10 %indvar_flatten34, i10 676" [codes_lab5/HLS_sources_final/templatedFuncs.h:139]   --->   Operation 163 'icmp' 'icmp_ln139' <Predicate = true> <Delay = 1.77> <CoreInst = "Cmp">   --->   Core 9 'Cmp' <Latency = 0> <II = 1> <Delay = 1.77> <FuncUnit> <Opcode : 'icmp'> <InPorts = 2> <OutPorts = 1>
ST_5 : Operation 164 [1/1] (1.73ns)   --->   "%add_ln139_1 = add i10 %indvar_flatten34, i10 1" [codes_lab5/HLS_sources_final/templatedFuncs.h:139]   --->   Operation 164 'add' 'add_ln139_1' <Predicate = true> <Delay = 1.73> <CoreInst = "Adder">   --->   Core 1 'Adder' <Latency = 0> <II = 1> <Delay = 1.73> <FuncUnit> <Opcode : 'add' 'sub'> <InPorts = 2> <OutPorts = 1>
ST_5 : Operation 165 [1/1] (0.00ns)   --->   "%br_ln139 = br i1 %icmp_ln139, void %for.inc42.i, void %for.inc48.i" [codes_lab5/HLS_sources_final/templatedFuncs.h:139]   --->   Operation 165 'br' 'br_ln139' <Predicate = true> <Delay = 0.00>
ST_5 : Operation 166 [1/1] (1.78ns)   --->   "%add_ln139 = add i5 %oh, i5 1" [codes_lab5/HLS_sources_final/templatedFuncs.h:139]   --->   Operation 166 'add' 'add_ln139' <Predicate = (!icmp_ln139)> <Delay = 1.78> <CoreInst = "Adder">   --->   Core 1 'Adder' <Latency = 0> <II = 1> <Delay = 1.78> <FuncUnit> <Opcode : 'add' 'sub'> <InPorts = 2> <OutPorts = 1>
ST_5 : Operation 167 [1/1] (1.36ns)   --->   "%icmp_ln141 = icmp_eq  i5 %ow, i5 26" [codes_lab5/HLS_sources_final/templatedFuncs.h:141]   --->   Operation 167 'icmp' 'icmp_ln141' <Predicate = (!icmp_ln139)> <Delay = 1.36> <CoreInst = "Cmp">   --->   Core 9 'Cmp' <Latency = 0> <II = 1> <Delay = 1.36> <FuncUnit> <Opcode : 'icmp'> <InPorts = 2> <OutPorts = 1>
ST_5 : Operation 168 [1/1] (1.21ns)   --->   "%select_ln139 = select i1 %icmp_ln141, i5 0, i5 %ow" [codes_lab5/HLS_sources_final/templatedFuncs.h:139]   --->   Operation 168 'select' 'select_ln139' <Predicate = (!icmp_ln139)> <Delay = 1.21> <CoreInst = "Sel">   --->   Core 73 'Sel' <Latency = 0> <II = 1> <Delay = 1.21> <FuncUnit> <Opcode : 'select'> <InPorts = 3> <OutPorts = 1>
ST_5 : Operation 169 [1/1] (1.21ns)   --->   "%select_ln139_1 = select i1 %icmp_ln141, i5 %add_ln139, i5 %oh" [codes_lab5/HLS_sources_final/templatedFuncs.h:139]   --->   Operation 169 'select' 'select_ln139_1' <Predicate = (!icmp_ln139)> <Delay = 1.21> <CoreInst = "Sel">   --->   Core 73 'Sel' <Latency = 0> <II = 1> <Delay = 1.21> <FuncUnit> <Opcode : 'select'> <InPorts = 3> <OutPorts = 1>
ST_5 : Operation 170 [1/1] (0.00ns)   --->   "%zext_ln150 = zext i5 %select_ln139_1" [codes_lab5/HLS_sources_final/templatedFuncs.h:150]   --->   Operation 170 'zext' 'zext_ln150' <Predicate = (!icmp_ln139)> <Delay = 0.00>
ST_5 : Operation 171 [1/1] (1.65ns) (grouped into DSP with root node add_ln150_1)   --->   "%add_ln150 = add i7 %phi_mul_load, i7 %zext_ln150" [codes_lab5/HLS_sources_final/templatedFuncs.h:150]   --->   Operation 171 'add' 'add_ln150' <Predicate = (!icmp_ln139)> <Delay = 1.65> <CoreInst = "DSP48">   --->   Core 119 'DSP48' <Latency = 3> <II = 1> <Delay = 2.15> <IPBlock> <Opcode : 'mul' 'add' 'sub' 'select'> <InPorts = 0> <OutPorts = 1> <Sync> <CReg>
ST_5 : Operation 172 [1/1] (0.00ns) (grouped into DSP with root node add_ln150_1)   --->   "%zext_ln150_1 = zext i7 %add_ln150" [codes_lab5/HLS_sources_final/templatedFuncs.h:150]   --->   Operation 172 'zext' 'zext_ln150_1' <Predicate = (!icmp_ln139)> <Delay = 0.00>
ST_5 : Operation 173 [3/3] (1.05ns) (grouped into DSP with root node add_ln150_1)   --->   "%mul_ln150 = mul i12 %zext_ln150_1, i12 26" [codes_lab5/HLS_sources_final/templatedFuncs.h:150]   --->   Operation 173 'mul' 'mul_ln150' <Predicate = (!icmp_ln139)> <Delay = 1.05> <CoreInst = "DSP48">   --->   Core 119 'DSP48' <Latency = 3> <II = 1> <Delay = 2.15> <IPBlock> <Opcode : 'mul' 'add' 'sub' 'select'> <InPorts = 0> <OutPorts = 1> <Sync> <CReg>
ST_5 : Operation 174 [1/1] (0.00ns)   --->   "%store_ln133 = store i32 %p_loc_load, i32 %kernel_i_2_2_promoted168" [codes_lab5/HLS_sources_final/templatedFuncs.h:133]   --->   Operation 174 'store' 'store_ln133' <Predicate = (icmp_ln139)> <Delay = 0.00>
ST_5 : Operation 175 [1/1] (0.00ns)   --->   "%store_ln133 = store i32 %p_loc32_load, i32 %kernel_i_2_0_promoted166" [codes_lab5/HLS_sources_final/templatedFuncs.h:133]   --->   Operation 175 'store' 'store_ln133' <Predicate = (icmp_ln139)> <Delay = 0.00>
ST_5 : Operation 176 [1/1] (0.00ns)   --->   "%store_ln133 = store i32 %p_loc33_load, i32 %kernel_i_2_1_promoted164" [codes_lab5/HLS_sources_final/templatedFuncs.h:133]   --->   Operation 176 'store' 'store_ln133' <Predicate = (icmp_ln139)> <Delay = 0.00>
ST_5 : Operation 177 [1/1] (0.00ns)   --->   "%store_ln133 = store i32 %p_loc34_load, i32 %kernel_i_0_2_promoted162" [codes_lab5/HLS_sources_final/templatedFuncs.h:133]   --->   Operation 177 'store' 'store_ln133' <Predicate = (icmp_ln139)> <Delay = 0.00>
ST_5 : Operation 178 [1/1] (0.00ns)   --->   "%store_ln133 = store i32 %p_loc35_load, i32 %kernel_i_0_0_promoted160" [codes_lab5/HLS_sources_final/templatedFuncs.h:133]   --->   Operation 178 'store' 'store_ln133' <Predicate = (icmp_ln139)> <Delay = 0.00>
ST_5 : Operation 179 [1/1] (0.00ns)   --->   "%store_ln133 = store i32 %p_loc36_load, i32 %kernel_i_0_1_promoted158" [codes_lab5/HLS_sources_final/templatedFuncs.h:133]   --->   Operation 179 'store' 'store_ln133' <Predicate = (icmp_ln139)> <Delay = 0.00>
ST_5 : Operation 180 [1/1] (0.00ns)   --->   "%store_ln133 = store i32 %p_loc37_load, i32 %kernel_i_1_2_promoted156" [codes_lab5/HLS_sources_final/templatedFuncs.h:133]   --->   Operation 180 'store' 'store_ln133' <Predicate = (icmp_ln139)> <Delay = 0.00>
ST_5 : Operation 181 [1/1] (0.00ns)   --->   "%store_ln133 = store i32 %p_loc38_load, i32 %kernel_i_1_0_promoted154" [codes_lab5/HLS_sources_final/templatedFuncs.h:133]   --->   Operation 181 'store' 'store_ln133' <Predicate = (icmp_ln139)> <Delay = 0.00>
ST_5 : Operation 182 [1/1] (0.00ns)   --->   "%store_ln133 = store i32 %p_loc39_load, i32 %kernel_i_1_1_promoted152" [codes_lab5/HLS_sources_final/templatedFuncs.h:133]   --->   Operation 182 'store' 'store_ln133' <Predicate = (icmp_ln139)> <Delay = 0.00>
ST_5 : Operation 183 [1/1] (1.58ns)   --->   "%store_ln133 = store i3 %add_ln133, i3 %n_f" [codes_lab5/HLS_sources_final/templatedFuncs.h:133]   --->   Operation 183 'store' 'store_ln133' <Predicate = (icmp_ln139)> <Delay = 1.58>
ST_5 : Operation 184 [1/1] (1.58ns)   --->   "%store_ln133 = store i7 %add_ln133_1, i7 %phi_mul" [codes_lab5/HLS_sources_final/templatedFuncs.h:133]   --->   Operation 184 'store' 'store_ln133' <Predicate = (icmp_ln139)> <Delay = 1.58>
ST_5 : Operation 185 [1/1] (0.00ns)   --->   "%br_ln133 = br void %inCh.i" [codes_lab5/HLS_sources_final/templatedFuncs.h:133]   --->   Operation 185 'br' 'br_ln133' <Predicate = (icmp_ln139)> <Delay = 0.00>

State 6 <SV = 5> <Delay = 1.05>
ST_6 : Operation 186 [2/3] (1.05ns) (grouped into DSP with root node add_ln150_1)   --->   "%mul_ln150 = mul i12 %zext_ln150_1, i12 26" [codes_lab5/HLS_sources_final/templatedFuncs.h:150]   --->   Operation 186 'mul' 'mul_ln150' <Predicate = true> <Delay = 1.05> <CoreInst = "DSP48">   --->   Core 119 'DSP48' <Latency = 3> <II = 1> <Delay = 2.15> <IPBlock> <Opcode : 'mul' 'add' 'sub' 'select'> <InPorts = 0> <OutPorts = 1> <Sync> <CReg>

State 7 <SV = 6> <Delay = 2.10>
ST_7 : Operation 187 [1/3] (0.00ns) (grouped into DSP with root node add_ln150_1)   --->   "%mul_ln150 = mul i12 %zext_ln150_1, i12 26" [codes_lab5/HLS_sources_final/templatedFuncs.h:150]   --->   Operation 187 'mul' 'mul_ln150' <Predicate = true> <Delay = 0.00> <CoreInst = "DSP48">   --->   Core 119 'DSP48' <Latency = 3> <II = 1> <Delay = 2.15> <IPBlock> <Opcode : 'mul' 'add' 'sub' 'select'> <InPorts = 0> <OutPorts = 1> <Sync> <CReg>
ST_7 : Operation 188 [1/1] (0.00ns)   --->   "%zext_ln150_2 = zext i5 %select_ln139" [codes_lab5/HLS_sources_final/templatedFuncs.h:150]   --->   Operation 188 'zext' 'zext_ln150_2' <Predicate = true> <Delay = 0.00>
ST_7 : Operation 189 [2/2] (2.10ns) (root node of the DSP)   --->   "%add_ln150_1 = add i12 %mul_ln150, i12 %zext_ln150_2" [codes_lab5/HLS_sources_final/templatedFuncs.h:150]   --->   Operation 189 'add' 'add_ln150_1' <Predicate = true> <Delay = 2.10> <CoreInst = "DSP48">   --->   Core 119 'DSP48' <Latency = 3> <II = 1> <Delay = 2.15> <IPBlock> <Opcode : 'mul' 'add' 'sub' 'select'> <InPorts = 0> <OutPorts = 1> <Sync> <CReg>

State 8 <SV = 7> <Delay = 3.56>
ST_8 : Operation 190 [1/1] (0.00ns)   --->   "%specloopname_ln0 = specloopname void @_ssdm_op_SpecLoopName, void @VS_HS_str"   --->   Operation 190 'specloopname' 'specloopname_ln0' <Predicate = true> <Delay = 0.00>
ST_8 : Operation 191 [1/1] (0.00ns)   --->   "%empty_56 = speclooptripcount i32 @_ssdm_op_SpecLoopTripCount, i64 676, i64 676, i64 676"   --->   Operation 191 'speclooptripcount' 'empty_56' <Predicate = true> <Delay = 0.00>
ST_8 : Operation 192 [1/2] (2.10ns) (root node of the DSP)   --->   "%add_ln150_1 = add i12 %mul_ln150, i12 %zext_ln150_2" [codes_lab5/HLS_sources_final/templatedFuncs.h:150]   --->   Operation 192 'add' 'add_ln150_1' <Predicate = true> <Delay = 2.10> <CoreInst = "DSP48">   --->   Core 119 'DSP48' <Latency = 3> <II = 1> <Delay = 2.15> <IPBlock> <Opcode : 'mul' 'add' 'sub' 'select'> <InPorts = 0> <OutPorts = 1> <Sync> <CReg>
ST_8 : Operation 193 [1/1] (0.00ns)   --->   "%zext_ln150_3 = zext i12 %add_ln150_1" [codes_lab5/HLS_sources_final/templatedFuncs.h:150]   --->   Operation 193 'zext' 'zext_ln150_3' <Predicate = true> <Delay = 0.00>
ST_8 : Operation 194 [1/1] (0.00ns)   --->   "%mem_2_addr = getelementptr i32 %mem_2, i64 0, i64 %zext_ln150_3" [codes_lab5/HLS_sources_final/templatedFuncs.h:150]   --->   Operation 194 'getelementptr' 'mem_2_addr' <Predicate = true> <Delay = 0.00>
ST_8 : Operation 195 [1/1] (0.00ns)   --->   "%specloopname_ln40 = specloopname void @_ssdm_op_SpecLoopName, void @empty" [codes_lab5/HLS_sources_final/templatedFuncs.h:40]   --->   Operation 195 'specloopname' 'specloopname_ln40' <Predicate = true> <Delay = 0.00>
ST_8 : Operation 196 [1/1] (1.36ns)   --->   "%icmp_ln46 = icmp_eq  i5 %select_ln139, i5 0" [codes_lab5/HLS_sources_final/templatedFuncs.h:46]   --->   Operation 196 'icmp' 'icmp_ln46' <Predicate = true> <Delay = 1.36> <CoreInst = "Cmp">   --->   Core 9 'Cmp' <Latency = 0> <II = 1> <Delay = 1.36> <FuncUnit> <Opcode : 'icmp'> <InPorts = 2> <OutPorts = 1>
ST_8 : Operation 197 [1/1] (0.00ns)   --->   "%mux_case_090_load = load i32 %mux_case_090"   --->   Operation 197 'load' 'mux_case_090_load' <Predicate = true> <Delay = 0.00>
ST_8 : Operation 198 [1/1] (0.00ns)   --->   "%mux_case_1100_load = load i32 %mux_case_1100"   --->   Operation 198 'load' 'mux_case_1100_load' <Predicate = true> <Delay = 0.00>
ST_8 : Operation 199 [1/1] (0.00ns)   --->   "%mux_case_2110_load = load i32 %mux_case_2110"   --->   Operation 199 'load' 'mux_case_2110_load' <Predicate = true> <Delay = 0.00>
ST_8 : Operation 200 [1/1] (0.00ns)   --->   "%mux_case_077120_load = load i32 %mux_case_077120"   --->   Operation 200 'load' 'mux_case_077120_load' <Predicate = true> <Delay = 0.00>
ST_8 : Operation 201 [1/1] (0.00ns)   --->   "%mux_case_179130_load = load i32 %mux_case_179130"   --->   Operation 201 'load' 'mux_case_179130_load' <Predicate = true> <Delay = 0.00>
ST_8 : Operation 202 [1/1] (0.00ns)   --->   "%mux_case_281140_load = load i32 %mux_case_281140"   --->   Operation 202 'load' 'mux_case_281140_load' <Predicate = true> <Delay = 0.00>
ST_8 : Operation 203 [1/1] (0.00ns)   --->   "%window_i_1_1_promoted179211_load = load i32 %window_i_1_1_promoted179211"   --->   Operation 203 'load' 'window_i_1_1_promoted179211_load' <Predicate = true> <Delay = 0.00>
ST_8 : Operation 204 [1/1] (0.00ns)   --->   "%window_i_1_0_promoted181217_load = load i32 %window_i_1_0_promoted181217"   --->   Operation 204 'load' 'window_i_1_0_promoted181217_load' <Predicate = true> <Delay = 0.00>
ST_8 : Operation 205 [1/1] (0.00ns)   --->   "%window_i_1_2_promoted183223_load = load i32 %window_i_1_2_promoted183223"   --->   Operation 205 'load' 'window_i_1_2_promoted183223_load' <Predicate = true> <Delay = 0.00>
ST_8 : Operation 206 [1/1] (0.00ns)   --->   "%window_i_0_1_promoted185229_load = load i32 %window_i_0_1_promoted185229"   --->   Operation 206 'load' 'window_i_0_1_promoted185229_load' <Predicate = true> <Delay = 0.00>
ST_8 : Operation 207 [1/1] (0.00ns)   --->   "%window_i_0_0_promoted187235_load = load i32 %window_i_0_0_promoted187235"   --->   Operation 207 'load' 'window_i_0_0_promoted187235_load' <Predicate = true> <Delay = 0.00>
ST_8 : Operation 208 [1/1] (0.00ns)   --->   "%window_i_0_2_promoted189241_load = load i32 %window_i_0_2_promoted189241"   --->   Operation 208 'load' 'window_i_0_2_promoted189241_load' <Predicate = true> <Delay = 0.00>
ST_8 : Operation 209 [1/1] (0.00ns)   --->   "%window_i_2_1_promoted191247_load = load i32 %window_i_2_1_promoted191247"   --->   Operation 209 'load' 'window_i_2_1_promoted191247_load' <Predicate = true> <Delay = 0.00>
ST_8 : Operation 210 [1/1] (0.00ns)   --->   "%window_i_2_0_promoted193253_load = load i32 %window_i_2_0_promoted193253"   --->   Operation 210 'load' 'window_i_2_0_promoted193253_load' <Predicate = true> <Delay = 0.00>
ST_8 : Operation 211 [1/1] (0.00ns)   --->   "%window_i_2_2_promoted195259_load = load i32 %window_i_2_2_promoted195259"   --->   Operation 211 'load' 'window_i_2_2_promoted195259_load' <Predicate = true> <Delay = 0.00>
ST_8 : Operation 212 [1/1] (0.00ns)   --->   "%br_ln46 = br i1 %icmp_ln46, void %if.else.i.i, void %for.body5.i.i.preheader" [codes_lab5/HLS_sources_final/templatedFuncs.h:46]   --->   Operation 212 'br' 'br_ln46' <Predicate = true> <Delay = 0.00>
ST_8 : Operation 213 [1/1] (0.00ns)   --->   "%window1627_load = load i32 %window1627"   --->   Operation 213 'load' 'window1627_load' <Predicate = (!icmp_ln46)> <Delay = 0.00>
ST_8 : Operation 214 [1/1] (0.00ns)   --->   "%window_11733_load = load i32 %window_11733"   --->   Operation 214 'load' 'window_11733_load' <Predicate = (!icmp_ln46)> <Delay = 0.00>
ST_8 : Operation 215 [1/1] (0.00ns)   --->   "%window_21839_load = load i32 %window_21839"   --->   Operation 215 'load' 'window_21839_load' <Predicate = (!icmp_ln46)> <Delay = 0.00>
ST_8 : Operation 216 [1/1] (0.00ns)   --->   "%window_31945_load = load i32 %window_31945"   --->   Operation 216 'load' 'window_31945_load' <Predicate = (!icmp_ln46)> <Delay = 0.00>
ST_8 : Operation 217 [1/1] (0.00ns)   --->   "%window_42051_load = load i32 %window_42051"   --->   Operation 217 'load' 'window_42051_load' <Predicate = (!icmp_ln46)> <Delay = 0.00>
ST_8 : Operation 218 [1/1] (0.00ns)   --->   "%window_52157_load = load i32 %window_52157"   --->   Operation 218 'load' 'window_52157_load' <Predicate = (!icmp_ln46)> <Delay = 0.00>
ST_8 : Operation 219 [1/1] (0.00ns)   --->   "%window_62263_load = load i32 %window_62263"   --->   Operation 219 'load' 'window_62263_load' <Predicate = (!icmp_ln46)> <Delay = 0.00>
ST_8 : Operation 220 [1/1] (0.00ns)   --->   "%window_72369_load = load i32 %window_72369"   --->   Operation 220 'load' 'window_72369_load' <Predicate = (!icmp_ln46)> <Delay = 0.00>
ST_8 : Operation 221 [1/1] (0.00ns)   --->   "%window_82475_load = load i32 %window_82475"   --->   Operation 221 'load' 'window_82475_load' <Predicate = (!icmp_ln46)> <Delay = 0.00>
ST_8 : Operation 222 [1/1] (1.78ns)   --->   "%empty_55 = add i5 %select_ln139, i5 2" [codes_lab5/HLS_sources_final/templatedFuncs.h:139]   --->   Operation 222 'add' 'empty_55' <Predicate = (!icmp_ln46)> <Delay = 1.78> <CoreInst = "Adder">   --->   Core 1 'Adder' <Latency = 0> <II = 1> <Delay = 1.78> <FuncUnit> <Opcode : 'add' 'sub'> <InPorts = 2> <OutPorts = 1>
ST_8 : Operation 223 [2/2] (1.78ns)   --->   "%call_ln139 = call void @conv1_Pipeline_loadWinShift, i32 %window_82475_load, i32 %window_72369_load, i32 %window_62263_load, i32 %window_52157_load, i32 %window_42051_load, i32 %window_31945_load, i32 %window_21839_load, i32 %window_11733_load, i32 %window1627_load, i32 %window_i_2_2_promoted195259_load, i32 %window_i_2_0_promoted193253_load, i32 %window_i_2_1_promoted191247_load, i32 %window_i_0_2_promoted189241_load, i32 %window_i_0_0_promoted187235_load, i32 %window_i_0_1_promoted185229_load, i32 %window_i_1_2_promoted183223_load, i32 %window_i_1_0_promoted181217_load, i32 %window_i_1_1_promoted179211_load, i32 %mux_case_281140_load, i32 %mux_case_179130_load, i32 %mux_case_077120_load, i32 %mux_case_2110_load, i32 %mux_case_1100_load, i32 %mux_case_090_load, i5 %select_ln139_1, i5 %empty_55, i32 %mem_1_0, i32 %window_82474_loc, i32 %window_72368_loc, i32 %window_62262_loc, i32 %window_52156_loc, i32 %window_42050_loc, i32 %window_31944_loc, i32 %window_21838_loc, i32 %window_11732_loc, i32 %window1626_loc, i32 %window_i_2_2_promoted195256_loc, i32 %window_i_2_0_promoted193250_loc, i32 %window_i_2_1_promoted191244_loc, i32 %window_i_0_2_promoted189238_loc, i32 %window_i_0_0_promoted187232_loc, i32 %window_i_0_1_promoted185226_loc, i32 %window_i_1_2_promoted183220_loc, i32 %window_i_1_0_promoted181214_loc, i32 %window_i_1_1_promoted179208_loc, i32 %mux_case_281_loc, i32 %mux_case_179_loc, i32 %mux_case_077_loc, i32 %mux_case_2_loc, i32 %mux_case_1_loc, i32 %mux_case_0_loc" [codes_lab5/HLS_sources_final/templatedFuncs.h:139]   --->   Operation 223 'call' 'call_ln139' <Predicate = (!icmp_ln46)> <Delay = 1.78> <CoreType = "Generic">   --->   Core 0 '' <Latency = 0> <II = 1> <Delay = 1.00> <Generic> <Opcode : >
ST_8 : Operation 224 [2/2] (1.58ns)   --->   "%call_ln139 = call void @conv1_Pipeline_loadWinFull_VITIS_LOOP_50_1, i32 %window_i_2_2_promoted195259_load, i32 %window_i_2_0_promoted193253_load, i32 %window_i_2_1_promoted191247_load, i32 %window_i_0_2_promoted189241_load, i32 %window_i_0_0_promoted187235_load, i32 %window_i_0_1_promoted185229_load, i32 %window_i_1_2_promoted183223_load, i32 %window_i_1_0_promoted181217_load, i32 %window_i_1_1_promoted179211_load, i32 %mux_case_281140_load, i32 %mux_case_179130_load, i32 %mux_case_077120_load, i32 %mux_case_2110_load, i32 %mux_case_1100_load, i32 %mux_case_090_load, i5 %select_ln139_1, i32 %mem_1_0, i32 %p_loc49, i32 %p_loc50, i32 %p_loc51, i32 %p_loc52, i32 %p_loc53, i32 %p_loc54, i32 %p_loc55, i32 %p_loc56, i32 %p_loc57, i32 %mux_case_281136_loc, i32 %mux_case_179126_loc, i32 %mux_case_077116_loc, i32 %mux_case_2106_loc, i32 %mux_case_196_loc, i32 %mux_case_086_loc" [codes_lab5/HLS_sources_final/templatedFuncs.h:139]   --->   Operation 224 'call' 'call_ln139' <Predicate = (icmp_ln46)> <Delay = 1.58> <CoreType = "Generic">   --->   Core 0 '' <Latency = 0> <II = 1> <Delay = 1.00> <Generic> <Opcode : >

State 9 <SV = 8> <Delay = 0.00>
ST_9 : Operation 225 [1/2] (0.00ns)   --->   "%call_ln139 = call void @conv1_Pipeline_loadWinShift, i32 %window_82475_load, i32 %window_72369_load, i32 %window_62263_load, i32 %window_52157_load, i32 %window_42051_load, i32 %window_31945_load, i32 %window_21839_load, i32 %window_11733_load, i32 %window1627_load, i32 %window_i_2_2_promoted195259_load, i32 %window_i_2_0_promoted193253_load, i32 %window_i_2_1_promoted191247_load, i32 %window_i_0_2_promoted189241_load, i32 %window_i_0_0_promoted187235_load, i32 %window_i_0_1_promoted185229_load, i32 %window_i_1_2_promoted183223_load, i32 %window_i_1_0_promoted181217_load, i32 %window_i_1_1_promoted179211_load, i32 %mux_case_281140_load, i32 %mux_case_179130_load, i32 %mux_case_077120_load, i32 %mux_case_2110_load, i32 %mux_case_1100_load, i32 %mux_case_090_load, i5 %select_ln139_1, i5 %empty_55, i32 %mem_1_0, i32 %window_82474_loc, i32 %window_72368_loc, i32 %window_62262_loc, i32 %window_52156_loc, i32 %window_42050_loc, i32 %window_31944_loc, i32 %window_21838_loc, i32 %window_11732_loc, i32 %window1626_loc, i32 %window_i_2_2_promoted195256_loc, i32 %window_i_2_0_promoted193250_loc, i32 %window_i_2_1_promoted191244_loc, i32 %window_i_0_2_promoted189238_loc, i32 %window_i_0_0_promoted187232_loc, i32 %window_i_0_1_promoted185226_loc, i32 %window_i_1_2_promoted183220_loc, i32 %window_i_1_0_promoted181214_loc, i32 %window_i_1_1_promoted179208_loc, i32 %mux_case_281_loc, i32 %mux_case_179_loc, i32 %mux_case_077_loc, i32 %mux_case_2_loc, i32 %mux_case_1_loc, i32 %mux_case_0_loc" [codes_lab5/HLS_sources_final/templatedFuncs.h:139]   --->   Operation 225 'call' 'call_ln139' <Predicate = true> <Delay = 0.00> <CoreType = "Generic">   --->   Core 0 '' <Latency = 0> <II = 1> <Delay = 1.00> <Generic> <Opcode : >

State 10 <SV = 9> <Delay = 7.29>
ST_10 : Operation 226 [1/1] (0.00ns)   --->   "%window_82474_loc_load = load i32 %window_82474_loc"   --->   Operation 226 'load' 'window_82474_loc_load' <Predicate = (!icmp_ln46)> <Delay = 0.00>
ST_10 : Operation 227 [1/1] (0.00ns)   --->   "%window_72368_loc_load = load i32 %window_72368_loc"   --->   Operation 227 'load' 'window_72368_loc_load' <Predicate = (!icmp_ln46)> <Delay = 0.00>
ST_10 : Operation 228 [1/1] (0.00ns)   --->   "%window_62262_loc_load = load i32 %window_62262_loc"   --->   Operation 228 'load' 'window_62262_loc_load' <Predicate = (!icmp_ln46)> <Delay = 0.00>
ST_10 : Operation 229 [1/1] (0.00ns)   --->   "%window_52156_loc_load = load i32 %window_52156_loc"   --->   Operation 229 'load' 'window_52156_loc_load' <Predicate = (!icmp_ln46)> <Delay = 0.00>
ST_10 : Operation 230 [1/1] (0.00ns)   --->   "%window_42050_loc_load = load i32 %window_42050_loc"   --->   Operation 230 'load' 'window_42050_loc_load' <Predicate = (!icmp_ln46)> <Delay = 0.00>
ST_10 : Operation 231 [1/1] (0.00ns)   --->   "%window_31944_loc_load = load i32 %window_31944_loc"   --->   Operation 231 'load' 'window_31944_loc_load' <Predicate = (!icmp_ln46)> <Delay = 0.00>
ST_10 : Operation 232 [1/1] (0.00ns)   --->   "%window_21838_loc_load = load i32 %window_21838_loc"   --->   Operation 232 'load' 'window_21838_loc_load' <Predicate = (!icmp_ln46)> <Delay = 0.00>
ST_10 : Operation 233 [1/1] (0.00ns)   --->   "%window_11732_loc_load = load i32 %window_11732_loc"   --->   Operation 233 'load' 'window_11732_loc_load' <Predicate = (!icmp_ln46)> <Delay = 0.00>
ST_10 : Operation 234 [1/1] (0.00ns)   --->   "%window1626_loc_load = load i32 %window1626_loc"   --->   Operation 234 'load' 'window1626_loc_load' <Predicate = (!icmp_ln46)> <Delay = 0.00>
ST_10 : Operation 235 [1/1] (0.00ns)   --->   "%window_i_2_2_promoted195256_loc_load = load i32 %window_i_2_2_promoted195256_loc"   --->   Operation 235 'load' 'window_i_2_2_promoted195256_loc_load' <Predicate = (!icmp_ln46)> <Delay = 0.00>
ST_10 : Operation 236 [1/1] (0.00ns)   --->   "%window_i_2_0_promoted193250_loc_load = load i32 %window_i_2_0_promoted193250_loc"   --->   Operation 236 'load' 'window_i_2_0_promoted193250_loc_load' <Predicate = (!icmp_ln46)> <Delay = 0.00>
ST_10 : Operation 237 [1/1] (0.00ns)   --->   "%window_i_2_1_promoted191244_loc_load = load i32 %window_i_2_1_promoted191244_loc"   --->   Operation 237 'load' 'window_i_2_1_promoted191244_loc_load' <Predicate = (!icmp_ln46)> <Delay = 0.00>
ST_10 : Operation 238 [1/1] (0.00ns)   --->   "%window_i_0_2_promoted189238_loc_load = load i32 %window_i_0_2_promoted189238_loc"   --->   Operation 238 'load' 'window_i_0_2_promoted189238_loc_load' <Predicate = (!icmp_ln46)> <Delay = 0.00>
ST_10 : Operation 239 [1/1] (0.00ns)   --->   "%window_i_0_0_promoted187232_loc_load = load i32 %window_i_0_0_promoted187232_loc"   --->   Operation 239 'load' 'window_i_0_0_promoted187232_loc_load' <Predicate = (!icmp_ln46)> <Delay = 0.00>
ST_10 : Operation 240 [1/1] (0.00ns)   --->   "%window_i_0_1_promoted185226_loc_load = load i32 %window_i_0_1_promoted185226_loc"   --->   Operation 240 'load' 'window_i_0_1_promoted185226_loc_load' <Predicate = (!icmp_ln46)> <Delay = 0.00>
ST_10 : Operation 241 [1/1] (0.00ns)   --->   "%window_i_1_2_promoted183220_loc_load = load i32 %window_i_1_2_promoted183220_loc"   --->   Operation 241 'load' 'window_i_1_2_promoted183220_loc_load' <Predicate = (!icmp_ln46)> <Delay = 0.00>
ST_10 : Operation 242 [1/1] (0.00ns)   --->   "%window_i_1_0_promoted181214_loc_load = load i32 %window_i_1_0_promoted181214_loc"   --->   Operation 242 'load' 'window_i_1_0_promoted181214_loc_load' <Predicate = (!icmp_ln46)> <Delay = 0.00>
ST_10 : Operation 243 [1/1] (0.00ns)   --->   "%window_i_1_1_promoted179208_loc_load = load i32 %window_i_1_1_promoted179208_loc"   --->   Operation 243 'load' 'window_i_1_1_promoted179208_loc_load' <Predicate = (!icmp_ln46)> <Delay = 0.00>
ST_10 : Operation 244 [1/1] (0.00ns)   --->   "%mux_case_281_loc_load = load i32 %mux_case_281_loc"   --->   Operation 244 'load' 'mux_case_281_loc_load' <Predicate = (!icmp_ln46)> <Delay = 0.00>
ST_10 : Operation 245 [1/1] (0.00ns)   --->   "%mux_case_179_loc_load = load i32 %mux_case_179_loc"   --->   Operation 245 'load' 'mux_case_179_loc_load' <Predicate = (!icmp_ln46)> <Delay = 0.00>
ST_10 : Operation 246 [1/1] (0.00ns)   --->   "%mux_case_077_loc_load = load i32 %mux_case_077_loc"   --->   Operation 246 'load' 'mux_case_077_loc_load' <Predicate = (!icmp_ln46)> <Delay = 0.00>
ST_10 : Operation 247 [1/1] (0.00ns)   --->   "%mux_case_2_loc_load = load i32 %mux_case_2_loc"   --->   Operation 247 'load' 'mux_case_2_loc_load' <Predicate = (!icmp_ln46)> <Delay = 0.00>
ST_10 : Operation 248 [1/1] (0.00ns)   --->   "%mux_case_1_loc_load = load i32 %mux_case_1_loc"   --->   Operation 248 'load' 'mux_case_1_loc_load' <Predicate = (!icmp_ln46)> <Delay = 0.00>
ST_10 : Operation 249 [1/1] (0.00ns)   --->   "%mux_case_0_loc_load = load i32 %mux_case_0_loc"   --->   Operation 249 'load' 'mux_case_0_loc_load' <Predicate = (!icmp_ln46)> <Delay = 0.00>
ST_10 : Operation 250 [1/1] (1.58ns)   --->   "%br_ln0 = br void %cond.true.i"   --->   Operation 250 'br' 'br_ln0' <Predicate = (!icmp_ln46)> <Delay = 1.58>
ST_10 : Operation 251 [1/1] (0.00ns)   --->   "%p_loc49_load = load i32 %p_loc49"   --->   Operation 251 'load' 'p_loc49_load' <Predicate = (icmp_ln46)> <Delay = 0.00>
ST_10 : Operation 252 [1/1] (0.00ns)   --->   "%p_loc50_load = load i32 %p_loc50"   --->   Operation 252 'load' 'p_loc50_load' <Predicate = (icmp_ln46)> <Delay = 0.00>
ST_10 : Operation 253 [1/1] (0.00ns)   --->   "%p_loc51_load = load i32 %p_loc51"   --->   Operation 253 'load' 'p_loc51_load' <Predicate = (icmp_ln46)> <Delay = 0.00>
ST_10 : Operation 254 [1/1] (0.00ns)   --->   "%p_loc52_load = load i32 %p_loc52"   --->   Operation 254 'load' 'p_loc52_load' <Predicate = (icmp_ln46)> <Delay = 0.00>
ST_10 : Operation 255 [1/1] (0.00ns)   --->   "%p_loc53_load = load i32 %p_loc53"   --->   Operation 255 'load' 'p_loc53_load' <Predicate = (icmp_ln46)> <Delay = 0.00>
ST_10 : Operation 256 [1/1] (0.00ns)   --->   "%p_loc54_load = load i32 %p_loc54"   --->   Operation 256 'load' 'p_loc54_load' <Predicate = (icmp_ln46)> <Delay = 0.00>
ST_10 : Operation 257 [1/1] (0.00ns)   --->   "%p_loc55_load = load i32 %p_loc55"   --->   Operation 257 'load' 'p_loc55_load' <Predicate = (icmp_ln46)> <Delay = 0.00>
ST_10 : Operation 258 [1/1] (0.00ns)   --->   "%p_loc56_load = load i32 %p_loc56"   --->   Operation 258 'load' 'p_loc56_load' <Predicate = (icmp_ln46)> <Delay = 0.00>
ST_10 : Operation 259 [1/1] (0.00ns)   --->   "%p_loc57_load = load i32 %p_loc57"   --->   Operation 259 'load' 'p_loc57_load' <Predicate = (icmp_ln46)> <Delay = 0.00>
ST_10 : Operation 260 [1/1] (0.00ns)   --->   "%mux_case_281136_loc_load = load i32 %mux_case_281136_loc"   --->   Operation 260 'load' 'mux_case_281136_loc_load' <Predicate = (icmp_ln46)> <Delay = 0.00>
ST_10 : Operation 261 [1/1] (0.00ns)   --->   "%mux_case_179126_loc_load = load i32 %mux_case_179126_loc"   --->   Operation 261 'load' 'mux_case_179126_loc_load' <Predicate = (icmp_ln46)> <Delay = 0.00>
ST_10 : Operation 262 [1/1] (0.00ns)   --->   "%mux_case_077116_loc_load = load i32 %mux_case_077116_loc"   --->   Operation 262 'load' 'mux_case_077116_loc_load' <Predicate = (icmp_ln46)> <Delay = 0.00>
ST_10 : Operation 263 [1/1] (0.00ns)   --->   "%mux_case_2106_loc_load = load i32 %mux_case_2106_loc"   --->   Operation 263 'load' 'mux_case_2106_loc_load' <Predicate = (icmp_ln46)> <Delay = 0.00>
ST_10 : Operation 264 [1/1] (0.00ns)   --->   "%mux_case_196_loc_load = load i32 %mux_case_196_loc"   --->   Operation 264 'load' 'mux_case_196_loc_load' <Predicate = (icmp_ln46)> <Delay = 0.00>
ST_10 : Operation 265 [1/1] (0.00ns)   --->   "%mux_case_086_loc_load = load i32 %mux_case_086_loc"   --->   Operation 265 'load' 'mux_case_086_loc_load' <Predicate = (icmp_ln46)> <Delay = 0.00>
ST_10 : Operation 266 [1/1] (1.58ns)   --->   "%br_ln0 = br void %cond.true.i"   --->   Operation 266 'br' 'br_ln0' <Predicate = (icmp_ln46)> <Delay = 1.58>
ST_10 : Operation 267 [1/1] (0.00ns)   --->   "%window_824 = phi i32 %window_82474_loc_load, void %if.else.i.i, i32 %p_loc49_load, void %for.body5.i.i.preheader"   --->   Operation 267 'phi' 'window_824' <Predicate = true> <Delay = 0.00>
ST_10 : Operation 268 [1/1] (0.00ns)   --->   "%window_723 = phi i32 %window_72368_loc_load, void %if.else.i.i, i32 %p_loc51_load, void %for.body5.i.i.preheader"   --->   Operation 268 'phi' 'window_723' <Predicate = true> <Delay = 0.00>
ST_10 : Operation 269 [1/1] (0.00ns)   --->   "%window_622 = phi i32 %window_62262_loc_load, void %if.else.i.i, i32 %p_loc50_load, void %for.body5.i.i.preheader"   --->   Operation 269 'phi' 'window_622' <Predicate = true> <Delay = 0.00>
ST_10 : Operation 270 [1/1] (0.00ns)   --->   "%window_521 = phi i32 %window_52156_loc_load, void %if.else.i.i, i32 %p_loc55_load, void %for.body5.i.i.preheader"   --->   Operation 270 'phi' 'window_521' <Predicate = true> <Delay = 0.00>
ST_10 : Operation 271 [1/1] (0.00ns)   --->   "%window_420 = phi i32 %window_42050_loc_load, void %if.else.i.i, i32 %p_loc57_load, void %for.body5.i.i.preheader"   --->   Operation 271 'phi' 'window_420' <Predicate = true> <Delay = 0.00>
ST_10 : Operation 272 [1/1] (0.00ns)   --->   "%window_319 = phi i32 %window_31944_loc_load, void %if.else.i.i, i32 %p_loc56_load, void %for.body5.i.i.preheader"   --->   Operation 272 'phi' 'window_319' <Predicate = true> <Delay = 0.00>
ST_10 : Operation 273 [1/1] (0.00ns)   --->   "%window_218 = phi i32 %window_21838_loc_load, void %if.else.i.i, i32 %p_loc52_load, void %for.body5.i.i.preheader"   --->   Operation 273 'phi' 'window_218' <Predicate = true> <Delay = 0.00>
ST_10 : Operation 274 [1/1] (0.00ns)   --->   "%window_117 = phi i32 %window_11732_loc_load, void %if.else.i.i, i32 %p_loc54_load, void %for.body5.i.i.preheader"   --->   Operation 274 'phi' 'window_117' <Predicate = true> <Delay = 0.00>
ST_10 : Operation 275 [1/1] (0.00ns)   --->   "%window16 = phi i32 %window1626_loc_load, void %if.else.i.i, i32 %p_loc53_load, void %for.body5.i.i.preheader"   --->   Operation 275 'phi' 'window16' <Predicate = true> <Delay = 0.00>
ST_10 : Operation 276 [25/25] (5.70ns)   --->   "%sum = call i32 @conv2D<1>, i32 %p_loc35_load, i32 %p_loc36_load, i32 %p_loc34_load, i32 %p_loc38_load, i32 %p_loc39_load, i32 %p_loc37_load, i32 %p_loc32_load, i32 %p_loc33_load, i32 %p_loc_load, i32 %window16, i32 %window_117, i32 %window_218, i32 %window_319, i32 %window_420, i32 %window_521, i32 %window_622, i32 %window_723, i32 %window_824, i32 %prev_sum" [codes_lab5/HLS_sources_final/templatedFuncs.h:147]   --->   Operation 276 'call' 'sum' <Predicate = true> <Delay = 5.70> <CoreType = "Generic">   --->   Core 0 '' <Latency = 0> <II = 1> <Delay = 1.00> <Generic> <Opcode : >
ST_10 : Operation 277 [1/1] (1.78ns)   --->   "%add_ln141 = add i5 %select_ln139, i5 1" [codes_lab5/HLS_sources_final/templatedFuncs.h:141]   --->   Operation 277 'add' 'add_ln141' <Predicate = true> <Delay = 1.78> <CoreInst = "Adder">   --->   Core 1 'Adder' <Latency = 0> <II = 1> <Delay = 1.78> <FuncUnit> <Opcode : 'add' 'sub'> <InPorts = 2> <OutPorts = 1>
ST_10 : Operation 278 [1/1] (0.00ns)   --->   "%store_ln141 = store i32 %window_824, i32 %window_82475" [codes_lab5/HLS_sources_final/templatedFuncs.h:141]   --->   Operation 278 'store' 'store_ln141' <Predicate = true> <Delay = 0.00>
ST_10 : Operation 279 [1/1] (0.00ns)   --->   "%store_ln141 = store i32 %window_723, i32 %window_72369" [codes_lab5/HLS_sources_final/templatedFuncs.h:141]   --->   Operation 279 'store' 'store_ln141' <Predicate = true> <Delay = 0.00>
ST_10 : Operation 280 [1/1] (0.00ns)   --->   "%store_ln141 = store i32 %window_622, i32 %window_62263" [codes_lab5/HLS_sources_final/templatedFuncs.h:141]   --->   Operation 280 'store' 'store_ln141' <Predicate = true> <Delay = 0.00>
ST_10 : Operation 281 [1/1] (0.00ns)   --->   "%store_ln141 = store i32 %window_521, i32 %window_52157" [codes_lab5/HLS_sources_final/templatedFuncs.h:141]   --->   Operation 281 'store' 'store_ln141' <Predicate = true> <Delay = 0.00>
ST_10 : Operation 282 [1/1] (0.00ns)   --->   "%store_ln141 = store i32 %window_420, i32 %window_42051" [codes_lab5/HLS_sources_final/templatedFuncs.h:141]   --->   Operation 282 'store' 'store_ln141' <Predicate = true> <Delay = 0.00>
ST_10 : Operation 283 [1/1] (0.00ns)   --->   "%store_ln141 = store i32 %window_319, i32 %window_31945" [codes_lab5/HLS_sources_final/templatedFuncs.h:141]   --->   Operation 283 'store' 'store_ln141' <Predicate = true> <Delay = 0.00>
ST_10 : Operation 284 [1/1] (0.00ns)   --->   "%store_ln141 = store i32 %window_218, i32 %window_21839" [codes_lab5/HLS_sources_final/templatedFuncs.h:141]   --->   Operation 284 'store' 'store_ln141' <Predicate = true> <Delay = 0.00>
ST_10 : Operation 285 [1/1] (0.00ns)   --->   "%store_ln141 = store i32 %window_117, i32 %window_11733" [codes_lab5/HLS_sources_final/templatedFuncs.h:141]   --->   Operation 285 'store' 'store_ln141' <Predicate = true> <Delay = 0.00>
ST_10 : Operation 286 [1/1] (0.00ns)   --->   "%store_ln141 = store i32 %window16, i32 %window1627" [codes_lab5/HLS_sources_final/templatedFuncs.h:141]   --->   Operation 286 'store' 'store_ln141' <Predicate = true> <Delay = 0.00>

State 11 <SV = 8> <Delay = 0.00>
ST_11 : Operation 287 [1/2] (0.00ns)   --->   "%call_ln139 = call void @conv1_Pipeline_loadWinFull_VITIS_LOOP_50_1, i32 %window_i_2_2_promoted195259_load, i32 %window_i_2_0_promoted193253_load, i32 %window_i_2_1_promoted191247_load, i32 %window_i_0_2_promoted189241_load, i32 %window_i_0_0_promoted187235_load, i32 %window_i_0_1_promoted185229_load, i32 %window_i_1_2_promoted183223_load, i32 %window_i_1_0_promoted181217_load, i32 %window_i_1_1_promoted179211_load, i32 %mux_case_281140_load, i32 %mux_case_179130_load, i32 %mux_case_077120_load, i32 %mux_case_2110_load, i32 %mux_case_1100_load, i32 %mux_case_090_load, i5 %select_ln139_1, i32 %mem_1_0, i32 %p_loc49, i32 %p_loc50, i32 %p_loc51, i32 %p_loc52, i32 %p_loc53, i32 %p_loc54, i32 %p_loc55, i32 %p_loc56, i32 %p_loc57, i32 %mux_case_281136_loc, i32 %mux_case_179126_loc, i32 %mux_case_077116_loc, i32 %mux_case_2106_loc, i32 %mux_case_196_loc, i32 %mux_case_086_loc" [codes_lab5/HLS_sources_final/templatedFuncs.h:139]   --->   Operation 287 'call' 'call_ln139' <Predicate = true> <Delay = 0.00> <CoreType = "Generic">   --->   Core 0 '' <Latency = 0> <II = 1> <Delay = 1.00> <Generic> <Opcode : >

State 12 <SV = 10> <Delay = 7.25>
ST_12 : Operation 288 [1/1] (0.00ns)   --->   "%window_i_2_2_promoted195254 = phi i32 %window_i_2_2_promoted195256_loc_load, void %if.else.i.i, i32 %p_loc49_load, void %for.body5.i.i.preheader"   --->   Operation 288 'phi' 'window_i_2_2_promoted195254' <Predicate = true> <Delay = 0.00>
ST_12 : Operation 289 [1/1] (0.00ns)   --->   "%window_i_2_0_promoted193248 = phi i32 %window_i_2_0_promoted193250_loc_load, void %if.else.i.i, i32 %p_loc50_load, void %for.body5.i.i.preheader"   --->   Operation 289 'phi' 'window_i_2_0_promoted193248' <Predicate = true> <Delay = 0.00>
ST_12 : Operation 290 [1/1] (0.00ns)   --->   "%window_i_2_1_promoted191242 = phi i32 %window_i_2_1_promoted191244_loc_load, void %if.else.i.i, i32 %p_loc51_load, void %for.body5.i.i.preheader"   --->   Operation 290 'phi' 'window_i_2_1_promoted191242' <Predicate = true> <Delay = 0.00>
ST_12 : Operation 291 [1/1] (0.00ns)   --->   "%window_i_0_2_promoted189236 = phi i32 %window_i_0_2_promoted189238_loc_load, void %if.else.i.i, i32 %p_loc52_load, void %for.body5.i.i.preheader"   --->   Operation 291 'phi' 'window_i_0_2_promoted189236' <Predicate = true> <Delay = 0.00>
ST_12 : Operation 292 [1/1] (0.00ns)   --->   "%window_i_0_0_promoted187230 = phi i32 %window_i_0_0_promoted187232_loc_load, void %if.else.i.i, i32 %p_loc53_load, void %for.body5.i.i.preheader"   --->   Operation 292 'phi' 'window_i_0_0_promoted187230' <Predicate = true> <Delay = 0.00>
ST_12 : Operation 293 [1/1] (0.00ns)   --->   "%window_i_0_1_promoted185224 = phi i32 %window_i_0_1_promoted185226_loc_load, void %if.else.i.i, i32 %p_loc54_load, void %for.body5.i.i.preheader"   --->   Operation 293 'phi' 'window_i_0_1_promoted185224' <Predicate = true> <Delay = 0.00>
ST_12 : Operation 294 [1/1] (0.00ns)   --->   "%window_i_1_2_promoted183218 = phi i32 %window_i_1_2_promoted183220_loc_load, void %if.else.i.i, i32 %p_loc55_load, void %for.body5.i.i.preheader"   --->   Operation 294 'phi' 'window_i_1_2_promoted183218' <Predicate = true> <Delay = 0.00>
ST_12 : Operation 295 [1/1] (0.00ns)   --->   "%window_i_1_0_promoted181212 = phi i32 %window_i_1_0_promoted181214_loc_load, void %if.else.i.i, i32 %p_loc56_load, void %for.body5.i.i.preheader"   --->   Operation 295 'phi' 'window_i_1_0_promoted181212' <Predicate = true> <Delay = 0.00>
ST_12 : Operation 296 [1/1] (0.00ns)   --->   "%window_i_1_1_promoted179206 = phi i32 %window_i_1_1_promoted179208_loc_load, void %if.else.i.i, i32 %p_loc57_load, void %for.body5.i.i.preheader"   --->   Operation 296 'phi' 'window_i_1_1_promoted179206' <Predicate = true> <Delay = 0.00>
ST_12 : Operation 297 [1/1] (0.00ns)   --->   "%mux_case_281133 = phi i32 %mux_case_281_loc_load, void %if.else.i.i, i32 %mux_case_281136_loc_load, void %for.body5.i.i.preheader"   --->   Operation 297 'phi' 'mux_case_281133' <Predicate = true> <Delay = 0.00>
ST_12 : Operation 298 [1/1] (0.00ns)   --->   "%mux_case_179123 = phi i32 %mux_case_179_loc_load, void %if.else.i.i, i32 %mux_case_179126_loc_load, void %for.body5.i.i.preheader"   --->   Operation 298 'phi' 'mux_case_179123' <Predicate = true> <Delay = 0.00>
ST_12 : Operation 299 [1/1] (0.00ns)   --->   "%mux_case_077113 = phi i32 %mux_case_077_loc_load, void %if.else.i.i, i32 %mux_case_077116_loc_load, void %for.body5.i.i.preheader"   --->   Operation 299 'phi' 'mux_case_077113' <Predicate = true> <Delay = 0.00>
ST_12 : Operation 300 [1/1] (0.00ns)   --->   "%mux_case_2103 = phi i32 %mux_case_2_loc_load, void %if.else.i.i, i32 %mux_case_2106_loc_load, void %for.body5.i.i.preheader"   --->   Operation 300 'phi' 'mux_case_2103' <Predicate = true> <Delay = 0.00>
ST_12 : Operation 301 [1/1] (0.00ns)   --->   "%mux_case_193 = phi i32 %mux_case_1_loc_load, void %if.else.i.i, i32 %mux_case_196_loc_load, void %for.body5.i.i.preheader"   --->   Operation 301 'phi' 'mux_case_193' <Predicate = true> <Delay = 0.00>
ST_12 : Operation 302 [1/1] (0.00ns)   --->   "%mux_case_083 = phi i32 %mux_case_0_loc_load, void %if.else.i.i, i32 %mux_case_086_loc_load, void %for.body5.i.i.preheader"   --->   Operation 302 'phi' 'mux_case_083' <Predicate = true> <Delay = 0.00>
ST_12 : Operation 303 [24/25] (7.25ns)   --->   "%sum = call i32 @conv2D<1>, i32 %p_loc35_load, i32 %p_loc36_load, i32 %p_loc34_load, i32 %p_loc38_load, i32 %p_loc39_load, i32 %p_loc37_load, i32 %p_loc32_load, i32 %p_loc33_load, i32 %p_loc_load, i32 %window16, i32 %window_117, i32 %window_218, i32 %window_319, i32 %window_420, i32 %window_521, i32 %window_622, i32 %window_723, i32 %window_824, i32 %prev_sum" [codes_lab5/HLS_sources_final/templatedFuncs.h:147]   --->   Operation 303 'call' 'sum' <Predicate = true> <Delay = 7.25> <CoreType = "Generic">   --->   Core 0 '' <Latency = 0> <II = 1> <Delay = 1.00> <Generic> <Opcode : >
ST_12 : Operation 304 [1/1] (0.00ns)   --->   "%store_ln141 = store i32 %window_i_2_2_promoted195254, i32 %window_i_2_2_promoted195259" [codes_lab5/HLS_sources_final/templatedFuncs.h:141]   --->   Operation 304 'store' 'store_ln141' <Predicate = true> <Delay = 0.00>
ST_12 : Operation 305 [1/1] (0.00ns)   --->   "%store_ln141 = store i32 %window_i_2_0_promoted193248, i32 %window_i_2_0_promoted193253" [codes_lab5/HLS_sources_final/templatedFuncs.h:141]   --->   Operation 305 'store' 'store_ln141' <Predicate = true> <Delay = 0.00>
ST_12 : Operation 306 [1/1] (0.00ns)   --->   "%store_ln141 = store i32 %window_i_2_1_promoted191242, i32 %window_i_2_1_promoted191247" [codes_lab5/HLS_sources_final/templatedFuncs.h:141]   --->   Operation 306 'store' 'store_ln141' <Predicate = true> <Delay = 0.00>
ST_12 : Operation 307 [1/1] (0.00ns)   --->   "%store_ln141 = store i32 %window_i_0_2_promoted189236, i32 %window_i_0_2_promoted189241" [codes_lab5/HLS_sources_final/templatedFuncs.h:141]   --->   Operation 307 'store' 'store_ln141' <Predicate = true> <Delay = 0.00>
ST_12 : Operation 308 [1/1] (0.00ns)   --->   "%store_ln141 = store i32 %window_i_0_0_promoted187230, i32 %window_i_0_0_promoted187235" [codes_lab5/HLS_sources_final/templatedFuncs.h:141]   --->   Operation 308 'store' 'store_ln141' <Predicate = true> <Delay = 0.00>
ST_12 : Operation 309 [1/1] (0.00ns)   --->   "%store_ln141 = store i32 %window_i_0_1_promoted185224, i32 %window_i_0_1_promoted185229" [codes_lab5/HLS_sources_final/templatedFuncs.h:141]   --->   Operation 309 'store' 'store_ln141' <Predicate = true> <Delay = 0.00>
ST_12 : Operation 310 [1/1] (0.00ns)   --->   "%store_ln141 = store i32 %window_i_1_2_promoted183218, i32 %window_i_1_2_promoted183223" [codes_lab5/HLS_sources_final/templatedFuncs.h:141]   --->   Operation 310 'store' 'store_ln141' <Predicate = true> <Delay = 0.00>
ST_12 : Operation 311 [1/1] (0.00ns)   --->   "%store_ln141 = store i32 %window_i_1_0_promoted181212, i32 %window_i_1_0_promoted181217" [codes_lab5/HLS_sources_final/templatedFuncs.h:141]   --->   Operation 311 'store' 'store_ln141' <Predicate = true> <Delay = 0.00>
ST_12 : Operation 312 [1/1] (0.00ns)   --->   "%store_ln141 = store i32 %window_i_1_1_promoted179206, i32 %window_i_1_1_promoted179211" [codes_lab5/HLS_sources_final/templatedFuncs.h:141]   --->   Operation 312 'store' 'store_ln141' <Predicate = true> <Delay = 0.00>
ST_12 : Operation 313 [1/1] (0.00ns)   --->   "%store_ln141 = store i32 %mux_case_281133, i32 %mux_case_281140" [codes_lab5/HLS_sources_final/templatedFuncs.h:141]   --->   Operation 313 'store' 'store_ln141' <Predicate = true> <Delay = 0.00>
ST_12 : Operation 314 [1/1] (0.00ns)   --->   "%store_ln141 = store i32 %mux_case_179123, i32 %mux_case_179130" [codes_lab5/HLS_sources_final/templatedFuncs.h:141]   --->   Operation 314 'store' 'store_ln141' <Predicate = true> <Delay = 0.00>
ST_12 : Operation 315 [1/1] (0.00ns)   --->   "%store_ln141 = store i32 %mux_case_077113, i32 %mux_case_077120" [codes_lab5/HLS_sources_final/templatedFuncs.h:141]   --->   Operation 315 'store' 'store_ln141' <Predicate = true> <Delay = 0.00>
ST_12 : Operation 316 [1/1] (0.00ns)   --->   "%store_ln141 = store i32 %mux_case_2103, i32 %mux_case_2110" [codes_lab5/HLS_sources_final/templatedFuncs.h:141]   --->   Operation 316 'store' 'store_ln141' <Predicate = true> <Delay = 0.00>
ST_12 : Operation 317 [1/1] (0.00ns)   --->   "%store_ln141 = store i32 %mux_case_193, i32 %mux_case_1100" [codes_lab5/HLS_sources_final/templatedFuncs.h:141]   --->   Operation 317 'store' 'store_ln141' <Predicate = true> <Delay = 0.00>
ST_12 : Operation 318 [1/1] (0.00ns)   --->   "%store_ln141 = store i32 %mux_case_083, i32 %mux_case_090" [codes_lab5/HLS_sources_final/templatedFuncs.h:141]   --->   Operation 318 'store' 'store_ln141' <Predicate = true> <Delay = 0.00>

State 13 <SV = 11> <Delay = 7.25>
ST_13 : Operation 319 [23/25] (7.25ns)   --->   "%sum = call i32 @conv2D<1>, i32 %p_loc35_load, i32 %p_loc36_load, i32 %p_loc34_load, i32 %p_loc38_load, i32 %p_loc39_load, i32 %p_loc37_load, i32 %p_loc32_load, i32 %p_loc33_load, i32 %p_loc_load, i32 %window16, i32 %window_117, i32 %window_218, i32 %window_319, i32 %window_420, i32 %window_521, i32 %window_622, i32 %window_723, i32 %window_824, i32 %prev_sum" [codes_lab5/HLS_sources_final/templatedFuncs.h:147]   --->   Operation 319 'call' 'sum' <Predicate = true> <Delay = 7.25> <CoreType = "Generic">   --->   Core 0 '' <Latency = 0> <II = 1> <Delay = 1.00> <Generic> <Opcode : >

State 14 <SV = 12> <Delay = 7.25>
ST_14 : Operation 320 [22/25] (7.25ns)   --->   "%sum = call i32 @conv2D<1>, i32 %p_loc35_load, i32 %p_loc36_load, i32 %p_loc34_load, i32 %p_loc38_load, i32 %p_loc39_load, i32 %p_loc37_load, i32 %p_loc32_load, i32 %p_loc33_load, i32 %p_loc_load, i32 %window16, i32 %window_117, i32 %window_218, i32 %window_319, i32 %window_420, i32 %window_521, i32 %window_622, i32 %window_723, i32 %window_824, i32 %prev_sum" [codes_lab5/HLS_sources_final/templatedFuncs.h:147]   --->   Operation 320 'call' 'sum' <Predicate = true> <Delay = 7.25> <CoreType = "Generic">   --->   Core 0 '' <Latency = 0> <II = 1> <Delay = 1.00> <Generic> <Opcode : >

State 15 <SV = 13> <Delay = 7.25>
ST_15 : Operation 321 [21/25] (7.25ns)   --->   "%sum = call i32 @conv2D<1>, i32 %p_loc35_load, i32 %p_loc36_load, i32 %p_loc34_load, i32 %p_loc38_load, i32 %p_loc39_load, i32 %p_loc37_load, i32 %p_loc32_load, i32 %p_loc33_load, i32 %p_loc_load, i32 %window16, i32 %window_117, i32 %window_218, i32 %window_319, i32 %window_420, i32 %window_521, i32 %window_622, i32 %window_723, i32 %window_824, i32 %prev_sum" [codes_lab5/HLS_sources_final/templatedFuncs.h:147]   --->   Operation 321 'call' 'sum' <Predicate = true> <Delay = 7.25> <CoreType = "Generic">   --->   Core 0 '' <Latency = 0> <II = 1> <Delay = 1.00> <Generic> <Opcode : >

State 16 <SV = 14> <Delay = 7.25>
ST_16 : Operation 322 [20/25] (7.25ns)   --->   "%sum = call i32 @conv2D<1>, i32 %p_loc35_load, i32 %p_loc36_load, i32 %p_loc34_load, i32 %p_loc38_load, i32 %p_loc39_load, i32 %p_loc37_load, i32 %p_loc32_load, i32 %p_loc33_load, i32 %p_loc_load, i32 %window16, i32 %window_117, i32 %window_218, i32 %window_319, i32 %window_420, i32 %window_521, i32 %window_622, i32 %window_723, i32 %window_824, i32 %prev_sum" [codes_lab5/HLS_sources_final/templatedFuncs.h:147]   --->   Operation 322 'call' 'sum' <Predicate = true> <Delay = 7.25> <CoreType = "Generic">   --->   Core 0 '' <Latency = 0> <II = 1> <Delay = 1.00> <Generic> <Opcode : >

State 17 <SV = 15> <Delay = 7.25>
ST_17 : Operation 323 [19/25] (7.25ns)   --->   "%sum = call i32 @conv2D<1>, i32 %p_loc35_load, i32 %p_loc36_load, i32 %p_loc34_load, i32 %p_loc38_load, i32 %p_loc39_load, i32 %p_loc37_load, i32 %p_loc32_load, i32 %p_loc33_load, i32 %p_loc_load, i32 %window16, i32 %window_117, i32 %window_218, i32 %window_319, i32 %window_420, i32 %window_521, i32 %window_622, i32 %window_723, i32 %window_824, i32 %prev_sum" [codes_lab5/HLS_sources_final/templatedFuncs.h:147]   --->   Operation 323 'call' 'sum' <Predicate = true> <Delay = 7.25> <CoreType = "Generic">   --->   Core 0 '' <Latency = 0> <II = 1> <Delay = 1.00> <Generic> <Opcode : >

State 18 <SV = 16> <Delay = 7.25>
ST_18 : Operation 324 [18/25] (7.25ns)   --->   "%sum = call i32 @conv2D<1>, i32 %p_loc35_load, i32 %p_loc36_load, i32 %p_loc34_load, i32 %p_loc38_load, i32 %p_loc39_load, i32 %p_loc37_load, i32 %p_loc32_load, i32 %p_loc33_load, i32 %p_loc_load, i32 %window16, i32 %window_117, i32 %window_218, i32 %window_319, i32 %window_420, i32 %window_521, i32 %window_622, i32 %window_723, i32 %window_824, i32 %prev_sum" [codes_lab5/HLS_sources_final/templatedFuncs.h:147]   --->   Operation 324 'call' 'sum' <Predicate = true> <Delay = 7.25> <CoreType = "Generic">   --->   Core 0 '' <Latency = 0> <II = 1> <Delay = 1.00> <Generic> <Opcode : >

State 19 <SV = 17> <Delay = 7.25>
ST_19 : Operation 325 [17/25] (7.25ns)   --->   "%sum = call i32 @conv2D<1>, i32 %p_loc35_load, i32 %p_loc36_load, i32 %p_loc34_load, i32 %p_loc38_load, i32 %p_loc39_load, i32 %p_loc37_load, i32 %p_loc32_load, i32 %p_loc33_load, i32 %p_loc_load, i32 %window16, i32 %window_117, i32 %window_218, i32 %window_319, i32 %window_420, i32 %window_521, i32 %window_622, i32 %window_723, i32 %window_824, i32 %prev_sum" [codes_lab5/HLS_sources_final/templatedFuncs.h:147]   --->   Operation 325 'call' 'sum' <Predicate = true> <Delay = 7.25> <CoreType = "Generic">   --->   Core 0 '' <Latency = 0> <II = 1> <Delay = 1.00> <Generic> <Opcode : >

State 20 <SV = 18> <Delay = 7.25>
ST_20 : Operation 326 [16/25] (7.25ns)   --->   "%sum = call i32 @conv2D<1>, i32 %p_loc35_load, i32 %p_loc36_load, i32 %p_loc34_load, i32 %p_loc38_load, i32 %p_loc39_load, i32 %p_loc37_load, i32 %p_loc32_load, i32 %p_loc33_load, i32 %p_loc_load, i32 %window16, i32 %window_117, i32 %window_218, i32 %window_319, i32 %window_420, i32 %window_521, i32 %window_622, i32 %window_723, i32 %window_824, i32 %prev_sum" [codes_lab5/HLS_sources_final/templatedFuncs.h:147]   --->   Operation 326 'call' 'sum' <Predicate = true> <Delay = 7.25> <CoreType = "Generic">   --->   Core 0 '' <Latency = 0> <II = 1> <Delay = 1.00> <Generic> <Opcode : >

State 21 <SV = 19> <Delay = 7.25>
ST_21 : Operation 327 [15/25] (7.25ns)   --->   "%sum = call i32 @conv2D<1>, i32 %p_loc35_load, i32 %p_loc36_load, i32 %p_loc34_load, i32 %p_loc38_load, i32 %p_loc39_load, i32 %p_loc37_load, i32 %p_loc32_load, i32 %p_loc33_load, i32 %p_loc_load, i32 %window16, i32 %window_117, i32 %window_218, i32 %window_319, i32 %window_420, i32 %window_521, i32 %window_622, i32 %window_723, i32 %window_824, i32 %prev_sum" [codes_lab5/HLS_sources_final/templatedFuncs.h:147]   --->   Operation 327 'call' 'sum' <Predicate = true> <Delay = 7.25> <CoreType = "Generic">   --->   Core 0 '' <Latency = 0> <II = 1> <Delay = 1.00> <Generic> <Opcode : >

State 22 <SV = 20> <Delay = 7.25>
ST_22 : Operation 328 [14/25] (7.25ns)   --->   "%sum = call i32 @conv2D<1>, i32 %p_loc35_load, i32 %p_loc36_load, i32 %p_loc34_load, i32 %p_loc38_load, i32 %p_loc39_load, i32 %p_loc37_load, i32 %p_loc32_load, i32 %p_loc33_load, i32 %p_loc_load, i32 %window16, i32 %window_117, i32 %window_218, i32 %window_319, i32 %window_420, i32 %window_521, i32 %window_622, i32 %window_723, i32 %window_824, i32 %prev_sum" [codes_lab5/HLS_sources_final/templatedFuncs.h:147]   --->   Operation 328 'call' 'sum' <Predicate = true> <Delay = 7.25> <CoreType = "Generic">   --->   Core 0 '' <Latency = 0> <II = 1> <Delay = 1.00> <Generic> <Opcode : >

State 23 <SV = 21> <Delay = 7.25>
ST_23 : Operation 329 [13/25] (7.25ns)   --->   "%sum = call i32 @conv2D<1>, i32 %p_loc35_load, i32 %p_loc36_load, i32 %p_loc34_load, i32 %p_loc38_load, i32 %p_loc39_load, i32 %p_loc37_load, i32 %p_loc32_load, i32 %p_loc33_load, i32 %p_loc_load, i32 %window16, i32 %window_117, i32 %window_218, i32 %window_319, i32 %window_420, i32 %window_521, i32 %window_622, i32 %window_723, i32 %window_824, i32 %prev_sum" [codes_lab5/HLS_sources_final/templatedFuncs.h:147]   --->   Operation 329 'call' 'sum' <Predicate = true> <Delay = 7.25> <CoreType = "Generic">   --->   Core 0 '' <Latency = 0> <II = 1> <Delay = 1.00> <Generic> <Opcode : >

State 24 <SV = 22> <Delay = 7.25>
ST_24 : Operation 330 [12/25] (7.25ns)   --->   "%sum = call i32 @conv2D<1>, i32 %p_loc35_load, i32 %p_loc36_load, i32 %p_loc34_load, i32 %p_loc38_load, i32 %p_loc39_load, i32 %p_loc37_load, i32 %p_loc32_load, i32 %p_loc33_load, i32 %p_loc_load, i32 %window16, i32 %window_117, i32 %window_218, i32 %window_319, i32 %window_420, i32 %window_521, i32 %window_622, i32 %window_723, i32 %window_824, i32 %prev_sum" [codes_lab5/HLS_sources_final/templatedFuncs.h:147]   --->   Operation 330 'call' 'sum' <Predicate = true> <Delay = 7.25> <CoreType = "Generic">   --->   Core 0 '' <Latency = 0> <II = 1> <Delay = 1.00> <Generic> <Opcode : >

State 25 <SV = 23> <Delay = 7.25>
ST_25 : Operation 331 [11/25] (7.25ns)   --->   "%sum = call i32 @conv2D<1>, i32 %p_loc35_load, i32 %p_loc36_load, i32 %p_loc34_load, i32 %p_loc38_load, i32 %p_loc39_load, i32 %p_loc37_load, i32 %p_loc32_load, i32 %p_loc33_load, i32 %p_loc_load, i32 %window16, i32 %window_117, i32 %window_218, i32 %window_319, i32 %window_420, i32 %window_521, i32 %window_622, i32 %window_723, i32 %window_824, i32 %prev_sum" [codes_lab5/HLS_sources_final/templatedFuncs.h:147]   --->   Operation 331 'call' 'sum' <Predicate = true> <Delay = 7.25> <CoreType = "Generic">   --->   Core 0 '' <Latency = 0> <II = 1> <Delay = 1.00> <Generic> <Opcode : >

State 26 <SV = 24> <Delay = 7.25>
ST_26 : Operation 332 [10/25] (7.25ns)   --->   "%sum = call i32 @conv2D<1>, i32 %p_loc35_load, i32 %p_loc36_load, i32 %p_loc34_load, i32 %p_loc38_load, i32 %p_loc39_load, i32 %p_loc37_load, i32 %p_loc32_load, i32 %p_loc33_load, i32 %p_loc_load, i32 %window16, i32 %window_117, i32 %window_218, i32 %window_319, i32 %window_420, i32 %window_521, i32 %window_622, i32 %window_723, i32 %window_824, i32 %prev_sum" [codes_lab5/HLS_sources_final/templatedFuncs.h:147]   --->   Operation 332 'call' 'sum' <Predicate = true> <Delay = 7.25> <CoreType = "Generic">   --->   Core 0 '' <Latency = 0> <II = 1> <Delay = 1.00> <Generic> <Opcode : >

State 27 <SV = 25> <Delay = 7.25>
ST_27 : Operation 333 [9/25] (7.25ns)   --->   "%sum = call i32 @conv2D<1>, i32 %p_loc35_load, i32 %p_loc36_load, i32 %p_loc34_load, i32 %p_loc38_load, i32 %p_loc39_load, i32 %p_loc37_load, i32 %p_loc32_load, i32 %p_loc33_load, i32 %p_loc_load, i32 %window16, i32 %window_117, i32 %window_218, i32 %window_319, i32 %window_420, i32 %window_521, i32 %window_622, i32 %window_723, i32 %window_824, i32 %prev_sum" [codes_lab5/HLS_sources_final/templatedFuncs.h:147]   --->   Operation 333 'call' 'sum' <Predicate = true> <Delay = 7.25> <CoreType = "Generic">   --->   Core 0 '' <Latency = 0> <II = 1> <Delay = 1.00> <Generic> <Opcode : >

State 28 <SV = 26> <Delay = 7.25>
ST_28 : Operation 334 [8/25] (7.25ns)   --->   "%sum = call i32 @conv2D<1>, i32 %p_loc35_load, i32 %p_loc36_load, i32 %p_loc34_load, i32 %p_loc38_load, i32 %p_loc39_load, i32 %p_loc37_load, i32 %p_loc32_load, i32 %p_loc33_load, i32 %p_loc_load, i32 %window16, i32 %window_117, i32 %window_218, i32 %window_319, i32 %window_420, i32 %window_521, i32 %window_622, i32 %window_723, i32 %window_824, i32 %prev_sum" [codes_lab5/HLS_sources_final/templatedFuncs.h:147]   --->   Operation 334 'call' 'sum' <Predicate = true> <Delay = 7.25> <CoreType = "Generic">   --->   Core 0 '' <Latency = 0> <II = 1> <Delay = 1.00> <Generic> <Opcode : >

State 29 <SV = 27> <Delay = 7.25>
ST_29 : Operation 335 [7/25] (7.25ns)   --->   "%sum = call i32 @conv2D<1>, i32 %p_loc35_load, i32 %p_loc36_load, i32 %p_loc34_load, i32 %p_loc38_load, i32 %p_loc39_load, i32 %p_loc37_load, i32 %p_loc32_load, i32 %p_loc33_load, i32 %p_loc_load, i32 %window16, i32 %window_117, i32 %window_218, i32 %window_319, i32 %window_420, i32 %window_521, i32 %window_622, i32 %window_723, i32 %window_824, i32 %prev_sum" [codes_lab5/HLS_sources_final/templatedFuncs.h:147]   --->   Operation 335 'call' 'sum' <Predicate = true> <Delay = 7.25> <CoreType = "Generic">   --->   Core 0 '' <Latency = 0> <II = 1> <Delay = 1.00> <Generic> <Opcode : >

State 30 <SV = 28> <Delay = 7.25>
ST_30 : Operation 336 [6/25] (7.25ns)   --->   "%sum = call i32 @conv2D<1>, i32 %p_loc35_load, i32 %p_loc36_load, i32 %p_loc34_load, i32 %p_loc38_load, i32 %p_loc39_load, i32 %p_loc37_load, i32 %p_loc32_load, i32 %p_loc33_load, i32 %p_loc_load, i32 %window16, i32 %window_117, i32 %window_218, i32 %window_319, i32 %window_420, i32 %window_521, i32 %window_622, i32 %window_723, i32 %window_824, i32 %prev_sum" [codes_lab5/HLS_sources_final/templatedFuncs.h:147]   --->   Operation 336 'call' 'sum' <Predicate = true> <Delay = 7.25> <CoreType = "Generic">   --->   Core 0 '' <Latency = 0> <II = 1> <Delay = 1.00> <Generic> <Opcode : >

State 31 <SV = 29> <Delay = 7.25>
ST_31 : Operation 337 [5/25] (7.25ns)   --->   "%sum = call i32 @conv2D<1>, i32 %p_loc35_load, i32 %p_loc36_load, i32 %p_loc34_load, i32 %p_loc38_load, i32 %p_loc39_load, i32 %p_loc37_load, i32 %p_loc32_load, i32 %p_loc33_load, i32 %p_loc_load, i32 %window16, i32 %window_117, i32 %window_218, i32 %window_319, i32 %window_420, i32 %window_521, i32 %window_622, i32 %window_723, i32 %window_824, i32 %prev_sum" [codes_lab5/HLS_sources_final/templatedFuncs.h:147]   --->   Operation 337 'call' 'sum' <Predicate = true> <Delay = 7.25> <CoreType = "Generic">   --->   Core 0 '' <Latency = 0> <II = 1> <Delay = 1.00> <Generic> <Opcode : >

State 32 <SV = 30> <Delay = 7.25>
ST_32 : Operation 338 [4/25] (7.25ns)   --->   "%sum = call i32 @conv2D<1>, i32 %p_loc35_load, i32 %p_loc36_load, i32 %p_loc34_load, i32 %p_loc38_load, i32 %p_loc39_load, i32 %p_loc37_load, i32 %p_loc32_load, i32 %p_loc33_load, i32 %p_loc_load, i32 %window16, i32 %window_117, i32 %window_218, i32 %window_319, i32 %window_420, i32 %window_521, i32 %window_622, i32 %window_723, i32 %window_824, i32 %prev_sum" [codes_lab5/HLS_sources_final/templatedFuncs.h:147]   --->   Operation 338 'call' 'sum' <Predicate = true> <Delay = 7.25> <CoreType = "Generic">   --->   Core 0 '' <Latency = 0> <II = 1> <Delay = 1.00> <Generic> <Opcode : >

State 33 <SV = 31> <Delay = 7.25>
ST_33 : Operation 339 [3/25] (7.25ns)   --->   "%sum = call i32 @conv2D<1>, i32 %p_loc35_load, i32 %p_loc36_load, i32 %p_loc34_load, i32 %p_loc38_load, i32 %p_loc39_load, i32 %p_loc37_load, i32 %p_loc32_load, i32 %p_loc33_load, i32 %p_loc_load, i32 %window16, i32 %window_117, i32 %window_218, i32 %window_319, i32 %window_420, i32 %window_521, i32 %window_622, i32 %window_723, i32 %window_824, i32 %prev_sum" [codes_lab5/HLS_sources_final/templatedFuncs.h:147]   --->   Operation 339 'call' 'sum' <Predicate = true> <Delay = 7.25> <CoreType = "Generic">   --->   Core 0 '' <Latency = 0> <II = 1> <Delay = 1.00> <Generic> <Opcode : >

State 34 <SV = 32> <Delay = 7.25>
ST_34 : Operation 340 [2/25] (7.25ns)   --->   "%sum = call i32 @conv2D<1>, i32 %p_loc35_load, i32 %p_loc36_load, i32 %p_loc34_load, i32 %p_loc38_load, i32 %p_loc39_load, i32 %p_loc37_load, i32 %p_loc32_load, i32 %p_loc33_load, i32 %p_loc_load, i32 %window16, i32 %window_117, i32 %window_218, i32 %window_319, i32 %window_420, i32 %window_521, i32 %window_622, i32 %window_723, i32 %window_824, i32 %prev_sum" [codes_lab5/HLS_sources_final/templatedFuncs.h:147]   --->   Operation 340 'call' 'sum' <Predicate = true> <Delay = 7.25> <CoreType = "Generic">   --->   Core 0 '' <Latency = 0> <II = 1> <Delay = 1.00> <Generic> <Opcode : >

State 35 <SV = 33> <Delay = 7.25>
ST_35 : Operation 341 [1/25] (7.25ns)   --->   "%sum = call i32 @conv2D<1>, i32 %p_loc35_load, i32 %p_loc36_load, i32 %p_loc34_load, i32 %p_loc38_load, i32 %p_loc39_load, i32 %p_loc37_load, i32 %p_loc32_load, i32 %p_loc33_load, i32 %p_loc_load, i32 %window16, i32 %window_117, i32 %window_218, i32 %window_319, i32 %window_420, i32 %window_521, i32 %window_622, i32 %window_723, i32 %window_824, i32 %prev_sum" [codes_lab5/HLS_sources_final/templatedFuncs.h:147]   --->   Operation 341 'call' 'sum' <Predicate = true> <Delay = 7.25> <CoreType = "Generic">   --->   Core 0 '' <Latency = 0> <II = 1> <Delay = 1.00> <Generic> <Opcode : >

State 36 <SV = 34> <Delay = 5.43>
ST_36 : Operation 342 [2/2] (5.43ns)   --->   "%tmp_s = fcmp_olt  i32 %sum, i32 0" [codes_lab5/HLS_sources_final/templatedFuncs.h:73]   --->   Operation 342 'fcmp' 'tmp_s' <Predicate = true> <Delay = 5.43> <CoreInst = "FCompare">   --->   Core 19 'FCompare' <Latency = 1> <II = 1> <Delay = 5.43> <FuncUnit> <Opcode : 'fcmp'> <InPorts = 2> <OutPorts = 1>

State 37 <SV = 35> <Delay = 6.40>
ST_37 : Operation 343 [1/1] (0.00ns)   --->   "%bitcast_ln73 = bitcast i32 %sum" [codes_lab5/HLS_sources_final/templatedFuncs.h:73]   --->   Operation 343 'bitcast' 'bitcast_ln73' <Predicate = true> <Delay = 0.00>
ST_37 : Operation 344 [1/1] (0.00ns)   --->   "%tmp = partselect i8 @_ssdm_op_PartSelect.i8.i32.i32.i32, i32 %bitcast_ln73, i32 23, i32 30" [codes_lab5/HLS_sources_final/templatedFuncs.h:73]   --->   Operation 344 'partselect' 'tmp' <Predicate = true> <Delay = 0.00>
ST_37 : Operation 345 [1/1] (0.00ns)   --->   "%trunc_ln73 = trunc i32 %bitcast_ln73" [codes_lab5/HLS_sources_final/templatedFuncs.h:73]   --->   Operation 345 'trunc' 'trunc_ln73' <Predicate = true> <Delay = 0.00>
ST_37 : Operation 346 [1/1] (1.55ns)   --->   "%icmp_ln73 = icmp_ne  i8 %tmp, i8 255" [codes_lab5/HLS_sources_final/templatedFuncs.h:73]   --->   Operation 346 'icmp' 'icmp_ln73' <Predicate = true> <Delay = 1.55> <CoreInst = "Cmp">   --->   Core 9 'Cmp' <Latency = 0> <II = 1> <Delay = 1.55> <FuncUnit> <Opcode : 'icmp'> <InPorts = 2> <OutPorts = 1>
ST_37 : Operation 347 [1/1] (2.44ns)   --->   "%icmp_ln73_1 = icmp_eq  i23 %trunc_ln73, i23 0" [codes_lab5/HLS_sources_final/templatedFuncs.h:73]   --->   Operation 347 'icmp' 'icmp_ln73_1' <Predicate = true> <Delay = 2.44> <CoreInst = "Cmp">   --->   Core 9 'Cmp' <Latency = 0> <II = 1> <Delay = 2.44> <FuncUnit> <Opcode : 'icmp'> <InPorts = 2> <OutPorts = 1>
ST_37 : Operation 348 [1/1] (0.00ns) (grouped into LUT with out node select_ln73)   --->   "%or_ln73 = or i1 %icmp_ln73_1, i1 %icmp_ln73" [codes_lab5/HLS_sources_final/templatedFuncs.h:73]   --->   Operation 348 'or' 'or_ln73' <Predicate = true> <Delay = 0.00> <CoreInst = "LogicGate">   --->   Core 74 'LogicGate' <Latency = 0> <II = 1> <Delay = 0.97> <FuncUnit> <Opcode : 'and' 'or' 'xor'> <InPorts = 2> <OutPorts = 1>
ST_37 : Operation 349 [1/2] (5.43ns)   --->   "%tmp_s = fcmp_olt  i32 %sum, i32 0" [codes_lab5/HLS_sources_final/templatedFuncs.h:73]   --->   Operation 349 'fcmp' 'tmp_s' <Predicate = true> <Delay = 5.43> <CoreInst = "FCompare">   --->   Core 19 'FCompare' <Latency = 1> <II = 1> <Delay = 5.43> <FuncUnit> <Opcode : 'fcmp'> <InPorts = 2> <OutPorts = 1>
ST_37 : Operation 350 [1/1] (0.00ns) (grouped into LUT with out node select_ln73)   --->   "%and_ln73 = and i1 %or_ln73, i1 %tmp_s" [codes_lab5/HLS_sources_final/templatedFuncs.h:73]   --->   Operation 350 'and' 'and_ln73' <Predicate = true> <Delay = 0.00> <CoreInst = "LogicGate">   --->   Core 74 'LogicGate' <Latency = 0> <II = 1> <Delay = 0.97> <FuncUnit> <Opcode : 'and' 'or' 'xor'> <InPorts = 2> <OutPorts = 1>
ST_37 : Operation 351 [1/1] (0.97ns) (out node of the LUT)   --->   "%select_ln73 = select i1 %and_ln73, i32 0, i32 %sum" [codes_lab5/HLS_sources_final/templatedFuncs.h:73]   --->   Operation 351 'select' 'select_ln73' <Predicate = true> <Delay = 0.97> <CoreInst = "Sel">   --->   Core 73 'Sel' <Latency = 0> <II = 1> <Delay = 0.69> <FuncUnit> <Opcode : 'select'> <InPorts = 3> <OutPorts = 1>

State 38 <SV = 36> <Delay = 3.25>
ST_38 : Operation 352 [1/1] (3.25ns)   --->   "%store_ln150 = store i32 %select_ln73, i12 %mem_2_addr" [codes_lab5/HLS_sources_final/templatedFuncs.h:150]   --->   Operation 352 'store' 'store_ln150' <Predicate = true> <Delay = 3.25> <CoreInst = "RAM">   --->   Core 82 'RAM' <Latency = 1> <II = 1> <Delay = 3.25> <Storage> <Opcode : 'load' 'store'> <Ports = 2> <Width = 32> <Depth = 2704> <RAM>
ST_38 : Operation 353 [1/1] (0.00ns)   --->   "%br_ln141 = br void %for.body13.i" [codes_lab5/HLS_sources_final/templatedFuncs.h:141]   --->   Operation 353 'br' 'br_ln141' <Predicate = true> <Delay = 0.00>


============================================================
+ Verbose Summary: Binding
============================================================
STG Binding: 
---------------- STG Properties BEGIN ----------------
- Is combinational: 0
- Is one-state seq: 0
- Is datapath-only: 0
- Is pipelined: 0
- Is top level: 0
Port [ Return ] is wired: 1; IO mode=ap_ctrl_hs:ce=0
Port [ mem_1_0]:  wired=1; compound=1; hidden=0; nouse=0; global=0; static=0; extern=0; dir=0; type=1; pingpong=1; private_global=0; MemPort=[13]; IO mode=ap_memory:ce=0
Port [ mem_2]:  wired=1; compound=1; hidden=0; nouse=0; global=0; static=0; extern=0; dir=1; type=1; pingpong=1; private_global=0; MemPort=[03]; IO mode=ap_memory:ce=0
Port [ conv1_weight]:  wired=0; compound=1; hidden=1; nouse=1; global=1; static=1; extern=0; dir=0; type=1; pingpong=0; private_global=0; MemPort=[1]; IO mode=ap_memory:ce=0
Port [ conv1_bias]:  wired=0; compound=1; hidden=1; nouse=0; global=1; static=1; extern=0; dir=0; type=1; pingpong=0; private_global=1; MemPort=[1]; IO mode=ap_memory:ce=0
---------------- STG Properties END ------------------

---------------- Datapath Model BEGIN ----------------

<LifeTime>
<method=bitvector/>
phi_mul                              (alloca           ) [ 011111111111111111111111111111111111111]
n_f                                  (alloca           ) [ 011111111111111111111111111111111111111]
kernel_i_1_1_promoted152             (alloca           ) [ 001111111111111111111111111111111111111]
kernel_i_1_0_promoted154             (alloca           ) [ 001111111111111111111111111111111111111]
kernel_i_1_2_promoted156             (alloca           ) [ 001111111111111111111111111111111111111]
kernel_i_0_1_promoted158             (alloca           ) [ 001111111111111111111111111111111111111]
kernel_i_0_0_promoted160             (alloca           ) [ 001111111111111111111111111111111111111]
kernel_i_0_2_promoted162             (alloca           ) [ 001111111111111111111111111111111111111]
kernel_i_2_1_promoted164             (alloca           ) [ 001111111111111111111111111111111111111]
kernel_i_2_0_promoted166             (alloca           ) [ 001111111111111111111111111111111111111]
kernel_i_2_2_promoted168             (alloca           ) [ 001111111111111111111111111111111111111]
mux_case_090                         (alloca           ) [ 001111111111111111111111111111111111111]
mux_case_1100                        (alloca           ) [ 001111111111111111111111111111111111111]
mux_case_2110                        (alloca           ) [ 001111111111111111111111111111111111111]
mux_case_077120                      (alloca           ) [ 001111111111111111111111111111111111111]
mux_case_179130                      (alloca           ) [ 001111111111111111111111111111111111111]
mux_case_281140                      (alloca           ) [ 001111111111111111111111111111111111111]
window_i_1_1_promoted179211          (alloca           ) [ 001111111111111111111111111111111111111]
window_i_1_0_promoted181217          (alloca           ) [ 001111111111111111111111111111111111111]
window_i_1_2_promoted183223          (alloca           ) [ 001111111111111111111111111111111111111]
window_i_0_1_promoted185229          (alloca           ) [ 001111111111111111111111111111111111111]
window_i_0_0_promoted187235          (alloca           ) [ 001111111111111111111111111111111111111]
window_i_0_2_promoted189241          (alloca           ) [ 001111111111111111111111111111111111111]
window_i_2_1_promoted191247          (alloca           ) [ 001111111111111111111111111111111111111]
window_i_2_0_promoted193253          (alloca           ) [ 001111111111111111111111111111111111111]
window_i_2_2_promoted195259          (alloca           ) [ 001111111111111111111111111111111111111]
window1627                           (alloca           ) [ 001111111111111111111111111111111111111]
window_11733                         (alloca           ) [ 001111111111111111111111111111111111111]
window_21839                         (alloca           ) [ 001111111111111111111111111111111111111]
window_31945                         (alloca           ) [ 001111111111111111111111111111111111111]
window_42051                         (alloca           ) [ 001111111111111111111111111111111111111]
window_52157                         (alloca           ) [ 001111111111111111111111111111111111111]
window_62263                         (alloca           ) [ 001111111111111111111111111111111111111]
window_72369                         (alloca           ) [ 001111111111111111111111111111111111111]
window_82475                         (alloca           ) [ 001111111111111111111111111111111111111]
mux_case_0_loc                       (alloca           ) [ 001111111111111111111111111111111111111]
mux_case_1_loc                       (alloca           ) [ 001111111111111111111111111111111111111]
mux_case_2_loc                       (alloca           ) [ 001111111111111111111111111111111111111]
mux_case_077_loc                     (alloca           ) [ 001111111111111111111111111111111111111]
mux_case_179_loc                     (alloca           ) [ 001111111111111111111111111111111111111]
mux_case_281_loc                     (alloca           ) [ 001111111111111111111111111111111111111]
window_i_1_1_promoted179208_loc      (alloca           ) [ 001111111111111111111111111111111111111]
window_i_1_0_promoted181214_loc      (alloca           ) [ 001111111111111111111111111111111111111]
window_i_1_2_promoted183220_loc      (alloca           ) [ 001111111111111111111111111111111111111]
window_i_0_1_promoted185226_loc      (alloca           ) [ 001111111111111111111111111111111111111]
window_i_0_0_promoted187232_loc      (alloca           ) [ 001111111111111111111111111111111111111]
window_i_0_2_promoted189238_loc      (alloca           ) [ 001111111111111111111111111111111111111]
window_i_2_1_promoted191244_loc      (alloca           ) [ 001111111111111111111111111111111111111]
window_i_2_0_promoted193250_loc      (alloca           ) [ 001111111111111111111111111111111111111]
window_i_2_2_promoted195256_loc      (alloca           ) [ 001111111111111111111111111111111111111]
window1626_loc                       (alloca           ) [ 001111111111111111111111111111111111111]
window_11732_loc                     (alloca           ) [ 001111111111111111111111111111111111111]
window_21838_loc                     (alloca           ) [ 001111111111111111111111111111111111111]
window_31944_loc                     (alloca           ) [ 001111111111111111111111111111111111111]
window_42050_loc                     (alloca           ) [ 001111111111111111111111111111111111111]
window_52156_loc                     (alloca           ) [ 001111111111111111111111111111111111111]
window_62262_loc                     (alloca           ) [ 001111111111111111111111111111111111111]
window_72368_loc                     (alloca           ) [ 001111111111111111111111111111111111111]
window_82474_loc                     (alloca           ) [ 001111111111111111111111111111111111111]
mux_case_086_loc                     (alloca           ) [ 001111111111111111111111111111111111111]
mux_case_196_loc                     (alloca           ) [ 001111111111111111111111111111111111111]
mux_case_2106_loc                    (alloca           ) [ 001111111111111111111111111111111111111]
mux_case_077116_loc                  (alloca           ) [ 001111111111111111111111111111111111111]
mux_case_179126_loc                  (alloca           ) [ 001111111111111111111111111111111111111]
mux_case_281136_loc                  (alloca           ) [ 001111111111111111111111111111111111111]
p_loc57                              (alloca           ) [ 001111111111111111111111111111111111111]
p_loc56                              (alloca           ) [ 001111111111111111111111111111111111111]
p_loc55                              (alloca           ) [ 001111111111111111111111111111111111111]
p_loc54                              (alloca           ) [ 001111111111111111111111111111111111111]
p_loc53                              (alloca           ) [ 001111111111111111111111111111111111111]
p_loc52                              (alloca           ) [ 001111111111111111111111111111111111111]
p_loc51                              (alloca           ) [ 001111111111111111111111111111111111111]
p_loc50                              (alloca           ) [ 001111111111111111111111111111111111111]
p_loc49                              (alloca           ) [ 001111111111111111111111111111111111111]
p_loc39                              (alloca           ) [ 001111111111111111111111111111111111111]
p_loc38                              (alloca           ) [ 001111111111111111111111111111111111111]
p_loc37                              (alloca           ) [ 001111111111111111111111111111111111111]
p_loc36                              (alloca           ) [ 001111111111111111111111111111111111111]
p_loc35                              (alloca           ) [ 001111111111111111111111111111111111111]
p_loc34                              (alloca           ) [ 001111111111111111111111111111111111111]
p_loc33                              (alloca           ) [ 001111111111111111111111111111111111111]
p_loc32                              (alloca           ) [ 001111111111111111111111111111111111111]
p_loc                                (alloca           ) [ 001111111111111111111111111111111111111]
store_ln133                          (store            ) [ 000000000000000000000000000000000000000]
store_ln133                          (store            ) [ 000000000000000000000000000000000000000]
br_ln133                             (br               ) [ 000000000000000000000000000000000000000]
phi_mul_load                         (load             ) [ 000111111111111111111111111111111111111]
n_f_1                                (load             ) [ 000100000000000000000000000000000000000]
add_ln133_1                          (add              ) [ 000111111111111111111111111111111111111]
icmp_ln133                           (icmp             ) [ 001111111111111111111111111111111111111]
empty                                (speclooptripcount) [ 000000000000000000000000000000000000000]
add_ln133                            (add              ) [ 000111111111111111111111111111111111111]
br_ln133                             (br               ) [ 000000000000000000000000000000000000000]
kernel_i_1_1_promoted152_load        (load             ) [ 000100000000000000000000000000000000000]
kernel_i_1_0_promoted154_load        (load             ) [ 000100000000000000000000000000000000000]
kernel_i_1_2_promoted156_load        (load             ) [ 000100000000000000000000000000000000000]
kernel_i_0_1_promoted158_load        (load             ) [ 000100000000000000000000000000000000000]
kernel_i_0_0_promoted160_load        (load             ) [ 000100000000000000000000000000000000000]
kernel_i_0_2_promoted162_load        (load             ) [ 000100000000000000000000000000000000000]
kernel_i_2_1_promoted164_load        (load             ) [ 000100000000000000000000000000000000000]
kernel_i_2_0_promoted166_load        (load             ) [ 000100000000000000000000000000000000000]
kernel_i_2_2_promoted168_load        (load             ) [ 000100000000000000000000000000000000000]
or_ln                                (bitconcatenate   ) [ 000100000000000000000000000000000000000]
ret_ln30                             (ret              ) [ 000000000000000000000000000000000000000]
zext_ln133                           (zext             ) [ 000000000000000000000000000000000000000]
call_ln26                            (call             ) [ 000000000000000000000000000000000000000]
conv1_bias_addr                      (getelementptr    ) [ 000010000000000000000000000000000000000]
specloopname_ln133                   (specloopname     ) [ 000000000000000000000000000000000000000]
p_loc_load                           (load             ) [ 000001111111111111111111111111111111111]
p_loc32_load                         (load             ) [ 000001111111111111111111111111111111111]
p_loc33_load                         (load             ) [ 000001111111111111111111111111111111111]
p_loc34_load                         (load             ) [ 000001111111111111111111111111111111111]
p_loc35_load                         (load             ) [ 000001111111111111111111111111111111111]
p_loc36_load                         (load             ) [ 000001111111111111111111111111111111111]
p_loc37_load                         (load             ) [ 000001111111111111111111111111111111111]
p_loc38_load                         (load             ) [ 000001111111111111111111111111111111111]
p_loc39_load                         (load             ) [ 000001111111111111111111111111111111111]
prev_sum                             (load             ) [ 000001111111111111111111111111111111111]
br_ln139                             (br               ) [ 001111111111111111111111111111111111111]
indvar_flatten34                     (phi              ) [ 000001000000000000000000000000000000000]
oh                                   (phi              ) [ 000001000000000000000000000000000000000]
ow                                   (phi              ) [ 000001000000000000000000000000000000000]
icmp_ln139                           (icmp             ) [ 001111111111111111111111111111111111111]
add_ln139_1                          (add              ) [ 001111111111111111111111111111111111111]
br_ln139                             (br               ) [ 000000000000000000000000000000000000000]
add_ln139                            (add              ) [ 000000000000000000000000000000000000000]
icmp_ln141                           (icmp             ) [ 000000000000000000000000000000000000000]
select_ln139                         (select           ) [ 000000111111000000000000000000000000000]
select_ln139_1                       (select           ) [ 001111111111111111111111111111111111111]
zext_ln150                           (zext             ) [ 000000000000000000000000000000000000000]
add_ln150                            (add              ) [ 000000000000000000000000000000000000000]
zext_ln150_1                         (zext             ) [ 000000110000000000000000000000000000000]
store_ln133                          (store            ) [ 000000000000000000000000000000000000000]
store_ln133                          (store            ) [ 000000000000000000000000000000000000000]
store_ln133                          (store            ) [ 000000000000000000000000000000000000000]
store_ln133                          (store            ) [ 000000000000000000000000000000000000000]
store_ln133                          (store            ) [ 000000000000000000000000000000000000000]
store_ln133                          (store            ) [ 000000000000000000000000000000000000000]
store_ln133                          (store            ) [ 000000000000000000000000000000000000000]
store_ln133                          (store            ) [ 000000000000000000000000000000000000000]
store_ln133                          (store            ) [ 000000000000000000000000000000000000000]
store_ln133                          (store            ) [ 000000000000000000000000000000000000000]
store_ln133                          (store            ) [ 000000000000000000000000000000000000000]
br_ln133                             (br               ) [ 000000000000000000000000000000000000000]
mul_ln150                            (mul              ) [ 000000001000000000000000000000000000000]
zext_ln150_2                         (zext             ) [ 000000001000000000000000000000000000000]
specloopname_ln0                     (specloopname     ) [ 000000000000000000000000000000000000000]
empty_56                             (speclooptripcount) [ 000000000000000000000000000000000000000]
add_ln150_1                          (add              ) [ 000000000000000000000000000000000000000]
zext_ln150_3                         (zext             ) [ 000000000000000000000000000000000000000]
mem_2_addr                           (getelementptr    ) [ 000000000111111111111111111111111111111]
specloopname_ln40                    (specloopname     ) [ 000000000000000000000000000000000000000]
icmp_ln46                            (icmp             ) [ 001111111111111111111111111111111111111]
mux_case_090_load                    (load             ) [ 000000000101000000000000000000000000000]
mux_case_1100_load                   (load             ) [ 000000000101000000000000000000000000000]
mux_case_2110_load                   (load             ) [ 000000000101000000000000000000000000000]
mux_case_077120_load                 (load             ) [ 000000000101000000000000000000000000000]
mux_case_179130_load                 (load             ) [ 000000000101000000000000000000000000000]
mux_case_281140_load                 (load             ) [ 000000000101000000000000000000000000000]
window_i_1_1_promoted179211_load     (load             ) [ 000000000101000000000000000000000000000]
window_i_1_0_promoted181217_load     (load             ) [ 000000000101000000000000000000000000000]
window_i_1_2_promoted183223_load     (load             ) [ 000000000101000000000000000000000000000]
window_i_0_1_promoted185229_load     (load             ) [ 000000000101000000000000000000000000000]
window_i_0_0_promoted187235_load     (load             ) [ 000000000101000000000000000000000000000]
window_i_0_2_promoted189241_load     (load             ) [ 000000000101000000000000000000000000000]
window_i_2_1_promoted191247_load     (load             ) [ 000000000101000000000000000000000000000]
window_i_2_0_promoted193253_load     (load             ) [ 000000000101000000000000000000000000000]
window_i_2_2_promoted195259_load     (load             ) [ 000000000101000000000000000000000000000]
br_ln46                              (br               ) [ 000000000000000000000000000000000000000]
window1627_load                      (load             ) [ 000000000100000000000000000000000000000]
window_11733_load                    (load             ) [ 000000000100000000000000000000000000000]
window_21839_load                    (load             ) [ 000000000100000000000000000000000000000]
window_31945_load                    (load             ) [ 000000000100000000000000000000000000000]
window_42051_load                    (load             ) [ 000000000100000000000000000000000000000]
window_52157_load                    (load             ) [ 000000000100000000000000000000000000000]
window_62263_load                    (load             ) [ 000000000100000000000000000000000000000]
window_72369_load                    (load             ) [ 000000000100000000000000000000000000000]
window_82475_load                    (load             ) [ 000000000100000000000000000000000000000]
empty_55                             (add              ) [ 000000000100000000000000000000000000000]
call_ln139                           (call             ) [ 000000000000000000000000000000000000000]
window_82474_loc_load                (load             ) [ 000000000000000000000000000000000000000]
window_72368_loc_load                (load             ) [ 000000000000000000000000000000000000000]
window_62262_loc_load                (load             ) [ 000000000000000000000000000000000000000]
window_52156_loc_load                (load             ) [ 000000000000000000000000000000000000000]
window_42050_loc_load                (load             ) [ 000000000000000000000000000000000000000]
window_31944_loc_load                (load             ) [ 000000000000000000000000000000000000000]
window_21838_loc_load                (load             ) [ 000000000000000000000000000000000000000]
window_11732_loc_load                (load             ) [ 000000000000000000000000000000000000000]
window1626_loc_load                  (load             ) [ 000000000000000000000000000000000000000]
window_i_2_2_promoted195256_loc_load (load             ) [ 001111111111111111111111111111111111111]
window_i_2_0_promoted193250_loc_load (load             ) [ 001111111111111111111111111111111111111]
window_i_2_1_promoted191244_loc_load (load             ) [ 001111111111111111111111111111111111111]
window_i_0_2_promoted189238_loc_load (load             ) [ 001111111111111111111111111111111111111]
window_i_0_0_promoted187232_loc_load (load             ) [ 001111111111111111111111111111111111111]
window_i_0_1_promoted185226_loc_load (load             ) [ 001111111111111111111111111111111111111]
window_i_1_2_promoted183220_loc_load (load             ) [ 001111111111111111111111111111111111111]
window_i_1_0_promoted181214_loc_load (load             ) [ 001111111111111111111111111111111111111]
window_i_1_1_promoted179208_loc_load (load             ) [ 001111111111111111111111111111111111111]
mux_case_281_loc_load                (load             ) [ 001111111111111111111111111111111111111]
mux_case_179_loc_load                (load             ) [ 001111111111111111111111111111111111111]
mux_case_077_loc_load                (load             ) [ 001111111111111111111111111111111111111]
mux_case_2_loc_load                  (load             ) [ 001111111111111111111111111111111111111]
mux_case_1_loc_load                  (load             ) [ 001111111111111111111111111111111111111]
mux_case_0_loc_load                  (load             ) [ 001111111111111111111111111111111111111]
br_ln0                               (br               ) [ 001111111111111111111111111111111111111]
p_loc49_load                         (load             ) [ 001111111111111111111111111111111111111]
p_loc50_load                         (load             ) [ 001111111111111111111111111111111111111]
p_loc51_load                         (load             ) [ 001111111111111111111111111111111111111]
p_loc52_load                         (load             ) [ 001111111111111111111111111111111111111]
p_loc53_load                         (load             ) [ 001111111111111111111111111111111111111]
p_loc54_load                         (load             ) [ 001111111111111111111111111111111111111]
p_loc55_load                         (load             ) [ 001111111111111111111111111111111111111]
p_loc56_load                         (load             ) [ 001111111111111111111111111111111111111]
p_loc57_load                         (load             ) [ 001111111111111111111111111111111111111]
mux_case_281136_loc_load             (load             ) [ 001111111111111111111111111111111111111]
mux_case_179126_loc_load             (load             ) [ 001111111111111111111111111111111111111]
mux_case_077116_loc_load             (load             ) [ 001111111111111111111111111111111111111]
mux_case_2106_loc_load               (load             ) [ 001111111111111111111111111111111111111]
mux_case_196_loc_load                (load             ) [ 001111111111111111111111111111111111111]
mux_case_086_loc_load                (load             ) [ 001111111111111111111111111111111111111]
br_ln0                               (br               ) [ 001111111111111111111111111111111111111]
window_824                           (phi              ) [ 000000000000111111111111111111111111000]
window_723                           (phi              ) [ 000000000000111111111111111111111111000]
window_622                           (phi              ) [ 000000000000111111111111111111111111000]
window_521                           (phi              ) [ 000000000000111111111111111111111111000]
window_420                           (phi              ) [ 000000000000111111111111111111111111000]
window_319                           (phi              ) [ 000000000000111111111111111111111111000]
window_218                           (phi              ) [ 000000000000111111111111111111111111000]
window_117                           (phi              ) [ 000000000000111111111111111111111111000]
window16                             (phi              ) [ 000000000000111111111111111111111111000]
add_ln141                            (add              ) [ 001111000000111111111111111111111111111]
store_ln141                          (store            ) [ 000000000000000000000000000000000000000]
store_ln141                          (store            ) [ 000000000000000000000000000000000000000]
store_ln141                          (store            ) [ 000000000000000000000000000000000000000]
store_ln141                          (store            ) [ 000000000000000000000000000000000000000]
store_ln141                          (store            ) [ 000000000000000000000000000000000000000]
store_ln141                          (store            ) [ 000000000000000000000000000000000000000]
store_ln141                          (store            ) [ 000000000000000000000000000000000000000]
store_ln141                          (store            ) [ 000000000000000000000000000000000000000]
store_ln141                          (store            ) [ 000000000000000000000000000000000000000]
call_ln139                           (call             ) [ 000000000000000000000000000000000000000]
window_i_2_2_promoted195254          (phi              ) [ 000000000000100000000000000000000000000]
window_i_2_0_promoted193248          (phi              ) [ 000000000000100000000000000000000000000]
window_i_2_1_promoted191242          (phi              ) [ 000000000000100000000000000000000000000]
window_i_0_2_promoted189236          (phi              ) [ 000000000000100000000000000000000000000]
window_i_0_0_promoted187230          (phi              ) [ 000000000000100000000000000000000000000]
window_i_0_1_promoted185224          (phi              ) [ 000000000000100000000000000000000000000]
window_i_1_2_promoted183218          (phi              ) [ 000000000000100000000000000000000000000]
window_i_1_0_promoted181212          (phi              ) [ 000000000000100000000000000000000000000]
window_i_1_1_promoted179206          (phi              ) [ 000000000000100000000000000000000000000]
mux_case_281133                      (phi              ) [ 000000000000100000000000000000000000000]
mux_case_179123                      (phi              ) [ 000000000000100000000000000000000000000]
mux_case_077113                      (phi              ) [ 000000000000100000000000000000000000000]
mux_case_2103                        (phi              ) [ 000000000000100000000000000000000000000]
mux_case_193                         (phi              ) [ 000000000000100000000000000000000000000]
mux_case_083                         (phi              ) [ 000000000000100000000000000000000000000]
store_ln141                          (store            ) [ 000000000000000000000000000000000000000]
store_ln141                          (store            ) [ 000000000000000000000000000000000000000]
store_ln141                          (store            ) [ 000000000000000000000000000000000000000]
store_ln141                          (store            ) [ 000000000000000000000000000000000000000]
store_ln141                          (store            ) [ 000000000000000000000000000000000000000]
store_ln141                          (store            ) [ 000000000000000000000000000000000000000]
store_ln141                          (store            ) [ 000000000000000000000000000000000000000]
store_ln141                          (store            ) [ 000000000000000000000000000000000000000]
store_ln141                          (store            ) [ 000000000000000000000000000000000000000]
store_ln141                          (store            ) [ 000000000000000000000000000000000000000]
store_ln141                          (store            ) [ 000000000000000000000000000000000000000]
store_ln141                          (store            ) [ 000000000000000000000000000000000000000]
store_ln141                          (store            ) [ 000000000000000000000000000000000000000]
store_ln141                          (store            ) [ 000000000000000000000000000000000000000]
store_ln141                          (store            ) [ 000000000000000000000000000000000000000]
sum                                  (call             ) [ 000000000000000000000000000000000000110]
bitcast_ln73                         (bitcast          ) [ 000000000000000000000000000000000000000]
tmp                                  (partselect       ) [ 000000000000000000000000000000000000000]
trunc_ln73                           (trunc            ) [ 000000000000000000000000000000000000000]
icmp_ln73                            (icmp             ) [ 000000000000000000000000000000000000000]
icmp_ln73_1                          (icmp             ) [ 000000000000000000000000000000000000000]
or_ln73                              (or               ) [ 000000000000000000000000000000000000000]
tmp_s                                (fcmp             ) [ 000000000000000000000000000000000000000]
and_ln73                             (and              ) [ 000000000000000000000000000000000000000]
select_ln73                          (select           ) [ 000000000000000000000000000000000000001]
store_ln150                          (store            ) [ 000000000000000000000000000000000000000]
br_ln141                             (br               ) [ 001111111111111111111111111111111111111]
</LifeTime>

<model>

<comp_list>
<comp id="0" class="1000" name="mem_1_0">
<pin_list>
<pin id="1" dir="1" index="0" bw="1" slack="0"/>
</pin_list>
<bind>
<StgValue><ssdm name="mem_1_0"/><MemPortTyVec>1 3 </MemPortTyVec>
</StgValue>
</bind>
</comp>

<comp id="2" class="1000" name="mem_2">
<pin_list>
<pin id="3" dir="1" index="0" bw="1" slack="0"/>
</pin_list>
<bind>
<StgValue><ssdm name="mem_2"/><MemPortTyVec>0 3 </MemPortTyVec>
</StgValue>
</bind>
</comp>

<comp id="4" class="1000" name="conv1_weight">
<pin_list>
<pin id="5" dir="1" index="0" bw="1" slack="0"/>
</pin_list>
<bind>
<StgValue><ssdm name="conv1_weight"/><MemPortTyVec>1 </MemPortTyVec>
</StgValue>
</bind>
</comp>

<comp id="6" class="1000" name="conv1_bias">
<pin_list>
<pin id="7" dir="1" index="0" bw="1" slack="0"/>
</pin_list>
<bind>
<StgValue><ssdm name="conv1_bias"/><MemPortTyVec>1 </MemPortTyVec>
</StgValue>
</bind>
</comp>

<comp id="8" class="1001" name="const_8">
<pin_list>
<pin id="9" dir="1" index="0" bw="1" slack="0"/>
</pin_list>
<bind>
<StgValue><ssdm name=""/></StgValue>
</bind>
</comp>

<comp id="10" class="1001" name="const_10">
<pin_list>
<pin id="11" dir="1" index="0" bw="1" slack="0"/>
</pin_list>
<bind>
<StgValue><ssdm name=""/></StgValue>
</bind>
</comp>

<comp id="12" class="1001" name="const_12">
<pin_list>
<pin id="13" dir="1" index="0" bw="1" slack="0"/>
</pin_list>
<bind>
<StgValue><ssdm name=""/></StgValue>
</bind>
</comp>

<comp id="14" class="1001" name="const_14">
<pin_list>
<pin id="15" dir="1" index="0" bw="1" slack="0"/>
</pin_list>
<bind>
<StgValue><ssdm name=""/></StgValue>
</bind>
</comp>

<comp id="16" class="1001" name="const_16">
<pin_list>
<pin id="17" dir="1" index="0" bw="1" slack="0"/>
</pin_list>
<bind>
<StgValue><ssdm name=""/></StgValue>
</bind>
</comp>

<comp id="18" class="1001" name="const_18">
<pin_list>
<pin id="19" dir="1" index="0" bw="1" slack="0"/>
</pin_list>
<bind>
<StgValue><ssdm name=""/></StgValue>
</bind>
</comp>

<comp id="20" class="1001" name="const_20">
<pin_list>
<pin id="21" dir="1" index="0" bw="1" slack="2147483647"/>
</pin_list>
<bind>
<StgValue><ssdm name="_ssdm_op_SpecLoopTripCount"/></StgValue>
</bind>
</comp>

<comp id="22" class="1001" name="const_22">
<pin_list>
<pin id="23" dir="1" index="0" bw="1" slack="2147483647"/>
</pin_list>
<bind>
<StgValue><ssdm name=""/></StgValue>
</bind>
</comp>

<comp id="24" class="1001" name="const_24">
<pin_list>
<pin id="25" dir="1" index="0" bw="1" slack="0"/>
</pin_list>
<bind>
<StgValue><ssdm name=""/></StgValue>
</bind>
</comp>

<comp id="26" class="1001" name="const_26">
<pin_list>
<pin id="27" dir="1" index="0" bw="1" slack="0"/>
</pin_list>
<bind>
<StgValue><ssdm name="_ssdm_op_BitConcatenate.i6.i3.i3"/></StgValue>
</bind>
</comp>

<comp id="28" class="1001" name="const_28">
<pin_list>
<pin id="29" dir="1" index="0" bw="1" slack="0"/>
</pin_list>
<bind>
<StgValue><ssdm name="conv1_Pipeline_Fil_load_r_Fil_load_c"/></StgValue>
</bind>
</comp>

<comp id="30" class="1001" name="const_30">
<pin_list>
<pin id="31" dir="1" index="0" bw="1" slack="0"/>
</pin_list>
<bind>
<StgValue><ssdm name=""/></StgValue>
</bind>
</comp>

<comp id="32" class="1001" name="const_32">
<pin_list>
<pin id="33" dir="1" index="0" bw="1" slack="2147483647"/>
</pin_list>
<bind>
<StgValue><ssdm name="_ssdm_op_SpecLoopName"/></StgValue>
</bind>
</comp>

<comp id="34" class="1001" name="const_34">
<pin_list>
<pin id="35" dir="1" index="0" bw="1" slack="2147483647"/>
</pin_list>
<bind>
<StgValue><ssdm name="empty_0"/></StgValue>
</bind>
</comp>

<comp id="36" class="1001" name="const_36">
<pin_list>
<pin id="37" dir="1" index="0" bw="1" slack="1"/>
</pin_list>
<bind>
<StgValue><ssdm name=""/></StgValue>
</bind>
</comp>

<comp id="38" class="1001" name="const_38">
<pin_list>
<pin id="39" dir="1" index="0" bw="1" slack="0"/>
</pin_list>
<bind>
<StgValue><ssdm name=""/></StgValue>
</bind>
</comp>

<comp id="40" class="1001" name="const_40">
<pin_list>
<pin id="41" dir="1" index="0" bw="1" slack="0"/>
</pin_list>
<bind>
<StgValue><ssdm name=""/></StgValue>
</bind>
</comp>

<comp id="42" class="1001" name="const_42">
<pin_list>
<pin id="43" dir="1" index="0" bw="1" slack="0"/>
</pin_list>
<bind>
<StgValue><ssdm name=""/></StgValue>
</bind>
</comp>

<comp id="44" class="1001" name="const_44">
<pin_list>
<pin id="45" dir="1" index="0" bw="1" slack="0"/>
</pin_list>
<bind>
<StgValue><ssdm name=""/></StgValue>
</bind>
</comp>

<comp id="46" class="1001" name="const_46">
<pin_list>
<pin id="47" dir="1" index="0" bw="1" slack="0"/>
</pin_list>
<bind>
<StgValue><ssdm name=""/></StgValue>
</bind>
</comp>

<comp id="48" class="1001" name="const_48">
<pin_list>
<pin id="49" dir="1" index="0" bw="1" slack="0"/>
</pin_list>
<bind>
<StgValue><ssdm name=""/></StgValue>
</bind>
</comp>

<comp id="50" class="1001" name="const_50">
<pin_list>
<pin id="51" dir="1" index="0" bw="1" slack="2147483647"/>
</pin_list>
<bind>
<StgValue><ssdm name="VS_HS_str"/></StgValue>
</bind>
</comp>

<comp id="52" class="1001" name="const_52">
<pin_list>
<pin id="53" dir="1" index="0" bw="1" slack="2147483647"/>
</pin_list>
<bind>
<StgValue><ssdm name=""/></StgValue>
</bind>
</comp>

<comp id="54" class="1001" name="const_54">
<pin_list>
<pin id="55" dir="1" index="0" bw="1" slack="2147483647"/>
</pin_list>
<bind>
<StgValue><ssdm name="empty"/></StgValue>
</bind>
</comp>

<comp id="56" class="1001" name="const_56">
<pin_list>
<pin id="57" dir="1" index="0" bw="1" slack="0"/>
</pin_list>
<bind>
<StgValue><ssdm name=""/></StgValue>
</bind>
</comp>

<comp id="58" class="1001" name="const_58">
<pin_list>
<pin id="59" dir="1" index="0" bw="1" slack="0"/>
</pin_list>
<bind>
<StgValue><ssdm name="conv1_Pipeline_loadWinShift"/></StgValue>
</bind>
</comp>

<comp id="60" class="1001" name="const_60">
<pin_list>
<pin id="61" dir="1" index="0" bw="1" slack="0"/>
</pin_list>
<bind>
<StgValue><ssdm name="conv1_Pipeline_loadWinFull_VITIS_LOOP_50_1"/></StgValue>
</bind>
</comp>

<comp id="62" class="1001" name="const_62">
<pin_list>
<pin id="63" dir="1" index="0" bw="1" slack="0"/>
</pin_list>
<bind>
<StgValue><ssdm name="conv2D<1>"/></StgValue>
</bind>
</comp>

<comp id="64" class="1001" name="const_64">
<pin_list>
<pin id="65" dir="1" index="0" bw="1" slack="0"/>
</pin_list>
<bind>
<StgValue><ssdm name=""/></StgValue>
</bind>
</comp>

<comp id="66" class="1001" name="const_66">
<pin_list>
<pin id="67" dir="1" index="0" bw="1" slack="0"/>
</pin_list>
<bind>
<StgValue><ssdm name="_ssdm_op_PartSelect.i8.i32.i32.i32"/></StgValue>
</bind>
</comp>

<comp id="68" class="1001" name="const_68">
<pin_list>
<pin id="69" dir="1" index="0" bw="1" slack="0"/>
</pin_list>
<bind>
<StgValue><ssdm name=""/></StgValue>
</bind>
</comp>

<comp id="70" class="1001" name="const_70">
<pin_list>
<pin id="71" dir="1" index="0" bw="1" slack="0"/>
</pin_list>
<bind>
<StgValue><ssdm name=""/></StgValue>
</bind>
</comp>

<comp id="72" class="1001" name="const_72">
<pin_list>
<pin id="73" dir="1" index="0" bw="1" slack="0"/>
</pin_list>
<bind>
<StgValue><ssdm name=""/></StgValue>
</bind>
</comp>

<comp id="74" class="1001" name="const_74">
<pin_list>
<pin id="75" dir="1" index="0" bw="1" slack="0"/>
</pin_list>
<bind>
<StgValue><ssdm name=""/></StgValue>
</bind>
</comp>

<comp id="76" class="1004" name="phi_mul_fu_76">
<pin_list>
<pin id="77" dir="0" index="0" bw="1" slack="0"/>
<pin id="78" dir="1" index="1" bw="7" slack="0"/>
</pin_list>
<bind>
<opcode="alloca(26) " fcode="alloca"/>
<opset="phi_mul/1 "/>
</bind>
</comp>

<comp id="80" class="1004" name="n_f_fu_80">
<pin_list>
<pin id="81" dir="0" index="0" bw="1" slack="0"/>
<pin id="82" dir="1" index="1" bw="3" slack="0"/>
</pin_list>
<bind>
<opcode="alloca(26) " fcode="alloca"/>
<opset="n_f/1 "/>
</bind>
</comp>

<comp id="84" class="1004" name="kernel_i_1_1_promoted152_fu_84">
<pin_list>
<pin id="85" dir="0" index="0" bw="1" slack="0"/>
<pin id="86" dir="1" index="1" bw="32" slack="1"/>
</pin_list>
<bind>
<opcode="alloca(26) " fcode="alloca"/>
<opset="kernel_i_1_1_promoted152/1 "/>
</bind>
</comp>

<comp id="88" class="1004" name="kernel_i_1_0_promoted154_fu_88">
<pin_list>
<pin id="89" dir="0" index="0" bw="1" slack="0"/>
<pin id="90" dir="1" index="1" bw="32" slack="1"/>
</pin_list>
<bind>
<opcode="alloca(26) " fcode="alloca"/>
<opset="kernel_i_1_0_promoted154/1 "/>
</bind>
</comp>

<comp id="92" class="1004" name="kernel_i_1_2_promoted156_fu_92">
<pin_list>
<pin id="93" dir="0" index="0" bw="1" slack="0"/>
<pin id="94" dir="1" index="1" bw="32" slack="1"/>
</pin_list>
<bind>
<opcode="alloca(26) " fcode="alloca"/>
<opset="kernel_i_1_2_promoted156/1 "/>
</bind>
</comp>

<comp id="96" class="1004" name="kernel_i_0_1_promoted158_fu_96">
<pin_list>
<pin id="97" dir="0" index="0" bw="1" slack="0"/>
<pin id="98" dir="1" index="1" bw="32" slack="1"/>
</pin_list>
<bind>
<opcode="alloca(26) " fcode="alloca"/>
<opset="kernel_i_0_1_promoted158/1 "/>
</bind>
</comp>

<comp id="100" class="1004" name="kernel_i_0_0_promoted160_fu_100">
<pin_list>
<pin id="101" dir="0" index="0" bw="1" slack="0"/>
<pin id="102" dir="1" index="1" bw="32" slack="1"/>
</pin_list>
<bind>
<opcode="alloca(26) " fcode="alloca"/>
<opset="kernel_i_0_0_promoted160/1 "/>
</bind>
</comp>

<comp id="104" class="1004" name="kernel_i_0_2_promoted162_fu_104">
<pin_list>
<pin id="105" dir="0" index="0" bw="1" slack="0"/>
<pin id="106" dir="1" index="1" bw="32" slack="1"/>
</pin_list>
<bind>
<opcode="alloca(26) " fcode="alloca"/>
<opset="kernel_i_0_2_promoted162/1 "/>
</bind>
</comp>

<comp id="108" class="1004" name="kernel_i_2_1_promoted164_fu_108">
<pin_list>
<pin id="109" dir="0" index="0" bw="1" slack="0"/>
<pin id="110" dir="1" index="1" bw="32" slack="1"/>
</pin_list>
<bind>
<opcode="alloca(26) " fcode="alloca"/>
<opset="kernel_i_2_1_promoted164/1 "/>
</bind>
</comp>

<comp id="112" class="1004" name="kernel_i_2_0_promoted166_fu_112">
<pin_list>
<pin id="113" dir="0" index="0" bw="1" slack="0"/>
<pin id="114" dir="1" index="1" bw="32" slack="1"/>
</pin_list>
<bind>
<opcode="alloca(26) " fcode="alloca"/>
<opset="kernel_i_2_0_promoted166/1 "/>
</bind>
</comp>

<comp id="116" class="1004" name="kernel_i_2_2_promoted168_fu_116">
<pin_list>
<pin id="117" dir="0" index="0" bw="1" slack="0"/>
<pin id="118" dir="1" index="1" bw="32" slack="1"/>
</pin_list>
<bind>
<opcode="alloca(26) " fcode="alloca"/>
<opset="kernel_i_2_2_promoted168/1 "/>
</bind>
</comp>

<comp id="120" class="1004" name="mux_case_090_fu_120">
<pin_list>
<pin id="121" dir="0" index="0" bw="1" slack="0"/>
<pin id="122" dir="1" index="1" bw="32" slack="7"/>
</pin_list>
<bind>
<opcode="alloca(26) " fcode="alloca"/>
<opset="mux_case_090/1 "/>
</bind>
</comp>

<comp id="124" class="1004" name="mux_case_1100_fu_124">
<pin_list>
<pin id="125" dir="0" index="0" bw="1" slack="0"/>
<pin id="126" dir="1" index="1" bw="32" slack="7"/>
</pin_list>
<bind>
<opcode="alloca(26) " fcode="alloca"/>
<opset="mux_case_1100/1 "/>
</bind>
</comp>

<comp id="128" class="1004" name="mux_case_2110_fu_128">
<pin_list>
<pin id="129" dir="0" index="0" bw="1" slack="0"/>
<pin id="130" dir="1" index="1" bw="32" slack="7"/>
</pin_list>
<bind>
<opcode="alloca(26) " fcode="alloca"/>
<opset="mux_case_2110/1 "/>
</bind>
</comp>

<comp id="132" class="1004" name="mux_case_077120_fu_132">
<pin_list>
<pin id="133" dir="0" index="0" bw="1" slack="0"/>
<pin id="134" dir="1" index="1" bw="32" slack="7"/>
</pin_list>
<bind>
<opcode="alloca(26) " fcode="alloca"/>
<opset="mux_case_077120/1 "/>
</bind>
</comp>

<comp id="136" class="1004" name="mux_case_179130_fu_136">
<pin_list>
<pin id="137" dir="0" index="0" bw="1" slack="0"/>
<pin id="138" dir="1" index="1" bw="32" slack="7"/>
</pin_list>
<bind>
<opcode="alloca(26) " fcode="alloca"/>
<opset="mux_case_179130/1 "/>
</bind>
</comp>

<comp id="140" class="1004" name="mux_case_281140_fu_140">
<pin_list>
<pin id="141" dir="0" index="0" bw="1" slack="0"/>
<pin id="142" dir="1" index="1" bw="32" slack="7"/>
</pin_list>
<bind>
<opcode="alloca(26) " fcode="alloca"/>
<opset="mux_case_281140/1 "/>
</bind>
</comp>

<comp id="144" class="1004" name="window_i_1_1_promoted179211_fu_144">
<pin_list>
<pin id="145" dir="0" index="0" bw="1" slack="0"/>
<pin id="146" dir="1" index="1" bw="32" slack="7"/>
</pin_list>
<bind>
<opcode="alloca(26) " fcode="alloca"/>
<opset="window_i_1_1_promoted179211/1 "/>
</bind>
</comp>

<comp id="148" class="1004" name="window_i_1_0_promoted181217_fu_148">
<pin_list>
<pin id="149" dir="0" index="0" bw="1" slack="0"/>
<pin id="150" dir="1" index="1" bw="32" slack="7"/>
</pin_list>
<bind>
<opcode="alloca(26) " fcode="alloca"/>
<opset="window_i_1_0_promoted181217/1 "/>
</bind>
</comp>

<comp id="152" class="1004" name="window_i_1_2_promoted183223_fu_152">
<pin_list>
<pin id="153" dir="0" index="0" bw="1" slack="0"/>
<pin id="154" dir="1" index="1" bw="32" slack="7"/>
</pin_list>
<bind>
<opcode="alloca(26) " fcode="alloca"/>
<opset="window_i_1_2_promoted183223/1 "/>
</bind>
</comp>

<comp id="156" class="1004" name="window_i_0_1_promoted185229_fu_156">
<pin_list>
<pin id="157" dir="0" index="0" bw="1" slack="0"/>
<pin id="158" dir="1" index="1" bw="32" slack="7"/>
</pin_list>
<bind>
<opcode="alloca(26) " fcode="alloca"/>
<opset="window_i_0_1_promoted185229/1 "/>
</bind>
</comp>

<comp id="160" class="1004" name="window_i_0_0_promoted187235_fu_160">
<pin_list>
<pin id="161" dir="0" index="0" bw="1" slack="0"/>
<pin id="162" dir="1" index="1" bw="32" slack="7"/>
</pin_list>
<bind>
<opcode="alloca(26) " fcode="alloca"/>
<opset="window_i_0_0_promoted187235/1 "/>
</bind>
</comp>

<comp id="164" class="1004" name="window_i_0_2_promoted189241_fu_164">
<pin_list>
<pin id="165" dir="0" index="0" bw="1" slack="0"/>
<pin id="166" dir="1" index="1" bw="32" slack="7"/>
</pin_list>
<bind>
<opcode="alloca(26) " fcode="alloca"/>
<opset="window_i_0_2_promoted189241/1 "/>
</bind>
</comp>

<comp id="168" class="1004" name="window_i_2_1_promoted191247_fu_168">
<pin_list>
<pin id="169" dir="0" index="0" bw="1" slack="0"/>
<pin id="170" dir="1" index="1" bw="32" slack="7"/>
</pin_list>
<bind>
<opcode="alloca(26) " fcode="alloca"/>
<opset="window_i_2_1_promoted191247/1 "/>
</bind>
</comp>

<comp id="172" class="1004" name="window_i_2_0_promoted193253_fu_172">
<pin_list>
<pin id="173" dir="0" index="0" bw="1" slack="0"/>
<pin id="174" dir="1" index="1" bw="32" slack="7"/>
</pin_list>
<bind>
<opcode="alloca(26) " fcode="alloca"/>
<opset="window_i_2_0_promoted193253/1 "/>
</bind>
</comp>

<comp id="176" class="1004" name="window_i_2_2_promoted195259_fu_176">
<pin_list>
<pin id="177" dir="0" index="0" bw="1" slack="0"/>
<pin id="178" dir="1" index="1" bw="32" slack="7"/>
</pin_list>
<bind>
<opcode="alloca(26) " fcode="alloca"/>
<opset="window_i_2_2_promoted195259/1 "/>
</bind>
</comp>

<comp id="180" class="1004" name="window1627_fu_180">
<pin_list>
<pin id="181" dir="0" index="0" bw="1" slack="0"/>
<pin id="182" dir="1" index="1" bw="32" slack="7"/>
</pin_list>
<bind>
<opcode="alloca(26) " fcode="alloca"/>
<opset="window1627/1 "/>
</bind>
</comp>

<comp id="184" class="1004" name="window_11733_fu_184">
<pin_list>
<pin id="185" dir="0" index="0" bw="1" slack="0"/>
<pin id="186" dir="1" index="1" bw="32" slack="7"/>
</pin_list>
<bind>
<opcode="alloca(26) " fcode="alloca"/>
<opset="window_11733/1 "/>
</bind>
</comp>

<comp id="188" class="1004" name="window_21839_fu_188">
<pin_list>
<pin id="189" dir="0" index="0" bw="1" slack="0"/>
<pin id="190" dir="1" index="1" bw="32" slack="7"/>
</pin_list>
<bind>
<opcode="alloca(26) " fcode="alloca"/>
<opset="window_21839/1 "/>
</bind>
</comp>

<comp id="192" class="1004" name="window_31945_fu_192">
<pin_list>
<pin id="193" dir="0" index="0" bw="1" slack="0"/>
<pin id="194" dir="1" index="1" bw="32" slack="7"/>
</pin_list>
<bind>
<opcode="alloca(26) " fcode="alloca"/>
<opset="window_31945/1 "/>
</bind>
</comp>

<comp id="196" class="1004" name="window_42051_fu_196">
<pin_list>
<pin id="197" dir="0" index="0" bw="1" slack="0"/>
<pin id="198" dir="1" index="1" bw="32" slack="7"/>
</pin_list>
<bind>
<opcode="alloca(26) " fcode="alloca"/>
<opset="window_42051/1 "/>
</bind>
</comp>

<comp id="200" class="1004" name="window_52157_fu_200">
<pin_list>
<pin id="201" dir="0" index="0" bw="1" slack="0"/>
<pin id="202" dir="1" index="1" bw="32" slack="7"/>
</pin_list>
<bind>
<opcode="alloca(26) " fcode="alloca"/>
<opset="window_52157/1 "/>
</bind>
</comp>

<comp id="204" class="1004" name="window_62263_fu_204">
<pin_list>
<pin id="205" dir="0" index="0" bw="1" slack="0"/>
<pin id="206" dir="1" index="1" bw="32" slack="7"/>
</pin_list>
<bind>
<opcode="alloca(26) " fcode="alloca"/>
<opset="window_62263/1 "/>
</bind>
</comp>

<comp id="208" class="1004" name="window_72369_fu_208">
<pin_list>
<pin id="209" dir="0" index="0" bw="1" slack="0"/>
<pin id="210" dir="1" index="1" bw="32" slack="7"/>
</pin_list>
<bind>
<opcode="alloca(26) " fcode="alloca"/>
<opset="window_72369/1 "/>
</bind>
</comp>

<comp id="212" class="1004" name="window_82475_fu_212">
<pin_list>
<pin id="213" dir="0" index="0" bw="1" slack="0"/>
<pin id="214" dir="1" index="1" bw="32" slack="7"/>
</pin_list>
<bind>
<opcode="alloca(26) " fcode="alloca"/>
<opset="window_82475/1 "/>
</bind>
</comp>

<comp id="216" class="1004" name="mux_case_0_loc_fu_216">
<pin_list>
<pin id="217" dir="0" index="0" bw="1" slack="0"/>
<pin id="218" dir="1" index="1" bw="32" slack="7"/>
</pin_list>
<bind>
<opcode="alloca(26) " fcode="alloca"/>
<opset="mux_case_0_loc/1 "/>
</bind>
</comp>

<comp id="220" class="1004" name="mux_case_1_loc_fu_220">
<pin_list>
<pin id="221" dir="0" index="0" bw="1" slack="0"/>
<pin id="222" dir="1" index="1" bw="32" slack="7"/>
</pin_list>
<bind>
<opcode="alloca(26) " fcode="alloca"/>
<opset="mux_case_1_loc/1 "/>
</bind>
</comp>

<comp id="224" class="1004" name="mux_case_2_loc_fu_224">
<pin_list>
<pin id="225" dir="0" index="0" bw="1" slack="0"/>
<pin id="226" dir="1" index="1" bw="32" slack="7"/>
</pin_list>
<bind>
<opcode="alloca(26) " fcode="alloca"/>
<opset="mux_case_2_loc/1 "/>
</bind>
</comp>

<comp id="228" class="1004" name="mux_case_077_loc_fu_228">
<pin_list>
<pin id="229" dir="0" index="0" bw="1" slack="0"/>
<pin id="230" dir="1" index="1" bw="32" slack="7"/>
</pin_list>
<bind>
<opcode="alloca(26) " fcode="alloca"/>
<opset="mux_case_077_loc/1 "/>
</bind>
</comp>

<comp id="232" class="1004" name="mux_case_179_loc_fu_232">
<pin_list>
<pin id="233" dir="0" index="0" bw="1" slack="0"/>
<pin id="234" dir="1" index="1" bw="32" slack="7"/>
</pin_list>
<bind>
<opcode="alloca(26) " fcode="alloca"/>
<opset="mux_case_179_loc/1 "/>
</bind>
</comp>

<comp id="236" class="1004" name="mux_case_281_loc_fu_236">
<pin_list>
<pin id="237" dir="0" index="0" bw="1" slack="0"/>
<pin id="238" dir="1" index="1" bw="32" slack="7"/>
</pin_list>
<bind>
<opcode="alloca(26) " fcode="alloca"/>
<opset="mux_case_281_loc/1 "/>
</bind>
</comp>

<comp id="240" class="1004" name="window_i_1_1_promoted179208_loc_fu_240">
<pin_list>
<pin id="241" dir="0" index="0" bw="1" slack="0"/>
<pin id="242" dir="1" index="1" bw="32" slack="7"/>
</pin_list>
<bind>
<opcode="alloca(26) " fcode="alloca"/>
<opset="window_i_1_1_promoted179208_loc/1 "/>
</bind>
</comp>

<comp id="244" class="1004" name="window_i_1_0_promoted181214_loc_fu_244">
<pin_list>
<pin id="245" dir="0" index="0" bw="1" slack="0"/>
<pin id="246" dir="1" index="1" bw="32" slack="7"/>
</pin_list>
<bind>
<opcode="alloca(26) " fcode="alloca"/>
<opset="window_i_1_0_promoted181214_loc/1 "/>
</bind>
</comp>

<comp id="248" class="1004" name="window_i_1_2_promoted183220_loc_fu_248">
<pin_list>
<pin id="249" dir="0" index="0" bw="1" slack="0"/>
<pin id="250" dir="1" index="1" bw="32" slack="7"/>
</pin_list>
<bind>
<opcode="alloca(26) " fcode="alloca"/>
<opset="window_i_1_2_promoted183220_loc/1 "/>
</bind>
</comp>

<comp id="252" class="1004" name="window_i_0_1_promoted185226_loc_fu_252">
<pin_list>
<pin id="253" dir="0" index="0" bw="1" slack="0"/>
<pin id="254" dir="1" index="1" bw="32" slack="7"/>
</pin_list>
<bind>
<opcode="alloca(26) " fcode="alloca"/>
<opset="window_i_0_1_promoted185226_loc/1 "/>
</bind>
</comp>

<comp id="256" class="1004" name="window_i_0_0_promoted187232_loc_fu_256">
<pin_list>
<pin id="257" dir="0" index="0" bw="1" slack="0"/>
<pin id="258" dir="1" index="1" bw="32" slack="7"/>
</pin_list>
<bind>
<opcode="alloca(26) " fcode="alloca"/>
<opset="window_i_0_0_promoted187232_loc/1 "/>
</bind>
</comp>

<comp id="260" class="1004" name="window_i_0_2_promoted189238_loc_fu_260">
<pin_list>
<pin id="261" dir="0" index="0" bw="1" slack="0"/>
<pin id="262" dir="1" index="1" bw="32" slack="7"/>
</pin_list>
<bind>
<opcode="alloca(26) " fcode="alloca"/>
<opset="window_i_0_2_promoted189238_loc/1 "/>
</bind>
</comp>

<comp id="264" class="1004" name="window_i_2_1_promoted191244_loc_fu_264">
<pin_list>
<pin id="265" dir="0" index="0" bw="1" slack="0"/>
<pin id="266" dir="1" index="1" bw="32" slack="7"/>
</pin_list>
<bind>
<opcode="alloca(26) " fcode="alloca"/>
<opset="window_i_2_1_promoted191244_loc/1 "/>
</bind>
</comp>

<comp id="268" class="1004" name="window_i_2_0_promoted193250_loc_fu_268">
<pin_list>
<pin id="269" dir="0" index="0" bw="1" slack="0"/>
<pin id="270" dir="1" index="1" bw="32" slack="7"/>
</pin_list>
<bind>
<opcode="alloca(26) " fcode="alloca"/>
<opset="window_i_2_0_promoted193250_loc/1 "/>
</bind>
</comp>

<comp id="272" class="1004" name="window_i_2_2_promoted195256_loc_fu_272">
<pin_list>
<pin id="273" dir="0" index="0" bw="1" slack="0"/>
<pin id="274" dir="1" index="1" bw="32" slack="7"/>
</pin_list>
<bind>
<opcode="alloca(26) " fcode="alloca"/>
<opset="window_i_2_2_promoted195256_loc/1 "/>
</bind>
</comp>

<comp id="276" class="1004" name="window1626_loc_fu_276">
<pin_list>
<pin id="277" dir="0" index="0" bw="1" slack="0"/>
<pin id="278" dir="1" index="1" bw="32" slack="7"/>
</pin_list>
<bind>
<opcode="alloca(26) " fcode="alloca"/>
<opset="window1626_loc/1 "/>
</bind>
</comp>

<comp id="280" class="1004" name="window_11732_loc_fu_280">
<pin_list>
<pin id="281" dir="0" index="0" bw="1" slack="0"/>
<pin id="282" dir="1" index="1" bw="32" slack="7"/>
</pin_list>
<bind>
<opcode="alloca(26) " fcode="alloca"/>
<opset="window_11732_loc/1 "/>
</bind>
</comp>

<comp id="284" class="1004" name="window_21838_loc_fu_284">
<pin_list>
<pin id="285" dir="0" index="0" bw="1" slack="0"/>
<pin id="286" dir="1" index="1" bw="32" slack="7"/>
</pin_list>
<bind>
<opcode="alloca(26) " fcode="alloca"/>
<opset="window_21838_loc/1 "/>
</bind>
</comp>

<comp id="288" class="1004" name="window_31944_loc_fu_288">
<pin_list>
<pin id="289" dir="0" index="0" bw="1" slack="0"/>
<pin id="290" dir="1" index="1" bw="32" slack="7"/>
</pin_list>
<bind>
<opcode="alloca(26) " fcode="alloca"/>
<opset="window_31944_loc/1 "/>
</bind>
</comp>

<comp id="292" class="1004" name="window_42050_loc_fu_292">
<pin_list>
<pin id="293" dir="0" index="0" bw="1" slack="0"/>
<pin id="294" dir="1" index="1" bw="32" slack="7"/>
</pin_list>
<bind>
<opcode="alloca(26) " fcode="alloca"/>
<opset="window_42050_loc/1 "/>
</bind>
</comp>

<comp id="296" class="1004" name="window_52156_loc_fu_296">
<pin_list>
<pin id="297" dir="0" index="0" bw="1" slack="0"/>
<pin id="298" dir="1" index="1" bw="32" slack="7"/>
</pin_list>
<bind>
<opcode="alloca(26) " fcode="alloca"/>
<opset="window_52156_loc/1 "/>
</bind>
</comp>

<comp id="300" class="1004" name="window_62262_loc_fu_300">
<pin_list>
<pin id="301" dir="0" index="0" bw="1" slack="0"/>
<pin id="302" dir="1" index="1" bw="32" slack="7"/>
</pin_list>
<bind>
<opcode="alloca(26) " fcode="alloca"/>
<opset="window_62262_loc/1 "/>
</bind>
</comp>

<comp id="304" class="1004" name="window_72368_loc_fu_304">
<pin_list>
<pin id="305" dir="0" index="0" bw="1" slack="0"/>
<pin id="306" dir="1" index="1" bw="32" slack="7"/>
</pin_list>
<bind>
<opcode="alloca(26) " fcode="alloca"/>
<opset="window_72368_loc/1 "/>
</bind>
</comp>

<comp id="308" class="1004" name="window_82474_loc_fu_308">
<pin_list>
<pin id="309" dir="0" index="0" bw="1" slack="0"/>
<pin id="310" dir="1" index="1" bw="32" slack="7"/>
</pin_list>
<bind>
<opcode="alloca(26) " fcode="alloca"/>
<opset="window_82474_loc/1 "/>
</bind>
</comp>

<comp id="312" class="1004" name="mux_case_086_loc_fu_312">
<pin_list>
<pin id="313" dir="0" index="0" bw="1" slack="0"/>
<pin id="314" dir="1" index="1" bw="32" slack="7"/>
</pin_list>
<bind>
<opcode="alloca(26) " fcode="alloca"/>
<opset="mux_case_086_loc/1 "/>
</bind>
</comp>

<comp id="316" class="1004" name="mux_case_196_loc_fu_316">
<pin_list>
<pin id="317" dir="0" index="0" bw="1" slack="0"/>
<pin id="318" dir="1" index="1" bw="32" slack="7"/>
</pin_list>
<bind>
<opcode="alloca(26) " fcode="alloca"/>
<opset="mux_case_196_loc/1 "/>
</bind>
</comp>

<comp id="320" class="1004" name="mux_case_2106_loc_fu_320">
<pin_list>
<pin id="321" dir="0" index="0" bw="1" slack="0"/>
<pin id="322" dir="1" index="1" bw="32" slack="7"/>
</pin_list>
<bind>
<opcode="alloca(26) " fcode="alloca"/>
<opset="mux_case_2106_loc/1 "/>
</bind>
</comp>

<comp id="324" class="1004" name="mux_case_077116_loc_fu_324">
<pin_list>
<pin id="325" dir="0" index="0" bw="1" slack="0"/>
<pin id="326" dir="1" index="1" bw="32" slack="7"/>
</pin_list>
<bind>
<opcode="alloca(26) " fcode="alloca"/>
<opset="mux_case_077116_loc/1 "/>
</bind>
</comp>

<comp id="328" class="1004" name="mux_case_179126_loc_fu_328">
<pin_list>
<pin id="329" dir="0" index="0" bw="1" slack="0"/>
<pin id="330" dir="1" index="1" bw="32" slack="7"/>
</pin_list>
<bind>
<opcode="alloca(26) " fcode="alloca"/>
<opset="mux_case_179126_loc/1 "/>
</bind>
</comp>

<comp id="332" class="1004" name="mux_case_281136_loc_fu_332">
<pin_list>
<pin id="333" dir="0" index="0" bw="1" slack="0"/>
<pin id="334" dir="1" index="1" bw="32" slack="7"/>
</pin_list>
<bind>
<opcode="alloca(26) " fcode="alloca"/>
<opset="mux_case_281136_loc/1 "/>
</bind>
</comp>

<comp id="336" class="1004" name="p_loc57_fu_336">
<pin_list>
<pin id="337" dir="0" index="0" bw="1" slack="0"/>
<pin id="338" dir="1" index="1" bw="32" slack="7"/>
</pin_list>
<bind>
<opcode="alloca(26) " fcode="alloca"/>
<opset="p_loc57/1 "/>
</bind>
</comp>

<comp id="340" class="1004" name="p_loc56_fu_340">
<pin_list>
<pin id="341" dir="0" index="0" bw="1" slack="0"/>
<pin id="342" dir="1" index="1" bw="32" slack="7"/>
</pin_list>
<bind>
<opcode="alloca(26) " fcode="alloca"/>
<opset="p_loc56/1 "/>
</bind>
</comp>

<comp id="344" class="1004" name="p_loc55_fu_344">
<pin_list>
<pin id="345" dir="0" index="0" bw="1" slack="0"/>
<pin id="346" dir="1" index="1" bw="32" slack="7"/>
</pin_list>
<bind>
<opcode="alloca(26) " fcode="alloca"/>
<opset="p_loc55/1 "/>
</bind>
</comp>

<comp id="348" class="1004" name="p_loc54_fu_348">
<pin_list>
<pin id="349" dir="0" index="0" bw="1" slack="0"/>
<pin id="350" dir="1" index="1" bw="32" slack="7"/>
</pin_list>
<bind>
<opcode="alloca(26) " fcode="alloca"/>
<opset="p_loc54/1 "/>
</bind>
</comp>

<comp id="352" class="1004" name="p_loc53_fu_352">
<pin_list>
<pin id="353" dir="0" index="0" bw="1" slack="0"/>
<pin id="354" dir="1" index="1" bw="32" slack="7"/>
</pin_list>
<bind>
<opcode="alloca(26) " fcode="alloca"/>
<opset="p_loc53/1 "/>
</bind>
</comp>

<comp id="356" class="1004" name="p_loc52_fu_356">
<pin_list>
<pin id="357" dir="0" index="0" bw="1" slack="0"/>
<pin id="358" dir="1" index="1" bw="32" slack="7"/>
</pin_list>
<bind>
<opcode="alloca(26) " fcode="alloca"/>
<opset="p_loc52/1 "/>
</bind>
</comp>

<comp id="360" class="1004" name="p_loc51_fu_360">
<pin_list>
<pin id="361" dir="0" index="0" bw="1" slack="0"/>
<pin id="362" dir="1" index="1" bw="32" slack="7"/>
</pin_list>
<bind>
<opcode="alloca(26) " fcode="alloca"/>
<opset="p_loc51/1 "/>
</bind>
</comp>

<comp id="364" class="1004" name="p_loc50_fu_364">
<pin_list>
<pin id="365" dir="0" index="0" bw="1" slack="0"/>
<pin id="366" dir="1" index="1" bw="32" slack="7"/>
</pin_list>
<bind>
<opcode="alloca(26) " fcode="alloca"/>
<opset="p_loc50/1 "/>
</bind>
</comp>

<comp id="368" class="1004" name="p_loc49_fu_368">
<pin_list>
<pin id="369" dir="0" index="0" bw="1" slack="0"/>
<pin id="370" dir="1" index="1" bw="32" slack="7"/>
</pin_list>
<bind>
<opcode="alloca(26) " fcode="alloca"/>
<opset="p_loc49/1 "/>
</bind>
</comp>

<comp id="372" class="1004" name="p_loc39_fu_372">
<pin_list>
<pin id="373" dir="0" index="0" bw="1" slack="0"/>
<pin id="374" dir="1" index="1" bw="32" slack="1"/>
</pin_list>
<bind>
<opcode="alloca(26) " fcode="alloca"/>
<opset="p_loc39/1 "/>
</bind>
</comp>

<comp id="376" class="1004" name="p_loc38_fu_376">
<pin_list>
<pin id="377" dir="0" index="0" bw="1" slack="0"/>
<pin id="378" dir="1" index="1" bw="32" slack="1"/>
</pin_list>
<bind>
<opcode="alloca(26) " fcode="alloca"/>
<opset="p_loc38/1 "/>
</bind>
</comp>

<comp id="380" class="1004" name="p_loc37_fu_380">
<pin_list>
<pin id="381" dir="0" index="0" bw="1" slack="0"/>
<pin id="382" dir="1" index="1" bw="32" slack="1"/>
</pin_list>
<bind>
<opcode="alloca(26) " fcode="alloca"/>
<opset="p_loc37/1 "/>
</bind>
</comp>

<comp id="384" class="1004" name="p_loc36_fu_384">
<pin_list>
<pin id="385" dir="0" index="0" bw="1" slack="0"/>
<pin id="386" dir="1" index="1" bw="32" slack="1"/>
</pin_list>
<bind>
<opcode="alloca(26) " fcode="alloca"/>
<opset="p_loc36/1 "/>
</bind>
</comp>

<comp id="388" class="1004" name="p_loc35_fu_388">
<pin_list>
<pin id="389" dir="0" index="0" bw="1" slack="0"/>
<pin id="390" dir="1" index="1" bw="32" slack="1"/>
</pin_list>
<bind>
<opcode="alloca(26) " fcode="alloca"/>
<opset="p_loc35/1 "/>
</bind>
</comp>

<comp id="392" class="1004" name="p_loc34_fu_392">
<pin_list>
<pin id="393" dir="0" index="0" bw="1" slack="0"/>
<pin id="394" dir="1" index="1" bw="32" slack="1"/>
</pin_list>
<bind>
<opcode="alloca(26) " fcode="alloca"/>
<opset="p_loc34/1 "/>
</bind>
</comp>

<comp id="396" class="1004" name="p_loc33_fu_396">
<pin_list>
<pin id="397" dir="0" index="0" bw="1" slack="0"/>
<pin id="398" dir="1" index="1" bw="32" slack="1"/>
</pin_list>
<bind>
<opcode="alloca(26) " fcode="alloca"/>
<opset="p_loc33/1 "/>
</bind>
</comp>

<comp id="400" class="1004" name="p_loc32_fu_400">
<pin_list>
<pin id="401" dir="0" index="0" bw="1" slack="0"/>
<pin id="402" dir="1" index="1" bw="32" slack="1"/>
</pin_list>
<bind>
<opcode="alloca(26) " fcode="alloca"/>
<opset="p_loc32/1 "/>
</bind>
</comp>

<comp id="404" class="1004" name="p_loc_fu_404">
<pin_list>
<pin id="405" dir="0" index="0" bw="1" slack="0"/>
<pin id="406" dir="1" index="1" bw="32" slack="1"/>
</pin_list>
<bind>
<opcode="alloca(26) " fcode="alloca"/>
<opset="p_loc/1 "/>
</bind>
</comp>

<comp id="408" class="1004" name="conv1_bias_addr_gep_fu_408">
<pin_list>
<pin id="409" dir="0" index="0" bw="32" slack="0"/>
<pin id="410" dir="0" index="1" bw="1" slack="0"/>
<pin id="411" dir="0" index="2" bw="3" slack="0"/>
<pin id="412" dir="1" index="3" bw="2" slack="0"/>
</pin_list>
<bind>
<opcode="getelementptr(29) " fcode="getelementptr"/>
<opset="conv1_bias_addr/3 "/>
</bind>
</comp>

<comp id="415" class="1004" name="grp_access_fu_415">
<pin_list>
<pin id="416" dir="0" index="0" bw="2" slack="0"/>
<pin id="417" dir="0" index="1" bw="32" slack="2147483647"/>
<pin id="418" dir="0" index="2" bw="0" slack="2147483647"/>
<pin id="419" dir="1" index="3" bw="32" slack="6"/>
</pin_list>
<bind>
<opcode="load(27) " fcode="load"/>
<opset="prev_sum/3 "/>
</bind>
</comp>

<comp id="421" class="1004" name="mem_2_addr_gep_fu_421">
<pin_list>
<pin id="422" dir="0" index="0" bw="32" slack="0"/>
<pin id="423" dir="0" index="1" bw="1" slack="0"/>
<pin id="424" dir="0" index="2" bw="12" slack="0"/>
<pin id="425" dir="1" index="3" bw="12" slack="29"/>
</pin_list>
<bind>
<opcode="getelementptr(29) " fcode="getelementptr"/>
<opset="mem_2_addr/8 "/>
</bind>
</comp>

<comp id="428" class="1004" name="store_ln150_access_fu_428">
<pin_list>
<pin id="429" dir="0" index="0" bw="12" slack="29"/>
<pin id="430" dir="0" index="1" bw="32" slack="1"/>
<pin id="431" dir="0" index="2" bw="0" slack="2147483647"/>
<pin id="432" dir="1" index="3" bw="32" slack="2147483647"/>
</pin_list>
<bind>
<opcode="store(28) " fcode="store"/>
<opset="store_ln150/38 "/>
</bind>
</comp>

<comp id="433" class="1005" name="indvar_flatten34_reg_433">
<pin_list>
<pin id="434" dir="0" index="0" bw="10" slack="1"/>
<pin id="435" dir="1" index="1" bw="10" slack="1"/>
</pin_list>
<bind>
<opset="indvar_flatten34 (phireg) "/>
</bind>
</comp>

<comp id="437" class="1004" name="indvar_flatten34_phi_fu_437">
<pin_list>
<pin id="438" dir="0" index="0" bw="1" slack="1"/>
<pin id="439" dir="0" index="1" bw="0" slack="2147483647"/>
<pin id="440" dir="0" index="2" bw="10" slack="0"/>
<pin id="441" dir="0" index="3" bw="0" slack="2147483647"/>
<pin id="442" dir="1" index="4" bw="10" slack="0"/>
</pin_list>
<bind>
<opcode="phi(47) " fcode="phi"/>
<opset="indvar_flatten34/5 "/>
</bind>
</comp>

<comp id="444" class="1005" name="oh_reg_444">
<pin_list>
<pin id="445" dir="0" index="0" bw="5" slack="1"/>
<pin id="446" dir="1" index="1" bw="5" slack="1"/>
</pin_list>
<bind>
<opset="oh (phireg) "/>
</bind>
</comp>

<comp id="448" class="1004" name="oh_phi_fu_448">
<pin_list>
<pin id="449" dir="0" index="0" bw="1" slack="1"/>
<pin id="450" dir="0" index="1" bw="0" slack="2147483647"/>
<pin id="451" dir="0" index="2" bw="5" slack="0"/>
<pin id="452" dir="0" index="3" bw="0" slack="2147483647"/>
<pin id="453" dir="1" index="4" bw="5" slack="0"/>
</pin_list>
<bind>
<opcode="phi(47) " fcode="phi"/>
<opset="oh/5 "/>
</bind>
</comp>

<comp id="455" class="1005" name="ow_reg_455">
<pin_list>
<pin id="456" dir="0" index="0" bw="5" slack="1"/>
<pin id="457" dir="1" index="1" bw="5" slack="1"/>
</pin_list>
<bind>
<opset="ow (phireg) "/>
</bind>
</comp>

<comp id="459" class="1004" name="ow_phi_fu_459">
<pin_list>
<pin id="460" dir="0" index="0" bw="1" slack="1"/>
<pin id="461" dir="0" index="1" bw="0" slack="2147483647"/>
<pin id="462" dir="0" index="2" bw="5" slack="1"/>
<pin id="463" dir="0" index="3" bw="0" slack="2147483647"/>
<pin id="464" dir="1" index="4" bw="5" slack="0"/>
</pin_list>
<bind>
<opcode="phi(47) " fcode="phi"/>
<opset="ow/5 "/>
</bind>
</comp>

<comp id="466" class="1005" name="window_824_reg_466">
<pin_list>
<pin id="467" dir="0" index="0" bw="32" slack="1"/>
<pin id="468" dir="1" index="1" bw="32" slack="2147483647"/>
</pin_list>
<bind>
<opset="window_824 (phireg) "/>
</bind>
</comp>

<comp id="469" class="1004" name="window_824_phi_fu_469">
<pin_list>
<pin id="470" dir="0" index="0" bw="32" slack="0"/>
<pin id="471" dir="0" index="1" bw="0" slack="2147483647"/>
<pin id="472" dir="0" index="2" bw="32" slack="0"/>
<pin id="473" dir="0" index="3" bw="0" slack="2147483647"/>
<pin id="474" dir="1" index="4" bw="32" slack="0"/>
</pin_list>
<bind>
<opcode="phi(47) " fcode="phi"/>
<opset="window_824/10 "/>
</bind>
</comp>

<comp id="476" class="1005" name="window_723_reg_476">
<pin_list>
<pin id="477" dir="0" index="0" bw="32" slack="1"/>
<pin id="478" dir="1" index="1" bw="32" slack="2147483647"/>
</pin_list>
<bind>
<opset="window_723 (phireg) "/>
</bind>
</comp>

<comp id="479" class="1004" name="window_723_phi_fu_479">
<pin_list>
<pin id="480" dir="0" index="0" bw="32" slack="0"/>
<pin id="481" dir="0" index="1" bw="0" slack="2147483647"/>
<pin id="482" dir="0" index="2" bw="32" slack="0"/>
<pin id="483" dir="0" index="3" bw="0" slack="2147483647"/>
<pin id="484" dir="1" index="4" bw="32" slack="0"/>
</pin_list>
<bind>
<opcode="phi(47) " fcode="phi"/>
<opset="window_723/10 "/>
</bind>
</comp>

<comp id="486" class="1005" name="window_622_reg_486">
<pin_list>
<pin id="487" dir="0" index="0" bw="32" slack="1"/>
<pin id="488" dir="1" index="1" bw="32" slack="2147483647"/>
</pin_list>
<bind>
<opset="window_622 (phireg) "/>
</bind>
</comp>

<comp id="489" class="1004" name="window_622_phi_fu_489">
<pin_list>
<pin id="490" dir="0" index="0" bw="32" slack="0"/>
<pin id="491" dir="0" index="1" bw="0" slack="2147483647"/>
<pin id="492" dir="0" index="2" bw="32" slack="0"/>
<pin id="493" dir="0" index="3" bw="0" slack="2147483647"/>
<pin id="494" dir="1" index="4" bw="32" slack="0"/>
</pin_list>
<bind>
<opcode="phi(47) " fcode="phi"/>
<opset="window_622/10 "/>
</bind>
</comp>

<comp id="496" class="1005" name="window_521_reg_496">
<pin_list>
<pin id="497" dir="0" index="0" bw="32" slack="1"/>
<pin id="498" dir="1" index="1" bw="32" slack="2147483647"/>
</pin_list>
<bind>
<opset="window_521 (phireg) "/>
</bind>
</comp>

<comp id="499" class="1004" name="window_521_phi_fu_499">
<pin_list>
<pin id="500" dir="0" index="0" bw="32" slack="0"/>
<pin id="501" dir="0" index="1" bw="0" slack="2147483647"/>
<pin id="502" dir="0" index="2" bw="32" slack="0"/>
<pin id="503" dir="0" index="3" bw="0" slack="2147483647"/>
<pin id="504" dir="1" index="4" bw="32" slack="0"/>
</pin_list>
<bind>
<opcode="phi(47) " fcode="phi"/>
<opset="window_521/10 "/>
</bind>
</comp>

<comp id="506" class="1005" name="window_420_reg_506">
<pin_list>
<pin id="507" dir="0" index="0" bw="32" slack="1"/>
<pin id="508" dir="1" index="1" bw="32" slack="2147483647"/>
</pin_list>
<bind>
<opset="window_420 (phireg) "/>
</bind>
</comp>

<comp id="509" class="1004" name="window_420_phi_fu_509">
<pin_list>
<pin id="510" dir="0" index="0" bw="32" slack="0"/>
<pin id="511" dir="0" index="1" bw="0" slack="2147483647"/>
<pin id="512" dir="0" index="2" bw="32" slack="0"/>
<pin id="513" dir="0" index="3" bw="0" slack="2147483647"/>
<pin id="514" dir="1" index="4" bw="32" slack="0"/>
</pin_list>
<bind>
<opcode="phi(47) " fcode="phi"/>
<opset="window_420/10 "/>
</bind>
</comp>

<comp id="516" class="1005" name="window_319_reg_516">
<pin_list>
<pin id="517" dir="0" index="0" bw="32" slack="1"/>
<pin id="518" dir="1" index="1" bw="32" slack="2147483647"/>
</pin_list>
<bind>
<opset="window_319 (phireg) "/>
</bind>
</comp>

<comp id="519" class="1004" name="window_319_phi_fu_519">
<pin_list>
<pin id="520" dir="0" index="0" bw="32" slack="0"/>
<pin id="521" dir="0" index="1" bw="0" slack="2147483647"/>
<pin id="522" dir="0" index="2" bw="32" slack="0"/>
<pin id="523" dir="0" index="3" bw="0" slack="2147483647"/>
<pin id="524" dir="1" index="4" bw="32" slack="0"/>
</pin_list>
<bind>
<opcode="phi(47) " fcode="phi"/>
<opset="window_319/10 "/>
</bind>
</comp>

<comp id="526" class="1005" name="window_218_reg_526">
<pin_list>
<pin id="527" dir="0" index="0" bw="32" slack="1"/>
<pin id="528" dir="1" index="1" bw="32" slack="2147483647"/>
</pin_list>
<bind>
<opset="window_218 (phireg) "/>
</bind>
</comp>

<comp id="529" class="1004" name="window_218_phi_fu_529">
<pin_list>
<pin id="530" dir="0" index="0" bw="32" slack="0"/>
<pin id="531" dir="0" index="1" bw="0" slack="2147483647"/>
<pin id="532" dir="0" index="2" bw="32" slack="0"/>
<pin id="533" dir="0" index="3" bw="0" slack="2147483647"/>
<pin id="534" dir="1" index="4" bw="32" slack="0"/>
</pin_list>
<bind>
<opcode="phi(47) " fcode="phi"/>
<opset="window_218/10 "/>
</bind>
</comp>

<comp id="536" class="1005" name="window_117_reg_536">
<pin_list>
<pin id="537" dir="0" index="0" bw="32" slack="1"/>
<pin id="538" dir="1" index="1" bw="32" slack="2147483647"/>
</pin_list>
<bind>
<opset="window_117 (phireg) "/>
</bind>
</comp>

<comp id="539" class="1004" name="window_117_phi_fu_539">
<pin_list>
<pin id="540" dir="0" index="0" bw="32" slack="0"/>
<pin id="541" dir="0" index="1" bw="0" slack="2147483647"/>
<pin id="542" dir="0" index="2" bw="32" slack="0"/>
<pin id="543" dir="0" index="3" bw="0" slack="2147483647"/>
<pin id="544" dir="1" index="4" bw="32" slack="0"/>
</pin_list>
<bind>
<opcode="phi(47) " fcode="phi"/>
<opset="window_117/10 "/>
</bind>
</comp>

<comp id="546" class="1005" name="window16_reg_546">
<pin_list>
<pin id="547" dir="0" index="0" bw="32" slack="1"/>
<pin id="548" dir="1" index="1" bw="32" slack="2147483647"/>
</pin_list>
<bind>
<opset="window16 (phireg) "/>
</bind>
</comp>

<comp id="549" class="1004" name="window16_phi_fu_549">
<pin_list>
<pin id="550" dir="0" index="0" bw="32" slack="0"/>
<pin id="551" dir="0" index="1" bw="0" slack="2147483647"/>
<pin id="552" dir="0" index="2" bw="32" slack="0"/>
<pin id="553" dir="0" index="3" bw="0" slack="2147483647"/>
<pin id="554" dir="1" index="4" bw="32" slack="0"/>
</pin_list>
<bind>
<opcode="phi(47) " fcode="phi"/>
<opset="window16/10 "/>
</bind>
</comp>

<comp id="556" class="1005" name="window_i_2_2_promoted195254_reg_556">
<pin_list>
<pin id="557" dir="0" index="0" bw="32" slack="2147483647"/>
<pin id="558" dir="1" index="1" bw="32" slack="2147483647"/>
</pin_list>
<bind>
<opset="window_i_2_2_promoted195254 (phireg) "/>
</bind>
</comp>

<comp id="559" class="1004" name="window_i_2_2_promoted195254_phi_fu_559">
<pin_list>
<pin id="560" dir="0" index="0" bw="32" slack="2147483647"/>
<pin id="561" dir="0" index="1" bw="0" slack="2147483647"/>
<pin id="562" dir="0" index="2" bw="32" slack="2147483647"/>
<pin id="563" dir="0" index="3" bw="0" slack="2147483647"/>
<pin id="564" dir="1" index="4" bw="32" slack="0"/>
</pin_list>
<bind>
<opcode="phi(47) " fcode="phi"/>
<opset="window_i_2_2_promoted195254/12 "/>
</bind>
</comp>

<comp id="565" class="1005" name="window_i_2_0_promoted193248_reg_565">
<pin_list>
<pin id="566" dir="0" index="0" bw="32" slack="2147483647"/>
<pin id="567" dir="1" index="1" bw="32" slack="2147483647"/>
</pin_list>
<bind>
<opset="window_i_2_0_promoted193248 (phireg) "/>
</bind>
</comp>

<comp id="568" class="1004" name="window_i_2_0_promoted193248_phi_fu_568">
<pin_list>
<pin id="569" dir="0" index="0" bw="32" slack="2147483647"/>
<pin id="570" dir="0" index="1" bw="0" slack="2147483647"/>
<pin id="571" dir="0" index="2" bw="32" slack="2147483647"/>
<pin id="572" dir="0" index="3" bw="0" slack="2147483647"/>
<pin id="573" dir="1" index="4" bw="32" slack="0"/>
</pin_list>
<bind>
<opcode="phi(47) " fcode="phi"/>
<opset="window_i_2_0_promoted193248/12 "/>
</bind>
</comp>

<comp id="574" class="1005" name="window_i_2_1_promoted191242_reg_574">
<pin_list>
<pin id="575" dir="0" index="0" bw="32" slack="2147483647"/>
<pin id="576" dir="1" index="1" bw="32" slack="2147483647"/>
</pin_list>
<bind>
<opset="window_i_2_1_promoted191242 (phireg) "/>
</bind>
</comp>

<comp id="577" class="1004" name="window_i_2_1_promoted191242_phi_fu_577">
<pin_list>
<pin id="578" dir="0" index="0" bw="32" slack="2147483647"/>
<pin id="579" dir="0" index="1" bw="0" slack="2147483647"/>
<pin id="580" dir="0" index="2" bw="32" slack="2147483647"/>
<pin id="581" dir="0" index="3" bw="0" slack="2147483647"/>
<pin id="582" dir="1" index="4" bw="32" slack="0"/>
</pin_list>
<bind>
<opcode="phi(47) " fcode="phi"/>
<opset="window_i_2_1_promoted191242/12 "/>
</bind>
</comp>

<comp id="583" class="1005" name="window_i_0_2_promoted189236_reg_583">
<pin_list>
<pin id="584" dir="0" index="0" bw="32" slack="2147483647"/>
<pin id="585" dir="1" index="1" bw="32" slack="2147483647"/>
</pin_list>
<bind>
<opset="window_i_0_2_promoted189236 (phireg) "/>
</bind>
</comp>

<comp id="586" class="1004" name="window_i_0_2_promoted189236_phi_fu_586">
<pin_list>
<pin id="587" dir="0" index="0" bw="32" slack="2147483647"/>
<pin id="588" dir="0" index="1" bw="0" slack="2147483647"/>
<pin id="589" dir="0" index="2" bw="32" slack="2147483647"/>
<pin id="590" dir="0" index="3" bw="0" slack="2147483647"/>
<pin id="591" dir="1" index="4" bw="32" slack="0"/>
</pin_list>
<bind>
<opcode="phi(47) " fcode="phi"/>
<opset="window_i_0_2_promoted189236/12 "/>
</bind>
</comp>

<comp id="592" class="1005" name="window_i_0_0_promoted187230_reg_592">
<pin_list>
<pin id="593" dir="0" index="0" bw="32" slack="2147483647"/>
<pin id="594" dir="1" index="1" bw="32" slack="2147483647"/>
</pin_list>
<bind>
<opset="window_i_0_0_promoted187230 (phireg) "/>
</bind>
</comp>

<comp id="595" class="1004" name="window_i_0_0_promoted187230_phi_fu_595">
<pin_list>
<pin id="596" dir="0" index="0" bw="32" slack="2147483647"/>
<pin id="597" dir="0" index="1" bw="0" slack="2147483647"/>
<pin id="598" dir="0" index="2" bw="32" slack="2147483647"/>
<pin id="599" dir="0" index="3" bw="0" slack="2147483647"/>
<pin id="600" dir="1" index="4" bw="32" slack="0"/>
</pin_list>
<bind>
<opcode="phi(47) " fcode="phi"/>
<opset="window_i_0_0_promoted187230/12 "/>
</bind>
</comp>

<comp id="601" class="1005" name="window_i_0_1_promoted185224_reg_601">
<pin_list>
<pin id="602" dir="0" index="0" bw="32" slack="2147483647"/>
<pin id="603" dir="1" index="1" bw="32" slack="2147483647"/>
</pin_list>
<bind>
<opset="window_i_0_1_promoted185224 (phireg) "/>
</bind>
</comp>

<comp id="604" class="1004" name="window_i_0_1_promoted185224_phi_fu_604">
<pin_list>
<pin id="605" dir="0" index="0" bw="32" slack="2147483647"/>
<pin id="606" dir="0" index="1" bw="0" slack="2147483647"/>
<pin id="607" dir="0" index="2" bw="32" slack="2147483647"/>
<pin id="608" dir="0" index="3" bw="0" slack="2147483647"/>
<pin id="609" dir="1" index="4" bw="32" slack="0"/>
</pin_list>
<bind>
<opcode="phi(47) " fcode="phi"/>
<opset="window_i_0_1_promoted185224/12 "/>
</bind>
</comp>

<comp id="610" class="1005" name="window_i_1_2_promoted183218_reg_610">
<pin_list>
<pin id="611" dir="0" index="0" bw="32" slack="2147483647"/>
<pin id="612" dir="1" index="1" bw="32" slack="2147483647"/>
</pin_list>
<bind>
<opset="window_i_1_2_promoted183218 (phireg) "/>
</bind>
</comp>

<comp id="613" class="1004" name="window_i_1_2_promoted183218_phi_fu_613">
<pin_list>
<pin id="614" dir="0" index="0" bw="32" slack="2147483647"/>
<pin id="615" dir="0" index="1" bw="0" slack="2147483647"/>
<pin id="616" dir="0" index="2" bw="32" slack="2147483647"/>
<pin id="617" dir="0" index="3" bw="0" slack="2147483647"/>
<pin id="618" dir="1" index="4" bw="32" slack="0"/>
</pin_list>
<bind>
<opcode="phi(47) " fcode="phi"/>
<opset="window_i_1_2_promoted183218/12 "/>
</bind>
</comp>

<comp id="619" class="1005" name="window_i_1_0_promoted181212_reg_619">
<pin_list>
<pin id="620" dir="0" index="0" bw="32" slack="2147483647"/>
<pin id="621" dir="1" index="1" bw="32" slack="2147483647"/>
</pin_list>
<bind>
<opset="window_i_1_0_promoted181212 (phireg) "/>
</bind>
</comp>

<comp id="622" class="1004" name="window_i_1_0_promoted181212_phi_fu_622">
<pin_list>
<pin id="623" dir="0" index="0" bw="32" slack="2147483647"/>
<pin id="624" dir="0" index="1" bw="0" slack="2147483647"/>
<pin id="625" dir="0" index="2" bw="32" slack="2147483647"/>
<pin id="626" dir="0" index="3" bw="0" slack="2147483647"/>
<pin id="627" dir="1" index="4" bw="32" slack="0"/>
</pin_list>
<bind>
<opcode="phi(47) " fcode="phi"/>
<opset="window_i_1_0_promoted181212/12 "/>
</bind>
</comp>

<comp id="628" class="1005" name="window_i_1_1_promoted179206_reg_628">
<pin_list>
<pin id="629" dir="0" index="0" bw="32" slack="2147483647"/>
<pin id="630" dir="1" index="1" bw="32" slack="2147483647"/>
</pin_list>
<bind>
<opset="window_i_1_1_promoted179206 (phireg) "/>
</bind>
</comp>

<comp id="631" class="1004" name="window_i_1_1_promoted179206_phi_fu_631">
<pin_list>
<pin id="632" dir="0" index="0" bw="32" slack="2147483647"/>
<pin id="633" dir="0" index="1" bw="0" slack="2147483647"/>
<pin id="634" dir="0" index="2" bw="32" slack="2147483647"/>
<pin id="635" dir="0" index="3" bw="0" slack="2147483647"/>
<pin id="636" dir="1" index="4" bw="32" slack="0"/>
</pin_list>
<bind>
<opcode="phi(47) " fcode="phi"/>
<opset="window_i_1_1_promoted179206/12 "/>
</bind>
</comp>

<comp id="637" class="1005" name="mux_case_281133_reg_637">
<pin_list>
<pin id="638" dir="0" index="0" bw="32" slack="2147483647"/>
<pin id="639" dir="1" index="1" bw="32" slack="2147483647"/>
</pin_list>
<bind>
<opset="mux_case_281133 (phireg) "/>
</bind>
</comp>

<comp id="640" class="1004" name="mux_case_281133_phi_fu_640">
<pin_list>
<pin id="641" dir="0" index="0" bw="32" slack="2147483647"/>
<pin id="642" dir="0" index="1" bw="0" slack="2147483647"/>
<pin id="643" dir="0" index="2" bw="32" slack="2147483647"/>
<pin id="644" dir="0" index="3" bw="0" slack="2147483647"/>
<pin id="645" dir="1" index="4" bw="32" slack="0"/>
</pin_list>
<bind>
<opcode="phi(47) " fcode="phi"/>
<opset="mux_case_281133/12 "/>
</bind>
</comp>

<comp id="646" class="1005" name="mux_case_179123_reg_646">
<pin_list>
<pin id="647" dir="0" index="0" bw="32" slack="2147483647"/>
<pin id="648" dir="1" index="1" bw="32" slack="2147483647"/>
</pin_list>
<bind>
<opset="mux_case_179123 (phireg) "/>
</bind>
</comp>

<comp id="649" class="1004" name="mux_case_179123_phi_fu_649">
<pin_list>
<pin id="650" dir="0" index="0" bw="32" slack="2147483647"/>
<pin id="651" dir="0" index="1" bw="0" slack="2147483647"/>
<pin id="652" dir="0" index="2" bw="32" slack="2147483647"/>
<pin id="653" dir="0" index="3" bw="0" slack="2147483647"/>
<pin id="654" dir="1" index="4" bw="32" slack="0"/>
</pin_list>
<bind>
<opcode="phi(47) " fcode="phi"/>
<opset="mux_case_179123/12 "/>
</bind>
</comp>

<comp id="655" class="1005" name="mux_case_077113_reg_655">
<pin_list>
<pin id="656" dir="0" index="0" bw="32" slack="2147483647"/>
<pin id="657" dir="1" index="1" bw="32" slack="2147483647"/>
</pin_list>
<bind>
<opset="mux_case_077113 (phireg) "/>
</bind>
</comp>

<comp id="658" class="1004" name="mux_case_077113_phi_fu_658">
<pin_list>
<pin id="659" dir="0" index="0" bw="32" slack="2147483647"/>
<pin id="660" dir="0" index="1" bw="0" slack="2147483647"/>
<pin id="661" dir="0" index="2" bw="32" slack="2147483647"/>
<pin id="662" dir="0" index="3" bw="0" slack="2147483647"/>
<pin id="663" dir="1" index="4" bw="32" slack="0"/>
</pin_list>
<bind>
<opcode="phi(47) " fcode="phi"/>
<opset="mux_case_077113/12 "/>
</bind>
</comp>

<comp id="664" class="1005" name="mux_case_2103_reg_664">
<pin_list>
<pin id="665" dir="0" index="0" bw="32" slack="2147483647"/>
<pin id="666" dir="1" index="1" bw="32" slack="2147483647"/>
</pin_list>
<bind>
<opset="mux_case_2103 (phireg) "/>
</bind>
</comp>

<comp id="667" class="1004" name="mux_case_2103_phi_fu_667">
<pin_list>
<pin id="668" dir="0" index="0" bw="32" slack="2147483647"/>
<pin id="669" dir="0" index="1" bw="0" slack="2147483647"/>
<pin id="670" dir="0" index="2" bw="32" slack="2147483647"/>
<pin id="671" dir="0" index="3" bw="0" slack="2147483647"/>
<pin id="672" dir="1" index="4" bw="32" slack="0"/>
</pin_list>
<bind>
<opcode="phi(47) " fcode="phi"/>
<opset="mux_case_2103/12 "/>
</bind>
</comp>

<comp id="673" class="1005" name="mux_case_193_reg_673">
<pin_list>
<pin id="674" dir="0" index="0" bw="32" slack="2147483647"/>
<pin id="675" dir="1" index="1" bw="32" slack="2147483647"/>
</pin_list>
<bind>
<opset="mux_case_193 (phireg) "/>
</bind>
</comp>

<comp id="676" class="1004" name="mux_case_193_phi_fu_676">
<pin_list>
<pin id="677" dir="0" index="0" bw="32" slack="2147483647"/>
<pin id="678" dir="0" index="1" bw="0" slack="2147483647"/>
<pin id="679" dir="0" index="2" bw="32" slack="2147483647"/>
<pin id="680" dir="0" index="3" bw="0" slack="2147483647"/>
<pin id="681" dir="1" index="4" bw="32" slack="0"/>
</pin_list>
<bind>
<opcode="phi(47) " fcode="phi"/>
<opset="mux_case_193/12 "/>
</bind>
</comp>

<comp id="682" class="1005" name="mux_case_083_reg_682">
<pin_list>
<pin id="683" dir="0" index="0" bw="32" slack="2147483647"/>
<pin id="684" dir="1" index="1" bw="32" slack="2147483647"/>
</pin_list>
<bind>
<opset="mux_case_083 (phireg) "/>
</bind>
</comp>

<comp id="685" class="1004" name="mux_case_083_phi_fu_685">
<pin_list>
<pin id="686" dir="0" index="0" bw="32" slack="2147483647"/>
<pin id="687" dir="0" index="1" bw="0" slack="2147483647"/>
<pin id="688" dir="0" index="2" bw="32" slack="2147483647"/>
<pin id="689" dir="0" index="3" bw="0" slack="2147483647"/>
<pin id="690" dir="1" index="4" bw="32" slack="0"/>
</pin_list>
<bind>
<opcode="phi(47) " fcode="phi"/>
<opset="mux_case_083/12 "/>
</bind>
</comp>

<comp id="691" class="1004" name="grp_conv1_Pipeline_Fil_load_r_Fil_load_c_fu_691">
<pin_list>
<pin id="692" dir="0" index="0" bw="0" slack="0"/>
<pin id="693" dir="0" index="1" bw="32" slack="0"/>
<pin id="694" dir="0" index="2" bw="32" slack="0"/>
<pin id="695" dir="0" index="3" bw="32" slack="0"/>
<pin id="696" dir="0" index="4" bw="32" slack="0"/>
<pin id="697" dir="0" index="5" bw="32" slack="0"/>
<pin id="698" dir="0" index="6" bw="32" slack="0"/>
<pin id="699" dir="0" index="7" bw="32" slack="0"/>
<pin id="700" dir="0" index="8" bw="32" slack="0"/>
<pin id="701" dir="0" index="9" bw="32" slack="0"/>
<pin id="702" dir="0" index="10" bw="6" slack="0"/>
<pin id="703" dir="0" index="11" bw="32" slack="1"/>
<pin id="704" dir="0" index="12" bw="32" slack="1"/>
<pin id="705" dir="0" index="13" bw="32" slack="1"/>
<pin id="706" dir="0" index="14" bw="32" slack="1"/>
<pin id="707" dir="0" index="15" bw="32" slack="1"/>
<pin id="708" dir="0" index="16" bw="32" slack="1"/>
<pin id="709" dir="0" index="17" bw="32" slack="1"/>
<pin id="710" dir="0" index="18" bw="32" slack="1"/>
<pin id="711" dir="0" index="19" bw="32" slack="1"/>
<pin id="712" dir="0" index="20" bw="32" slack="0"/>
<pin id="713" dir="1" index="21" bw="0" slack="2147483647"/>
</pin_list>
<bind>
<opcode="call(48) " fcode="call"/>
<opset="call_ln26/2 "/>
</bind>
</comp>

<comp id="716" class="1004" name="grp_conv1_Pipeline_loadWinShift_fu_716">
<pin_list>
<pin id="717" dir="0" index="0" bw="0" slack="0"/>
<pin id="718" dir="0" index="1" bw="32" slack="0"/>
<pin id="719" dir="0" index="2" bw="32" slack="0"/>
<pin id="720" dir="0" index="3" bw="32" slack="0"/>
<pin id="721" dir="0" index="4" bw="32" slack="0"/>
<pin id="722" dir="0" index="5" bw="32" slack="0"/>
<pin id="723" dir="0" index="6" bw="32" slack="0"/>
<pin id="724" dir="0" index="7" bw="32" slack="0"/>
<pin id="725" dir="0" index="8" bw="32" slack="0"/>
<pin id="726" dir="0" index="9" bw="32" slack="0"/>
<pin id="727" dir="0" index="10" bw="32" slack="0"/>
<pin id="728" dir="0" index="11" bw="32" slack="0"/>
<pin id="729" dir="0" index="12" bw="32" slack="0"/>
<pin id="730" dir="0" index="13" bw="32" slack="0"/>
<pin id="731" dir="0" index="14" bw="32" slack="0"/>
<pin id="732" dir="0" index="15" bw="32" slack="0"/>
<pin id="733" dir="0" index="16" bw="32" slack="0"/>
<pin id="734" dir="0" index="17" bw="32" slack="0"/>
<pin id="735" dir="0" index="18" bw="32" slack="0"/>
<pin id="736" dir="0" index="19" bw="32" slack="0"/>
<pin id="737" dir="0" index="20" bw="32" slack="0"/>
<pin id="738" dir="0" index="21" bw="32" slack="0"/>
<pin id="739" dir="0" index="22" bw="32" slack="0"/>
<pin id="740" dir="0" index="23" bw="32" slack="0"/>
<pin id="741" dir="0" index="24" bw="32" slack="0"/>
<pin id="742" dir="0" index="25" bw="5" slack="3"/>
<pin id="743" dir="0" index="26" bw="5" slack="0"/>
<pin id="744" dir="0" index="27" bw="32" slack="0"/>
<pin id="745" dir="0" index="28" bw="32" slack="7"/>
<pin id="746" dir="0" index="29" bw="32" slack="7"/>
<pin id="747" dir="0" index="30" bw="32" slack="7"/>
<pin id="748" dir="0" index="31" bw="32" slack="7"/>
<pin id="749" dir="0" index="32" bw="32" slack="7"/>
<pin id="750" dir="0" index="33" bw="32" slack="7"/>
<pin id="751" dir="0" index="34" bw="32" slack="7"/>
<pin id="752" dir="0" index="35" bw="32" slack="7"/>
<pin id="753" dir="0" index="36" bw="32" slack="7"/>
<pin id="754" dir="0" index="37" bw="32" slack="7"/>
<pin id="755" dir="0" index="38" bw="32" slack="7"/>
<pin id="756" dir="0" index="39" bw="32" slack="7"/>
<pin id="757" dir="0" index="40" bw="32" slack="7"/>
<pin id="758" dir="0" index="41" bw="32" slack="7"/>
<pin id="759" dir="0" index="42" bw="32" slack="7"/>
<pin id="760" dir="0" index="43" bw="32" slack="7"/>
<pin id="761" dir="0" index="44" bw="32" slack="7"/>
<pin id="762" dir="0" index="45" bw="32" slack="7"/>
<pin id="763" dir="0" index="46" bw="32" slack="7"/>
<pin id="764" dir="0" index="47" bw="32" slack="7"/>
<pin id="765" dir="0" index="48" bw="32" slack="7"/>
<pin id="766" dir="0" index="49" bw="32" slack="7"/>
<pin id="767" dir="0" index="50" bw="32" slack="7"/>
<pin id="768" dir="0" index="51" bw="32" slack="7"/>
<pin id="769" dir="1" index="52" bw="0" slack="2147483647"/>
</pin_list>
<bind>
<opcode="call(48) " fcode="call"/>
<opset="call_ln139/8 "/>
</bind>
</comp>

<comp id="772" class="1004" name="grp_conv1_Pipeline_loadWinFull_VITIS_LOOP_50_1_fu_772">
<pin_list>
<pin id="773" dir="0" index="0" bw="0" slack="0"/>
<pin id="774" dir="0" index="1" bw="32" slack="0"/>
<pin id="775" dir="0" index="2" bw="32" slack="0"/>
<pin id="776" dir="0" index="3" bw="32" slack="0"/>
<pin id="777" dir="0" index="4" bw="32" slack="0"/>
<pin id="778" dir="0" index="5" bw="32" slack="0"/>
<pin id="779" dir="0" index="6" bw="32" slack="0"/>
<pin id="780" dir="0" index="7" bw="32" slack="0"/>
<pin id="781" dir="0" index="8" bw="32" slack="0"/>
<pin id="782" dir="0" index="9" bw="32" slack="0"/>
<pin id="783" dir="0" index="10" bw="32" slack="0"/>
<pin id="784" dir="0" index="11" bw="32" slack="0"/>
<pin id="785" dir="0" index="12" bw="32" slack="0"/>
<pin id="786" dir="0" index="13" bw="32" slack="0"/>
<pin id="787" dir="0" index="14" bw="32" slack="0"/>
<pin id="788" dir="0" index="15" bw="32" slack="0"/>
<pin id="789" dir="0" index="16" bw="5" slack="3"/>
<pin id="790" dir="0" index="17" bw="32" slack="0"/>
<pin id="791" dir="0" index="18" bw="32" slack="7"/>
<pin id="792" dir="0" index="19" bw="32" slack="7"/>
<pin id="793" dir="0" index="20" bw="32" slack="7"/>
<pin id="794" dir="0" index="21" bw="32" slack="7"/>
<pin id="795" dir="0" index="22" bw="32" slack="7"/>
<pin id="796" dir="0" index="23" bw="32" slack="7"/>
<pin id="797" dir="0" index="24" bw="32" slack="7"/>
<pin id="798" dir="0" index="25" bw="32" slack="7"/>
<pin id="799" dir="0" index="26" bw="32" slack="7"/>
<pin id="800" dir="0" index="27" bw="32" slack="7"/>
<pin id="801" dir="0" index="28" bw="32" slack="7"/>
<pin id="802" dir="0" index="29" bw="32" slack="7"/>
<pin id="803" dir="0" index="30" bw="32" slack="7"/>
<pin id="804" dir="0" index="31" bw="32" slack="7"/>
<pin id="805" dir="0" index="32" bw="32" slack="7"/>
<pin id="806" dir="1" index="33" bw="0" slack="2147483647"/>
</pin_list>
<bind>
<opcode="call(48) " fcode="call"/>
<opset="call_ln139/8 "/>
</bind>
</comp>

<comp id="809" class="1004" name="grp_conv2D_1_s_fu_809">
<pin_list>
<pin id="810" dir="0" index="0" bw="32" slack="0"/>
<pin id="811" dir="0" index="1" bw="32" slack="2147483647"/>
<pin id="812" dir="0" index="2" bw="32" slack="2147483647"/>
<pin id="813" dir="0" index="3" bw="32" slack="2147483647"/>
<pin id="814" dir="0" index="4" bw="32" slack="2147483647"/>
<pin id="815" dir="0" index="5" bw="32" slack="2147483647"/>
<pin id="816" dir="0" index="6" bw="32" slack="2147483647"/>
<pin id="817" dir="0" index="7" bw="32" slack="2147483647"/>
<pin id="818" dir="0" index="8" bw="32" slack="2147483647"/>
<pin id="819" dir="0" index="9" bw="32" slack="2147483647"/>
<pin id="820" dir="0" index="10" bw="32" slack="0"/>
<pin id="821" dir="0" index="11" bw="32" slack="0"/>
<pin id="822" dir="0" index="12" bw="32" slack="0"/>
<pin id="823" dir="0" index="13" bw="32" slack="0"/>
<pin id="824" dir="0" index="14" bw="32" slack="0"/>
<pin id="825" dir="0" index="15" bw="32" slack="0"/>
<pin id="826" dir="0" index="16" bw="32" slack="0"/>
<pin id="827" dir="0" index="17" bw="32" slack="0"/>
<pin id="828" dir="0" index="18" bw="32" slack="0"/>
<pin id="829" dir="0" index="19" bw="32" slack="6"/>
<pin id="830" dir="1" index="20" bw="32" slack="1"/>
</pin_list>
<bind>
<opcode="call(48) " fcode="call"/>
<opset="sum/10 "/>
</bind>
</comp>

<comp id="841" class="1004" name="grp_fu_841">
<pin_list>
<pin id="842" dir="0" index="0" bw="32" slack="1"/>
<pin id="843" dir="0" index="1" bw="32" slack="0"/>
<pin id="844" dir="1" index="2" bw="1" slack="0"/>
</pin_list>
<bind>
<opcode="fcmp(46) " fcode="fcmp"/>
<opset="tmp_s/36 "/>
</bind>
</comp>

<comp id="846" class="1004" name="store_ln133_store_fu_846">
<pin_list>
<pin id="847" dir="0" index="0" bw="1" slack="0"/>
<pin id="848" dir="0" index="1" bw="3" slack="0"/>
<pin id="849" dir="1" index="2" bw="0" slack="2147483647"/>
</pin_list>
<bind>
<opcode="store(28) " fcode="store"/>
<opset="store_ln133/1 "/>
</bind>
</comp>

<comp id="851" class="1004" name="store_ln133_store_fu_851">
<pin_list>
<pin id="852" dir="0" index="0" bw="1" slack="0"/>
<pin id="853" dir="0" index="1" bw="7" slack="0"/>
<pin id="854" dir="1" index="2" bw="0" slack="2147483647"/>
</pin_list>
<bind>
<opcode="store(28) " fcode="store"/>
<opset="store_ln133/1 "/>
</bind>
</comp>

<comp id="856" class="1004" name="phi_mul_load_load_fu_856">
<pin_list>
<pin id="857" dir="0" index="0" bw="7" slack="1"/>
<pin id="858" dir="1" index="1" bw="7" slack="0"/>
</pin_list>
<bind>
<opcode="load(27) " fcode="load"/>
<opset="phi_mul_load/2 "/>
</bind>
</comp>

<comp id="859" class="1004" name="n_f_1_load_fu_859">
<pin_list>
<pin id="860" dir="0" index="0" bw="3" slack="1"/>
<pin id="861" dir="1" index="1" bw="3" slack="0"/>
</pin_list>
<bind>
<opcode="load(27) " fcode="load"/>
<opset="n_f_1/2 "/>
</bind>
</comp>

<comp id="862" class="1004" name="add_ln133_1_fu_862">
<pin_list>
<pin id="863" dir="0" index="0" bw="7" slack="0"/>
<pin id="864" dir="0" index="1" bw="6" slack="0"/>
<pin id="865" dir="1" index="2" bw="7" slack="3"/>
</pin_list>
<bind>
<opcode="add(8) " fcode="add"/>
<opset="add_ln133_1/2 "/>
</bind>
</comp>

<comp id="868" class="1004" name="icmp_ln133_fu_868">
<pin_list>
<pin id="869" dir="0" index="0" bw="3" slack="0"/>
<pin id="870" dir="0" index="1" bw="3" slack="0"/>
<pin id="871" dir="1" index="2" bw="1" slack="2147483647"/>
</pin_list>
<bind>
<opcode="icmp(45) " fcode="icmp"/>
<opset="icmp_ln133/2 "/>
</bind>
</comp>

<comp id="874" class="1004" name="add_ln133_fu_874">
<pin_list>
<pin id="875" dir="0" index="0" bw="3" slack="0"/>
<pin id="876" dir="0" index="1" bw="1" slack="0"/>
<pin id="877" dir="1" index="2" bw="3" slack="3"/>
</pin_list>
<bind>
<opcode="add(8) " fcode="add"/>
<opset="add_ln133/2 "/>
</bind>
</comp>

<comp id="880" class="1004" name="kernel_i_1_1_promoted152_load_load_fu_880">
<pin_list>
<pin id="881" dir="0" index="0" bw="32" slack="1"/>
<pin id="882" dir="1" index="1" bw="32" slack="0"/>
</pin_list>
<bind>
<opcode="load(27) " fcode="load"/>
<opset="kernel_i_1_1_promoted152_load/2 "/>
</bind>
</comp>

<comp id="884" class="1004" name="kernel_i_1_0_promoted154_load_load_fu_884">
<pin_list>
<pin id="885" dir="0" index="0" bw="32" slack="1"/>
<pin id="886" dir="1" index="1" bw="32" slack="0"/>
</pin_list>
<bind>
<opcode="load(27) " fcode="load"/>
<opset="kernel_i_1_0_promoted154_load/2 "/>
</bind>
</comp>

<comp id="888" class="1004" name="kernel_i_1_2_promoted156_load_load_fu_888">
<pin_list>
<pin id="889" dir="0" index="0" bw="32" slack="1"/>
<pin id="890" dir="1" index="1" bw="32" slack="0"/>
</pin_list>
<bind>
<opcode="load(27) " fcode="load"/>
<opset="kernel_i_1_2_promoted156_load/2 "/>
</bind>
</comp>

<comp id="892" class="1004" name="kernel_i_0_1_promoted158_load_load_fu_892">
<pin_list>
<pin id="893" dir="0" index="0" bw="32" slack="1"/>
<pin id="894" dir="1" index="1" bw="32" slack="0"/>
</pin_list>
<bind>
<opcode="load(27) " fcode="load"/>
<opset="kernel_i_0_1_promoted158_load/2 "/>
</bind>
</comp>

<comp id="896" class="1004" name="kernel_i_0_0_promoted160_load_load_fu_896">
<pin_list>
<pin id="897" dir="0" index="0" bw="32" slack="1"/>
<pin id="898" dir="1" index="1" bw="32" slack="0"/>
</pin_list>
<bind>
<opcode="load(27) " fcode="load"/>
<opset="kernel_i_0_0_promoted160_load/2 "/>
</bind>
</comp>

<comp id="900" class="1004" name="kernel_i_0_2_promoted162_load_load_fu_900">
<pin_list>
<pin id="901" dir="0" index="0" bw="32" slack="1"/>
<pin id="902" dir="1" index="1" bw="32" slack="0"/>
</pin_list>
<bind>
<opcode="load(27) " fcode="load"/>
<opset="kernel_i_0_2_promoted162_load/2 "/>
</bind>
</comp>

<comp id="904" class="1004" name="kernel_i_2_1_promoted164_load_load_fu_904">
<pin_list>
<pin id="905" dir="0" index="0" bw="32" slack="1"/>
<pin id="906" dir="1" index="1" bw="32" slack="0"/>
</pin_list>
<bind>
<opcode="load(27) " fcode="load"/>
<opset="kernel_i_2_1_promoted164_load/2 "/>
</bind>
</comp>

<comp id="908" class="1004" name="kernel_i_2_0_promoted166_load_load_fu_908">
<pin_list>
<pin id="909" dir="0" index="0" bw="32" slack="1"/>
<pin id="910" dir="1" index="1" bw="32" slack="0"/>
</pin_list>
<bind>
<opcode="load(27) " fcode="load"/>
<opset="kernel_i_2_0_promoted166_load/2 "/>
</bind>
</comp>

<comp id="912" class="1004" name="kernel_i_2_2_promoted168_load_load_fu_912">
<pin_list>
<pin id="913" dir="0" index="0" bw="32" slack="1"/>
<pin id="914" dir="1" index="1" bw="32" slack="0"/>
</pin_list>
<bind>
<opcode="load(27) " fcode="load"/>
<opset="kernel_i_2_2_promoted168_load/2 "/>
</bind>
</comp>

<comp id="916" class="1004" name="or_ln_fu_916">
<pin_list>
<pin id="917" dir="0" index="0" bw="6" slack="0"/>
<pin id="918" dir="0" index="1" bw="3" slack="0"/>
<pin id="919" dir="0" index="2" bw="3" slack="0"/>
<pin id="920" dir="1" index="3" bw="6" slack="0"/>
</pin_list>
<bind>
<opcode="bitconcatenate(1004) " fcode="bitconcatenate"/>
<opset="or_ln/2 "/>
</bind>
</comp>

<comp id="925" class="1004" name="zext_ln133_fu_925">
<pin_list>
<pin id="926" dir="0" index="0" bw="3" slack="2147483647"/>
<pin id="927" dir="1" index="1" bw="64" slack="0"/>
</pin_list>
<bind>
<opcode="zext(34) " fcode="zext"/>
<opset="zext_ln133/3 "/>
</bind>
</comp>

<comp id="929" class="1004" name="p_loc_load_load_fu_929">
<pin_list>
<pin id="930" dir="0" index="0" bw="32" slack="3"/>
<pin id="931" dir="1" index="1" bw="32" slack="2147483647"/>
</pin_list>
<bind>
<opcode="load(27) " fcode="load"/>
<opset="p_loc_load/4 "/>
</bind>
</comp>

<comp id="932" class="1004" name="p_loc32_load_load_fu_932">
<pin_list>
<pin id="933" dir="0" index="0" bw="32" slack="3"/>
<pin id="934" dir="1" index="1" bw="32" slack="2147483647"/>
</pin_list>
<bind>
<opcode="load(27) " fcode="load"/>
<opset="p_loc32_load/4 "/>
</bind>
</comp>

<comp id="935" class="1004" name="p_loc33_load_load_fu_935">
<pin_list>
<pin id="936" dir="0" index="0" bw="32" slack="3"/>
<pin id="937" dir="1" index="1" bw="32" slack="2147483647"/>
</pin_list>
<bind>
<opcode="load(27) " fcode="load"/>
<opset="p_loc33_load/4 "/>
</bind>
</comp>

<comp id="938" class="1004" name="p_loc34_load_load_fu_938">
<pin_list>
<pin id="939" dir="0" index="0" bw="32" slack="3"/>
<pin id="940" dir="1" index="1" bw="32" slack="2147483647"/>
</pin_list>
<bind>
<opcode="load(27) " fcode="load"/>
<opset="p_loc34_load/4 "/>
</bind>
</comp>

<comp id="941" class="1004" name="p_loc35_load_load_fu_941">
<pin_list>
<pin id="942" dir="0" index="0" bw="32" slack="3"/>
<pin id="943" dir="1" index="1" bw="32" slack="2147483647"/>
</pin_list>
<bind>
<opcode="load(27) " fcode="load"/>
<opset="p_loc35_load/4 "/>
</bind>
</comp>

<comp id="944" class="1004" name="p_loc36_load_load_fu_944">
<pin_list>
<pin id="945" dir="0" index="0" bw="32" slack="3"/>
<pin id="946" dir="1" index="1" bw="32" slack="2147483647"/>
</pin_list>
<bind>
<opcode="load(27) " fcode="load"/>
<opset="p_loc36_load/4 "/>
</bind>
</comp>

<comp id="947" class="1004" name="p_loc37_load_load_fu_947">
<pin_list>
<pin id="948" dir="0" index="0" bw="32" slack="3"/>
<pin id="949" dir="1" index="1" bw="32" slack="2147483647"/>
</pin_list>
<bind>
<opcode="load(27) " fcode="load"/>
<opset="p_loc37_load/4 "/>
</bind>
</comp>

<comp id="950" class="1004" name="p_loc38_load_load_fu_950">
<pin_list>
<pin id="951" dir="0" index="0" bw="32" slack="3"/>
<pin id="952" dir="1" index="1" bw="32" slack="2147483647"/>
</pin_list>
<bind>
<opcode="load(27) " fcode="load"/>
<opset="p_loc38_load/4 "/>
</bind>
</comp>

<comp id="953" class="1004" name="p_loc39_load_load_fu_953">
<pin_list>
<pin id="954" dir="0" index="0" bw="32" slack="3"/>
<pin id="955" dir="1" index="1" bw="32" slack="2147483647"/>
</pin_list>
<bind>
<opcode="load(27) " fcode="load"/>
<opset="p_loc39_load/4 "/>
</bind>
</comp>

<comp id="956" class="1004" name="icmp_ln139_fu_956">
<pin_list>
<pin id="957" dir="0" index="0" bw="10" slack="0"/>
<pin id="958" dir="0" index="1" bw="10" slack="0"/>
<pin id="959" dir="1" index="2" bw="1" slack="2147483647"/>
</pin_list>
<bind>
<opcode="icmp(45) " fcode="icmp"/>
<opset="icmp_ln139/5 "/>
</bind>
</comp>

<comp id="962" class="1004" name="add_ln139_1_fu_962">
<pin_list>
<pin id="963" dir="0" index="0" bw="10" slack="0"/>
<pin id="964" dir="0" index="1" bw="1" slack="0"/>
<pin id="965" dir="1" index="2" bw="10" slack="0"/>
</pin_list>
<bind>
<opcode="add(8) " fcode="add"/>
<opset="add_ln139_1/5 "/>
</bind>
</comp>

<comp id="968" class="1004" name="add_ln139_fu_968">
<pin_list>
<pin id="969" dir="0" index="0" bw="5" slack="0"/>
<pin id="970" dir="0" index="1" bw="1" slack="0"/>
<pin id="971" dir="1" index="2" bw="5" slack="0"/>
</pin_list>
<bind>
<opcode="add(8) " fcode="add"/>
<opset="add_ln139/5 "/>
</bind>
</comp>

<comp id="974" class="1004" name="icmp_ln141_fu_974">
<pin_list>
<pin id="975" dir="0" index="0" bw="5" slack="0"/>
<pin id="976" dir="0" index="1" bw="4" slack="0"/>
<pin id="977" dir="1" index="2" bw="1" slack="0"/>
</pin_list>
<bind>
<opcode="icmp(45) " fcode="icmp"/>
<opset="icmp_ln141/5 "/>
</bind>
</comp>

<comp id="980" class="1004" name="select_ln139_fu_980">
<pin_list>
<pin id="981" dir="0" index="0" bw="1" slack="0"/>
<pin id="982" dir="0" index="1" bw="1" slack="0"/>
<pin id="983" dir="0" index="2" bw="5" slack="0"/>
<pin id="984" dir="1" index="3" bw="5" slack="2"/>
</pin_list>
<bind>
<opcode="select(49) " fcode="select"/>
<opset="select_ln139/5 "/>
</bind>
</comp>

<comp id="988" class="1004" name="select_ln139_1_fu_988">
<pin_list>
<pin id="989" dir="0" index="0" bw="1" slack="0"/>
<pin id="990" dir="0" index="1" bw="5" slack="0"/>
<pin id="991" dir="0" index="2" bw="5" slack="0"/>
<pin id="992" dir="1" index="3" bw="5" slack="0"/>
</pin_list>
<bind>
<opcode="select(49) " fcode="select"/>
<opset="select_ln139_1/5 "/>
</bind>
</comp>

<comp id="996" class="1004" name="zext_ln150_fu_996">
<pin_list>
<pin id="997" dir="0" index="0" bw="5" slack="0"/>
<pin id="998" dir="1" index="1" bw="7" slack="0"/>
</pin_list>
<bind>
<opcode="zext(34) " fcode="zext"/>
<opset="zext_ln150/5 "/>
</bind>
</comp>

<comp id="1000" class="1004" name="store_ln133_store_fu_1000">
<pin_list>
<pin id="1001" dir="0" index="0" bw="32" slack="2147483647"/>
<pin id="1002" dir="0" index="1" bw="32" slack="4"/>
<pin id="1003" dir="1" index="2" bw="0" slack="2147483647"/>
</pin_list>
<bind>
<opcode="store(28) " fcode="store"/>
<opset="store_ln133/5 "/>
</bind>
</comp>

<comp id="1004" class="1004" name="store_ln133_store_fu_1004">
<pin_list>
<pin id="1005" dir="0" index="0" bw="32" slack="2147483647"/>
<pin id="1006" dir="0" index="1" bw="32" slack="4"/>
<pin id="1007" dir="1" index="2" bw="0" slack="2147483647"/>
</pin_list>
<bind>
<opcode="store(28) " fcode="store"/>
<opset="store_ln133/5 "/>
</bind>
</comp>

<comp id="1008" class="1004" name="store_ln133_store_fu_1008">
<pin_list>
<pin id="1009" dir="0" index="0" bw="32" slack="2147483647"/>
<pin id="1010" dir="0" index="1" bw="32" slack="4"/>
<pin id="1011" dir="1" index="2" bw="0" slack="2147483647"/>
</pin_list>
<bind>
<opcode="store(28) " fcode="store"/>
<opset="store_ln133/5 "/>
</bind>
</comp>

<comp id="1012" class="1004" name="store_ln133_store_fu_1012">
<pin_list>
<pin id="1013" dir="0" index="0" bw="32" slack="2147483647"/>
<pin id="1014" dir="0" index="1" bw="32" slack="4"/>
<pin id="1015" dir="1" index="2" bw="0" slack="2147483647"/>
</pin_list>
<bind>
<opcode="store(28) " fcode="store"/>
<opset="store_ln133/5 "/>
</bind>
</comp>

<comp id="1016" class="1004" name="store_ln133_store_fu_1016">
<pin_list>
<pin id="1017" dir="0" index="0" bw="32" slack="2147483647"/>
<pin id="1018" dir="0" index="1" bw="32" slack="4"/>
<pin id="1019" dir="1" index="2" bw="0" slack="2147483647"/>
</pin_list>
<bind>
<opcode="store(28) " fcode="store"/>
<opset="store_ln133/5 "/>
</bind>
</comp>

<comp id="1020" class="1004" name="store_ln133_store_fu_1020">
<pin_list>
<pin id="1021" dir="0" index="0" bw="32" slack="2147483647"/>
<pin id="1022" dir="0" index="1" bw="32" slack="4"/>
<pin id="1023" dir="1" index="2" bw="0" slack="2147483647"/>
</pin_list>
<bind>
<opcode="store(28) " fcode="store"/>
<opset="store_ln133/5 "/>
</bind>
</comp>

<comp id="1024" class="1004" name="store_ln133_store_fu_1024">
<pin_list>
<pin id="1025" dir="0" index="0" bw="32" slack="2147483647"/>
<pin id="1026" dir="0" index="1" bw="32" slack="4"/>
<pin id="1027" dir="1" index="2" bw="0" slack="2147483647"/>
</pin_list>
<bind>
<opcode="store(28) " fcode="store"/>
<opset="store_ln133/5 "/>
</bind>
</comp>

<comp id="1028" class="1004" name="store_ln133_store_fu_1028">
<pin_list>
<pin id="1029" dir="0" index="0" bw="32" slack="2147483647"/>
<pin id="1030" dir="0" index="1" bw="32" slack="4"/>
<pin id="1031" dir="1" index="2" bw="0" slack="2147483647"/>
</pin_list>
<bind>
<opcode="store(28) " fcode="store"/>
<opset="store_ln133/5 "/>
</bind>
</comp>

<comp id="1032" class="1004" name="store_ln133_store_fu_1032">
<pin_list>
<pin id="1033" dir="0" index="0" bw="32" slack="2147483647"/>
<pin id="1034" dir="0" index="1" bw="32" slack="4"/>
<pin id="1035" dir="1" index="2" bw="0" slack="2147483647"/>
</pin_list>
<bind>
<opcode="store(28) " fcode="store"/>
<opset="store_ln133/5 "/>
</bind>
</comp>

<comp id="1036" class="1004" name="store_ln133_store_fu_1036">
<pin_list>
<pin id="1037" dir="0" index="0" bw="3" slack="3"/>
<pin id="1038" dir="0" index="1" bw="3" slack="4"/>
<pin id="1039" dir="1" index="2" bw="0" slack="2147483647"/>
</pin_list>
<bind>
<opcode="store(28) " fcode="store"/>
<opset="store_ln133/5 "/>
</bind>
</comp>

<comp id="1040" class="1004" name="store_ln133_store_fu_1040">
<pin_list>
<pin id="1041" dir="0" index="0" bw="7" slack="3"/>
<pin id="1042" dir="0" index="1" bw="7" slack="4"/>
<pin id="1043" dir="1" index="2" bw="0" slack="2147483647"/>
</pin_list>
<bind>
<opcode="store(28) " fcode="store"/>
<opset="store_ln133/5 "/>
</bind>
</comp>

<comp id="1044" class="1004" name="zext_ln150_2_fu_1044">
<pin_list>
<pin id="1045" dir="0" index="0" bw="5" slack="2"/>
<pin id="1046" dir="1" index="1" bw="12" slack="0"/>
</pin_list>
<bind>
<opcode="zext(34) " fcode="zext"/>
<opset="zext_ln150_2/7 "/>
</bind>
</comp>

<comp id="1047" class="1004" name="zext_ln150_3_fu_1047">
<pin_list>
<pin id="1048" dir="0" index="0" bw="12" slack="0"/>
<pin id="1049" dir="1" index="1" bw="64" slack="0"/>
</pin_list>
<bind>
<opcode="zext(34) " fcode="zext"/>
<opset="zext_ln150_3/8 "/>
</bind>
</comp>

<comp id="1051" class="1004" name="icmp_ln46_fu_1051">
<pin_list>
<pin id="1052" dir="0" index="0" bw="5" slack="3"/>
<pin id="1053" dir="0" index="1" bw="1" slack="0"/>
<pin id="1054" dir="1" index="2" bw="1" slack="2"/>
</pin_list>
<bind>
<opcode="icmp(45) " fcode="icmp"/>
<opset="icmp_ln46/8 "/>
</bind>
</comp>

<comp id="1056" class="1004" name="mux_case_090_load_load_fu_1056">
<pin_list>
<pin id="1057" dir="0" index="0" bw="32" slack="7"/>
<pin id="1058" dir="1" index="1" bw="32" slack="0"/>
</pin_list>
<bind>
<opcode="load(27) " fcode="load"/>
<opset="mux_case_090_load/8 "/>
</bind>
</comp>

<comp id="1061" class="1004" name="mux_case_1100_load_load_fu_1061">
<pin_list>
<pin id="1062" dir="0" index="0" bw="32" slack="7"/>
<pin id="1063" dir="1" index="1" bw="32" slack="0"/>
</pin_list>
<bind>
<opcode="load(27) " fcode="load"/>
<opset="mux_case_1100_load/8 "/>
</bind>
</comp>

<comp id="1066" class="1004" name="mux_case_2110_load_load_fu_1066">
<pin_list>
<pin id="1067" dir="0" index="0" bw="32" slack="7"/>
<pin id="1068" dir="1" index="1" bw="32" slack="0"/>
</pin_list>
<bind>
<opcode="load(27) " fcode="load"/>
<opset="mux_case_2110_load/8 "/>
</bind>
</comp>

<comp id="1071" class="1004" name="mux_case_077120_load_load_fu_1071">
<pin_list>
<pin id="1072" dir="0" index="0" bw="32" slack="7"/>
<pin id="1073" dir="1" index="1" bw="32" slack="0"/>
</pin_list>
<bind>
<opcode="load(27) " fcode="load"/>
<opset="mux_case_077120_load/8 "/>
</bind>
</comp>

<comp id="1076" class="1004" name="mux_case_179130_load_load_fu_1076">
<pin_list>
<pin id="1077" dir="0" index="0" bw="32" slack="7"/>
<pin id="1078" dir="1" index="1" bw="32" slack="0"/>
</pin_list>
<bind>
<opcode="load(27) " fcode="load"/>
<opset="mux_case_179130_load/8 "/>
</bind>
</comp>

<comp id="1081" class="1004" name="mux_case_281140_load_load_fu_1081">
<pin_list>
<pin id="1082" dir="0" index="0" bw="32" slack="7"/>
<pin id="1083" dir="1" index="1" bw="32" slack="0"/>
</pin_list>
<bind>
<opcode="load(27) " fcode="load"/>
<opset="mux_case_281140_load/8 "/>
</bind>
</comp>

<comp id="1086" class="1004" name="window_i_1_1_promoted179211_load_load_fu_1086">
<pin_list>
<pin id="1087" dir="0" index="0" bw="32" slack="7"/>
<pin id="1088" dir="1" index="1" bw="32" slack="0"/>
</pin_list>
<bind>
<opcode="load(27) " fcode="load"/>
<opset="window_i_1_1_promoted179211_load/8 "/>
</bind>
</comp>

<comp id="1091" class="1004" name="window_i_1_0_promoted181217_load_load_fu_1091">
<pin_list>
<pin id="1092" dir="0" index="0" bw="32" slack="7"/>
<pin id="1093" dir="1" index="1" bw="32" slack="0"/>
</pin_list>
<bind>
<opcode="load(27) " fcode="load"/>
<opset="window_i_1_0_promoted181217_load/8 "/>
</bind>
</comp>

<comp id="1096" class="1004" name="window_i_1_2_promoted183223_load_load_fu_1096">
<pin_list>
<pin id="1097" dir="0" index="0" bw="32" slack="7"/>
<pin id="1098" dir="1" index="1" bw="32" slack="0"/>
</pin_list>
<bind>
<opcode="load(27) " fcode="load"/>
<opset="window_i_1_2_promoted183223_load/8 "/>
</bind>
</comp>

<comp id="1101" class="1004" name="window_i_0_1_promoted185229_load_load_fu_1101">
<pin_list>
<pin id="1102" dir="0" index="0" bw="32" slack="7"/>
<pin id="1103" dir="1" index="1" bw="32" slack="0"/>
</pin_list>
<bind>
<opcode="load(27) " fcode="load"/>
<opset="window_i_0_1_promoted185229_load/8 "/>
</bind>
</comp>

<comp id="1106" class="1004" name="window_i_0_0_promoted187235_load_load_fu_1106">
<pin_list>
<pin id="1107" dir="0" index="0" bw="32" slack="7"/>
<pin id="1108" dir="1" index="1" bw="32" slack="0"/>
</pin_list>
<bind>
<opcode="load(27) " fcode="load"/>
<opset="window_i_0_0_promoted187235_load/8 "/>
</bind>
</comp>

<comp id="1111" class="1004" name="window_i_0_2_promoted189241_load_load_fu_1111">
<pin_list>
<pin id="1112" dir="0" index="0" bw="32" slack="7"/>
<pin id="1113" dir="1" index="1" bw="32" slack="0"/>
</pin_list>
<bind>
<opcode="load(27) " fcode="load"/>
<opset="window_i_0_2_promoted189241_load/8 "/>
</bind>
</comp>

<comp id="1116" class="1004" name="window_i_2_1_promoted191247_load_load_fu_1116">
<pin_list>
<pin id="1117" dir="0" index="0" bw="32" slack="7"/>
<pin id="1118" dir="1" index="1" bw="32" slack="0"/>
</pin_list>
<bind>
<opcode="load(27) " fcode="load"/>
<opset="window_i_2_1_promoted191247_load/8 "/>
</bind>
</comp>

<comp id="1121" class="1004" name="window_i_2_0_promoted193253_load_load_fu_1121">
<pin_list>
<pin id="1122" dir="0" index="0" bw="32" slack="7"/>
<pin id="1123" dir="1" index="1" bw="32" slack="0"/>
</pin_list>
<bind>
<opcode="load(27) " fcode="load"/>
<opset="window_i_2_0_promoted193253_load/8 "/>
</bind>
</comp>

<comp id="1126" class="1004" name="window_i_2_2_promoted195259_load_load_fu_1126">
<pin_list>
<pin id="1127" dir="0" index="0" bw="32" slack="7"/>
<pin id="1128" dir="1" index="1" bw="32" slack="0"/>
</pin_list>
<bind>
<opcode="load(27) " fcode="load"/>
<opset="window_i_2_2_promoted195259_load/8 "/>
</bind>
</comp>

<comp id="1131" class="1004" name="window1627_load_load_fu_1131">
<pin_list>
<pin id="1132" dir="0" index="0" bw="32" slack="7"/>
<pin id="1133" dir="1" index="1" bw="32" slack="0"/>
</pin_list>
<bind>
<opcode="load(27) " fcode="load"/>
<opset="window1627_load/8 "/>
</bind>
</comp>

<comp id="1135" class="1004" name="window_11733_load_load_fu_1135">
<pin_list>
<pin id="1136" dir="0" index="0" bw="32" slack="7"/>
<pin id="1137" dir="1" index="1" bw="32" slack="0"/>
</pin_list>
<bind>
<opcode="load(27) " fcode="load"/>
<opset="window_11733_load/8 "/>
</bind>
</comp>

<comp id="1139" class="1004" name="window_21839_load_load_fu_1139">
<pin_list>
<pin id="1140" dir="0" index="0" bw="32" slack="7"/>
<pin id="1141" dir="1" index="1" bw="32" slack="0"/>
</pin_list>
<bind>
<opcode="load(27) " fcode="load"/>
<opset="window_21839_load/8 "/>
</bind>
</comp>

<comp id="1143" class="1004" name="window_31945_load_load_fu_1143">
<pin_list>
<pin id="1144" dir="0" index="0" bw="32" slack="7"/>
<pin id="1145" dir="1" index="1" bw="32" slack="0"/>
</pin_list>
<bind>
<opcode="load(27) " fcode="load"/>
<opset="window_31945_load/8 "/>
</bind>
</comp>

<comp id="1147" class="1004" name="window_42051_load_load_fu_1147">
<pin_list>
<pin id="1148" dir="0" index="0" bw="32" slack="7"/>
<pin id="1149" dir="1" index="1" bw="32" slack="0"/>
</pin_list>
<bind>
<opcode="load(27) " fcode="load"/>
<opset="window_42051_load/8 "/>
</bind>
</comp>

<comp id="1151" class="1004" name="window_52157_load_load_fu_1151">
<pin_list>
<pin id="1152" dir="0" index="0" bw="32" slack="7"/>
<pin id="1153" dir="1" index="1" bw="32" slack="0"/>
</pin_list>
<bind>
<opcode="load(27) " fcode="load"/>
<opset="window_52157_load/8 "/>
</bind>
</comp>

<comp id="1155" class="1004" name="window_62263_load_load_fu_1155">
<pin_list>
<pin id="1156" dir="0" index="0" bw="32" slack="7"/>
<pin id="1157" dir="1" index="1" bw="32" slack="0"/>
</pin_list>
<bind>
<opcode="load(27) " fcode="load"/>
<opset="window_62263_load/8 "/>
</bind>
</comp>

<comp id="1159" class="1004" name="window_72369_load_load_fu_1159">
<pin_list>
<pin id="1160" dir="0" index="0" bw="32" slack="7"/>
<pin id="1161" dir="1" index="1" bw="32" slack="0"/>
</pin_list>
<bind>
<opcode="load(27) " fcode="load"/>
<opset="window_72369_load/8 "/>
</bind>
</comp>

<comp id="1163" class="1004" name="window_82475_load_load_fu_1163">
<pin_list>
<pin id="1164" dir="0" index="0" bw="32" slack="7"/>
<pin id="1165" dir="1" index="1" bw="32" slack="0"/>
</pin_list>
<bind>
<opcode="load(27) " fcode="load"/>
<opset="window_82475_load/8 "/>
</bind>
</comp>

<comp id="1167" class="1004" name="empty_55_fu_1167">
<pin_list>
<pin id="1168" dir="0" index="0" bw="5" slack="3"/>
<pin id="1169" dir="0" index="1" bw="3" slack="0"/>
<pin id="1170" dir="1" index="2" bw="5" slack="0"/>
</pin_list>
<bind>
<opcode="add(8) " fcode="add"/>
<opset="empty_55/8 "/>
</bind>
</comp>

<comp id="1173" class="1004" name="window_82474_loc_load_load_fu_1173">
<pin_list>
<pin id="1174" dir="0" index="0" bw="32" slack="9"/>
<pin id="1175" dir="1" index="1" bw="32" slack="0"/>
</pin_list>
<bind>
<opcode="load(27) " fcode="load"/>
<opset="window_82474_loc_load/10 "/>
</bind>
</comp>

<comp id="1177" class="1004" name="window_72368_loc_load_load_fu_1177">
<pin_list>
<pin id="1178" dir="0" index="0" bw="32" slack="9"/>
<pin id="1179" dir="1" index="1" bw="32" slack="0"/>
</pin_list>
<bind>
<opcode="load(27) " fcode="load"/>
<opset="window_72368_loc_load/10 "/>
</bind>
</comp>

<comp id="1181" class="1004" name="window_62262_loc_load_load_fu_1181">
<pin_list>
<pin id="1182" dir="0" index="0" bw="32" slack="9"/>
<pin id="1183" dir="1" index="1" bw="32" slack="0"/>
</pin_list>
<bind>
<opcode="load(27) " fcode="load"/>
<opset="window_62262_loc_load/10 "/>
</bind>
</comp>

<comp id="1185" class="1004" name="window_52156_loc_load_load_fu_1185">
<pin_list>
<pin id="1186" dir="0" index="0" bw="32" slack="9"/>
<pin id="1187" dir="1" index="1" bw="32" slack="0"/>
</pin_list>
<bind>
<opcode="load(27) " fcode="load"/>
<opset="window_52156_loc_load/10 "/>
</bind>
</comp>

<comp id="1189" class="1004" name="window_42050_loc_load_load_fu_1189">
<pin_list>
<pin id="1190" dir="0" index="0" bw="32" slack="9"/>
<pin id="1191" dir="1" index="1" bw="32" slack="0"/>
</pin_list>
<bind>
<opcode="load(27) " fcode="load"/>
<opset="window_42050_loc_load/10 "/>
</bind>
</comp>

<comp id="1193" class="1004" name="window_31944_loc_load_load_fu_1193">
<pin_list>
<pin id="1194" dir="0" index="0" bw="32" slack="9"/>
<pin id="1195" dir="1" index="1" bw="32" slack="0"/>
</pin_list>
<bind>
<opcode="load(27) " fcode="load"/>
<opset="window_31944_loc_load/10 "/>
</bind>
</comp>

<comp id="1197" class="1004" name="window_21838_loc_load_load_fu_1197">
<pin_list>
<pin id="1198" dir="0" index="0" bw="32" slack="9"/>
<pin id="1199" dir="1" index="1" bw="32" slack="0"/>
</pin_list>
<bind>
<opcode="load(27) " fcode="load"/>
<opset="window_21838_loc_load/10 "/>
</bind>
</comp>

<comp id="1201" class="1004" name="window_11732_loc_load_load_fu_1201">
<pin_list>
<pin id="1202" dir="0" index="0" bw="32" slack="9"/>
<pin id="1203" dir="1" index="1" bw="32" slack="0"/>
</pin_list>
<bind>
<opcode="load(27) " fcode="load"/>
<opset="window_11732_loc_load/10 "/>
</bind>
</comp>

<comp id="1205" class="1004" name="window1626_loc_load_load_fu_1205">
<pin_list>
<pin id="1206" dir="0" index="0" bw="32" slack="9"/>
<pin id="1207" dir="1" index="1" bw="32" slack="0"/>
</pin_list>
<bind>
<opcode="load(27) " fcode="load"/>
<opset="window1626_loc_load/10 "/>
</bind>
</comp>

<comp id="1209" class="1004" name="window_i_2_2_promoted195256_loc_load_load_fu_1209">
<pin_list>
<pin id="1210" dir="0" index="0" bw="32" slack="9"/>
<pin id="1211" dir="1" index="1" bw="32" slack="2147483647"/>
</pin_list>
<bind>
<opcode="load(27) " fcode="load"/>
<opset="window_i_2_2_promoted195256_loc_load/10 "/>
</bind>
</comp>

<comp id="1212" class="1004" name="window_i_2_0_promoted193250_loc_load_load_fu_1212">
<pin_list>
<pin id="1213" dir="0" index="0" bw="32" slack="9"/>
<pin id="1214" dir="1" index="1" bw="32" slack="2147483647"/>
</pin_list>
<bind>
<opcode="load(27) " fcode="load"/>
<opset="window_i_2_0_promoted193250_loc_load/10 "/>
</bind>
</comp>

<comp id="1215" class="1004" name="window_i_2_1_promoted191244_loc_load_load_fu_1215">
<pin_list>
<pin id="1216" dir="0" index="0" bw="32" slack="9"/>
<pin id="1217" dir="1" index="1" bw="32" slack="2147483647"/>
</pin_list>
<bind>
<opcode="load(27) " fcode="load"/>
<opset="window_i_2_1_promoted191244_loc_load/10 "/>
</bind>
</comp>

<comp id="1218" class="1004" name="window_i_0_2_promoted189238_loc_load_load_fu_1218">
<pin_list>
<pin id="1219" dir="0" index="0" bw="32" slack="9"/>
<pin id="1220" dir="1" index="1" bw="32" slack="2147483647"/>
</pin_list>
<bind>
<opcode="load(27) " fcode="load"/>
<opset="window_i_0_2_promoted189238_loc_load/10 "/>
</bind>
</comp>

<comp id="1221" class="1004" name="window_i_0_0_promoted187232_loc_load_load_fu_1221">
<pin_list>
<pin id="1222" dir="0" index="0" bw="32" slack="9"/>
<pin id="1223" dir="1" index="1" bw="32" slack="2147483647"/>
</pin_list>
<bind>
<opcode="load(27) " fcode="load"/>
<opset="window_i_0_0_promoted187232_loc_load/10 "/>
</bind>
</comp>

<comp id="1224" class="1004" name="window_i_0_1_promoted185226_loc_load_load_fu_1224">
<pin_list>
<pin id="1225" dir="0" index="0" bw="32" slack="9"/>
<pin id="1226" dir="1" index="1" bw="32" slack="2147483647"/>
</pin_list>
<bind>
<opcode="load(27) " fcode="load"/>
<opset="window_i_0_1_promoted185226_loc_load/10 "/>
</bind>
</comp>

<comp id="1227" class="1004" name="window_i_1_2_promoted183220_loc_load_load_fu_1227">
<pin_list>
<pin id="1228" dir="0" index="0" bw="32" slack="9"/>
<pin id="1229" dir="1" index="1" bw="32" slack="2147483647"/>
</pin_list>
<bind>
<opcode="load(27) " fcode="load"/>
<opset="window_i_1_2_promoted183220_loc_load/10 "/>
</bind>
</comp>

<comp id="1230" class="1004" name="window_i_1_0_promoted181214_loc_load_load_fu_1230">
<pin_list>
<pin id="1231" dir="0" index="0" bw="32" slack="9"/>
<pin id="1232" dir="1" index="1" bw="32" slack="2147483647"/>
</pin_list>
<bind>
<opcode="load(27) " fcode="load"/>
<opset="window_i_1_0_promoted181214_loc_load/10 "/>
</bind>
</comp>

<comp id="1233" class="1004" name="window_i_1_1_promoted179208_loc_load_load_fu_1233">
<pin_list>
<pin id="1234" dir="0" index="0" bw="32" slack="9"/>
<pin id="1235" dir="1" index="1" bw="32" slack="2147483647"/>
</pin_list>
<bind>
<opcode="load(27) " fcode="load"/>
<opset="window_i_1_1_promoted179208_loc_load/10 "/>
</bind>
</comp>

<comp id="1236" class="1004" name="mux_case_281_loc_load_load_fu_1236">
<pin_list>
<pin id="1237" dir="0" index="0" bw="32" slack="9"/>
<pin id="1238" dir="1" index="1" bw="32" slack="2147483647"/>
</pin_list>
<bind>
<opcode="load(27) " fcode="load"/>
<opset="mux_case_281_loc_load/10 "/>
</bind>
</comp>

<comp id="1239" class="1004" name="mux_case_179_loc_load_load_fu_1239">
<pin_list>
<pin id="1240" dir="0" index="0" bw="32" slack="9"/>
<pin id="1241" dir="1" index="1" bw="32" slack="2147483647"/>
</pin_list>
<bind>
<opcode="load(27) " fcode="load"/>
<opset="mux_case_179_loc_load/10 "/>
</bind>
</comp>

<comp id="1242" class="1004" name="mux_case_077_loc_load_load_fu_1242">
<pin_list>
<pin id="1243" dir="0" index="0" bw="32" slack="9"/>
<pin id="1244" dir="1" index="1" bw="32" slack="2147483647"/>
</pin_list>
<bind>
<opcode="load(27) " fcode="load"/>
<opset="mux_case_077_loc_load/10 "/>
</bind>
</comp>

<comp id="1245" class="1004" name="mux_case_2_loc_load_load_fu_1245">
<pin_list>
<pin id="1246" dir="0" index="0" bw="32" slack="9"/>
<pin id="1247" dir="1" index="1" bw="32" slack="2147483647"/>
</pin_list>
<bind>
<opcode="load(27) " fcode="load"/>
<opset="mux_case_2_loc_load/10 "/>
</bind>
</comp>

<comp id="1248" class="1004" name="mux_case_1_loc_load_load_fu_1248">
<pin_list>
<pin id="1249" dir="0" index="0" bw="32" slack="9"/>
<pin id="1250" dir="1" index="1" bw="32" slack="2147483647"/>
</pin_list>
<bind>
<opcode="load(27) " fcode="load"/>
<opset="mux_case_1_loc_load/10 "/>
</bind>
</comp>

<comp id="1251" class="1004" name="mux_case_0_loc_load_load_fu_1251">
<pin_list>
<pin id="1252" dir="0" index="0" bw="32" slack="9"/>
<pin id="1253" dir="1" index="1" bw="32" slack="2147483647"/>
</pin_list>
<bind>
<opcode="load(27) " fcode="load"/>
<opset="mux_case_0_loc_load/10 "/>
</bind>
</comp>

<comp id="1254" class="1004" name="p_loc49_load_load_fu_1254">
<pin_list>
<pin id="1255" dir="0" index="0" bw="32" slack="9"/>
<pin id="1256" dir="1" index="1" bw="32" slack="0"/>
</pin_list>
<bind>
<opcode="load(27) " fcode="load"/>
<opset="p_loc49_load/10 "/>
</bind>
</comp>

<comp id="1258" class="1004" name="p_loc50_load_load_fu_1258">
<pin_list>
<pin id="1259" dir="0" index="0" bw="32" slack="9"/>
<pin id="1260" dir="1" index="1" bw="32" slack="0"/>
</pin_list>
<bind>
<opcode="load(27) " fcode="load"/>
<opset="p_loc50_load/10 "/>
</bind>
</comp>

<comp id="1262" class="1004" name="p_loc51_load_load_fu_1262">
<pin_list>
<pin id="1263" dir="0" index="0" bw="32" slack="9"/>
<pin id="1264" dir="1" index="1" bw="32" slack="0"/>
</pin_list>
<bind>
<opcode="load(27) " fcode="load"/>
<opset="p_loc51_load/10 "/>
</bind>
</comp>

<comp id="1266" class="1004" name="p_loc52_load_load_fu_1266">
<pin_list>
<pin id="1267" dir="0" index="0" bw="32" slack="9"/>
<pin id="1268" dir="1" index="1" bw="32" slack="0"/>
</pin_list>
<bind>
<opcode="load(27) " fcode="load"/>
<opset="p_loc52_load/10 "/>
</bind>
</comp>

<comp id="1270" class="1004" name="p_loc53_load_load_fu_1270">
<pin_list>
<pin id="1271" dir="0" index="0" bw="32" slack="9"/>
<pin id="1272" dir="1" index="1" bw="32" slack="0"/>
</pin_list>
<bind>
<opcode="load(27) " fcode="load"/>
<opset="p_loc53_load/10 "/>
</bind>
</comp>

<comp id="1274" class="1004" name="p_loc54_load_load_fu_1274">
<pin_list>
<pin id="1275" dir="0" index="0" bw="32" slack="9"/>
<pin id="1276" dir="1" index="1" bw="32" slack="0"/>
</pin_list>
<bind>
<opcode="load(27) " fcode="load"/>
<opset="p_loc54_load/10 "/>
</bind>
</comp>

<comp id="1278" class="1004" name="p_loc55_load_load_fu_1278">
<pin_list>
<pin id="1279" dir="0" index="0" bw="32" slack="9"/>
<pin id="1280" dir="1" index="1" bw="32" slack="0"/>
</pin_list>
<bind>
<opcode="load(27) " fcode="load"/>
<opset="p_loc55_load/10 "/>
</bind>
</comp>

<comp id="1282" class="1004" name="p_loc56_load_load_fu_1282">
<pin_list>
<pin id="1283" dir="0" index="0" bw="32" slack="9"/>
<pin id="1284" dir="1" index="1" bw="32" slack="0"/>
</pin_list>
<bind>
<opcode="load(27) " fcode="load"/>
<opset="p_loc56_load/10 "/>
</bind>
</comp>

<comp id="1286" class="1004" name="p_loc57_load_load_fu_1286">
<pin_list>
<pin id="1287" dir="0" index="0" bw="32" slack="9"/>
<pin id="1288" dir="1" index="1" bw="32" slack="0"/>
</pin_list>
<bind>
<opcode="load(27) " fcode="load"/>
<opset="p_loc57_load/10 "/>
</bind>
</comp>

<comp id="1290" class="1004" name="mux_case_281136_loc_load_load_fu_1290">
<pin_list>
<pin id="1291" dir="0" index="0" bw="32" slack="9"/>
<pin id="1292" dir="1" index="1" bw="32" slack="2147483647"/>
</pin_list>
<bind>
<opcode="load(27) " fcode="load"/>
<opset="mux_case_281136_loc_load/10 "/>
</bind>
</comp>

<comp id="1293" class="1004" name="mux_case_179126_loc_load_load_fu_1293">
<pin_list>
<pin id="1294" dir="0" index="0" bw="32" slack="9"/>
<pin id="1295" dir="1" index="1" bw="32" slack="2147483647"/>
</pin_list>
<bind>
<opcode="load(27) " fcode="load"/>
<opset="mux_case_179126_loc_load/10 "/>
</bind>
</comp>

<comp id="1296" class="1004" name="mux_case_077116_loc_load_load_fu_1296">
<pin_list>
<pin id="1297" dir="0" index="0" bw="32" slack="9"/>
<pin id="1298" dir="1" index="1" bw="32" slack="2147483647"/>
</pin_list>
<bind>
<opcode="load(27) " fcode="load"/>
<opset="mux_case_077116_loc_load/10 "/>
</bind>
</comp>

<comp id="1299" class="1004" name="mux_case_2106_loc_load_load_fu_1299">
<pin_list>
<pin id="1300" dir="0" index="0" bw="32" slack="9"/>
<pin id="1301" dir="1" index="1" bw="32" slack="2147483647"/>
</pin_list>
<bind>
<opcode="load(27) " fcode="load"/>
<opset="mux_case_2106_loc_load/10 "/>
</bind>
</comp>

<comp id="1302" class="1004" name="mux_case_196_loc_load_load_fu_1302">
<pin_list>
<pin id="1303" dir="0" index="0" bw="32" slack="9"/>
<pin id="1304" dir="1" index="1" bw="32" slack="2147483647"/>
</pin_list>
<bind>
<opcode="load(27) " fcode="load"/>
<opset="mux_case_196_loc_load/10 "/>
</bind>
</comp>

<comp id="1305" class="1004" name="mux_case_086_loc_load_load_fu_1305">
<pin_list>
<pin id="1306" dir="0" index="0" bw="32" slack="9"/>
<pin id="1307" dir="1" index="1" bw="32" slack="2147483647"/>
</pin_list>
<bind>
<opcode="load(27) " fcode="load"/>
<opset="mux_case_086_loc_load/10 "/>
</bind>
</comp>

<comp id="1308" class="1004" name="add_ln141_fu_1308">
<pin_list>
<pin id="1309" dir="0" index="0" bw="5" slack="5"/>
<pin id="1310" dir="0" index="1" bw="1" slack="0"/>
<pin id="1311" dir="1" index="2" bw="5" slack="1"/>
</pin_list>
<bind>
<opcode="add(8) " fcode="add"/>
<opset="add_ln141/10 "/>
</bind>
</comp>

<comp id="1313" class="1004" name="store_ln141_store_fu_1313">
<pin_list>
<pin id="1314" dir="0" index="0" bw="32" slack="0"/>
<pin id="1315" dir="0" index="1" bw="32" slack="9"/>
<pin id="1316" dir="1" index="2" bw="0" slack="2147483647"/>
</pin_list>
<bind>
<opcode="store(28) " fcode="store"/>
<opset="store_ln141/10 "/>
</bind>
</comp>

<comp id="1318" class="1004" name="store_ln141_store_fu_1318">
<pin_list>
<pin id="1319" dir="0" index="0" bw="32" slack="0"/>
<pin id="1320" dir="0" index="1" bw="32" slack="9"/>
<pin id="1321" dir="1" index="2" bw="0" slack="2147483647"/>
</pin_list>
<bind>
<opcode="store(28) " fcode="store"/>
<opset="store_ln141/10 "/>
</bind>
</comp>

<comp id="1323" class="1004" name="store_ln141_store_fu_1323">
<pin_list>
<pin id="1324" dir="0" index="0" bw="32" slack="0"/>
<pin id="1325" dir="0" index="1" bw="32" slack="9"/>
<pin id="1326" dir="1" index="2" bw="0" slack="2147483647"/>
</pin_list>
<bind>
<opcode="store(28) " fcode="store"/>
<opset="store_ln141/10 "/>
</bind>
</comp>

<comp id="1328" class="1004" name="store_ln141_store_fu_1328">
<pin_list>
<pin id="1329" dir="0" index="0" bw="32" slack="0"/>
<pin id="1330" dir="0" index="1" bw="32" slack="9"/>
<pin id="1331" dir="1" index="2" bw="0" slack="2147483647"/>
</pin_list>
<bind>
<opcode="store(28) " fcode="store"/>
<opset="store_ln141/10 "/>
</bind>
</comp>

<comp id="1333" class="1004" name="store_ln141_store_fu_1333">
<pin_list>
<pin id="1334" dir="0" index="0" bw="32" slack="0"/>
<pin id="1335" dir="0" index="1" bw="32" slack="9"/>
<pin id="1336" dir="1" index="2" bw="0" slack="2147483647"/>
</pin_list>
<bind>
<opcode="store(28) " fcode="store"/>
<opset="store_ln141/10 "/>
</bind>
</comp>

<comp id="1338" class="1004" name="store_ln141_store_fu_1338">
<pin_list>
<pin id="1339" dir="0" index="0" bw="32" slack="0"/>
<pin id="1340" dir="0" index="1" bw="32" slack="9"/>
<pin id="1341" dir="1" index="2" bw="0" slack="2147483647"/>
</pin_list>
<bind>
<opcode="store(28) " fcode="store"/>
<opset="store_ln141/10 "/>
</bind>
</comp>

<comp id="1343" class="1004" name="store_ln141_store_fu_1343">
<pin_list>
<pin id="1344" dir="0" index="0" bw="32" slack="0"/>
<pin id="1345" dir="0" index="1" bw="32" slack="9"/>
<pin id="1346" dir="1" index="2" bw="0" slack="2147483647"/>
</pin_list>
<bind>
<opcode="store(28) " fcode="store"/>
<opset="store_ln141/10 "/>
</bind>
</comp>

<comp id="1348" class="1004" name="store_ln141_store_fu_1348">
<pin_list>
<pin id="1349" dir="0" index="0" bw="32" slack="0"/>
<pin id="1350" dir="0" index="1" bw="32" slack="9"/>
<pin id="1351" dir="1" index="2" bw="0" slack="2147483647"/>
</pin_list>
<bind>
<opcode="store(28) " fcode="store"/>
<opset="store_ln141/10 "/>
</bind>
</comp>

<comp id="1353" class="1004" name="store_ln141_store_fu_1353">
<pin_list>
<pin id="1354" dir="0" index="0" bw="32" slack="0"/>
<pin id="1355" dir="0" index="1" bw="32" slack="9"/>
<pin id="1356" dir="1" index="2" bw="0" slack="2147483647"/>
</pin_list>
<bind>
<opcode="store(28) " fcode="store"/>
<opset="store_ln141/10 "/>
</bind>
</comp>

<comp id="1358" class="1004" name="store_ln141_store_fu_1358">
<pin_list>
<pin id="1359" dir="0" index="0" bw="32" slack="0"/>
<pin id="1360" dir="0" index="1" bw="32" slack="10"/>
<pin id="1361" dir="1" index="2" bw="0" slack="2147483647"/>
</pin_list>
<bind>
<opcode="store(28) " fcode="store"/>
<opset="store_ln141/12 "/>
</bind>
</comp>

<comp id="1363" class="1004" name="store_ln141_store_fu_1363">
<pin_list>
<pin id="1364" dir="0" index="0" bw="32" slack="0"/>
<pin id="1365" dir="0" index="1" bw="32" slack="10"/>
<pin id="1366" dir="1" index="2" bw="0" slack="2147483647"/>
</pin_list>
<bind>
<opcode="store(28) " fcode="store"/>
<opset="store_ln141/12 "/>
</bind>
</comp>

<comp id="1368" class="1004" name="store_ln141_store_fu_1368">
<pin_list>
<pin id="1369" dir="0" index="0" bw="32" slack="0"/>
<pin id="1370" dir="0" index="1" bw="32" slack="10"/>
<pin id="1371" dir="1" index="2" bw="0" slack="2147483647"/>
</pin_list>
<bind>
<opcode="store(28) " fcode="store"/>
<opset="store_ln141/12 "/>
</bind>
</comp>

<comp id="1373" class="1004" name="store_ln141_store_fu_1373">
<pin_list>
<pin id="1374" dir="0" index="0" bw="32" slack="0"/>
<pin id="1375" dir="0" index="1" bw="32" slack="10"/>
<pin id="1376" dir="1" index="2" bw="0" slack="2147483647"/>
</pin_list>
<bind>
<opcode="store(28) " fcode="store"/>
<opset="store_ln141/12 "/>
</bind>
</comp>

<comp id="1378" class="1004" name="store_ln141_store_fu_1378">
<pin_list>
<pin id="1379" dir="0" index="0" bw="32" slack="0"/>
<pin id="1380" dir="0" index="1" bw="32" slack="10"/>
<pin id="1381" dir="1" index="2" bw="0" slack="2147483647"/>
</pin_list>
<bind>
<opcode="store(28) " fcode="store"/>
<opset="store_ln141/12 "/>
</bind>
</comp>

<comp id="1383" class="1004" name="store_ln141_store_fu_1383">
<pin_list>
<pin id="1384" dir="0" index="0" bw="32" slack="0"/>
<pin id="1385" dir="0" index="1" bw="32" slack="10"/>
<pin id="1386" dir="1" index="2" bw="0" slack="2147483647"/>
</pin_list>
<bind>
<opcode="store(28) " fcode="store"/>
<opset="store_ln141/12 "/>
</bind>
</comp>

<comp id="1388" class="1004" name="store_ln141_store_fu_1388">
<pin_list>
<pin id="1389" dir="0" index="0" bw="32" slack="0"/>
<pin id="1390" dir="0" index="1" bw="32" slack="10"/>
<pin id="1391" dir="1" index="2" bw="0" slack="2147483647"/>
</pin_list>
<bind>
<opcode="store(28) " fcode="store"/>
<opset="store_ln141/12 "/>
</bind>
</comp>

<comp id="1393" class="1004" name="store_ln141_store_fu_1393">
<pin_list>
<pin id="1394" dir="0" index="0" bw="32" slack="0"/>
<pin id="1395" dir="0" index="1" bw="32" slack="10"/>
<pin id="1396" dir="1" index="2" bw="0" slack="2147483647"/>
</pin_list>
<bind>
<opcode="store(28) " fcode="store"/>
<opset="store_ln141/12 "/>
</bind>
</comp>

<comp id="1398" class="1004" name="store_ln141_store_fu_1398">
<pin_list>
<pin id="1399" dir="0" index="0" bw="32" slack="0"/>
<pin id="1400" dir="0" index="1" bw="32" slack="10"/>
<pin id="1401" dir="1" index="2" bw="0" slack="2147483647"/>
</pin_list>
<bind>
<opcode="store(28) " fcode="store"/>
<opset="store_ln141/12 "/>
</bind>
</comp>

<comp id="1403" class="1004" name="store_ln141_store_fu_1403">
<pin_list>
<pin id="1404" dir="0" index="0" bw="32" slack="0"/>
<pin id="1405" dir="0" index="1" bw="32" slack="10"/>
<pin id="1406" dir="1" index="2" bw="0" slack="2147483647"/>
</pin_list>
<bind>
<opcode="store(28) " fcode="store"/>
<opset="store_ln141/12 "/>
</bind>
</comp>

<comp id="1408" class="1004" name="store_ln141_store_fu_1408">
<pin_list>
<pin id="1409" dir="0" index="0" bw="32" slack="0"/>
<pin id="1410" dir="0" index="1" bw="32" slack="10"/>
<pin id="1411" dir="1" index="2" bw="0" slack="2147483647"/>
</pin_list>
<bind>
<opcode="store(28) " fcode="store"/>
<opset="store_ln141/12 "/>
</bind>
</comp>

<comp id="1413" class="1004" name="store_ln141_store_fu_1413">
<pin_list>
<pin id="1414" dir="0" index="0" bw="32" slack="0"/>
<pin id="1415" dir="0" index="1" bw="32" slack="10"/>
<pin id="1416" dir="1" index="2" bw="0" slack="2147483647"/>
</pin_list>
<bind>
<opcode="store(28) " fcode="store"/>
<opset="store_ln141/12 "/>
</bind>
</comp>

<comp id="1418" class="1004" name="store_ln141_store_fu_1418">
<pin_list>
<pin id="1419" dir="0" index="0" bw="32" slack="0"/>
<pin id="1420" dir="0" index="1" bw="32" slack="10"/>
<pin id="1421" dir="1" index="2" bw="0" slack="2147483647"/>
</pin_list>
<bind>
<opcode="store(28) " fcode="store"/>
<opset="store_ln141/12 "/>
</bind>
</comp>

<comp id="1423" class="1004" name="store_ln141_store_fu_1423">
<pin_list>
<pin id="1424" dir="0" index="0" bw="32" slack="0"/>
<pin id="1425" dir="0" index="1" bw="32" slack="10"/>
<pin id="1426" dir="1" index="2" bw="0" slack="2147483647"/>
</pin_list>
<bind>
<opcode="store(28) " fcode="store"/>
<opset="store_ln141/12 "/>
</bind>
</comp>

<comp id="1428" class="1004" name="store_ln141_store_fu_1428">
<pin_list>
<pin id="1429" dir="0" index="0" bw="32" slack="0"/>
<pin id="1430" dir="0" index="1" bw="32" slack="10"/>
<pin id="1431" dir="1" index="2" bw="0" slack="2147483647"/>
</pin_list>
<bind>
<opcode="store(28) " fcode="store"/>
<opset="store_ln141/12 "/>
</bind>
</comp>

<comp id="1433" class="1004" name="bitcast_ln73_fu_1433">
<pin_list>
<pin id="1434" dir="0" index="0" bw="32" slack="2"/>
<pin id="1435" dir="1" index="1" bw="32" slack="0"/>
</pin_list>
<bind>
<opcode="bitcast(44) " fcode="bitcast"/>
<opset="bitcast_ln73/37 "/>
</bind>
</comp>

<comp id="1436" class="1004" name="tmp_fu_1436">
<pin_list>
<pin id="1437" dir="0" index="0" bw="8" slack="0"/>
<pin id="1438" dir="0" index="1" bw="32" slack="0"/>
<pin id="1439" dir="0" index="2" bw="6" slack="0"/>
<pin id="1440" dir="0" index="3" bw="6" slack="0"/>
<pin id="1441" dir="1" index="4" bw="8" slack="0"/>
</pin_list>
<bind>
<opcode="partselect(1002) " fcode="partselect"/>
<opset="tmp/37 "/>
</bind>
</comp>

<comp id="1446" class="1004" name="trunc_ln73_fu_1446">
<pin_list>
<pin id="1447" dir="0" index="0" bw="32" slack="0"/>
<pin id="1448" dir="1" index="1" bw="23" slack="0"/>
</pin_list>
<bind>
<opcode="trunc(33) " fcode="trunc"/>
<opset="trunc_ln73/37 "/>
</bind>
</comp>

<comp id="1450" class="1004" name="icmp_ln73_fu_1450">
<pin_list>
<pin id="1451" dir="0" index="0" bw="8" slack="0"/>
<pin id="1452" dir="0" index="1" bw="1" slack="0"/>
<pin id="1453" dir="1" index="2" bw="1" slack="0"/>
</pin_list>
<bind>
<opcode="icmp(45) " fcode="icmp"/>
<opset="icmp_ln73/37 "/>
</bind>
</comp>

<comp id="1456" class="1004" name="icmp_ln73_1_fu_1456">
<pin_list>
<pin id="1457" dir="0" index="0" bw="23" slack="0"/>
<pin id="1458" dir="0" index="1" bw="1" slack="0"/>
<pin id="1459" dir="1" index="2" bw="1" slack="0"/>
</pin_list>
<bind>
<opcode="icmp(45) " fcode="icmp"/>
<opset="icmp_ln73_1/37 "/>
</bind>
</comp>

<comp id="1462" class="1004" name="or_ln73_fu_1462">
<pin_list>
<pin id="1463" dir="0" index="0" bw="1" slack="0"/>
<pin id="1464" dir="0" index="1" bw="1" slack="0"/>
<pin id="1465" dir="1" index="2" bw="1" slack="0"/>
</pin_list>
<bind>
<opcode="or(24) " fcode="or"/>
<opset="or_ln73/37 "/>
</bind>
</comp>

<comp id="1468" class="1004" name="and_ln73_fu_1468">
<pin_list>
<pin id="1469" dir="0" index="0" bw="1" slack="0"/>
<pin id="1470" dir="0" index="1" bw="1" slack="0"/>
<pin id="1471" dir="1" index="2" bw="1" slack="0"/>
</pin_list>
<bind>
<opcode="and(23) " fcode="and"/>
<opset="and_ln73/37 "/>
</bind>
</comp>

<comp id="1474" class="1004" name="select_ln73_fu_1474">
<pin_list>
<pin id="1475" dir="0" index="0" bw="1" slack="0"/>
<pin id="1476" dir="0" index="1" bw="32" slack="0"/>
<pin id="1477" dir="0" index="2" bw="32" slack="2"/>
<pin id="1478" dir="1" index="3" bw="32" slack="1"/>
</pin_list>
<bind>
<opcode="select(49) " fcode="select"/>
<opset="select_ln73/37 "/>
</bind>
</comp>

<comp id="1481" class="1007" name="grp_fu_1481">
<pin_list>
<pin id="1482" dir="0" index="0" bw="7" slack="2147483647"/>
<pin id="1483" dir="0" index="1" bw="5" slack="0"/>
<pin id="1484" dir="0" index="2" bw="5" slack="0"/>
<pin id="1485" dir="0" index="3" bw="5" slack="0"/>
<pin id="1486" dir="1" index="4" bw="12" slack="0"/>
</pin_list>
<bind>
<opcode="addmuladd(1175) " fcode="addmuladd"/>
<opset="add_ln150/5 zext_ln150_1/5 mul_ln150/5 add_ln150_1/7 "/>
</bind>
</comp>

<comp id="1491" class="1005" name="phi_mul_reg_1491">
<pin_list>
<pin id="1492" dir="0" index="0" bw="7" slack="0"/>
<pin id="1493" dir="1" index="1" bw="7" slack="0"/>
</pin_list>
<bind>
<opset="phi_mul "/>
</bind>
</comp>

<comp id="1498" class="1005" name="n_f_reg_1498">
<pin_list>
<pin id="1499" dir="0" index="0" bw="3" slack="0"/>
<pin id="1500" dir="1" index="1" bw="3" slack="0"/>
</pin_list>
<bind>
<opset="n_f "/>
</bind>
</comp>

<comp id="1505" class="1005" name="kernel_i_1_1_promoted152_reg_1505">
<pin_list>
<pin id="1506" dir="0" index="0" bw="32" slack="1"/>
<pin id="1507" dir="1" index="1" bw="32" slack="1"/>
</pin_list>
<bind>
<opset="kernel_i_1_1_promoted152 "/>
</bind>
</comp>

<comp id="1511" class="1005" name="kernel_i_1_0_promoted154_reg_1511">
<pin_list>
<pin id="1512" dir="0" index="0" bw="32" slack="1"/>
<pin id="1513" dir="1" index="1" bw="32" slack="1"/>
</pin_list>
<bind>
<opset="kernel_i_1_0_promoted154 "/>
</bind>
</comp>

<comp id="1517" class="1005" name="kernel_i_1_2_promoted156_reg_1517">
<pin_list>
<pin id="1518" dir="0" index="0" bw="32" slack="1"/>
<pin id="1519" dir="1" index="1" bw="32" slack="1"/>
</pin_list>
<bind>
<opset="kernel_i_1_2_promoted156 "/>
</bind>
</comp>

<comp id="1523" class="1005" name="kernel_i_0_1_promoted158_reg_1523">
<pin_list>
<pin id="1524" dir="0" index="0" bw="32" slack="1"/>
<pin id="1525" dir="1" index="1" bw="32" slack="1"/>
</pin_list>
<bind>
<opset="kernel_i_0_1_promoted158 "/>
</bind>
</comp>

<comp id="1529" class="1005" name="kernel_i_0_0_promoted160_reg_1529">
<pin_list>
<pin id="1530" dir="0" index="0" bw="32" slack="1"/>
<pin id="1531" dir="1" index="1" bw="32" slack="1"/>
</pin_list>
<bind>
<opset="kernel_i_0_0_promoted160 "/>
</bind>
</comp>

<comp id="1535" class="1005" name="kernel_i_0_2_promoted162_reg_1535">
<pin_list>
<pin id="1536" dir="0" index="0" bw="32" slack="1"/>
<pin id="1537" dir="1" index="1" bw="32" slack="1"/>
</pin_list>
<bind>
<opset="kernel_i_0_2_promoted162 "/>
</bind>
</comp>

<comp id="1541" class="1005" name="kernel_i_2_1_promoted164_reg_1541">
<pin_list>
<pin id="1542" dir="0" index="0" bw="32" slack="1"/>
<pin id="1543" dir="1" index="1" bw="32" slack="1"/>
</pin_list>
<bind>
<opset="kernel_i_2_1_promoted164 "/>
</bind>
</comp>

<comp id="1547" class="1005" name="kernel_i_2_0_promoted166_reg_1547">
<pin_list>
<pin id="1548" dir="0" index="0" bw="32" slack="1"/>
<pin id="1549" dir="1" index="1" bw="32" slack="1"/>
</pin_list>
<bind>
<opset="kernel_i_2_0_promoted166 "/>
</bind>
</comp>

<comp id="1553" class="1005" name="kernel_i_2_2_promoted168_reg_1553">
<pin_list>
<pin id="1554" dir="0" index="0" bw="32" slack="1"/>
<pin id="1555" dir="1" index="1" bw="32" slack="1"/>
</pin_list>
<bind>
<opset="kernel_i_2_2_promoted168 "/>
</bind>
</comp>

<comp id="1559" class="1005" name="mux_case_090_reg_1559">
<pin_list>
<pin id="1560" dir="0" index="0" bw="32" slack="7"/>
<pin id="1561" dir="1" index="1" bw="32" slack="7"/>
</pin_list>
<bind>
<opset="mux_case_090 "/>
</bind>
</comp>

<comp id="1565" class="1005" name="mux_case_1100_reg_1565">
<pin_list>
<pin id="1566" dir="0" index="0" bw="32" slack="7"/>
<pin id="1567" dir="1" index="1" bw="32" slack="7"/>
</pin_list>
<bind>
<opset="mux_case_1100 "/>
</bind>
</comp>

<comp id="1571" class="1005" name="mux_case_2110_reg_1571">
<pin_list>
<pin id="1572" dir="0" index="0" bw="32" slack="7"/>
<pin id="1573" dir="1" index="1" bw="32" slack="7"/>
</pin_list>
<bind>
<opset="mux_case_2110 "/>
</bind>
</comp>

<comp id="1577" class="1005" name="mux_case_077120_reg_1577">
<pin_list>
<pin id="1578" dir="0" index="0" bw="32" slack="7"/>
<pin id="1579" dir="1" index="1" bw="32" slack="7"/>
</pin_list>
<bind>
<opset="mux_case_077120 "/>
</bind>
</comp>

<comp id="1583" class="1005" name="mux_case_179130_reg_1583">
<pin_list>
<pin id="1584" dir="0" index="0" bw="32" slack="7"/>
<pin id="1585" dir="1" index="1" bw="32" slack="7"/>
</pin_list>
<bind>
<opset="mux_case_179130 "/>
</bind>
</comp>

<comp id="1589" class="1005" name="mux_case_281140_reg_1589">
<pin_list>
<pin id="1590" dir="0" index="0" bw="32" slack="7"/>
<pin id="1591" dir="1" index="1" bw="32" slack="7"/>
</pin_list>
<bind>
<opset="mux_case_281140 "/>
</bind>
</comp>

<comp id="1595" class="1005" name="window_i_1_1_promoted179211_reg_1595">
<pin_list>
<pin id="1596" dir="0" index="0" bw="32" slack="7"/>
<pin id="1597" dir="1" index="1" bw="32" slack="7"/>
</pin_list>
<bind>
<opset="window_i_1_1_promoted179211 "/>
</bind>
</comp>

<comp id="1601" class="1005" name="window_i_1_0_promoted181217_reg_1601">
<pin_list>
<pin id="1602" dir="0" index="0" bw="32" slack="7"/>
<pin id="1603" dir="1" index="1" bw="32" slack="7"/>
</pin_list>
<bind>
<opset="window_i_1_0_promoted181217 "/>
</bind>
</comp>

<comp id="1607" class="1005" name="window_i_1_2_promoted183223_reg_1607">
<pin_list>
<pin id="1608" dir="0" index="0" bw="32" slack="7"/>
<pin id="1609" dir="1" index="1" bw="32" slack="7"/>
</pin_list>
<bind>
<opset="window_i_1_2_promoted183223 "/>
</bind>
</comp>

<comp id="1613" class="1005" name="window_i_0_1_promoted185229_reg_1613">
<pin_list>
<pin id="1614" dir="0" index="0" bw="32" slack="7"/>
<pin id="1615" dir="1" index="1" bw="32" slack="7"/>
</pin_list>
<bind>
<opset="window_i_0_1_promoted185229 "/>
</bind>
</comp>

<comp id="1619" class="1005" name="window_i_0_0_promoted187235_reg_1619">
<pin_list>
<pin id="1620" dir="0" index="0" bw="32" slack="7"/>
<pin id="1621" dir="1" index="1" bw="32" slack="7"/>
</pin_list>
<bind>
<opset="window_i_0_0_promoted187235 "/>
</bind>
</comp>

<comp id="1625" class="1005" name="window_i_0_2_promoted189241_reg_1625">
<pin_list>
<pin id="1626" dir="0" index="0" bw="32" slack="7"/>
<pin id="1627" dir="1" index="1" bw="32" slack="7"/>
</pin_list>
<bind>
<opset="window_i_0_2_promoted189241 "/>
</bind>
</comp>

<comp id="1631" class="1005" name="window_i_2_1_promoted191247_reg_1631">
<pin_list>
<pin id="1632" dir="0" index="0" bw="32" slack="7"/>
<pin id="1633" dir="1" index="1" bw="32" slack="7"/>
</pin_list>
<bind>
<opset="window_i_2_1_promoted191247 "/>
</bind>
</comp>

<comp id="1637" class="1005" name="window_i_2_0_promoted193253_reg_1637">
<pin_list>
<pin id="1638" dir="0" index="0" bw="32" slack="7"/>
<pin id="1639" dir="1" index="1" bw="32" slack="7"/>
</pin_list>
<bind>
<opset="window_i_2_0_promoted193253 "/>
</bind>
</comp>

<comp id="1643" class="1005" name="window_i_2_2_promoted195259_reg_1643">
<pin_list>
<pin id="1644" dir="0" index="0" bw="32" slack="7"/>
<pin id="1645" dir="1" index="1" bw="32" slack="7"/>
</pin_list>
<bind>
<opset="window_i_2_2_promoted195259 "/>
</bind>
</comp>

<comp id="1649" class="1005" name="window1627_reg_1649">
<pin_list>
<pin id="1650" dir="0" index="0" bw="32" slack="7"/>
<pin id="1651" dir="1" index="1" bw="32" slack="7"/>
</pin_list>
<bind>
<opset="window1627 "/>
</bind>
</comp>

<comp id="1655" class="1005" name="window_11733_reg_1655">
<pin_list>
<pin id="1656" dir="0" index="0" bw="32" slack="7"/>
<pin id="1657" dir="1" index="1" bw="32" slack="7"/>
</pin_list>
<bind>
<opset="window_11733 "/>
</bind>
</comp>

<comp id="1661" class="1005" name="window_21839_reg_1661">
<pin_list>
<pin id="1662" dir="0" index="0" bw="32" slack="7"/>
<pin id="1663" dir="1" index="1" bw="32" slack="7"/>
</pin_list>
<bind>
<opset="window_21839 "/>
</bind>
</comp>

<comp id="1667" class="1005" name="window_31945_reg_1667">
<pin_list>
<pin id="1668" dir="0" index="0" bw="32" slack="7"/>
<pin id="1669" dir="1" index="1" bw="32" slack="7"/>
</pin_list>
<bind>
<opset="window_31945 "/>
</bind>
</comp>

<comp id="1673" class="1005" name="window_42051_reg_1673">
<pin_list>
<pin id="1674" dir="0" index="0" bw="32" slack="7"/>
<pin id="1675" dir="1" index="1" bw="32" slack="7"/>
</pin_list>
<bind>
<opset="window_42051 "/>
</bind>
</comp>

<comp id="1679" class="1005" name="window_52157_reg_1679">
<pin_list>
<pin id="1680" dir="0" index="0" bw="32" slack="7"/>
<pin id="1681" dir="1" index="1" bw="32" slack="7"/>
</pin_list>
<bind>
<opset="window_52157 "/>
</bind>
</comp>

<comp id="1685" class="1005" name="window_62263_reg_1685">
<pin_list>
<pin id="1686" dir="0" index="0" bw="32" slack="7"/>
<pin id="1687" dir="1" index="1" bw="32" slack="7"/>
</pin_list>
<bind>
<opset="window_62263 "/>
</bind>
</comp>

<comp id="1691" class="1005" name="window_72369_reg_1691">
<pin_list>
<pin id="1692" dir="0" index="0" bw="32" slack="7"/>
<pin id="1693" dir="1" index="1" bw="32" slack="7"/>
</pin_list>
<bind>
<opset="window_72369 "/>
</bind>
</comp>

<comp id="1697" class="1005" name="window_82475_reg_1697">
<pin_list>
<pin id="1698" dir="0" index="0" bw="32" slack="7"/>
<pin id="1699" dir="1" index="1" bw="32" slack="7"/>
</pin_list>
<bind>
<opset="window_82475 "/>
</bind>
</comp>

<comp id="1703" class="1005" name="mux_case_0_loc_reg_1703">
<pin_list>
<pin id="1704" dir="0" index="0" bw="32" slack="7"/>
<pin id="1705" dir="1" index="1" bw="32" slack="7"/>
</pin_list>
<bind>
<opset="mux_case_0_loc "/>
</bind>
</comp>

<comp id="1709" class="1005" name="mux_case_1_loc_reg_1709">
<pin_list>
<pin id="1710" dir="0" index="0" bw="32" slack="7"/>
<pin id="1711" dir="1" index="1" bw="32" slack="7"/>
</pin_list>
<bind>
<opset="mux_case_1_loc "/>
</bind>
</comp>

<comp id="1715" class="1005" name="mux_case_2_loc_reg_1715">
<pin_list>
<pin id="1716" dir="0" index="0" bw="32" slack="7"/>
<pin id="1717" dir="1" index="1" bw="32" slack="7"/>
</pin_list>
<bind>
<opset="mux_case_2_loc "/>
</bind>
</comp>

<comp id="1721" class="1005" name="mux_case_077_loc_reg_1721">
<pin_list>
<pin id="1722" dir="0" index="0" bw="32" slack="7"/>
<pin id="1723" dir="1" index="1" bw="32" slack="7"/>
</pin_list>
<bind>
<opset="mux_case_077_loc "/>
</bind>
</comp>

<comp id="1727" class="1005" name="mux_case_179_loc_reg_1727">
<pin_list>
<pin id="1728" dir="0" index="0" bw="32" slack="7"/>
<pin id="1729" dir="1" index="1" bw="32" slack="7"/>
</pin_list>
<bind>
<opset="mux_case_179_loc "/>
</bind>
</comp>

<comp id="1733" class="1005" name="mux_case_281_loc_reg_1733">
<pin_list>
<pin id="1734" dir="0" index="0" bw="32" slack="7"/>
<pin id="1735" dir="1" index="1" bw="32" slack="7"/>
</pin_list>
<bind>
<opset="mux_case_281_loc "/>
</bind>
</comp>

<comp id="1739" class="1005" name="window_i_1_1_promoted179208_loc_reg_1739">
<pin_list>
<pin id="1740" dir="0" index="0" bw="32" slack="7"/>
<pin id="1741" dir="1" index="1" bw="32" slack="7"/>
</pin_list>
<bind>
<opset="window_i_1_1_promoted179208_loc "/>
</bind>
</comp>

<comp id="1745" class="1005" name="window_i_1_0_promoted181214_loc_reg_1745">
<pin_list>
<pin id="1746" dir="0" index="0" bw="32" slack="7"/>
<pin id="1747" dir="1" index="1" bw="32" slack="7"/>
</pin_list>
<bind>
<opset="window_i_1_0_promoted181214_loc "/>
</bind>
</comp>

<comp id="1751" class="1005" name="window_i_1_2_promoted183220_loc_reg_1751">
<pin_list>
<pin id="1752" dir="0" index="0" bw="32" slack="7"/>
<pin id="1753" dir="1" index="1" bw="32" slack="7"/>
</pin_list>
<bind>
<opset="window_i_1_2_promoted183220_loc "/>
</bind>
</comp>

<comp id="1757" class="1005" name="window_i_0_1_promoted185226_loc_reg_1757">
<pin_list>
<pin id="1758" dir="0" index="0" bw="32" slack="7"/>
<pin id="1759" dir="1" index="1" bw="32" slack="7"/>
</pin_list>
<bind>
<opset="window_i_0_1_promoted185226_loc "/>
</bind>
</comp>

<comp id="1763" class="1005" name="window_i_0_0_promoted187232_loc_reg_1763">
<pin_list>
<pin id="1764" dir="0" index="0" bw="32" slack="7"/>
<pin id="1765" dir="1" index="1" bw="32" slack="7"/>
</pin_list>
<bind>
<opset="window_i_0_0_promoted187232_loc "/>
</bind>
</comp>

<comp id="1769" class="1005" name="window_i_0_2_promoted189238_loc_reg_1769">
<pin_list>
<pin id="1770" dir="0" index="0" bw="32" slack="7"/>
<pin id="1771" dir="1" index="1" bw="32" slack="7"/>
</pin_list>
<bind>
<opset="window_i_0_2_promoted189238_loc "/>
</bind>
</comp>

<comp id="1775" class="1005" name="window_i_2_1_promoted191244_loc_reg_1775">
<pin_list>
<pin id="1776" dir="0" index="0" bw="32" slack="7"/>
<pin id="1777" dir="1" index="1" bw="32" slack="7"/>
</pin_list>
<bind>
<opset="window_i_2_1_promoted191244_loc "/>
</bind>
</comp>

<comp id="1781" class="1005" name="window_i_2_0_promoted193250_loc_reg_1781">
<pin_list>
<pin id="1782" dir="0" index="0" bw="32" slack="7"/>
<pin id="1783" dir="1" index="1" bw="32" slack="7"/>
</pin_list>
<bind>
<opset="window_i_2_0_promoted193250_loc "/>
</bind>
</comp>

<comp id="1787" class="1005" name="window_i_2_2_promoted195256_loc_reg_1787">
<pin_list>
<pin id="1788" dir="0" index="0" bw="32" slack="7"/>
<pin id="1789" dir="1" index="1" bw="32" slack="7"/>
</pin_list>
<bind>
<opset="window_i_2_2_promoted195256_loc "/>
</bind>
</comp>

<comp id="1793" class="1005" name="window1626_loc_reg_1793">
<pin_list>
<pin id="1794" dir="0" index="0" bw="32" slack="7"/>
<pin id="1795" dir="1" index="1" bw="32" slack="7"/>
</pin_list>
<bind>
<opset="window1626_loc "/>
</bind>
</comp>

<comp id="1799" class="1005" name="window_11732_loc_reg_1799">
<pin_list>
<pin id="1800" dir="0" index="0" bw="32" slack="7"/>
<pin id="1801" dir="1" index="1" bw="32" slack="7"/>
</pin_list>
<bind>
<opset="window_11732_loc "/>
</bind>
</comp>

<comp id="1805" class="1005" name="window_21838_loc_reg_1805">
<pin_list>
<pin id="1806" dir="0" index="0" bw="32" slack="7"/>
<pin id="1807" dir="1" index="1" bw="32" slack="7"/>
</pin_list>
<bind>
<opset="window_21838_loc "/>
</bind>
</comp>

<comp id="1811" class="1005" name="window_31944_loc_reg_1811">
<pin_list>
<pin id="1812" dir="0" index="0" bw="32" slack="7"/>
<pin id="1813" dir="1" index="1" bw="32" slack="7"/>
</pin_list>
<bind>
<opset="window_31944_loc "/>
</bind>
</comp>

<comp id="1817" class="1005" name="window_42050_loc_reg_1817">
<pin_list>
<pin id="1818" dir="0" index="0" bw="32" slack="7"/>
<pin id="1819" dir="1" index="1" bw="32" slack="7"/>
</pin_list>
<bind>
<opset="window_42050_loc "/>
</bind>
</comp>

<comp id="1823" class="1005" name="window_52156_loc_reg_1823">
<pin_list>
<pin id="1824" dir="0" index="0" bw="32" slack="7"/>
<pin id="1825" dir="1" index="1" bw="32" slack="7"/>
</pin_list>
<bind>
<opset="window_52156_loc "/>
</bind>
</comp>

<comp id="1829" class="1005" name="window_62262_loc_reg_1829">
<pin_list>
<pin id="1830" dir="0" index="0" bw="32" slack="7"/>
<pin id="1831" dir="1" index="1" bw="32" slack="7"/>
</pin_list>
<bind>
<opset="window_62262_loc "/>
</bind>
</comp>

<comp id="1835" class="1005" name="window_72368_loc_reg_1835">
<pin_list>
<pin id="1836" dir="0" index="0" bw="32" slack="7"/>
<pin id="1837" dir="1" index="1" bw="32" slack="7"/>
</pin_list>
<bind>
<opset="window_72368_loc "/>
</bind>
</comp>

<comp id="1841" class="1005" name="window_82474_loc_reg_1841">
<pin_list>
<pin id="1842" dir="0" index="0" bw="32" slack="7"/>
<pin id="1843" dir="1" index="1" bw="32" slack="7"/>
</pin_list>
<bind>
<opset="window_82474_loc "/>
</bind>
</comp>

<comp id="1847" class="1005" name="mux_case_086_loc_reg_1847">
<pin_list>
<pin id="1848" dir="0" index="0" bw="32" slack="7"/>
<pin id="1849" dir="1" index="1" bw="32" slack="7"/>
</pin_list>
<bind>
<opset="mux_case_086_loc "/>
</bind>
</comp>

<comp id="1853" class="1005" name="mux_case_196_loc_reg_1853">
<pin_list>
<pin id="1854" dir="0" index="0" bw="32" slack="7"/>
<pin id="1855" dir="1" index="1" bw="32" slack="7"/>
</pin_list>
<bind>
<opset="mux_case_196_loc "/>
</bind>
</comp>

<comp id="1859" class="1005" name="mux_case_2106_loc_reg_1859">
<pin_list>
<pin id="1860" dir="0" index="0" bw="32" slack="7"/>
<pin id="1861" dir="1" index="1" bw="32" slack="7"/>
</pin_list>
<bind>
<opset="mux_case_2106_loc "/>
</bind>
</comp>

<comp id="1865" class="1005" name="mux_case_077116_loc_reg_1865">
<pin_list>
<pin id="1866" dir="0" index="0" bw="32" slack="7"/>
<pin id="1867" dir="1" index="1" bw="32" slack="7"/>
</pin_list>
<bind>
<opset="mux_case_077116_loc "/>
</bind>
</comp>

<comp id="1871" class="1005" name="mux_case_179126_loc_reg_1871">
<pin_list>
<pin id="1872" dir="0" index="0" bw="32" slack="7"/>
<pin id="1873" dir="1" index="1" bw="32" slack="7"/>
</pin_list>
<bind>
<opset="mux_case_179126_loc "/>
</bind>
</comp>

<comp id="1877" class="1005" name="mux_case_281136_loc_reg_1877">
<pin_list>
<pin id="1878" dir="0" index="0" bw="32" slack="7"/>
<pin id="1879" dir="1" index="1" bw="32" slack="7"/>
</pin_list>
<bind>
<opset="mux_case_281136_loc "/>
</bind>
</comp>

<comp id="1883" class="1005" name="p_loc57_reg_1883">
<pin_list>
<pin id="1884" dir="0" index="0" bw="32" slack="7"/>
<pin id="1885" dir="1" index="1" bw="32" slack="7"/>
</pin_list>
<bind>
<opset="p_loc57 "/>
</bind>
</comp>

<comp id="1889" class="1005" name="p_loc56_reg_1889">
<pin_list>
<pin id="1890" dir="0" index="0" bw="32" slack="7"/>
<pin id="1891" dir="1" index="1" bw="32" slack="7"/>
</pin_list>
<bind>
<opset="p_loc56 "/>
</bind>
</comp>

<comp id="1895" class="1005" name="p_loc55_reg_1895">
<pin_list>
<pin id="1896" dir="0" index="0" bw="32" slack="7"/>
<pin id="1897" dir="1" index="1" bw="32" slack="7"/>
</pin_list>
<bind>
<opset="p_loc55 "/>
</bind>
</comp>

<comp id="1901" class="1005" name="p_loc54_reg_1901">
<pin_list>
<pin id="1902" dir="0" index="0" bw="32" slack="7"/>
<pin id="1903" dir="1" index="1" bw="32" slack="7"/>
</pin_list>
<bind>
<opset="p_loc54 "/>
</bind>
</comp>

<comp id="1907" class="1005" name="p_loc53_reg_1907">
<pin_list>
<pin id="1908" dir="0" index="0" bw="32" slack="7"/>
<pin id="1909" dir="1" index="1" bw="32" slack="7"/>
</pin_list>
<bind>
<opset="p_loc53 "/>
</bind>
</comp>

<comp id="1913" class="1005" name="p_loc52_reg_1913">
<pin_list>
<pin id="1914" dir="0" index="0" bw="32" slack="7"/>
<pin id="1915" dir="1" index="1" bw="32" slack="7"/>
</pin_list>
<bind>
<opset="p_loc52 "/>
</bind>
</comp>

<comp id="1919" class="1005" name="p_loc51_reg_1919">
<pin_list>
<pin id="1920" dir="0" index="0" bw="32" slack="7"/>
<pin id="1921" dir="1" index="1" bw="32" slack="7"/>
</pin_list>
<bind>
<opset="p_loc51 "/>
</bind>
</comp>

<comp id="1925" class="1005" name="p_loc50_reg_1925">
<pin_list>
<pin id="1926" dir="0" index="0" bw="32" slack="7"/>
<pin id="1927" dir="1" index="1" bw="32" slack="7"/>
</pin_list>
<bind>
<opset="p_loc50 "/>
</bind>
</comp>

<comp id="1931" class="1005" name="p_loc49_reg_1931">
<pin_list>
<pin id="1932" dir="0" index="0" bw="32" slack="7"/>
<pin id="1933" dir="1" index="1" bw="32" slack="7"/>
</pin_list>
<bind>
<opset="p_loc49 "/>
</bind>
</comp>

<comp id="1937" class="1005" name="p_loc39_reg_1937">
<pin_list>
<pin id="1938" dir="0" index="0" bw="32" slack="1"/>
<pin id="1939" dir="1" index="1" bw="32" slack="1"/>
</pin_list>
<bind>
<opset="p_loc39 "/>
</bind>
</comp>

<comp id="1943" class="1005" name="p_loc38_reg_1943">
<pin_list>
<pin id="1944" dir="0" index="0" bw="32" slack="1"/>
<pin id="1945" dir="1" index="1" bw="32" slack="1"/>
</pin_list>
<bind>
<opset="p_loc38 "/>
</bind>
</comp>

<comp id="1949" class="1005" name="p_loc37_reg_1949">
<pin_list>
<pin id="1950" dir="0" index="0" bw="32" slack="1"/>
<pin id="1951" dir="1" index="1" bw="32" slack="1"/>
</pin_list>
<bind>
<opset="p_loc37 "/>
</bind>
</comp>

<comp id="1955" class="1005" name="p_loc36_reg_1955">
<pin_list>
<pin id="1956" dir="0" index="0" bw="32" slack="1"/>
<pin id="1957" dir="1" index="1" bw="32" slack="1"/>
</pin_list>
<bind>
<opset="p_loc36 "/>
</bind>
</comp>

<comp id="1961" class="1005" name="p_loc35_reg_1961">
<pin_list>
<pin id="1962" dir="0" index="0" bw="32" slack="1"/>
<pin id="1963" dir="1" index="1" bw="32" slack="1"/>
</pin_list>
<bind>
<opset="p_loc35 "/>
</bind>
</comp>

<comp id="1967" class="1005" name="p_loc34_reg_1967">
<pin_list>
<pin id="1968" dir="0" index="0" bw="32" slack="1"/>
<pin id="1969" dir="1" index="1" bw="32" slack="1"/>
</pin_list>
<bind>
<opset="p_loc34 "/>
</bind>
</comp>

<comp id="1973" class="1005" name="p_loc33_reg_1973">
<pin_list>
<pin id="1974" dir="0" index="0" bw="32" slack="1"/>
<pin id="1975" dir="1" index="1" bw="32" slack="1"/>
</pin_list>
<bind>
<opset="p_loc33 "/>
</bind>
</comp>

<comp id="1979" class="1005" name="p_loc32_reg_1979">
<pin_list>
<pin id="1980" dir="0" index="0" bw="32" slack="1"/>
<pin id="1981" dir="1" index="1" bw="32" slack="1"/>
</pin_list>
<bind>
<opset="p_loc32 "/>
</bind>
</comp>

<comp id="1985" class="1005" name="p_loc_reg_1985">
<pin_list>
<pin id="1986" dir="0" index="0" bw="32" slack="1"/>
<pin id="1987" dir="1" index="1" bw="32" slack="1"/>
</pin_list>
<bind>
<opset="p_loc "/>
</bind>
</comp>

<comp id="1997" class="1005" name="add_ln133_1_reg_1997">
<pin_list>
<pin id="1998" dir="0" index="0" bw="7" slack="3"/>
<pin id="1999" dir="1" index="1" bw="7" slack="3"/>
</pin_list>
<bind>
<opset="add_ln133_1 "/>
</bind>
</comp>

<comp id="2005" class="1005" name="add_ln133_reg_2005">
<pin_list>
<pin id="2006" dir="0" index="0" bw="3" slack="3"/>
<pin id="2007" dir="1" index="1" bw="3" slack="3"/>
</pin_list>
<bind>
<opset="add_ln133 "/>
</bind>
</comp>

<comp id="2037" class="1005" name="or_ln_reg_2037">
<pin_list>
<pin id="2038" dir="0" index="0" bw="6" slack="1"/>
<pin id="2039" dir="1" index="1" bw="6" slack="1"/>
</pin_list>
<bind>
<opset="or_ln "/>
</bind>
</comp>

<comp id="2042" class="1005" name="conv1_bias_addr_reg_2042">
<pin_list>
<pin id="2043" dir="0" index="0" bw="2" slack="1"/>
<pin id="2044" dir="1" index="1" bw="2" slack="1"/>
</pin_list>
<bind>
<opset="conv1_bias_addr "/>
</bind>
</comp>

<comp id="2074" class="1005" name="prev_sum_reg_2074">
<pin_list>
<pin id="2075" dir="0" index="0" bw="32" slack="6"/>
<pin id="2076" dir="1" index="1" bw="32" slack="6"/>
</pin_list>
<bind>
<opset="prev_sum "/>
</bind>
</comp>

<comp id="2082" class="1005" name="add_ln139_1_reg_2082">
<pin_list>
<pin id="2083" dir="0" index="0" bw="10" slack="0"/>
<pin id="2084" dir="1" index="1" bw="10" slack="0"/>
</pin_list>
<bind>
<opset="add_ln139_1 "/>
</bind>
</comp>

<comp id="2087" class="1005" name="select_ln139_reg_2087">
<pin_list>
<pin id="2088" dir="0" index="0" bw="5" slack="2"/>
<pin id="2089" dir="1" index="1" bw="5" slack="2"/>
</pin_list>
<bind>
<opset="select_ln139 "/>
</bind>
</comp>

<comp id="2095" class="1005" name="select_ln139_1_reg_2095">
<pin_list>
<pin id="2096" dir="0" index="0" bw="5" slack="0"/>
<pin id="2097" dir="1" index="1" bw="5" slack="0"/>
</pin_list>
<bind>
<opset="select_ln139_1 "/>
</bind>
</comp>

<comp id="2102" class="1005" name="zext_ln150_2_reg_2102">
<pin_list>
<pin id="2103" dir="0" index="0" bw="12" slack="1"/>
<pin id="2104" dir="1" index="1" bw="12" slack="1"/>
</pin_list>
<bind>
<opset="zext_ln150_2 "/>
</bind>
</comp>

<comp id="2107" class="1005" name="mem_2_addr_reg_2107">
<pin_list>
<pin id="2108" dir="0" index="0" bw="12" slack="29"/>
<pin id="2109" dir="1" index="1" bw="12" slack="29"/>
</pin_list>
<bind>
<opset="mem_2_addr "/>
</bind>
</comp>

<comp id="2112" class="1005" name="icmp_ln46_reg_2112">
<pin_list>
<pin id="2113" dir="0" index="0" bw="1" slack="2"/>
<pin id="2114" dir="1" index="1" bw="1" slack="2147483647"/>
</pin_list>
<bind>
<opset="icmp_ln46 "/>
</bind>
</comp>

<comp id="2188" class="1005" name="empty_55_reg_2188">
<pin_list>
<pin id="2189" dir="0" index="0" bw="5" slack="1"/>
<pin id="2190" dir="1" index="1" bw="5" slack="1"/>
</pin_list>
<bind>
<opset="empty_55 "/>
</bind>
</comp>

<comp id="2283" class="1005" name="add_ln141_reg_2283">
<pin_list>
<pin id="2284" dir="0" index="0" bw="5" slack="1"/>
<pin id="2285" dir="1" index="1" bw="5" slack="1"/>
</pin_list>
<bind>
<opset="add_ln141 "/>
</bind>
</comp>

<comp id="2288" class="1005" name="sum_reg_2288">
<pin_list>
<pin id="2289" dir="0" index="0" bw="32" slack="1"/>
<pin id="2290" dir="1" index="1" bw="32" slack="1"/>
</pin_list>
<bind>
<opset="sum "/>
</bind>
</comp>

<comp id="2295" class="1005" name="select_ln73_reg_2295">
<pin_list>
<pin id="2296" dir="0" index="0" bw="32" slack="1"/>
<pin id="2297" dir="1" index="1" bw="32" slack="1"/>
</pin_list>
<bind>
<opset="select_ln73 "/>
</bind>
</comp>

</comp_list>

<net_list>
<net id="79"><net_src comp="8" pin="0"/><net_sink comp="76" pin=0"/></net>

<net id="83"><net_src comp="8" pin="0"/><net_sink comp="80" pin=0"/></net>

<net id="87"><net_src comp="8" pin="0"/><net_sink comp="84" pin=0"/></net>

<net id="91"><net_src comp="8" pin="0"/><net_sink comp="88" pin=0"/></net>

<net id="95"><net_src comp="8" pin="0"/><net_sink comp="92" pin=0"/></net>

<net id="99"><net_src comp="8" pin="0"/><net_sink comp="96" pin=0"/></net>

<net id="103"><net_src comp="8" pin="0"/><net_sink comp="100" pin=0"/></net>

<net id="107"><net_src comp="8" pin="0"/><net_sink comp="104" pin=0"/></net>

<net id="111"><net_src comp="8" pin="0"/><net_sink comp="108" pin=0"/></net>

<net id="115"><net_src comp="8" pin="0"/><net_sink comp="112" pin=0"/></net>

<net id="119"><net_src comp="8" pin="0"/><net_sink comp="116" pin=0"/></net>

<net id="123"><net_src comp="8" pin="0"/><net_sink comp="120" pin=0"/></net>

<net id="127"><net_src comp="8" pin="0"/><net_sink comp="124" pin=0"/></net>

<net id="131"><net_src comp="8" pin="0"/><net_sink comp="128" pin=0"/></net>

<net id="135"><net_src comp="8" pin="0"/><net_sink comp="132" pin=0"/></net>

<net id="139"><net_src comp="8" pin="0"/><net_sink comp="136" pin=0"/></net>

<net id="143"><net_src comp="8" pin="0"/><net_sink comp="140" pin=0"/></net>

<net id="147"><net_src comp="8" pin="0"/><net_sink comp="144" pin=0"/></net>

<net id="151"><net_src comp="8" pin="0"/><net_sink comp="148" pin=0"/></net>

<net id="155"><net_src comp="8" pin="0"/><net_sink comp="152" pin=0"/></net>

<net id="159"><net_src comp="8" pin="0"/><net_sink comp="156" pin=0"/></net>

<net id="163"><net_src comp="8" pin="0"/><net_sink comp="160" pin=0"/></net>

<net id="167"><net_src comp="8" pin="0"/><net_sink comp="164" pin=0"/></net>

<net id="171"><net_src comp="8" pin="0"/><net_sink comp="168" pin=0"/></net>

<net id="175"><net_src comp="8" pin="0"/><net_sink comp="172" pin=0"/></net>

<net id="179"><net_src comp="8" pin="0"/><net_sink comp="176" pin=0"/></net>

<net id="183"><net_src comp="8" pin="0"/><net_sink comp="180" pin=0"/></net>

<net id="187"><net_src comp="8" pin="0"/><net_sink comp="184" pin=0"/></net>

<net id="191"><net_src comp="8" pin="0"/><net_sink comp="188" pin=0"/></net>

<net id="195"><net_src comp="8" pin="0"/><net_sink comp="192" pin=0"/></net>

<net id="199"><net_src comp="8" pin="0"/><net_sink comp="196" pin=0"/></net>

<net id="203"><net_src comp="8" pin="0"/><net_sink comp="200" pin=0"/></net>

<net id="207"><net_src comp="8" pin="0"/><net_sink comp="204" pin=0"/></net>

<net id="211"><net_src comp="8" pin="0"/><net_sink comp="208" pin=0"/></net>

<net id="215"><net_src comp="8" pin="0"/><net_sink comp="212" pin=0"/></net>

<net id="219"><net_src comp="10" pin="0"/><net_sink comp="216" pin=0"/></net>

<net id="223"><net_src comp="10" pin="0"/><net_sink comp="220" pin=0"/></net>

<net id="227"><net_src comp="10" pin="0"/><net_sink comp="224" pin=0"/></net>

<net id="231"><net_src comp="10" pin="0"/><net_sink comp="228" pin=0"/></net>

<net id="235"><net_src comp="10" pin="0"/><net_sink comp="232" pin=0"/></net>

<net id="239"><net_src comp="10" pin="0"/><net_sink comp="236" pin=0"/></net>

<net id="243"><net_src comp="10" pin="0"/><net_sink comp="240" pin=0"/></net>

<net id="247"><net_src comp="10" pin="0"/><net_sink comp="244" pin=0"/></net>

<net id="251"><net_src comp="10" pin="0"/><net_sink comp="248" pin=0"/></net>

<net id="255"><net_src comp="10" pin="0"/><net_sink comp="252" pin=0"/></net>

<net id="259"><net_src comp="10" pin="0"/><net_sink comp="256" pin=0"/></net>

<net id="263"><net_src comp="10" pin="0"/><net_sink comp="260" pin=0"/></net>

<net id="267"><net_src comp="10" pin="0"/><net_sink comp="264" pin=0"/></net>

<net id="271"><net_src comp="10" pin="0"/><net_sink comp="268" pin=0"/></net>

<net id="275"><net_src comp="10" pin="0"/><net_sink comp="272" pin=0"/></net>

<net id="279"><net_src comp="10" pin="0"/><net_sink comp="276" pin=0"/></net>

<net id="283"><net_src comp="10" pin="0"/><net_sink comp="280" pin=0"/></net>

<net id="287"><net_src comp="10" pin="0"/><net_sink comp="284" pin=0"/></net>

<net id="291"><net_src comp="10" pin="0"/><net_sink comp="288" pin=0"/></net>

<net id="295"><net_src comp="10" pin="0"/><net_sink comp="292" pin=0"/></net>

<net id="299"><net_src comp="10" pin="0"/><net_sink comp="296" pin=0"/></net>

<net id="303"><net_src comp="10" pin="0"/><net_sink comp="300" pin=0"/></net>

<net id="307"><net_src comp="10" pin="0"/><net_sink comp="304" pin=0"/></net>

<net id="311"><net_src comp="10" pin="0"/><net_sink comp="308" pin=0"/></net>

<net id="315"><net_src comp="10" pin="0"/><net_sink comp="312" pin=0"/></net>

<net id="319"><net_src comp="10" pin="0"/><net_sink comp="316" pin=0"/></net>

<net id="323"><net_src comp="10" pin="0"/><net_sink comp="320" pin=0"/></net>

<net id="327"><net_src comp="10" pin="0"/><net_sink comp="324" pin=0"/></net>

<net id="331"><net_src comp="10" pin="0"/><net_sink comp="328" pin=0"/></net>

<net id="335"><net_src comp="10" pin="0"/><net_sink comp="332" pin=0"/></net>

<net id="339"><net_src comp="10" pin="0"/><net_sink comp="336" pin=0"/></net>

<net id="343"><net_src comp="10" pin="0"/><net_sink comp="340" pin=0"/></net>

<net id="347"><net_src comp="10" pin="0"/><net_sink comp="344" pin=0"/></net>

<net id="351"><net_src comp="10" pin="0"/><net_sink comp="348" pin=0"/></net>

<net id="355"><net_src comp="10" pin="0"/><net_sink comp="352" pin=0"/></net>

<net id="359"><net_src comp="10" pin="0"/><net_sink comp="356" pin=0"/></net>

<net id="363"><net_src comp="10" pin="0"/><net_sink comp="360" pin=0"/></net>

<net id="367"><net_src comp="10" pin="0"/><net_sink comp="364" pin=0"/></net>

<net id="371"><net_src comp="10" pin="0"/><net_sink comp="368" pin=0"/></net>

<net id="375"><net_src comp="10" pin="0"/><net_sink comp="372" pin=0"/></net>

<net id="379"><net_src comp="10" pin="0"/><net_sink comp="376" pin=0"/></net>

<net id="383"><net_src comp="10" pin="0"/><net_sink comp="380" pin=0"/></net>

<net id="387"><net_src comp="10" pin="0"/><net_sink comp="384" pin=0"/></net>

<net id="391"><net_src comp="10" pin="0"/><net_sink comp="388" pin=0"/></net>

<net id="395"><net_src comp="10" pin="0"/><net_sink comp="392" pin=0"/></net>

<net id="399"><net_src comp="10" pin="0"/><net_sink comp="396" pin=0"/></net>

<net id="403"><net_src comp="10" pin="0"/><net_sink comp="400" pin=0"/></net>

<net id="407"><net_src comp="10" pin="0"/><net_sink comp="404" pin=0"/></net>

<net id="413"><net_src comp="6" pin="0"/><net_sink comp="408" pin=0"/></net>

<net id="414"><net_src comp="30" pin="0"/><net_sink comp="408" pin=1"/></net>

<net id="420"><net_src comp="408" pin="3"/><net_sink comp="415" pin=0"/></net>

<net id="426"><net_src comp="2" pin="0"/><net_sink comp="421" pin=0"/></net>

<net id="427"><net_src comp="30" pin="0"/><net_sink comp="421" pin=1"/></net>

<net id="436"><net_src comp="36" pin="0"/><net_sink comp="433" pin=0"/></net>

<net id="443"><net_src comp="433" pin="1"/><net_sink comp="437" pin=0"/></net>

<net id="447"><net_src comp="38" pin="0"/><net_sink comp="444" pin=0"/></net>

<net id="454"><net_src comp="444" pin="1"/><net_sink comp="448" pin=0"/></net>

<net id="458"><net_src comp="38" pin="0"/><net_sink comp="455" pin=0"/></net>

<net id="465"><net_src comp="455" pin="1"/><net_sink comp="459" pin=0"/></net>

<net id="475"><net_src comp="469" pin="4"/><net_sink comp="466" pin=0"/></net>

<net id="485"><net_src comp="479" pin="4"/><net_sink comp="476" pin=0"/></net>

<net id="495"><net_src comp="489" pin="4"/><net_sink comp="486" pin=0"/></net>

<net id="505"><net_src comp="499" pin="4"/><net_sink comp="496" pin=0"/></net>

<net id="515"><net_src comp="509" pin="4"/><net_sink comp="506" pin=0"/></net>

<net id="525"><net_src comp="519" pin="4"/><net_sink comp="516" pin=0"/></net>

<net id="535"><net_src comp="529" pin="4"/><net_sink comp="526" pin=0"/></net>

<net id="545"><net_src comp="539" pin="4"/><net_sink comp="536" pin=0"/></net>

<net id="555"><net_src comp="549" pin="4"/><net_sink comp="546" pin=0"/></net>

<net id="714"><net_src comp="28" pin="0"/><net_sink comp="691" pin=0"/></net>

<net id="715"><net_src comp="4" pin="0"/><net_sink comp="691" pin=20"/></net>

<net id="770"><net_src comp="58" pin="0"/><net_sink comp="716" pin=0"/></net>

<net id="771"><net_src comp="0" pin="0"/><net_sink comp="716" pin=27"/></net>

<net id="807"><net_src comp="60" pin="0"/><net_sink comp="772" pin=0"/></net>

<net id="808"><net_src comp="0" pin="0"/><net_sink comp="772" pin=17"/></net>

<net id="831"><net_src comp="62" pin="0"/><net_sink comp="809" pin=0"/></net>

<net id="832"><net_src comp="549" pin="4"/><net_sink comp="809" pin=10"/></net>

<net id="833"><net_src comp="539" pin="4"/><net_sink comp="809" pin=11"/></net>

<net id="834"><net_src comp="529" pin="4"/><net_sink comp="809" pin=12"/></net>

<net id="835"><net_src comp="519" pin="4"/><net_sink comp="809" pin=13"/></net>

<net id="836"><net_src comp="509" pin="4"/><net_sink comp="809" pin=14"/></net>

<net id="837"><net_src comp="499" pin="4"/><net_sink comp="809" pin=15"/></net>

<net id="838"><net_src comp="489" pin="4"/><net_sink comp="809" pin=16"/></net>

<net id="839"><net_src comp="479" pin="4"/><net_sink comp="809" pin=17"/></net>

<net id="840"><net_src comp="469" pin="4"/><net_sink comp="809" pin=18"/></net>

<net id="845"><net_src comp="64" pin="0"/><net_sink comp="841" pin=1"/></net>

<net id="850"><net_src comp="12" pin="0"/><net_sink comp="846" pin=0"/></net>

<net id="855"><net_src comp="14" pin="0"/><net_sink comp="851" pin=0"/></net>

<net id="866"><net_src comp="856" pin="1"/><net_sink comp="862" pin=0"/></net>

<net id="867"><net_src comp="16" pin="0"/><net_sink comp="862" pin=1"/></net>

<net id="872"><net_src comp="859" pin="1"/><net_sink comp="868" pin=0"/></net>

<net id="873"><net_src comp="18" pin="0"/><net_sink comp="868" pin=1"/></net>

<net id="878"><net_src comp="859" pin="1"/><net_sink comp="874" pin=0"/></net>

<net id="879"><net_src comp="24" pin="0"/><net_sink comp="874" pin=1"/></net>

<net id="883"><net_src comp="880" pin="1"/><net_sink comp="691" pin=9"/></net>

<net id="887"><net_src comp="884" pin="1"/><net_sink comp="691" pin=8"/></net>

<net id="891"><net_src comp="888" pin="1"/><net_sink comp="691" pin=7"/></net>

<net id="895"><net_src comp="892" pin="1"/><net_sink comp="691" pin=6"/></net>

<net id="899"><net_src comp="896" pin="1"/><net_sink comp="691" pin=5"/></net>

<net id="903"><net_src comp="900" pin="1"/><net_sink comp="691" pin=4"/></net>

<net id="907"><net_src comp="904" pin="1"/><net_sink comp="691" pin=3"/></net>

<net id="911"><net_src comp="908" pin="1"/><net_sink comp="691" pin=2"/></net>

<net id="915"><net_src comp="912" pin="1"/><net_sink comp="691" pin=1"/></net>

<net id="921"><net_src comp="26" pin="0"/><net_sink comp="916" pin=0"/></net>

<net id="922"><net_src comp="859" pin="1"/><net_sink comp="916" pin=1"/></net>

<net id="923"><net_src comp="859" pin="1"/><net_sink comp="916" pin=2"/></net>

<net id="924"><net_src comp="916" pin="3"/><net_sink comp="691" pin=10"/></net>

<net id="928"><net_src comp="925" pin="1"/><net_sink comp="408" pin=2"/></net>

<net id="960"><net_src comp="437" pin="4"/><net_sink comp="956" pin=0"/></net>

<net id="961"><net_src comp="40" pin="0"/><net_sink comp="956" pin=1"/></net>

<net id="966"><net_src comp="437" pin="4"/><net_sink comp="962" pin=0"/></net>

<net id="967"><net_src comp="42" pin="0"/><net_sink comp="962" pin=1"/></net>

<net id="972"><net_src comp="448" pin="4"/><net_sink comp="968" pin=0"/></net>

<net id="973"><net_src comp="44" pin="0"/><net_sink comp="968" pin=1"/></net>

<net id="978"><net_src comp="459" pin="4"/><net_sink comp="974" pin=0"/></net>

<net id="979"><net_src comp="46" pin="0"/><net_sink comp="974" pin=1"/></net>

<net id="985"><net_src comp="974" pin="2"/><net_sink comp="980" pin=0"/></net>

<net id="986"><net_src comp="38" pin="0"/><net_sink comp="980" pin=1"/></net>

<net id="987"><net_src comp="459" pin="4"/><net_sink comp="980" pin=2"/></net>

<net id="993"><net_src comp="974" pin="2"/><net_sink comp="988" pin=0"/></net>

<net id="994"><net_src comp="968" pin="2"/><net_sink comp="988" pin=1"/></net>

<net id="995"><net_src comp="448" pin="4"/><net_sink comp="988" pin=2"/></net>

<net id="999"><net_src comp="988" pin="3"/><net_sink comp="996" pin=0"/></net>

<net id="1050"><net_src comp="1047" pin="1"/><net_sink comp="421" pin=2"/></net>

<net id="1055"><net_src comp="38" pin="0"/><net_sink comp="1051" pin=1"/></net>

<net id="1059"><net_src comp="1056" pin="1"/><net_sink comp="716" pin=24"/></net>

<net id="1060"><net_src comp="1056" pin="1"/><net_sink comp="772" pin=15"/></net>

<net id="1064"><net_src comp="1061" pin="1"/><net_sink comp="716" pin=23"/></net>

<net id="1065"><net_src comp="1061" pin="1"/><net_sink comp="772" pin=14"/></net>

<net id="1069"><net_src comp="1066" pin="1"/><net_sink comp="716" pin=22"/></net>

<net id="1070"><net_src comp="1066" pin="1"/><net_sink comp="772" pin=13"/></net>

<net id="1074"><net_src comp="1071" pin="1"/><net_sink comp="716" pin=21"/></net>

<net id="1075"><net_src comp="1071" pin="1"/><net_sink comp="772" pin=12"/></net>

<net id="1079"><net_src comp="1076" pin="1"/><net_sink comp="716" pin=20"/></net>

<net id="1080"><net_src comp="1076" pin="1"/><net_sink comp="772" pin=11"/></net>

<net id="1084"><net_src comp="1081" pin="1"/><net_sink comp="716" pin=19"/></net>

<net id="1085"><net_src comp="1081" pin="1"/><net_sink comp="772" pin=10"/></net>

<net id="1089"><net_src comp="1086" pin="1"/><net_sink comp="716" pin=18"/></net>

<net id="1090"><net_src comp="1086" pin="1"/><net_sink comp="772" pin=9"/></net>

<net id="1094"><net_src comp="1091" pin="1"/><net_sink comp="716" pin=17"/></net>

<net id="1095"><net_src comp="1091" pin="1"/><net_sink comp="772" pin=8"/></net>

<net id="1099"><net_src comp="1096" pin="1"/><net_sink comp="716" pin=16"/></net>

<net id="1100"><net_src comp="1096" pin="1"/><net_sink comp="772" pin=7"/></net>

<net id="1104"><net_src comp="1101" pin="1"/><net_sink comp="716" pin=15"/></net>

<net id="1105"><net_src comp="1101" pin="1"/><net_sink comp="772" pin=6"/></net>

<net id="1109"><net_src comp="1106" pin="1"/><net_sink comp="716" pin=14"/></net>

<net id="1110"><net_src comp="1106" pin="1"/><net_sink comp="772" pin=5"/></net>

<net id="1114"><net_src comp="1111" pin="1"/><net_sink comp="716" pin=13"/></net>

<net id="1115"><net_src comp="1111" pin="1"/><net_sink comp="772" pin=4"/></net>

<net id="1119"><net_src comp="1116" pin="1"/><net_sink comp="716" pin=12"/></net>

<net id="1120"><net_src comp="1116" pin="1"/><net_sink comp="772" pin=3"/></net>

<net id="1124"><net_src comp="1121" pin="1"/><net_sink comp="716" pin=11"/></net>

<net id="1125"><net_src comp="1121" pin="1"/><net_sink comp="772" pin=2"/></net>

<net id="1129"><net_src comp="1126" pin="1"/><net_sink comp="716" pin=10"/></net>

<net id="1130"><net_src comp="1126" pin="1"/><net_sink comp="772" pin=1"/></net>

<net id="1134"><net_src comp="1131" pin="1"/><net_sink comp="716" pin=9"/></net>

<net id="1138"><net_src comp="1135" pin="1"/><net_sink comp="716" pin=8"/></net>

<net id="1142"><net_src comp="1139" pin="1"/><net_sink comp="716" pin=7"/></net>

<net id="1146"><net_src comp="1143" pin="1"/><net_sink comp="716" pin=6"/></net>

<net id="1150"><net_src comp="1147" pin="1"/><net_sink comp="716" pin=5"/></net>

<net id="1154"><net_src comp="1151" pin="1"/><net_sink comp="716" pin=4"/></net>

<net id="1158"><net_src comp="1155" pin="1"/><net_sink comp="716" pin=3"/></net>

<net id="1162"><net_src comp="1159" pin="1"/><net_sink comp="716" pin=2"/></net>

<net id="1166"><net_src comp="1163" pin="1"/><net_sink comp="716" pin=1"/></net>

<net id="1171"><net_src comp="56" pin="0"/><net_sink comp="1167" pin=1"/></net>

<net id="1172"><net_src comp="1167" pin="2"/><net_sink comp="716" pin=26"/></net>

<net id="1176"><net_src comp="1173" pin="1"/><net_sink comp="469" pin=0"/></net>

<net id="1180"><net_src comp="1177" pin="1"/><net_sink comp="479" pin=0"/></net>

<net id="1184"><net_src comp="1181" pin="1"/><net_sink comp="489" pin=0"/></net>

<net id="1188"><net_src comp="1185" pin="1"/><net_sink comp="499" pin=0"/></net>

<net id="1192"><net_src comp="1189" pin="1"/><net_sink comp="509" pin=0"/></net>

<net id="1196"><net_src comp="1193" pin="1"/><net_sink comp="519" pin=0"/></net>

<net id="1200"><net_src comp="1197" pin="1"/><net_sink comp="529" pin=0"/></net>

<net id="1204"><net_src comp="1201" pin="1"/><net_sink comp="539" pin=0"/></net>

<net id="1208"><net_src comp="1205" pin="1"/><net_sink comp="549" pin=0"/></net>

<net id="1257"><net_src comp="1254" pin="1"/><net_sink comp="469" pin=2"/></net>

<net id="1261"><net_src comp="1258" pin="1"/><net_sink comp="489" pin=2"/></net>

<net id="1265"><net_src comp="1262" pin="1"/><net_sink comp="479" pin=2"/></net>

<net id="1269"><net_src comp="1266" pin="1"/><net_sink comp="529" pin=2"/></net>

<net id="1273"><net_src comp="1270" pin="1"/><net_sink comp="549" pin=2"/></net>

<net id="1277"><net_src comp="1274" pin="1"/><net_sink comp="539" pin=2"/></net>

<net id="1281"><net_src comp="1278" pin="1"/><net_sink comp="499" pin=2"/></net>

<net id="1285"><net_src comp="1282" pin="1"/><net_sink comp="519" pin=2"/></net>

<net id="1289"><net_src comp="1286" pin="1"/><net_sink comp="509" pin=2"/></net>

<net id="1312"><net_src comp="44" pin="0"/><net_sink comp="1308" pin=1"/></net>

<net id="1317"><net_src comp="469" pin="4"/><net_sink comp="1313" pin=0"/></net>

<net id="1322"><net_src comp="479" pin="4"/><net_sink comp="1318" pin=0"/></net>

<net id="1327"><net_src comp="489" pin="4"/><net_sink comp="1323" pin=0"/></net>

<net id="1332"><net_src comp="499" pin="4"/><net_sink comp="1328" pin=0"/></net>

<net id="1337"><net_src comp="509" pin="4"/><net_sink comp="1333" pin=0"/></net>

<net id="1342"><net_src comp="519" pin="4"/><net_sink comp="1338" pin=0"/></net>

<net id="1347"><net_src comp="529" pin="4"/><net_sink comp="1343" pin=0"/></net>

<net id="1352"><net_src comp="539" pin="4"/><net_sink comp="1348" pin=0"/></net>

<net id="1357"><net_src comp="549" pin="4"/><net_sink comp="1353" pin=0"/></net>

<net id="1362"><net_src comp="559" pin="4"/><net_sink comp="1358" pin=0"/></net>

<net id="1367"><net_src comp="568" pin="4"/><net_sink comp="1363" pin=0"/></net>

<net id="1372"><net_src comp="577" pin="4"/><net_sink comp="1368" pin=0"/></net>

<net id="1377"><net_src comp="586" pin="4"/><net_sink comp="1373" pin=0"/></net>

<net id="1382"><net_src comp="595" pin="4"/><net_sink comp="1378" pin=0"/></net>

<net id="1387"><net_src comp="604" pin="4"/><net_sink comp="1383" pin=0"/></net>

<net id="1392"><net_src comp="613" pin="4"/><net_sink comp="1388" pin=0"/></net>

<net id="1397"><net_src comp="622" pin="4"/><net_sink comp="1393" pin=0"/></net>

<net id="1402"><net_src comp="631" pin="4"/><net_sink comp="1398" pin=0"/></net>

<net id="1407"><net_src comp="640" pin="4"/><net_sink comp="1403" pin=0"/></net>

<net id="1412"><net_src comp="649" pin="4"/><net_sink comp="1408" pin=0"/></net>

<net id="1417"><net_src comp="658" pin="4"/><net_sink comp="1413" pin=0"/></net>

<net id="1422"><net_src comp="667" pin="4"/><net_sink comp="1418" pin=0"/></net>

<net id="1427"><net_src comp="676" pin="4"/><net_sink comp="1423" pin=0"/></net>

<net id="1432"><net_src comp="685" pin="4"/><net_sink comp="1428" pin=0"/></net>

<net id="1442"><net_src comp="66" pin="0"/><net_sink comp="1436" pin=0"/></net>

<net id="1443"><net_src comp="1433" pin="1"/><net_sink comp="1436" pin=1"/></net>

<net id="1444"><net_src comp="68" pin="0"/><net_sink comp="1436" pin=2"/></net>

<net id="1445"><net_src comp="70" pin="0"/><net_sink comp="1436" pin=3"/></net>

<net id="1449"><net_src comp="1433" pin="1"/><net_sink comp="1446" pin=0"/></net>

<net id="1454"><net_src comp="1436" pin="4"/><net_sink comp="1450" pin=0"/></net>

<net id="1455"><net_src comp="72" pin="0"/><net_sink comp="1450" pin=1"/></net>

<net id="1460"><net_src comp="1446" pin="1"/><net_sink comp="1456" pin=0"/></net>

<net id="1461"><net_src comp="74" pin="0"/><net_sink comp="1456" pin=1"/></net>

<net id="1466"><net_src comp="1456" pin="2"/><net_sink comp="1462" pin=0"/></net>

<net id="1467"><net_src comp="1450" pin="2"/><net_sink comp="1462" pin=1"/></net>

<net id="1472"><net_src comp="1462" pin="2"/><net_sink comp="1468" pin=0"/></net>

<net id="1473"><net_src comp="841" pin="2"/><net_sink comp="1468" pin=1"/></net>

<net id="1479"><net_src comp="1468" pin="2"/><net_sink comp="1474" pin=0"/></net>

<net id="1480"><net_src comp="64" pin="0"/><net_sink comp="1474" pin=1"/></net>

<net id="1487"><net_src comp="996" pin="1"/><net_sink comp="1481" pin=1"/></net>

<net id="1488"><net_src comp="48" pin="0"/><net_sink comp="1481" pin=2"/></net>

<net id="1489"><net_src comp="1044" pin="1"/><net_sink comp="1481" pin=3"/></net>

<net id="1490"><net_src comp="1481" pin="4"/><net_sink comp="1047" pin=0"/></net>

<net id="1494"><net_src comp="76" pin="1"/><net_sink comp="1491" pin=0"/></net>

<net id="1495"><net_src comp="1491" pin="1"/><net_sink comp="851" pin=1"/></net>

<net id="1496"><net_src comp="1491" pin="1"/><net_sink comp="856" pin=0"/></net>

<net id="1497"><net_src comp="1491" pin="1"/><net_sink comp="1040" pin=1"/></net>

<net id="1501"><net_src comp="80" pin="1"/><net_sink comp="1498" pin=0"/></net>

<net id="1502"><net_src comp="1498" pin="1"/><net_sink comp="846" pin=1"/></net>

<net id="1503"><net_src comp="1498" pin="1"/><net_sink comp="859" pin=0"/></net>

<net id="1504"><net_src comp="1498" pin="1"/><net_sink comp="1036" pin=1"/></net>

<net id="1508"><net_src comp="84" pin="1"/><net_sink comp="1505" pin=0"/></net>

<net id="1509"><net_src comp="1505" pin="1"/><net_sink comp="880" pin=0"/></net>

<net id="1510"><net_src comp="1505" pin="1"/><net_sink comp="1032" pin=1"/></net>

<net id="1514"><net_src comp="88" pin="1"/><net_sink comp="1511" pin=0"/></net>

<net id="1515"><net_src comp="1511" pin="1"/><net_sink comp="884" pin=0"/></net>

<net id="1516"><net_src comp="1511" pin="1"/><net_sink comp="1028" pin=1"/></net>

<net id="1520"><net_src comp="92" pin="1"/><net_sink comp="1517" pin=0"/></net>

<net id="1521"><net_src comp="1517" pin="1"/><net_sink comp="888" pin=0"/></net>

<net id="1522"><net_src comp="1517" pin="1"/><net_sink comp="1024" pin=1"/></net>

<net id="1526"><net_src comp="96" pin="1"/><net_sink comp="1523" pin=0"/></net>

<net id="1527"><net_src comp="1523" pin="1"/><net_sink comp="892" pin=0"/></net>

<net id="1528"><net_src comp="1523" pin="1"/><net_sink comp="1020" pin=1"/></net>

<net id="1532"><net_src comp="100" pin="1"/><net_sink comp="1529" pin=0"/></net>

<net id="1533"><net_src comp="1529" pin="1"/><net_sink comp="896" pin=0"/></net>

<net id="1534"><net_src comp="1529" pin="1"/><net_sink comp="1016" pin=1"/></net>

<net id="1538"><net_src comp="104" pin="1"/><net_sink comp="1535" pin=0"/></net>

<net id="1539"><net_src comp="1535" pin="1"/><net_sink comp="900" pin=0"/></net>

<net id="1540"><net_src comp="1535" pin="1"/><net_sink comp="1012" pin=1"/></net>

<net id="1544"><net_src comp="108" pin="1"/><net_sink comp="1541" pin=0"/></net>

<net id="1545"><net_src comp="1541" pin="1"/><net_sink comp="904" pin=0"/></net>

<net id="1546"><net_src comp="1541" pin="1"/><net_sink comp="1008" pin=1"/></net>

<net id="1550"><net_src comp="112" pin="1"/><net_sink comp="1547" pin=0"/></net>

<net id="1551"><net_src comp="1547" pin="1"/><net_sink comp="908" pin=0"/></net>

<net id="1552"><net_src comp="1547" pin="1"/><net_sink comp="1004" pin=1"/></net>

<net id="1556"><net_src comp="116" pin="1"/><net_sink comp="1553" pin=0"/></net>

<net id="1557"><net_src comp="1553" pin="1"/><net_sink comp="912" pin=0"/></net>

<net id="1558"><net_src comp="1553" pin="1"/><net_sink comp="1000" pin=1"/></net>

<net id="1562"><net_src comp="120" pin="1"/><net_sink comp="1559" pin=0"/></net>

<net id="1563"><net_src comp="1559" pin="1"/><net_sink comp="1056" pin=0"/></net>

<net id="1564"><net_src comp="1559" pin="1"/><net_sink comp="1428" pin=1"/></net>

<net id="1568"><net_src comp="124" pin="1"/><net_sink comp="1565" pin=0"/></net>

<net id="1569"><net_src comp="1565" pin="1"/><net_sink comp="1061" pin=0"/></net>

<net id="1570"><net_src comp="1565" pin="1"/><net_sink comp="1423" pin=1"/></net>

<net id="1574"><net_src comp="128" pin="1"/><net_sink comp="1571" pin=0"/></net>

<net id="1575"><net_src comp="1571" pin="1"/><net_sink comp="1066" pin=0"/></net>

<net id="1576"><net_src comp="1571" pin="1"/><net_sink comp="1418" pin=1"/></net>

<net id="1580"><net_src comp="132" pin="1"/><net_sink comp="1577" pin=0"/></net>

<net id="1581"><net_src comp="1577" pin="1"/><net_sink comp="1071" pin=0"/></net>

<net id="1582"><net_src comp="1577" pin="1"/><net_sink comp="1413" pin=1"/></net>

<net id="1586"><net_src comp="136" pin="1"/><net_sink comp="1583" pin=0"/></net>

<net id="1587"><net_src comp="1583" pin="1"/><net_sink comp="1076" pin=0"/></net>

<net id="1588"><net_src comp="1583" pin="1"/><net_sink comp="1408" pin=1"/></net>

<net id="1592"><net_src comp="140" pin="1"/><net_sink comp="1589" pin=0"/></net>

<net id="1593"><net_src comp="1589" pin="1"/><net_sink comp="1081" pin=0"/></net>

<net id="1594"><net_src comp="1589" pin="1"/><net_sink comp="1403" pin=1"/></net>

<net id="1598"><net_src comp="144" pin="1"/><net_sink comp="1595" pin=0"/></net>

<net id="1599"><net_src comp="1595" pin="1"/><net_sink comp="1086" pin=0"/></net>

<net id="1600"><net_src comp="1595" pin="1"/><net_sink comp="1398" pin=1"/></net>

<net id="1604"><net_src comp="148" pin="1"/><net_sink comp="1601" pin=0"/></net>

<net id="1605"><net_src comp="1601" pin="1"/><net_sink comp="1091" pin=0"/></net>

<net id="1606"><net_src comp="1601" pin="1"/><net_sink comp="1393" pin=1"/></net>

<net id="1610"><net_src comp="152" pin="1"/><net_sink comp="1607" pin=0"/></net>

<net id="1611"><net_src comp="1607" pin="1"/><net_sink comp="1096" pin=0"/></net>

<net id="1612"><net_src comp="1607" pin="1"/><net_sink comp="1388" pin=1"/></net>

<net id="1616"><net_src comp="156" pin="1"/><net_sink comp="1613" pin=0"/></net>

<net id="1617"><net_src comp="1613" pin="1"/><net_sink comp="1101" pin=0"/></net>

<net id="1618"><net_src comp="1613" pin="1"/><net_sink comp="1383" pin=1"/></net>

<net id="1622"><net_src comp="160" pin="1"/><net_sink comp="1619" pin=0"/></net>

<net id="1623"><net_src comp="1619" pin="1"/><net_sink comp="1106" pin=0"/></net>

<net id="1624"><net_src comp="1619" pin="1"/><net_sink comp="1378" pin=1"/></net>

<net id="1628"><net_src comp="164" pin="1"/><net_sink comp="1625" pin=0"/></net>

<net id="1629"><net_src comp="1625" pin="1"/><net_sink comp="1111" pin=0"/></net>

<net id="1630"><net_src comp="1625" pin="1"/><net_sink comp="1373" pin=1"/></net>

<net id="1634"><net_src comp="168" pin="1"/><net_sink comp="1631" pin=0"/></net>

<net id="1635"><net_src comp="1631" pin="1"/><net_sink comp="1116" pin=0"/></net>

<net id="1636"><net_src comp="1631" pin="1"/><net_sink comp="1368" pin=1"/></net>

<net id="1640"><net_src comp="172" pin="1"/><net_sink comp="1637" pin=0"/></net>

<net id="1641"><net_src comp="1637" pin="1"/><net_sink comp="1121" pin=0"/></net>

<net id="1642"><net_src comp="1637" pin="1"/><net_sink comp="1363" pin=1"/></net>

<net id="1646"><net_src comp="176" pin="1"/><net_sink comp="1643" pin=0"/></net>

<net id="1647"><net_src comp="1643" pin="1"/><net_sink comp="1126" pin=0"/></net>

<net id="1648"><net_src comp="1643" pin="1"/><net_sink comp="1358" pin=1"/></net>

<net id="1652"><net_src comp="180" pin="1"/><net_sink comp="1649" pin=0"/></net>

<net id="1653"><net_src comp="1649" pin="1"/><net_sink comp="1131" pin=0"/></net>

<net id="1654"><net_src comp="1649" pin="1"/><net_sink comp="1353" pin=1"/></net>

<net id="1658"><net_src comp="184" pin="1"/><net_sink comp="1655" pin=0"/></net>

<net id="1659"><net_src comp="1655" pin="1"/><net_sink comp="1135" pin=0"/></net>

<net id="1660"><net_src comp="1655" pin="1"/><net_sink comp="1348" pin=1"/></net>

<net id="1664"><net_src comp="188" pin="1"/><net_sink comp="1661" pin=0"/></net>

<net id="1665"><net_src comp="1661" pin="1"/><net_sink comp="1139" pin=0"/></net>

<net id="1666"><net_src comp="1661" pin="1"/><net_sink comp="1343" pin=1"/></net>

<net id="1670"><net_src comp="192" pin="1"/><net_sink comp="1667" pin=0"/></net>

<net id="1671"><net_src comp="1667" pin="1"/><net_sink comp="1143" pin=0"/></net>

<net id="1672"><net_src comp="1667" pin="1"/><net_sink comp="1338" pin=1"/></net>

<net id="1676"><net_src comp="196" pin="1"/><net_sink comp="1673" pin=0"/></net>

<net id="1677"><net_src comp="1673" pin="1"/><net_sink comp="1147" pin=0"/></net>

<net id="1678"><net_src comp="1673" pin="1"/><net_sink comp="1333" pin=1"/></net>

<net id="1682"><net_src comp="200" pin="1"/><net_sink comp="1679" pin=0"/></net>

<net id="1683"><net_src comp="1679" pin="1"/><net_sink comp="1151" pin=0"/></net>

<net id="1684"><net_src comp="1679" pin="1"/><net_sink comp="1328" pin=1"/></net>

<net id="1688"><net_src comp="204" pin="1"/><net_sink comp="1685" pin=0"/></net>

<net id="1689"><net_src comp="1685" pin="1"/><net_sink comp="1155" pin=0"/></net>

<net id="1690"><net_src comp="1685" pin="1"/><net_sink comp="1323" pin=1"/></net>

<net id="1694"><net_src comp="208" pin="1"/><net_sink comp="1691" pin=0"/></net>

<net id="1695"><net_src comp="1691" pin="1"/><net_sink comp="1159" pin=0"/></net>

<net id="1696"><net_src comp="1691" pin="1"/><net_sink comp="1318" pin=1"/></net>

<net id="1700"><net_src comp="212" pin="1"/><net_sink comp="1697" pin=0"/></net>

<net id="1701"><net_src comp="1697" pin="1"/><net_sink comp="1163" pin=0"/></net>

<net id="1702"><net_src comp="1697" pin="1"/><net_sink comp="1313" pin=1"/></net>

<net id="1706"><net_src comp="216" pin="1"/><net_sink comp="1703" pin=0"/></net>

<net id="1707"><net_src comp="1703" pin="1"/><net_sink comp="716" pin=51"/></net>

<net id="1708"><net_src comp="1703" pin="1"/><net_sink comp="1251" pin=0"/></net>

<net id="1712"><net_src comp="220" pin="1"/><net_sink comp="1709" pin=0"/></net>

<net id="1713"><net_src comp="1709" pin="1"/><net_sink comp="716" pin=50"/></net>

<net id="1714"><net_src comp="1709" pin="1"/><net_sink comp="1248" pin=0"/></net>

<net id="1718"><net_src comp="224" pin="1"/><net_sink comp="1715" pin=0"/></net>

<net id="1719"><net_src comp="1715" pin="1"/><net_sink comp="716" pin=49"/></net>

<net id="1720"><net_src comp="1715" pin="1"/><net_sink comp="1245" pin=0"/></net>

<net id="1724"><net_src comp="228" pin="1"/><net_sink comp="1721" pin=0"/></net>

<net id="1725"><net_src comp="1721" pin="1"/><net_sink comp="716" pin=48"/></net>

<net id="1726"><net_src comp="1721" pin="1"/><net_sink comp="1242" pin=0"/></net>

<net id="1730"><net_src comp="232" pin="1"/><net_sink comp="1727" pin=0"/></net>

<net id="1731"><net_src comp="1727" pin="1"/><net_sink comp="716" pin=47"/></net>

<net id="1732"><net_src comp="1727" pin="1"/><net_sink comp="1239" pin=0"/></net>

<net id="1736"><net_src comp="236" pin="1"/><net_sink comp="1733" pin=0"/></net>

<net id="1737"><net_src comp="1733" pin="1"/><net_sink comp="716" pin=46"/></net>

<net id="1738"><net_src comp="1733" pin="1"/><net_sink comp="1236" pin=0"/></net>

<net id="1742"><net_src comp="240" pin="1"/><net_sink comp="1739" pin=0"/></net>

<net id="1743"><net_src comp="1739" pin="1"/><net_sink comp="716" pin=45"/></net>

<net id="1744"><net_src comp="1739" pin="1"/><net_sink comp="1233" pin=0"/></net>

<net id="1748"><net_src comp="244" pin="1"/><net_sink comp="1745" pin=0"/></net>

<net id="1749"><net_src comp="1745" pin="1"/><net_sink comp="716" pin=44"/></net>

<net id="1750"><net_src comp="1745" pin="1"/><net_sink comp="1230" pin=0"/></net>

<net id="1754"><net_src comp="248" pin="1"/><net_sink comp="1751" pin=0"/></net>

<net id="1755"><net_src comp="1751" pin="1"/><net_sink comp="716" pin=43"/></net>

<net id="1756"><net_src comp="1751" pin="1"/><net_sink comp="1227" pin=0"/></net>

<net id="1760"><net_src comp="252" pin="1"/><net_sink comp="1757" pin=0"/></net>

<net id="1761"><net_src comp="1757" pin="1"/><net_sink comp="716" pin=42"/></net>

<net id="1762"><net_src comp="1757" pin="1"/><net_sink comp="1224" pin=0"/></net>

<net id="1766"><net_src comp="256" pin="1"/><net_sink comp="1763" pin=0"/></net>

<net id="1767"><net_src comp="1763" pin="1"/><net_sink comp="716" pin=41"/></net>

<net id="1768"><net_src comp="1763" pin="1"/><net_sink comp="1221" pin=0"/></net>

<net id="1772"><net_src comp="260" pin="1"/><net_sink comp="1769" pin=0"/></net>

<net id="1773"><net_src comp="1769" pin="1"/><net_sink comp="716" pin=40"/></net>

<net id="1774"><net_src comp="1769" pin="1"/><net_sink comp="1218" pin=0"/></net>

<net id="1778"><net_src comp="264" pin="1"/><net_sink comp="1775" pin=0"/></net>

<net id="1779"><net_src comp="1775" pin="1"/><net_sink comp="716" pin=39"/></net>

<net id="1780"><net_src comp="1775" pin="1"/><net_sink comp="1215" pin=0"/></net>

<net id="1784"><net_src comp="268" pin="1"/><net_sink comp="1781" pin=0"/></net>

<net id="1785"><net_src comp="1781" pin="1"/><net_sink comp="716" pin=38"/></net>

<net id="1786"><net_src comp="1781" pin="1"/><net_sink comp="1212" pin=0"/></net>

<net id="1790"><net_src comp="272" pin="1"/><net_sink comp="1787" pin=0"/></net>

<net id="1791"><net_src comp="1787" pin="1"/><net_sink comp="716" pin=37"/></net>

<net id="1792"><net_src comp="1787" pin="1"/><net_sink comp="1209" pin=0"/></net>

<net id="1796"><net_src comp="276" pin="1"/><net_sink comp="1793" pin=0"/></net>

<net id="1797"><net_src comp="1793" pin="1"/><net_sink comp="716" pin=36"/></net>

<net id="1798"><net_src comp="1793" pin="1"/><net_sink comp="1205" pin=0"/></net>

<net id="1802"><net_src comp="280" pin="1"/><net_sink comp="1799" pin=0"/></net>

<net id="1803"><net_src comp="1799" pin="1"/><net_sink comp="716" pin=35"/></net>

<net id="1804"><net_src comp="1799" pin="1"/><net_sink comp="1201" pin=0"/></net>

<net id="1808"><net_src comp="284" pin="1"/><net_sink comp="1805" pin=0"/></net>

<net id="1809"><net_src comp="1805" pin="1"/><net_sink comp="716" pin=34"/></net>

<net id="1810"><net_src comp="1805" pin="1"/><net_sink comp="1197" pin=0"/></net>

<net id="1814"><net_src comp="288" pin="1"/><net_sink comp="1811" pin=0"/></net>

<net id="1815"><net_src comp="1811" pin="1"/><net_sink comp="716" pin=33"/></net>

<net id="1816"><net_src comp="1811" pin="1"/><net_sink comp="1193" pin=0"/></net>

<net id="1820"><net_src comp="292" pin="1"/><net_sink comp="1817" pin=0"/></net>

<net id="1821"><net_src comp="1817" pin="1"/><net_sink comp="716" pin=32"/></net>

<net id="1822"><net_src comp="1817" pin="1"/><net_sink comp="1189" pin=0"/></net>

<net id="1826"><net_src comp="296" pin="1"/><net_sink comp="1823" pin=0"/></net>

<net id="1827"><net_src comp="1823" pin="1"/><net_sink comp="716" pin=31"/></net>

<net id="1828"><net_src comp="1823" pin="1"/><net_sink comp="1185" pin=0"/></net>

<net id="1832"><net_src comp="300" pin="1"/><net_sink comp="1829" pin=0"/></net>

<net id="1833"><net_src comp="1829" pin="1"/><net_sink comp="716" pin=30"/></net>

<net id="1834"><net_src comp="1829" pin="1"/><net_sink comp="1181" pin=0"/></net>

<net id="1838"><net_src comp="304" pin="1"/><net_sink comp="1835" pin=0"/></net>

<net id="1839"><net_src comp="1835" pin="1"/><net_sink comp="716" pin=29"/></net>

<net id="1840"><net_src comp="1835" pin="1"/><net_sink comp="1177" pin=0"/></net>

<net id="1844"><net_src comp="308" pin="1"/><net_sink comp="1841" pin=0"/></net>

<net id="1845"><net_src comp="1841" pin="1"/><net_sink comp="716" pin=28"/></net>

<net id="1846"><net_src comp="1841" pin="1"/><net_sink comp="1173" pin=0"/></net>

<net id="1850"><net_src comp="312" pin="1"/><net_sink comp="1847" pin=0"/></net>

<net id="1851"><net_src comp="1847" pin="1"/><net_sink comp="772" pin=32"/></net>

<net id="1852"><net_src comp="1847" pin="1"/><net_sink comp="1305" pin=0"/></net>

<net id="1856"><net_src comp="316" pin="1"/><net_sink comp="1853" pin=0"/></net>

<net id="1857"><net_src comp="1853" pin="1"/><net_sink comp="772" pin=31"/></net>

<net id="1858"><net_src comp="1853" pin="1"/><net_sink comp="1302" pin=0"/></net>

<net id="1862"><net_src comp="320" pin="1"/><net_sink comp="1859" pin=0"/></net>

<net id="1863"><net_src comp="1859" pin="1"/><net_sink comp="772" pin=30"/></net>

<net id="1864"><net_src comp="1859" pin="1"/><net_sink comp="1299" pin=0"/></net>

<net id="1868"><net_src comp="324" pin="1"/><net_sink comp="1865" pin=0"/></net>

<net id="1869"><net_src comp="1865" pin="1"/><net_sink comp="772" pin=29"/></net>

<net id="1870"><net_src comp="1865" pin="1"/><net_sink comp="1296" pin=0"/></net>

<net id="1874"><net_src comp="328" pin="1"/><net_sink comp="1871" pin=0"/></net>

<net id="1875"><net_src comp="1871" pin="1"/><net_sink comp="772" pin=28"/></net>

<net id="1876"><net_src comp="1871" pin="1"/><net_sink comp="1293" pin=0"/></net>

<net id="1880"><net_src comp="332" pin="1"/><net_sink comp="1877" pin=0"/></net>

<net id="1881"><net_src comp="1877" pin="1"/><net_sink comp="772" pin=27"/></net>

<net id="1882"><net_src comp="1877" pin="1"/><net_sink comp="1290" pin=0"/></net>

<net id="1886"><net_src comp="336" pin="1"/><net_sink comp="1883" pin=0"/></net>

<net id="1887"><net_src comp="1883" pin="1"/><net_sink comp="772" pin=26"/></net>

<net id="1888"><net_src comp="1883" pin="1"/><net_sink comp="1286" pin=0"/></net>

<net id="1892"><net_src comp="340" pin="1"/><net_sink comp="1889" pin=0"/></net>

<net id="1893"><net_src comp="1889" pin="1"/><net_sink comp="772" pin=25"/></net>

<net id="1894"><net_src comp="1889" pin="1"/><net_sink comp="1282" pin=0"/></net>

<net id="1898"><net_src comp="344" pin="1"/><net_sink comp="1895" pin=0"/></net>

<net id="1899"><net_src comp="1895" pin="1"/><net_sink comp="772" pin=24"/></net>

<net id="1900"><net_src comp="1895" pin="1"/><net_sink comp="1278" pin=0"/></net>

<net id="1904"><net_src comp="348" pin="1"/><net_sink comp="1901" pin=0"/></net>

<net id="1905"><net_src comp="1901" pin="1"/><net_sink comp="772" pin=23"/></net>

<net id="1906"><net_src comp="1901" pin="1"/><net_sink comp="1274" pin=0"/></net>

<net id="1910"><net_src comp="352" pin="1"/><net_sink comp="1907" pin=0"/></net>

<net id="1911"><net_src comp="1907" pin="1"/><net_sink comp="772" pin=22"/></net>

<net id="1912"><net_src comp="1907" pin="1"/><net_sink comp="1270" pin=0"/></net>

<net id="1916"><net_src comp="356" pin="1"/><net_sink comp="1913" pin=0"/></net>

<net id="1917"><net_src comp="1913" pin="1"/><net_sink comp="772" pin=21"/></net>

<net id="1918"><net_src comp="1913" pin="1"/><net_sink comp="1266" pin=0"/></net>

<net id="1922"><net_src comp="360" pin="1"/><net_sink comp="1919" pin=0"/></net>

<net id="1923"><net_src comp="1919" pin="1"/><net_sink comp="772" pin=20"/></net>

<net id="1924"><net_src comp="1919" pin="1"/><net_sink comp="1262" pin=0"/></net>

<net id="1928"><net_src comp="364" pin="1"/><net_sink comp="1925" pin=0"/></net>

<net id="1929"><net_src comp="1925" pin="1"/><net_sink comp="772" pin=19"/></net>

<net id="1930"><net_src comp="1925" pin="1"/><net_sink comp="1258" pin=0"/></net>

<net id="1934"><net_src comp="368" pin="1"/><net_sink comp="1931" pin=0"/></net>

<net id="1935"><net_src comp="1931" pin="1"/><net_sink comp="772" pin=18"/></net>

<net id="1936"><net_src comp="1931" pin="1"/><net_sink comp="1254" pin=0"/></net>

<net id="1940"><net_src comp="372" pin="1"/><net_sink comp="1937" pin=0"/></net>

<net id="1941"><net_src comp="1937" pin="1"/><net_sink comp="691" pin=19"/></net>

<net id="1942"><net_src comp="1937" pin="1"/><net_sink comp="953" pin=0"/></net>

<net id="1946"><net_src comp="376" pin="1"/><net_sink comp="1943" pin=0"/></net>

<net id="1947"><net_src comp="1943" pin="1"/><net_sink comp="691" pin=18"/></net>

<net id="1948"><net_src comp="1943" pin="1"/><net_sink comp="950" pin=0"/></net>

<net id="1952"><net_src comp="380" pin="1"/><net_sink comp="1949" pin=0"/></net>

<net id="1953"><net_src comp="1949" pin="1"/><net_sink comp="691" pin=17"/></net>

<net id="1954"><net_src comp="1949" pin="1"/><net_sink comp="947" pin=0"/></net>

<net id="1958"><net_src comp="384" pin="1"/><net_sink comp="1955" pin=0"/></net>

<net id="1959"><net_src comp="1955" pin="1"/><net_sink comp="691" pin=16"/></net>

<net id="1960"><net_src comp="1955" pin="1"/><net_sink comp="944" pin=0"/></net>

<net id="1964"><net_src comp="388" pin="1"/><net_sink comp="1961" pin=0"/></net>

<net id="1965"><net_src comp="1961" pin="1"/><net_sink comp="691" pin=15"/></net>

<net id="1966"><net_src comp="1961" pin="1"/><net_sink comp="941" pin=0"/></net>

<net id="1970"><net_src comp="392" pin="1"/><net_sink comp="1967" pin=0"/></net>

<net id="1971"><net_src comp="1967" pin="1"/><net_sink comp="691" pin=14"/></net>

<net id="1972"><net_src comp="1967" pin="1"/><net_sink comp="938" pin=0"/></net>

<net id="1976"><net_src comp="396" pin="1"/><net_sink comp="1973" pin=0"/></net>

<net id="1977"><net_src comp="1973" pin="1"/><net_sink comp="691" pin=13"/></net>

<net id="1978"><net_src comp="1973" pin="1"/><net_sink comp="935" pin=0"/></net>

<net id="1982"><net_src comp="400" pin="1"/><net_sink comp="1979" pin=0"/></net>

<net id="1983"><net_src comp="1979" pin="1"/><net_sink comp="691" pin=12"/></net>

<net id="1984"><net_src comp="1979" pin="1"/><net_sink comp="932" pin=0"/></net>

<net id="1988"><net_src comp="404" pin="1"/><net_sink comp="1985" pin=0"/></net>

<net id="1989"><net_src comp="1985" pin="1"/><net_sink comp="691" pin=11"/></net>

<net id="1990"><net_src comp="1985" pin="1"/><net_sink comp="929" pin=0"/></net>

<net id="2000"><net_src comp="862" pin="2"/><net_sink comp="1997" pin=0"/></net>

<net id="2001"><net_src comp="1997" pin="1"/><net_sink comp="1040" pin=0"/></net>

<net id="2008"><net_src comp="874" pin="2"/><net_sink comp="2005" pin=0"/></net>

<net id="2009"><net_src comp="2005" pin="1"/><net_sink comp="1036" pin=0"/></net>

<net id="2040"><net_src comp="916" pin="3"/><net_sink comp="2037" pin=0"/></net>

<net id="2041"><net_src comp="2037" pin="1"/><net_sink comp="691" pin=10"/></net>

<net id="2045"><net_src comp="408" pin="3"/><net_sink comp="2042" pin=0"/></net>

<net id="2046"><net_src comp="2042" pin="1"/><net_sink comp="415" pin=0"/></net>

<net id="2077"><net_src comp="415" pin="3"/><net_sink comp="2074" pin=0"/></net>

<net id="2078"><net_src comp="2074" pin="1"/><net_sink comp="809" pin=19"/></net>

<net id="2085"><net_src comp="962" pin="2"/><net_sink comp="2082" pin=0"/></net>

<net id="2086"><net_src comp="2082" pin="1"/><net_sink comp="437" pin=2"/></net>

<net id="2090"><net_src comp="980" pin="3"/><net_sink comp="2087" pin=0"/></net>

<net id="2091"><net_src comp="2087" pin="1"/><net_sink comp="1044" pin=0"/></net>

<net id="2092"><net_src comp="2087" pin="1"/><net_sink comp="1051" pin=0"/></net>

<net id="2093"><net_src comp="2087" pin="1"/><net_sink comp="1167" pin=0"/></net>

<net id="2094"><net_src comp="2087" pin="1"/><net_sink comp="1308" pin=0"/></net>

<net id="2098"><net_src comp="988" pin="3"/><net_sink comp="2095" pin=0"/></net>

<net id="2099"><net_src comp="2095" pin="1"/><net_sink comp="448" pin=2"/></net>

<net id="2100"><net_src comp="2095" pin="1"/><net_sink comp="716" pin=25"/></net>

<net id="2101"><net_src comp="2095" pin="1"/><net_sink comp="772" pin=16"/></net>

<net id="2105"><net_src comp="1044" pin="1"/><net_sink comp="2102" pin=0"/></net>

<net id="2106"><net_src comp="2102" pin="1"/><net_sink comp="1481" pin=1"/></net>

<net id="2110"><net_src comp="421" pin="3"/><net_sink comp="2107" pin=0"/></net>

<net id="2111"><net_src comp="2107" pin="1"/><net_sink comp="428" pin=0"/></net>

<net id="2115"><net_src comp="1051" pin="2"/><net_sink comp="2112" pin=0"/></net>

<net id="2191"><net_src comp="1167" pin="2"/><net_sink comp="2188" pin=0"/></net>

<net id="2192"><net_src comp="2188" pin="1"/><net_sink comp="716" pin=26"/></net>

<net id="2286"><net_src comp="1308" pin="2"/><net_sink comp="2283" pin=0"/></net>

<net id="2287"><net_src comp="2283" pin="1"/><net_sink comp="459" pin=2"/></net>

<net id="2291"><net_src comp="809" pin="20"/><net_sink comp="2288" pin=0"/></net>

<net id="2292"><net_src comp="2288" pin="1"/><net_sink comp="841" pin=0"/></net>

<net id="2293"><net_src comp="2288" pin="1"/><net_sink comp="1433" pin=0"/></net>

<net id="2294"><net_src comp="2288" pin="1"/><net_sink comp="1474" pin=2"/></net>

<net id="2298"><net_src comp="1474" pin="3"/><net_sink comp="2295" pin=0"/></net>

<net id="2299"><net_src comp="2295" pin="1"/><net_sink comp="428" pin=1"/></net>

</net_list>

</model> 
---------------- Datapath Model END ------------------

* FSMD analyzer results:
  - Output states:
	Port: mem_2 | {38 }
 - Input state : 
	Port: conv1 : mem_1_0 | {8 9 11 }
	Port: conv1 : conv1_weight | {2 3 }
	Port: conv1 : conv1_bias | {3 4 }
  - Chain level:
	State 1
		store_ln133 : 1
		store_ln133 : 1
	State 2
		add_ln133_1 : 1
		icmp_ln133 : 1
		add_ln133 : 1
		br_ln133 : 2
		or_ln : 1
		call_ln26 : 2
	State 3
		conv1_bias_addr : 1
		prev_sum : 2
	State 4
	State 5
		icmp_ln139 : 1
		add_ln139_1 : 1
		br_ln139 : 2
		add_ln139 : 1
		icmp_ln141 : 1
		select_ln139 : 2
		select_ln139_1 : 2
		zext_ln150 : 3
		add_ln150 : 4
		zext_ln150_1 : 5
		mul_ln150 : 6
	State 6
	State 7
		add_ln150_1 : 1
	State 8
		zext_ln150_3 : 1
		mem_2_addr : 2
		br_ln46 : 1
		call_ln139 : 1
		call_ln139 : 1
	State 9
	State 10
		window_824 : 1
		window_723 : 1
		window_622 : 1
		window_521 : 1
		window_420 : 1
		window_319 : 1
		window_218 : 1
		window_117 : 1
		window16 : 1
		sum : 2
		store_ln141 : 2
		store_ln141 : 2
		store_ln141 : 2
		store_ln141 : 2
		store_ln141 : 2
		store_ln141 : 2
		store_ln141 : 2
		store_ln141 : 2
		store_ln141 : 2
	State 11
	State 12
		store_ln141 : 1
		store_ln141 : 1
		store_ln141 : 1
		store_ln141 : 1
		store_ln141 : 1
		store_ln141 : 1
		store_ln141 : 1
		store_ln141 : 1
		store_ln141 : 1
		store_ln141 : 1
		store_ln141 : 1
		store_ln141 : 1
		store_ln141 : 1
		store_ln141 : 1
		store_ln141 : 1
	State 13
	State 14
	State 15
	State 16
	State 17
	State 18
	State 19
	State 20
	State 21
	State 22
	State 23
	State 24
	State 25
	State 26
	State 27
	State 28
	State 29
	State 30
	State 31
	State 32
	State 33
	State 34
	State 35
	State 36
	State 37
		tmp : 1
		trunc_ln73 : 1
		icmp_ln73 : 2
		icmp_ln73_1 : 2
		or_ln73 : 3
		and_ln73 : 3
		select_ln73 : 3
	State 38


============================================================
+ Verbose Summary: Datapath Resource usage 
============================================================

* Functional unit list:
|----------|-------------------------------------------------------|---------|---------|---------|---------|
| Operation|                    Functional Unit                    |   DSP   |  Delay  |    FF   |   LUT   |
|----------|-------------------------------------------------------|---------|---------|---------|---------|
|          |    grp_conv1_Pipeline_Fil_load_r_Fil_load_c_fu_691    |    0    |  1.588  |   313   |   121   |
|   call   |         grp_conv1_Pipeline_loadWinShift_fu_716        |    0    |  1.588  |   798   |    85   |
|          | grp_conv1_Pipeline_loadWinFull_VITIS_LOOP_50_1_fu_772 |    0    |  1.588  |   508   |    89   |
|          |                 grp_conv2D_1_s_fu_809                 |    45   |  28.584 |   4284  |   6561  |
|----------|-------------------------------------------------------|---------|---------|---------|---------|
|          |                   add_ln133_1_fu_862                  |    0    |    0    |    0    |    14   |
|          |                    add_ln133_fu_874                   |    0    |    0    |    0    |    11   |
|    add   |                   add_ln139_1_fu_962                  |    0    |    0    |    0    |    13   |
|          |                    add_ln139_fu_968                   |    0    |    0    |    0    |    13   |
|          |                    empty_55_fu_1167                   |    0    |    0    |    0    |    13   |
|          |                   add_ln141_fu_1308                   |    0    |    0    |    0    |    13   |
|----------|-------------------------------------------------------|---------|---------|---------|---------|
|          |                   icmp_ln133_fu_868                   |    0    |    0    |    0    |    8    |
|          |                   icmp_ln139_fu_956                   |    0    |    0    |    0    |    11   |
|   icmp   |                   icmp_ln141_fu_974                   |    0    |    0    |    0    |    9    |
|          |                   icmp_ln46_fu_1051                   |    0    |    0    |    0    |    9    |
|          |                   icmp_ln73_fu_1450                   |    0    |    0    |    0    |    11   |
|          |                  icmp_ln73_1_fu_1456                  |    0    |    0    |    0    |    15   |
|----------|-------------------------------------------------------|---------|---------|---------|---------|
|          |                  select_ln139_fu_980                  |    0    |    0    |    0    |    5    |
|  select  |                 select_ln139_1_fu_988                 |    0    |    0    |    0    |    5    |
|          |                  select_ln73_fu_1474                  |    0    |    0    |    0    |    32   |
|----------|-------------------------------------------------------|---------|---------|---------|---------|
|    or    |                    or_ln73_fu_1462                    |    0    |    0    |    0    |    2    |
|----------|-------------------------------------------------------|---------|---------|---------|---------|
|    and   |                    and_ln73_fu_1468                   |    0    |    0    |    0    |    2    |
|----------|-------------------------------------------------------|---------|---------|---------|---------|
| addmuladd|                      grp_fu_1481                      |    1    |    0    |    0    |    0    |
|----------|-------------------------------------------------------|---------|---------|---------|---------|
|   fcmp   |                       grp_fu_841                      |    0    |    0    |    0    |    0    |
|----------|-------------------------------------------------------|---------|---------|---------|---------|
|bitconcatenate|                      or_ln_fu_916                     |    0    |    0    |    0    |    0    |
|----------|-------------------------------------------------------|---------|---------|---------|---------|
|          |                   zext_ln133_fu_925                   |    0    |    0    |    0    |    0    |
|   zext   |                   zext_ln150_fu_996                   |    0    |    0    |    0    |    0    |
|          |                  zext_ln150_2_fu_1044                 |    0    |    0    |    0    |    0    |
|          |                  zext_ln150_3_fu_1047                 |    0    |    0    |    0    |    0    |
|----------|-------------------------------------------------------|---------|---------|---------|---------|
|partselect|                      tmp_fu_1436                      |    0    |    0    |    0    |    0    |
|----------|-------------------------------------------------------|---------|---------|---------|---------|
|   trunc  |                   trunc_ln73_fu_1446                  |    0    |    0    |    0    |    0    |
|----------|-------------------------------------------------------|---------|---------|---------|---------|
|   Total  |                                                       |    46   |  33.348 |   5903  |   7042  |
|----------|-------------------------------------------------------|---------|---------|---------|---------|

Memories:
N/A

* Register list:
+----------------------------------------+--------+
|                                        |   FF   |
+----------------------------------------+--------+
|          add_ln133_1_reg_1997          |    7   |
|           add_ln133_reg_2005           |    3   |
|          add_ln139_1_reg_2082          |   10   |
|           add_ln141_reg_2283           |    5   |
|        conv1_bias_addr_reg_2042        |    2   |
|            empty_55_reg_2188           |    5   |
|           icmp_ln46_reg_2112           |    1   |
|        indvar_flatten34_reg_433        |   10   |
|    kernel_i_0_0_promoted160_reg_1529   |   32   |
|    kernel_i_0_1_promoted158_reg_1523   |   32   |
|    kernel_i_0_2_promoted162_reg_1535   |   32   |
|    kernel_i_1_0_promoted154_reg_1511   |   32   |
|    kernel_i_1_1_promoted152_reg_1505   |   32   |
|    kernel_i_1_2_promoted156_reg_1517   |   32   |
|    kernel_i_2_0_promoted166_reg_1547   |   32   |
|    kernel_i_2_1_promoted164_reg_1541   |   32   |
|    kernel_i_2_2_promoted168_reg_1553   |   32   |
|           mem_2_addr_reg_2107          |   12   |
|         mux_case_077113_reg_655        |   32   |
|      mux_case_077116_loc_reg_1865      |   32   |
|        mux_case_077120_reg_1577        |   32   |
|        mux_case_077_loc_reg_1721       |   32   |
|          mux_case_083_reg_682          |   32   |
|        mux_case_086_loc_reg_1847       |   32   |
|          mux_case_090_reg_1559         |   32   |
|         mux_case_0_loc_reg_1703        |   32   |
|         mux_case_1100_reg_1565         |   32   |
|         mux_case_179123_reg_646        |   32   |
|      mux_case_179126_loc_reg_1871      |   32   |
|        mux_case_179130_reg_1583        |   32   |
|        mux_case_179_loc_reg_1727       |   32   |
|          mux_case_193_reg_673          |   32   |
|        mux_case_196_loc_reg_1853       |   32   |
|         mux_case_1_loc_reg_1709        |   32   |
|          mux_case_2103_reg_664         |   32   |
|       mux_case_2106_loc_reg_1859       |   32   |
|         mux_case_2110_reg_1571         |   32   |
|         mux_case_281133_reg_637        |   32   |
|      mux_case_281136_loc_reg_1877      |   32   |
|        mux_case_281140_reg_1589        |   32   |
|        mux_case_281_loc_reg_1733       |   32   |
|         mux_case_2_loc_reg_1715        |   32   |
|              n_f_reg_1498              |    3   |
|               oh_reg_444               |    5   |
|             or_ln_reg_2037             |    6   |
|               ow_reg_455               |    5   |
|            p_loc32_reg_1979            |   32   |
|            p_loc33_reg_1973            |   32   |
|            p_loc34_reg_1967            |   32   |
|            p_loc35_reg_1961            |   32   |
|            p_loc36_reg_1955            |   32   |
|            p_loc37_reg_1949            |   32   |
|            p_loc38_reg_1943            |   32   |
|            p_loc39_reg_1937            |   32   |
|            p_loc49_reg_1931            |   32   |
|            p_loc50_reg_1925            |   32   |
|            p_loc51_reg_1919            |   32   |
|            p_loc52_reg_1913            |   32   |
|            p_loc53_reg_1907            |   32   |
|            p_loc54_reg_1901            |   32   |
|            p_loc55_reg_1895            |   32   |
|            p_loc56_reg_1889            |   32   |
|            p_loc57_reg_1883            |   32   |
|             p_loc_reg_1985             |   32   |
|            phi_mul_reg_1491            |    7   |
|            prev_sum_reg_2074           |   32   |
|         select_ln139_1_reg_2095        |    5   |
|          select_ln139_reg_2087         |    5   |
|          select_ln73_reg_2295          |   32   |
|              sum_reg_2288              |   32   |
|         window1626_loc_reg_1793        |   32   |
|           window1627_reg_1649          |   32   |
|            window16_reg_546            |   32   |
|        window_11732_loc_reg_1799       |   32   |
|          window_11733_reg_1655         |   32   |
|           window_117_reg_536           |   32   |
|        window_21838_loc_reg_1805       |   32   |
|          window_21839_reg_1661         |   32   |
|           window_218_reg_526           |   32   |
|        window_31944_loc_reg_1811       |   32   |
|          window_31945_reg_1667         |   32   |
|           window_319_reg_516           |   32   |
|        window_42050_loc_reg_1817       |   32   |
|          window_42051_reg_1673         |   32   |
|           window_420_reg_506           |   32   |
|        window_52156_loc_reg_1823       |   32   |
|          window_52157_reg_1679         |   32   |
|           window_521_reg_496           |   32   |
|        window_62262_loc_reg_1829       |   32   |
|          window_62263_reg_1685         |   32   |
|           window_622_reg_486           |   32   |
|        window_72368_loc_reg_1835       |   32   |
|          window_72369_reg_1691         |   32   |
|           window_723_reg_476           |   32   |
|        window_82474_loc_reg_1841       |   32   |
|          window_82475_reg_1697         |   32   |
|           window_824_reg_466           |   32   |
|   window_i_0_0_promoted187230_reg_592  |   32   |
|window_i_0_0_promoted187232_loc_reg_1763|   32   |
|  window_i_0_0_promoted187235_reg_1619  |   32   |
|   window_i_0_1_promoted185224_reg_601  |   32   |
|window_i_0_1_promoted185226_loc_reg_1757|   32   |
|  window_i_0_1_promoted185229_reg_1613  |   32   |
|   window_i_0_2_promoted189236_reg_583  |   32   |
|window_i_0_2_promoted189238_loc_reg_1769|   32   |
|  window_i_0_2_promoted189241_reg_1625  |   32   |
|   window_i_1_0_promoted181212_reg_619  |   32   |
|window_i_1_0_promoted181214_loc_reg_1745|   32   |
|  window_i_1_0_promoted181217_reg_1601  |   32   |
|   window_i_1_1_promoted179206_reg_628  |   32   |
|window_i_1_1_promoted179208_loc_reg_1739|   32   |
|  window_i_1_1_promoted179211_reg_1595  |   32   |
|   window_i_1_2_promoted183218_reg_610  |   32   |
|window_i_1_2_promoted183220_loc_reg_1751|   32   |
|  window_i_1_2_promoted183223_reg_1607  |   32   |
|   window_i_2_0_promoted193248_reg_565  |   32   |
|window_i_2_0_promoted193250_loc_reg_1781|   32   |
|  window_i_2_0_promoted193253_reg_1637  |   32   |
|   window_i_2_1_promoted191242_reg_574  |   32   |
|window_i_2_1_promoted191244_loc_reg_1775|   32   |
|  window_i_2_1_promoted191247_reg_1631  |   32   |
|   window_i_2_2_promoted195254_reg_556  |   32   |
|window_i_2_2_promoted195256_loc_reg_1787|   32   |
|  window_i_2_2_promoted195259_reg_1643  |   32   |
|          zext_ln150_2_reg_2102         |   12   |
+----------------------------------------+--------+
|                  Total                 |  3559  |
+----------------------------------------+--------+

* Multiplexer (MUX) list: 
|-------------------------------------------------|------|------|------|--------||---------||---------|
|                       Comp                      |  Pin | Size |  BW  | S x BW ||  Delay  ||   LUT   |
|-------------------------------------------------|------|------|------|--------||---------||---------|
|                grp_access_fu_415                |  p0  |   2  |   2  |    4   ||    9    |
| grp_conv1_Pipeline_Fil_load_r_Fil_load_c_fu_691 |  p10 |   2  |   6  |   12   ||    9    |
|      grp_conv1_Pipeline_loadWinShift_fu_716     |  p26 |   2  |   5  |   10   ||    9    |
|                   grp_fu_1481                   |  p1  |   2  |   5  |   10   ||    9    |
|-------------------------------------------------|------|------|------|--------||---------||---------|
|                      Total                      |      |      |      |   36   ||  6.352  ||    36   |
|-------------------------------------------------|------|------|------|--------||---------||---------|



* Summary:
+-----------+--------+--------+--------+--------+
|           |   DSP  |  Delay |   FF   |   LUT  |
+-----------+--------+--------+--------+--------+
|  Function |   46   |   33   |  5903  |  7042  |
|   Memory  |    -   |    -   |    -   |    -   |
|Multiplexer|    -   |    6   |    -   |   36   |
|  Register |    -   |    -   |  3559  |    -   |
+-----------+--------+--------+--------+--------+
|   Total   |   46   |   39   |  9462  |  7078  |
+-----------+--------+--------+--------+--------+
