

================================================================
== Vitis HLS Report for 'Conv_func_4_26_4_24_Pipeline_loadWinFull_VITIS_LOOP_50_1'
================================================================
* Date:           Thu Dec 25 17:04:45 2025

* Version:        2022.1 (Build 3526262 on Mon Apr 18 15:48:16 MDT 2022)
* Project:        Day_5_final_boss
* Solution:       hellojio (Vivado IP Flow Target)
* Product family: zynq
* Target device:  xc7z020-clg400-1


================================================================
== Performance Estimates
================================================================
+ Timing: 
    * Summary: 
    +--------+----------+----------+------------+
    |  Clock |  Target  | Estimated| Uncertainty|
    +--------+----------+----------+------------+
    |ap_clk  |  10.00 ns|  7.038 ns|     2.70 ns|
    +--------+----------+----------+------------+

+ Latency: 
    * Summary: 
    +---------+---------+----------+----------+-----+-----+---------+
    |  Latency (cycles) |  Latency (absolute) |  Interval | Pipeline|
    |   min   |   max   |    min   |    max   | min | max |   Type  |
    +---------+---------+----------+----------+-----+-----+---------+
    |       14|       14|  0.140 us|  0.140 us|   14|   14|       no|
    +---------+---------+----------+----------+-----+-----+---------+

    + Detail: 
        * Instance: 
        N/A

        * Loop: 
        +-------------------------------+---------+---------+----------+-----------+-----------+------+----------+
        |                               |  Latency (cycles) | Iteration|  Initiation Interval  | Trip |          |
        |           Loop Name           |   min   |   max   |  Latency |  achieved |   target  | Count| Pipelined|
        +-------------------------------+---------+---------+----------+-----------+-----------+------+----------+
        |- loadWinFull_VITIS_LOOP_50_1  |       12|       12|         5|          1|          1|     9|       yes|
        +-------------------------------+---------+---------+----------+-----------+-----------+------+----------+



================================================================
== Utilization Estimates
================================================================
* Summary: 
+-----------------+---------+-----+--------+-------+-----+
|       Name      | BRAM_18K| DSP |   FF   |  LUT  | URAM|
+-----------------+---------+-----+--------+-------+-----+
|DSP              |        -|    1|       -|      -|    -|
|Expression       |        -|    -|       0|     87|    -|
|FIFO             |        -|    -|       -|      -|    -|
|Instance         |        -|    -|       -|      -|    -|
|Memory           |        -|    -|       -|      -|    -|
|Multiplexer      |        -|    -|       -|    207|    -|
|Register         |        -|    -|     694|     96|    -|
+-----------------+---------+-----+--------+-------+-----+
|Total            |        0|    1|     694|    390|    0|
+-----------------+---------+-----+--------+-------+-----+
|Available        |      280|  220|  106400|  53200|    0|
+-----------------+---------+-----+--------+-------+-----+
|Utilization (%)  |        0|   ~0|      ~0|     ~0|    0|
+-----------------+---------+-----+--------+-------+-----+

+ Detail: 
    * Instance: 
    N/A

    * DSP: 
    +-------------------------------------------+--------------------------------------+---------------------+
    |                  Instance                 |                Module                |      Expression     |
    +-------------------------------------------+--------------------------------------+---------------------+
    |ama_addmuladd_8ns_5ns_5ns_2ns_12_4_1_U292  |ama_addmuladd_8ns_5ns_5ns_2ns_12_4_1  |  (i0 + i1) * i2 + i3|
    +-------------------------------------------+--------------------------------------+---------------------+

    * Memory: 
    N/A

    * FIFO: 
    N/A

    * Expression: 
    +-------------------------+----------+----+---+----+------------+------------+
    |      Variable Name      | Operation| DSP| FF| LUT| Bitwidth P0| Bitwidth P1|
    +-------------------------+----------+----+---+----+------------+------------+
    |add_ln49_2_fu_501_p2     |         +|   0|  0|  13|           4|           1|
    |add_ln49_fu_513_p2       |         +|   0|  0|  10|           2|           1|
    |add_ln50_fu_555_p2       |         +|   0|  0|  10|           2|           1|
    |add_ln52_fu_545_p2       |         +|   0|  0|  13|           5|           5|
    |ap_condition_467         |       and|   0|  0|   2|           1|           1|
    |ap_condition_472         |       and|   0|  0|   2|           1|           1|
    |ap_condition_476         |       and|   0|  0|   2|           1|           1|
    |ap_condition_479         |       and|   0|  0|   2|           1|           1|
    |ap_condition_482         |       and|   0|  0|   2|           1|           1|
    |ap_condition_486         |       and|   0|  0|   2|           1|           1|
    |ap_condition_489         |       and|   0|  0|   2|           1|           1|
    |ap_condition_494         |       and|   0|  0|   2|           1|           1|
    |ap_condition_497         |       and|   0|  0|   2|           1|           1|
    |icmp_ln49_fu_495_p2      |      icmp|   0|  0|   9|           4|           4|
    |icmp_ln50_fu_519_p2      |      icmp|   0|  0|   8|           2|           2|
    |select_ln52_2_fu_533_p3  |    select|   0|  0|   2|           1|           2|
    |select_ln52_fu_525_p3    |    select|   0|  0|   2|           1|           1|
    |ap_enable_pp0            |       xor|   0|  0|   2|           1|           2|
    +-------------------------+----------+----+---+----+------------+------------+
    |Total                    |          |   0|  0|  87|          31|          28|
    +-------------------------+----------+----+---+----+------------+------------+

    * Multiplexer: 
    +-----------------------------------------+----+-----------+-----+-----------+
    |                   Name                  | LUT| Input Size| Bits| Total Bits|
    +-----------------------------------------+----+-----------+-----+-----------+
    |ap_done_int                              |   9|          2|    1|          2|
    |ap_enable_reg_pp0_iter1                  |   9|          2|    1|          2|
    |ap_sig_allocacmp_indvar_flatten150_load  |   9|          2|    4|          8|
    |ap_sig_allocacmp_wi_load                 |   9|          2|    2|          4|
    |ap_sig_allocacmp_wj_load                 |   9|          2|    2|          4|
    |empty_141_fu_150                         |   9|          2|   32|         64|
    |empty_142_fu_154                         |   9|          2|   32|         64|
    |empty_143_fu_158                         |   9|          2|   32|         64|
    |empty_144_fu_162                         |   9|          2|   32|         64|
    |empty_145_fu_166                         |   9|          2|   32|         64|
    |empty_146_fu_170                         |   9|          2|   32|         64|
    |empty_147_fu_174                         |   9|          2|   32|         64|
    |empty_148_fu_178                         |   9|          2|   32|         64|
    |empty_fu_146                             |   9|          2|   32|         64|
    |indvar_flatten150_fu_118                 |   9|          2|    4|          8|
    |mux_case_08440_fu_134                    |   9|          2|   32|         64|
    |mux_case_08_fu_122                       |   9|          2|   32|         64|
    |mux_case_119_fu_126                      |   9|          2|   32|         64|
    |mux_case_18551_fu_138                    |   9|          2|   32|         64|
    |mux_case_230_fu_130                      |   9|          2|   32|         64|
    |mux_case_28662_fu_142                    |   9|          2|   32|         64|
    |wi_fu_114                                |   9|          2|    2|          4|
    |wj_fu_110                                |   9|          2|    2|          4|
    +-----------------------------------------+----+-----------+-----+-----------+
    |Total                                    | 207|         46|  498|        996|
    +-----------------------------------------+----+-----------+-----+-----------+

    * Register: 
    +----------------------------------+----+----+-----+-----------+
    |               Name               | FF | LUT| Bits| Const Bits|
    +----------------------------------+----+----+-----+-----------+
    |ap_CS_fsm                         |   1|   0|    1|          0|
    |ap_done_reg                       |   1|   0|    1|          0|
    |ap_enable_reg_pp0_iter1           |   1|   0|    1|          0|
    |ap_enable_reg_pp0_iter2           |   1|   0|    1|          0|
    |ap_enable_reg_pp0_iter3           |   1|   0|    1|          0|
    |ap_enable_reg_pp0_iter4           |   1|   0|    1|          0|
    |ap_loop_exit_ready_pp0_iter1_reg  |   1|   0|    1|          0|
    |ap_loop_exit_ready_pp0_iter2_reg  |   1|   0|    1|          0|
    |ap_loop_exit_ready_pp0_iter3_reg  |   1|   0|    1|          0|
    |empty_141_fu_150                  |  32|   0|   32|          0|
    |empty_142_fu_154                  |  32|   0|   32|          0|
    |empty_143_fu_158                  |  32|   0|   32|          0|
    |empty_144_fu_162                  |  32|   0|   32|          0|
    |empty_145_fu_166                  |  32|   0|   32|          0|
    |empty_146_fu_170                  |  32|   0|   32|          0|
    |empty_147_fu_174                  |  32|   0|   32|          0|
    |empty_148_fu_178                  |  32|   0|   32|          0|
    |empty_fu_146                      |  32|   0|   32|          0|
    |icmp_ln49_reg_855                 |   1|   0|    1|          0|
    |indvar_flatten150_fu_118          |   4|   0|    4|          0|
    |mux_case_08440_fu_134             |  32|   0|   32|          0|
    |mux_case_08_fu_122                |  32|   0|   32|          0|
    |mux_case_119_fu_126               |  32|   0|   32|          0|
    |mux_case_18551_fu_138             |  32|   0|   32|          0|
    |mux_case_230_fu_130               |  32|   0|   32|          0|
    |mux_case_28662_fu_142             |  32|   0|   32|          0|
    |select_ln52_2_reg_864             |   2|   0|    2|          0|
    |select_ln52_reg_859               |   2|   0|    2|          0|
    |wi_fu_114                         |   2|   0|    2|          0|
    |wj_fu_110                         |   2|   0|    2|          0|
    |icmp_ln49_reg_855                 |  64|  32|    1|          0|
    |select_ln52_2_reg_864             |  64|  32|    2|          0|
    |select_ln52_reg_859               |  64|  32|    2|          0|
    +----------------------------------+----+----+-----+-----------+
    |Total                             | 694|  96|  507|          0|
    +----------------------------------+----+----+-----+-----------+



================================================================
== Interface
================================================================
* Summary: 
+---------------------------+-----+-----+------------+--------------------------------------------------------------+--------------+
|         RTL Ports         | Dir | Bits|  Protocol  |                         Source Object                        |    C Type    |
+---------------------------+-----+-----+------------+--------------------------------------------------------------+--------------+
|ap_clk                     |   in|    1|  ap_ctrl_hs|  Conv_func<4, 26, 4, 24>_Pipeline_loadWinFull_VITIS_LOOP_50_1|  return value|
|ap_rst                     |   in|    1|  ap_ctrl_hs|  Conv_func<4, 26, 4, 24>_Pipeline_loadWinFull_VITIS_LOOP_50_1|  return value|
|ap_start                   |   in|    1|  ap_ctrl_hs|  Conv_func<4, 26, 4, 24>_Pipeline_loadWinFull_VITIS_LOOP_50_1|  return value|
|ap_done                    |  out|    1|  ap_ctrl_hs|  Conv_func<4, 26, 4, 24>_Pipeline_loadWinFull_VITIS_LOOP_50_1|  return value|
|ap_idle                    |  out|    1|  ap_ctrl_hs|  Conv_func<4, 26, 4, 24>_Pipeline_loadWinFull_VITIS_LOOP_50_1|  return value|
|ap_ready                   |  out|    1|  ap_ctrl_hs|  Conv_func<4, 26, 4, 24>_Pipeline_loadWinFull_VITIS_LOOP_50_1|  return value|
|window_2_2_promoted253     |   in|   32|     ap_none|                                        window_2_2_promoted253|        scalar|
|window_2_0_promoted251     |   in|   32|     ap_none|                                        window_2_0_promoted251|        scalar|
|window_2_1_promoted249     |   in|   32|     ap_none|                                        window_2_1_promoted249|        scalar|
|window_0_2_promoted247     |   in|   32|     ap_none|                                        window_0_2_promoted247|        scalar|
|window_0_0_promoted245     |   in|   32|     ap_none|                                        window_0_0_promoted245|        scalar|
|window_0_1_promoted243     |   in|   32|     ap_none|                                        window_0_1_promoted243|        scalar|
|window_1_2_promoted241     |   in|   32|     ap_none|                                        window_1_2_promoted241|        scalar|
|window_1_0_promoted239     |   in|   32|     ap_none|                                        window_1_0_promoted239|        scalar|
|window_1_1_promoted237     |   in|   32|     ap_none|                                        window_1_1_promoted237|        scalar|
|mux_case_28664             |   in|   32|     ap_none|                                                mux_case_28664|        scalar|
|mux_case_18553             |   in|   32|     ap_none|                                                mux_case_18553|        scalar|
|mux_case_08442             |   in|   32|     ap_none|                                                mux_case_08442|        scalar|
|mux_case_227               |   in|   32|     ap_none|                                                  mux_case_227|        scalar|
|mux_case_116               |   in|   32|     ap_none|                                                  mux_case_116|        scalar|
|mux_case_05                |   in|   32|     ap_none|                                                   mux_case_05|        scalar|
|select_ln139_3             |   in|    5|     ap_none|                                                select_ln139_3|        scalar|
|mul_ln52                   |   in|    8|     ap_none|                                                      mul_ln52|        scalar|
|ifmap_address0             |  out|   12|   ap_memory|                                                         ifmap|         array|
|ifmap_ce0                  |  out|    1|   ap_memory|                                                         ifmap|         array|
|ifmap_q0                   |   in|   32|   ap_memory|                                                         ifmap|         array|
|p_out                      |  out|   32|      ap_vld|                                                         p_out|       pointer|
|p_out_ap_vld               |  out|    1|      ap_vld|                                                         p_out|       pointer|
|p_out1                     |  out|   32|      ap_vld|                                                        p_out1|       pointer|
|p_out1_ap_vld              |  out|    1|      ap_vld|                                                        p_out1|       pointer|
|p_out2                     |  out|   32|      ap_vld|                                                        p_out2|       pointer|
|p_out2_ap_vld              |  out|    1|      ap_vld|                                                        p_out2|       pointer|
|p_out3                     |  out|   32|      ap_vld|                                                        p_out3|       pointer|
|p_out3_ap_vld              |  out|    1|      ap_vld|                                                        p_out3|       pointer|
|p_out4                     |  out|   32|      ap_vld|                                                        p_out4|       pointer|
|p_out4_ap_vld              |  out|    1|      ap_vld|                                                        p_out4|       pointer|
|p_out5                     |  out|   32|      ap_vld|                                                        p_out5|       pointer|
|p_out5_ap_vld              |  out|    1|      ap_vld|                                                        p_out5|       pointer|
|p_out6                     |  out|   32|      ap_vld|                                                        p_out6|       pointer|
|p_out6_ap_vld              |  out|    1|      ap_vld|                                                        p_out6|       pointer|
|p_out7                     |  out|   32|      ap_vld|                                                        p_out7|       pointer|
|p_out7_ap_vld              |  out|    1|      ap_vld|                                                        p_out7|       pointer|
|p_out8                     |  out|   32|      ap_vld|                                                        p_out8|       pointer|
|p_out8_ap_vld              |  out|    1|      ap_vld|                                                        p_out8|       pointer|
|mux_case_28662_out         |  out|   32|      ap_vld|                                            mux_case_28662_out|       pointer|
|mux_case_28662_out_ap_vld  |  out|    1|      ap_vld|                                            mux_case_28662_out|       pointer|
|mux_case_18551_out         |  out|   32|      ap_vld|                                            mux_case_18551_out|       pointer|
|mux_case_18551_out_ap_vld  |  out|    1|      ap_vld|                                            mux_case_18551_out|       pointer|
|mux_case_08440_out         |  out|   32|      ap_vld|                                            mux_case_08440_out|       pointer|
|mux_case_08440_out_ap_vld  |  out|    1|      ap_vld|                                            mux_case_08440_out|       pointer|
|mux_case_230_out           |  out|   32|      ap_vld|                                              mux_case_230_out|       pointer|
|mux_case_230_out_ap_vld    |  out|    1|      ap_vld|                                              mux_case_230_out|       pointer|
|mux_case_119_out           |  out|   32|      ap_vld|                                              mux_case_119_out|       pointer|
|mux_case_119_out_ap_vld    |  out|    1|      ap_vld|                                              mux_case_119_out|       pointer|
|mux_case_08_out            |  out|   32|      ap_vld|                                               mux_case_08_out|       pointer|
|mux_case_08_out_ap_vld     |  out|    1|      ap_vld|                                               mux_case_08_out|       pointer|
+---------------------------+-----+-----+------------+--------------------------------------------------------------+--------------+

============================================================
+ Verbose Summary: Synthesis Manager
============================================================
InlineROM: 1
ExposeGlobal: 0
============================================================
+ Verbose Summary: CDFG Model
============================================================
IsTopModel: 0
ResetActiveHigh: 1
IsCombinational: 2
IsDatapathOnly: 2
HasWiredReturn: 1
HasMFsm: 2
HasVarLatency: 1
IsPipeline: 0
IsRtlPipelined: 0
IsInstanceOverlapped: 0
IsDontTouch: 0
HasImplIP: 0
IsGatedGlobalClock: 0

+ Individual pipeline summary: 
  * Pipeline-0: initiation interval (II) = 1, depth = 5


============================================================
+ Verbose Summary: Schedule
============================================================
* Number of FSM states : 5
* Pipeline : 1
  Pipeline-0 : II = 1, D = 5, States = { 1 2 3 4 5 }
* Dataflow Pipeline: 0

* FSM state transitions: 
1 --> 2 
2 --> 3 
3 --> 4 
4 --> 5 
5 --> 

* FSM state operations: 

State 1 <SV = 0> <Delay = 7.03>
ST_1 : Operation 8 [1/1] (0.00ns)   --->   "%wj = alloca i32 1"   --->   Operation 8 'alloca' 'wj' <Predicate = true> <Delay = 0.00>
ST_1 : Operation 9 [1/1] (0.00ns)   --->   "%wi = alloca i32 1"   --->   Operation 9 'alloca' 'wi' <Predicate = true> <Delay = 0.00>
ST_1 : Operation 10 [1/1] (0.00ns)   --->   "%indvar_flatten150 = alloca i32 1"   --->   Operation 10 'alloca' 'indvar_flatten150' <Predicate = true> <Delay = 0.00>
ST_1 : Operation 11 [1/1] (0.00ns)   --->   "%mux_case_08 = alloca i32 1"   --->   Operation 11 'alloca' 'mux_case_08' <Predicate = true> <Delay = 0.00>
ST_1 : Operation 12 [1/1] (0.00ns)   --->   "%mux_case_119 = alloca i32 1"   --->   Operation 12 'alloca' 'mux_case_119' <Predicate = true> <Delay = 0.00>
ST_1 : Operation 13 [1/1] (0.00ns)   --->   "%mux_case_230 = alloca i32 1"   --->   Operation 13 'alloca' 'mux_case_230' <Predicate = true> <Delay = 0.00>
ST_1 : Operation 14 [1/1] (0.00ns)   --->   "%mux_case_08440 = alloca i32 1"   --->   Operation 14 'alloca' 'mux_case_08440' <Predicate = true> <Delay = 0.00>
ST_1 : Operation 15 [1/1] (0.00ns)   --->   "%mux_case_18551 = alloca i32 1"   --->   Operation 15 'alloca' 'mux_case_18551' <Predicate = true> <Delay = 0.00>
ST_1 : Operation 16 [1/1] (0.00ns)   --->   "%mux_case_28662 = alloca i32 1"   --->   Operation 16 'alloca' 'mux_case_28662' <Predicate = true> <Delay = 0.00>
ST_1 : Operation 17 [1/1] (0.00ns)   --->   "%empty = alloca i32 1"   --->   Operation 17 'alloca' 'empty' <Predicate = true> <Delay = 0.00>
ST_1 : Operation 18 [1/1] (0.00ns)   --->   "%empty_141 = alloca i32 1"   --->   Operation 18 'alloca' 'empty_141' <Predicate = true> <Delay = 0.00>
ST_1 : Operation 19 [1/1] (0.00ns)   --->   "%empty_142 = alloca i32 1"   --->   Operation 19 'alloca' 'empty_142' <Predicate = true> <Delay = 0.00>
ST_1 : Operation 20 [1/1] (0.00ns)   --->   "%empty_143 = alloca i32 1"   --->   Operation 20 'alloca' 'empty_143' <Predicate = true> <Delay = 0.00>
ST_1 : Operation 21 [1/1] (0.00ns)   --->   "%empty_144 = alloca i32 1"   --->   Operation 21 'alloca' 'empty_144' <Predicate = true> <Delay = 0.00>
ST_1 : Operation 22 [1/1] (0.00ns)   --->   "%empty_145 = alloca i32 1"   --->   Operation 22 'alloca' 'empty_145' <Predicate = true> <Delay = 0.00>
ST_1 : Operation 23 [1/1] (0.00ns)   --->   "%empty_146 = alloca i32 1"   --->   Operation 23 'alloca' 'empty_146' <Predicate = true> <Delay = 0.00>
ST_1 : Operation 24 [1/1] (0.00ns)   --->   "%empty_147 = alloca i32 1"   --->   Operation 24 'alloca' 'empty_147' <Predicate = true> <Delay = 0.00>
ST_1 : Operation 25 [1/1] (0.00ns)   --->   "%empty_148 = alloca i32 1"   --->   Operation 25 'alloca' 'empty_148' <Predicate = true> <Delay = 0.00>
ST_1 : Operation 26 [1/1] (0.00ns)   --->   "%mul_ln52_read = read i8 @_ssdm_op_Read.ap_auto.i8, i8 %mul_ln52"   --->   Operation 26 'read' 'mul_ln52_read' <Predicate = true> <Delay = 0.00>
ST_1 : Operation 27 [1/1] (0.00ns)   --->   "%select_ln139_3_read = read i5 @_ssdm_op_Read.ap_auto.i5, i5 %select_ln139_3"   --->   Operation 27 'read' 'select_ln139_3_read' <Predicate = true> <Delay = 0.00>
ST_1 : Operation 28 [1/1] (0.00ns)   --->   "%mux_case_05_read = read i32 @_ssdm_op_Read.ap_auto.float, i32 %mux_case_05"   --->   Operation 28 'read' 'mux_case_05_read' <Predicate = true> <Delay = 0.00>
ST_1 : Operation 29 [1/1] (0.00ns)   --->   "%mux_case_116_read = read i32 @_ssdm_op_Read.ap_auto.float, i32 %mux_case_116"   --->   Operation 29 'read' 'mux_case_116_read' <Predicate = true> <Delay = 0.00>
ST_1 : Operation 30 [1/1] (0.00ns)   --->   "%mux_case_227_read = read i32 @_ssdm_op_Read.ap_auto.float, i32 %mux_case_227"   --->   Operation 30 'read' 'mux_case_227_read' <Predicate = true> <Delay = 0.00>
ST_1 : Operation 31 [1/1] (0.00ns)   --->   "%mux_case_08442_read = read i32 @_ssdm_op_Read.ap_auto.float, i32 %mux_case_08442"   --->   Operation 31 'read' 'mux_case_08442_read' <Predicate = true> <Delay = 0.00>
ST_1 : Operation 32 [1/1] (0.00ns)   --->   "%mux_case_18553_read = read i32 @_ssdm_op_Read.ap_auto.float, i32 %mux_case_18553"   --->   Operation 32 'read' 'mux_case_18553_read' <Predicate = true> <Delay = 0.00>
ST_1 : Operation 33 [1/1] (0.00ns)   --->   "%mux_case_28664_read = read i32 @_ssdm_op_Read.ap_auto.float, i32 %mux_case_28664"   --->   Operation 33 'read' 'mux_case_28664_read' <Predicate = true> <Delay = 0.00>
ST_1 : Operation 34 [1/1] (0.00ns)   --->   "%window_1_1_promoted237_read = read i32 @_ssdm_op_Read.ap_auto.float, i32 %window_1_1_promoted237"   --->   Operation 34 'read' 'window_1_1_promoted237_read' <Predicate = true> <Delay = 0.00>
ST_1 : Operation 35 [1/1] (0.00ns)   --->   "%window_1_0_promoted239_read = read i32 @_ssdm_op_Read.ap_auto.float, i32 %window_1_0_promoted239"   --->   Operation 35 'read' 'window_1_0_promoted239_read' <Predicate = true> <Delay = 0.00>
ST_1 : Operation 36 [1/1] (0.00ns)   --->   "%window_1_2_promoted241_read = read i32 @_ssdm_op_Read.ap_auto.float, i32 %window_1_2_promoted241"   --->   Operation 36 'read' 'window_1_2_promoted241_read' <Predicate = true> <Delay = 0.00>
ST_1 : Operation 37 [1/1] (0.00ns)   --->   "%window_0_1_promoted243_read = read i32 @_ssdm_op_Read.ap_auto.float, i32 %window_0_1_promoted243"   --->   Operation 37 'read' 'window_0_1_promoted243_read' <Predicate = true> <Delay = 0.00>
ST_1 : Operation 38 [1/1] (0.00ns)   --->   "%window_0_0_promoted245_read = read i32 @_ssdm_op_Read.ap_auto.float, i32 %window_0_0_promoted245"   --->   Operation 38 'read' 'window_0_0_promoted245_read' <Predicate = true> <Delay = 0.00>
ST_1 : Operation 39 [1/1] (0.00ns)   --->   "%window_0_2_promoted247_read = read i32 @_ssdm_op_Read.ap_auto.float, i32 %window_0_2_promoted247"   --->   Operation 39 'read' 'window_0_2_promoted247_read' <Predicate = true> <Delay = 0.00>
ST_1 : Operation 40 [1/1] (0.00ns)   --->   "%window_2_1_promoted249_read = read i32 @_ssdm_op_Read.ap_auto.float, i32 %window_2_1_promoted249"   --->   Operation 40 'read' 'window_2_1_promoted249_read' <Predicate = true> <Delay = 0.00>
ST_1 : Operation 41 [1/1] (0.00ns)   --->   "%window_2_0_promoted251_read = read i32 @_ssdm_op_Read.ap_auto.float, i32 %window_2_0_promoted251"   --->   Operation 41 'read' 'window_2_0_promoted251_read' <Predicate = true> <Delay = 0.00>
ST_1 : Operation 42 [1/1] (0.00ns)   --->   "%window_2_2_promoted253_read = read i32 @_ssdm_op_Read.ap_auto.float, i32 %window_2_2_promoted253"   --->   Operation 42 'read' 'window_2_2_promoted253_read' <Predicate = true> <Delay = 0.00>
ST_1 : Operation 43 [1/1] (1.58ns)   --->   "%store_ln0 = store i32 %window_2_2_promoted253_read, i32 %empty_148"   --->   Operation 43 'store' 'store_ln0' <Predicate = true> <Delay = 1.58>
ST_1 : Operation 44 [1/1] (1.58ns)   --->   "%store_ln0 = store i32 %window_2_0_promoted251_read, i32 %empty_147"   --->   Operation 44 'store' 'store_ln0' <Predicate = true> <Delay = 1.58>
ST_1 : Operation 45 [1/1] (1.58ns)   --->   "%store_ln0 = store i32 %window_2_1_promoted249_read, i32 %empty_146"   --->   Operation 45 'store' 'store_ln0' <Predicate = true> <Delay = 1.58>
ST_1 : Operation 46 [1/1] (1.58ns)   --->   "%store_ln0 = store i32 %window_0_2_promoted247_read, i32 %empty_145"   --->   Operation 46 'store' 'store_ln0' <Predicate = true> <Delay = 1.58>
ST_1 : Operation 47 [1/1] (1.58ns)   --->   "%store_ln0 = store i32 %window_0_0_promoted245_read, i32 %empty_144"   --->   Operation 47 'store' 'store_ln0' <Predicate = true> <Delay = 1.58>
ST_1 : Operation 48 [1/1] (1.58ns)   --->   "%store_ln0 = store i32 %window_0_1_promoted243_read, i32 %empty_143"   --->   Operation 48 'store' 'store_ln0' <Predicate = true> <Delay = 1.58>
ST_1 : Operation 49 [1/1] (1.58ns)   --->   "%store_ln0 = store i32 %window_1_2_promoted241_read, i32 %empty_142"   --->   Operation 49 'store' 'store_ln0' <Predicate = true> <Delay = 1.58>
ST_1 : Operation 50 [1/1] (1.58ns)   --->   "%store_ln0 = store i32 %window_1_0_promoted239_read, i32 %empty_141"   --->   Operation 50 'store' 'store_ln0' <Predicate = true> <Delay = 1.58>
ST_1 : Operation 51 [1/1] (1.58ns)   --->   "%store_ln0 = store i32 %window_1_1_promoted237_read, i32 %empty"   --->   Operation 51 'store' 'store_ln0' <Predicate = true> <Delay = 1.58>
ST_1 : Operation 52 [1/1] (1.58ns)   --->   "%store_ln0 = store i32 %mux_case_28664_read, i32 %mux_case_28662"   --->   Operation 52 'store' 'store_ln0' <Predicate = true> <Delay = 1.58>
ST_1 : Operation 53 [1/1] (1.58ns)   --->   "%store_ln0 = store i32 %mux_case_18553_read, i32 %mux_case_18551"   --->   Operation 53 'store' 'store_ln0' <Predicate = true> <Delay = 1.58>
ST_1 : Operation 54 [1/1] (1.58ns)   --->   "%store_ln0 = store i32 %mux_case_08442_read, i32 %mux_case_08440"   --->   Operation 54 'store' 'store_ln0' <Predicate = true> <Delay = 1.58>
ST_1 : Operation 55 [1/1] (1.58ns)   --->   "%store_ln0 = store i32 %mux_case_227_read, i32 %mux_case_230"   --->   Operation 55 'store' 'store_ln0' <Predicate = true> <Delay = 1.58>
ST_1 : Operation 56 [1/1] (1.58ns)   --->   "%store_ln0 = store i32 %mux_case_116_read, i32 %mux_case_119"   --->   Operation 56 'store' 'store_ln0' <Predicate = true> <Delay = 1.58>
ST_1 : Operation 57 [1/1] (1.58ns)   --->   "%store_ln0 = store i32 %mux_case_05_read, i32 %mux_case_08"   --->   Operation 57 'store' 'store_ln0' <Predicate = true> <Delay = 1.58>
ST_1 : Operation 58 [1/1] (1.58ns)   --->   "%store_ln0 = store i4 0, i4 %indvar_flatten150"   --->   Operation 58 'store' 'store_ln0' <Predicate = true> <Delay = 1.58>
ST_1 : Operation 59 [1/1] (1.58ns)   --->   "%store_ln0 = store i2 0, i2 %wi"   --->   Operation 59 'store' 'store_ln0' <Predicate = true> <Delay = 1.58>
ST_1 : Operation 60 [1/1] (1.58ns)   --->   "%store_ln0 = store i2 0, i2 %wj"   --->   Operation 60 'store' 'store_ln0' <Predicate = true> <Delay = 1.58>
ST_1 : Operation 61 [1/1] (0.00ns)   --->   "%br_ln0 = br void %for.body5.i"   --->   Operation 61 'br' 'br_ln0' <Predicate = true> <Delay = 0.00>
ST_1 : Operation 62 [1/1] (0.00ns)   --->   "%indvar_flatten150_load = load i4 %indvar_flatten150" [codes_lab5/HLS_sources_final/templatedFuncs.h:49]   --->   Operation 62 'load' 'indvar_flatten150_load' <Predicate = true> <Delay = 0.00>
ST_1 : Operation 63 [1/1] (1.30ns)   --->   "%icmp_ln49 = icmp_eq  i4 %indvar_flatten150_load, i4 9" [codes_lab5/HLS_sources_final/templatedFuncs.h:49]   --->   Operation 63 'icmp' 'icmp_ln49' <Predicate = true> <Delay = 1.30> <CoreInst = "Cmp">   --->   Core 9 'Cmp' <Latency = 0> <II = 1> <Delay = 1.30> <FuncUnit> <Opcode : 'icmp'> <InPorts = 2> <OutPorts = 1>
ST_1 : Operation 64 [1/1] (1.73ns)   --->   "%add_ln49_2 = add i4 %indvar_flatten150_load, i4 1" [codes_lab5/HLS_sources_final/templatedFuncs.h:49]   --->   Operation 64 'add' 'add_ln49_2' <Predicate = true> <Delay = 1.73> <CoreInst = "Adder">   --->   Core 1 'Adder' <Latency = 0> <II = 1> <Delay = 1.73> <FuncUnit> <Opcode : 'add' 'sub'> <InPorts = 2> <OutPorts = 1>
ST_1 : Operation 65 [1/1] (0.00ns)   --->   "%br_ln49 = br i1 %icmp_ln49, void %for.cond.cleanup4.i, void %_Z17load_input_windowILi4ELi26EEvPA3_fPAT0__AT0__fiii.exit_ifconv.loopexit39.exitStub" [codes_lab5/HLS_sources_final/templatedFuncs.h:49]   --->   Operation 65 'br' 'br_ln49' <Predicate = true> <Delay = 0.00>
ST_1 : Operation 66 [1/1] (0.00ns)   --->   "%wj_load = load i2 %wj" [codes_lab5/HLS_sources_final/templatedFuncs.h:50]   --->   Operation 66 'load' 'wj_load' <Predicate = (!icmp_ln49)> <Delay = 0.00>
ST_1 : Operation 67 [1/1] (0.00ns)   --->   "%wi_load = load i2 %wi" [codes_lab5/HLS_sources_final/templatedFuncs.h:49]   --->   Operation 67 'load' 'wi_load' <Predicate = (!icmp_ln49)> <Delay = 0.00>
ST_1 : Operation 68 [1/1] (1.56ns)   --->   "%add_ln49 = add i2 %wi_load, i2 1" [codes_lab5/HLS_sources_final/templatedFuncs.h:49]   --->   Operation 68 'add' 'add_ln49' <Predicate = (!icmp_ln49)> <Delay = 1.56> <CoreInst = "Adder">   --->   Core 1 'Adder' <Latency = 0> <II = 1> <Delay = 1.56> <FuncUnit> <Opcode : 'add' 'sub'> <InPorts = 2> <OutPorts = 1>
ST_1 : Operation 69 [1/1] (0.95ns)   --->   "%icmp_ln50 = icmp_eq  i2 %wj_load, i2 3" [codes_lab5/HLS_sources_final/templatedFuncs.h:50]   --->   Operation 69 'icmp' 'icmp_ln50' <Predicate = (!icmp_ln49)> <Delay = 0.95> <CoreInst = "Cmp">   --->   Core 9 'Cmp' <Latency = 0> <II = 1> <Delay = 0.95> <FuncUnit> <Opcode : 'icmp'> <InPorts = 2> <OutPorts = 1>
ST_1 : Operation 70 [1/1] (0.99ns)   --->   "%select_ln52 = select i1 %icmp_ln50, i2 0, i2 %wj_load" [codes_lab5/HLS_sources_final/templatedFuncs.h:52]   --->   Operation 70 'select' 'select_ln52' <Predicate = (!icmp_ln49)> <Delay = 0.99> <CoreInst = "Sel">   --->   Core 73 'Sel' <Latency = 0> <II = 1> <Delay = 0.99> <FuncUnit> <Opcode : 'select'> <InPorts = 3> <OutPorts = 1>
ST_1 : Operation 71 [1/1] (0.99ns)   --->   "%select_ln52_2 = select i1 %icmp_ln50, i2 %add_ln49, i2 %wi_load" [codes_lab5/HLS_sources_final/templatedFuncs.h:52]   --->   Operation 71 'select' 'select_ln52_2' <Predicate = (!icmp_ln49)> <Delay = 0.99> <CoreInst = "Sel">   --->   Core 73 'Sel' <Latency = 0> <II = 1> <Delay = 0.99> <FuncUnit> <Opcode : 'select'> <InPorts = 3> <OutPorts = 1>
ST_1 : Operation 72 [1/1] (0.00ns)   --->   "%zext_ln52 = zext i2 %select_ln52_2" [codes_lab5/HLS_sources_final/templatedFuncs.h:52]   --->   Operation 72 'zext' 'zext_ln52' <Predicate = (!icmp_ln49)> <Delay = 0.00>
ST_1 : Operation 73 [1/1] (1.78ns)   --->   "%add_ln52 = add i5 %select_ln139_3_read, i5 %zext_ln52" [codes_lab5/HLS_sources_final/templatedFuncs.h:52]   --->   Operation 73 'add' 'add_ln52' <Predicate = (!icmp_ln49)> <Delay = 1.78> <CoreInst = "Adder">   --->   Core 1 'Adder' <Latency = 0> <II = 1> <Delay = 1.78> <FuncUnit> <Opcode : 'add' 'sub'> <InPorts = 2> <OutPorts = 1>
ST_1 : Operation 74 [1/1] (0.00ns)   --->   "%zext_ln52_4 = zext i5 %add_ln52" [codes_lab5/HLS_sources_final/templatedFuncs.h:52]   --->   Operation 74 'zext' 'zext_ln52_4' <Predicate = (!icmp_ln49)> <Delay = 0.00>
ST_1 : Operation 75 [1/1] (1.65ns) (grouped into DSP with root node add_ln52_2)   --->   "%add_ln52_1 = add i8 %mul_ln52_read, i8 %zext_ln52_4" [codes_lab5/HLS_sources_final/templatedFuncs.h:52]   --->   Operation 75 'add' 'add_ln52_1' <Predicate = (!icmp_ln49)> <Delay = 1.65> <CoreInst = "DSP48">   --->   Core 119 'DSP48' <Latency = 3> <II = 1> <Delay = 2.15> <IPBlock> <Opcode : 'mul' 'add' 'sub' 'select'> <InPorts = 0> <OutPorts = 1> <Sync> <CReg>
ST_1 : Operation 76 [1/1] (0.00ns) (grouped into DSP with root node add_ln52_2)   --->   "%zext_ln50 = zext i8 %add_ln52_1" [codes_lab5/HLS_sources_final/templatedFuncs.h:50]   --->   Operation 76 'zext' 'zext_ln50' <Predicate = (!icmp_ln49)> <Delay = 0.00>
ST_1 : Operation 77 [3/3] (1.05ns) (grouped into DSP with root node add_ln52_2)   --->   "%mul_ln50 = mul i12 %zext_ln50, i12 26" [codes_lab5/HLS_sources_final/templatedFuncs.h:50]   --->   Operation 77 'mul' 'mul_ln50' <Predicate = (!icmp_ln49)> <Delay = 1.05> <CoreInst = "DSP48">   --->   Core 119 'DSP48' <Latency = 3> <II = 1> <Delay = 2.15> <IPBlock> <Opcode : 'mul' 'add' 'sub' 'select'> <InPorts = 0> <OutPorts = 1> <Sync> <CReg>
ST_1 : Operation 78 [1/1] (0.95ns)   --->   "%switch_ln52 = switch i2 %select_ln52_2, void %arrayidx1410.i16.case.2, i2 0, void %arrayidx1410.i16.case.0, i2 1, void %arrayidx1410.i16.case.1" [codes_lab5/HLS_sources_final/templatedFuncs.h:52]   --->   Operation 78 'switch' 'switch_ln52' <Predicate = (!icmp_ln49)> <Delay = 0.95>
ST_1 : Operation 79 [1/1] (0.95ns)   --->   "%switch_ln52 = switch i2 %select_ln52, void %arrayidx1410.i16.case.296, i2 0, void %arrayidx1410.i16.case.1.arrayidx1410.i16.exit_crit_edge, i2 1, void %arrayidx1410.i16.case.1.arrayidx1410.i16.exit_crit_edge32" [codes_lab5/HLS_sources_final/templatedFuncs.h:52]   --->   Operation 79 'switch' 'switch_ln52' <Predicate = (!icmp_ln49 & select_ln52_2 == 1)> <Delay = 0.95>
ST_1 : Operation 80 [1/1] (0.95ns)   --->   "%switch_ln52 = switch i2 %select_ln52, void %arrayidx1410.i16.case.291, i2 0, void %arrayidx1410.i16.case.0.arrayidx1410.i16.exit_crit_edge, i2 1, void %arrayidx1410.i16.case.0.arrayidx1410.i16.exit_crit_edge28" [codes_lab5/HLS_sources_final/templatedFuncs.h:52]   --->   Operation 80 'switch' 'switch_ln52' <Predicate = (!icmp_ln49 & select_ln52_2 == 0)> <Delay = 0.95>
ST_1 : Operation 81 [1/1] (0.95ns)   --->   "%switch_ln52 = switch i2 %select_ln52, void %arrayidx1410.i16.case.2101, i2 0, void %arrayidx1410.i16.case.2.arrayidx1410.i16.exit_crit_edge, i2 1, void %arrayidx1410.i16.case.2.arrayidx1410.i16.exit_crit_edge24" [codes_lab5/HLS_sources_final/templatedFuncs.h:52]   --->   Operation 81 'switch' 'switch_ln52' <Predicate = (!icmp_ln49 & select_ln52_2 != 0 & select_ln52_2 != 1)> <Delay = 0.95>
ST_1 : Operation 82 [1/1] (1.56ns)   --->   "%add_ln50 = add i2 %select_ln52, i2 1" [codes_lab5/HLS_sources_final/templatedFuncs.h:50]   --->   Operation 82 'add' 'add_ln50' <Predicate = (!icmp_ln49)> <Delay = 1.56> <CoreInst = "Adder">   --->   Core 1 'Adder' <Latency = 0> <II = 1> <Delay = 1.56> <FuncUnit> <Opcode : 'add' 'sub'> <InPorts = 2> <OutPorts = 1>
ST_1 : Operation 83 [1/1] (1.58ns)   --->   "%store_ln50 = store i4 %add_ln49_2, i4 %indvar_flatten150" [codes_lab5/HLS_sources_final/templatedFuncs.h:50]   --->   Operation 83 'store' 'store_ln50' <Predicate = (!icmp_ln49)> <Delay = 1.58>
ST_1 : Operation 84 [1/1] (1.58ns)   --->   "%store_ln50 = store i2 %select_ln52_2, i2 %wi" [codes_lab5/HLS_sources_final/templatedFuncs.h:50]   --->   Operation 84 'store' 'store_ln50' <Predicate = (!icmp_ln49)> <Delay = 1.58>
ST_1 : Operation 85 [1/1] (1.58ns)   --->   "%store_ln50 = store i2 %add_ln50, i2 %wj" [codes_lab5/HLS_sources_final/templatedFuncs.h:50]   --->   Operation 85 'store' 'store_ln50' <Predicate = (!icmp_ln49)> <Delay = 1.58>
ST_1 : Operation 86 [1/1] (0.00ns)   --->   "%br_ln50 = br void %for.body5.i" [codes_lab5/HLS_sources_final/templatedFuncs.h:50]   --->   Operation 86 'br' 'br_ln50' <Predicate = (!icmp_ln49)> <Delay = 0.00>

State 2 <SV = 1> <Delay = 1.05>
ST_2 : Operation 87 [2/3] (1.05ns) (grouped into DSP with root node add_ln52_2)   --->   "%mul_ln50 = mul i12 %zext_ln50, i12 26" [codes_lab5/HLS_sources_final/templatedFuncs.h:50]   --->   Operation 87 'mul' 'mul_ln50' <Predicate = true> <Delay = 1.05> <CoreInst = "DSP48">   --->   Core 119 'DSP48' <Latency = 3> <II = 1> <Delay = 2.15> <IPBlock> <Opcode : 'mul' 'add' 'sub' 'select'> <InPorts = 0> <OutPorts = 1> <Sync> <CReg>

State 3 <SV = 2> <Delay = 2.10>
ST_3 : Operation 88 [1/3] (0.00ns) (grouped into DSP with root node add_ln52_2)   --->   "%mul_ln50 = mul i12 %zext_ln50, i12 26" [codes_lab5/HLS_sources_final/templatedFuncs.h:50]   --->   Operation 88 'mul' 'mul_ln50' <Predicate = true> <Delay = 0.00> <CoreInst = "DSP48">   --->   Core 119 'DSP48' <Latency = 3> <II = 1> <Delay = 2.15> <IPBlock> <Opcode : 'mul' 'add' 'sub' 'select'> <InPorts = 0> <OutPorts = 1> <Sync> <CReg>
ST_3 : Operation 89 [1/1] (0.00ns)   --->   "%zext_ln52_5 = zext i2 %select_ln52" [codes_lab5/HLS_sources_final/templatedFuncs.h:52]   --->   Operation 89 'zext' 'zext_ln52_5' <Predicate = true> <Delay = 0.00>
ST_3 : Operation 90 [2/2] (2.10ns) (root node of the DSP)   --->   "%add_ln52_2 = add i12 %mul_ln50, i12 %zext_ln52_5" [codes_lab5/HLS_sources_final/templatedFuncs.h:52]   --->   Operation 90 'add' 'add_ln52_2' <Predicate = true> <Delay = 2.10> <CoreInst = "DSP48">   --->   Core 119 'DSP48' <Latency = 3> <II = 1> <Delay = 2.15> <IPBlock> <Opcode : 'mul' 'add' 'sub' 'select'> <InPorts = 0> <OutPorts = 1> <Sync> <CReg>

State 4 <SV = 3> <Delay = 5.35>
ST_4 : Operation 91 [1/2] (2.10ns) (root node of the DSP)   --->   "%add_ln52_2 = add i12 %mul_ln50, i12 %zext_ln52_5" [codes_lab5/HLS_sources_final/templatedFuncs.h:52]   --->   Operation 91 'add' 'add_ln52_2' <Predicate = true> <Delay = 2.10> <CoreInst = "DSP48">   --->   Core 119 'DSP48' <Latency = 3> <II = 1> <Delay = 2.15> <IPBlock> <Opcode : 'mul' 'add' 'sub' 'select'> <InPorts = 0> <OutPorts = 1> <Sync> <CReg>
ST_4 : Operation 92 [1/1] (0.00ns)   --->   "%zext_ln52_6 = zext i12 %add_ln52_2" [codes_lab5/HLS_sources_final/templatedFuncs.h:52]   --->   Operation 92 'zext' 'zext_ln52_6' <Predicate = true> <Delay = 0.00>
ST_4 : Operation 93 [1/1] (0.00ns)   --->   "%ifmap_addr = getelementptr i32 %ifmap, i64 0, i64 %zext_ln52_6" [codes_lab5/HLS_sources_final/templatedFuncs.h:52]   --->   Operation 93 'getelementptr' 'ifmap_addr' <Predicate = true> <Delay = 0.00>
ST_4 : Operation 94 [2/2] (3.25ns)   --->   "%ifmap_load = load i12 %ifmap_addr" [codes_lab5/HLS_sources_final/templatedFuncs.h:52]   --->   Operation 94 'load' 'ifmap_load' <Predicate = true> <Delay = 3.25> <CoreInst = "RAM">   --->   Core 82 'RAM' <Latency = 1> <II = 1> <Delay = 3.25> <Storage> <Opcode : 'load' 'store'> <Ports = 2> <Width = 32> <Depth = 2704> <RAM>
ST_4 : Operation 124 [1/1] (0.00ns)   --->   "%mux_case_08_load = load i32 %mux_case_08"   --->   Operation 124 'load' 'mux_case_08_load' <Predicate = (icmp_ln49)> <Delay = 0.00>
ST_4 : Operation 125 [1/1] (0.00ns)   --->   "%mux_case_119_load = load i32 %mux_case_119"   --->   Operation 125 'load' 'mux_case_119_load' <Predicate = (icmp_ln49)> <Delay = 0.00>
ST_4 : Operation 126 [1/1] (0.00ns)   --->   "%mux_case_230_load = load i32 %mux_case_230"   --->   Operation 126 'load' 'mux_case_230_load' <Predicate = (icmp_ln49)> <Delay = 0.00>
ST_4 : Operation 127 [1/1] (0.00ns)   --->   "%mux_case_08440_load = load i32 %mux_case_08440"   --->   Operation 127 'load' 'mux_case_08440_load' <Predicate = (icmp_ln49)> <Delay = 0.00>
ST_4 : Operation 128 [1/1] (0.00ns)   --->   "%mux_case_18551_load = load i32 %mux_case_18551"   --->   Operation 128 'load' 'mux_case_18551_load' <Predicate = (icmp_ln49)> <Delay = 0.00>
ST_4 : Operation 129 [1/1] (0.00ns)   --->   "%mux_case_28662_load = load i32 %mux_case_28662"   --->   Operation 129 'load' 'mux_case_28662_load' <Predicate = (icmp_ln49)> <Delay = 0.00>
ST_4 : Operation 130 [1/1] (0.00ns)   --->   "%p_load33 = load i32 %empty"   --->   Operation 130 'load' 'p_load33' <Predicate = (icmp_ln49)> <Delay = 0.00>
ST_4 : Operation 131 [1/1] (0.00ns)   --->   "%p_load31 = load i32 %empty_141"   --->   Operation 131 'load' 'p_load31' <Predicate = (icmp_ln49)> <Delay = 0.00>
ST_4 : Operation 132 [1/1] (0.00ns)   --->   "%p_load30 = load i32 %empty_142"   --->   Operation 132 'load' 'p_load30' <Predicate = (icmp_ln49)> <Delay = 0.00>
ST_4 : Operation 133 [1/1] (0.00ns)   --->   "%p_load29 = load i32 %empty_143"   --->   Operation 133 'load' 'p_load29' <Predicate = (icmp_ln49)> <Delay = 0.00>
ST_4 : Operation 134 [1/1] (0.00ns)   --->   "%p_load27 = load i32 %empty_144"   --->   Operation 134 'load' 'p_load27' <Predicate = (icmp_ln49)> <Delay = 0.00>
ST_4 : Operation 135 [1/1] (0.00ns)   --->   "%p_load26 = load i32 %empty_145"   --->   Operation 135 'load' 'p_load26' <Predicate = (icmp_ln49)> <Delay = 0.00>
ST_4 : Operation 136 [1/1] (0.00ns)   --->   "%p_load25 = load i32 %empty_146"   --->   Operation 136 'load' 'p_load25' <Predicate = (icmp_ln49)> <Delay = 0.00>
ST_4 : Operation 137 [1/1] (0.00ns)   --->   "%p_load23 = load i32 %empty_147"   --->   Operation 137 'load' 'p_load23' <Predicate = (icmp_ln49)> <Delay = 0.00>
ST_4 : Operation 138 [1/1] (0.00ns)   --->   "%p_load = load i32 %empty_148"   --->   Operation 138 'load' 'p_load' <Predicate = (icmp_ln49)> <Delay = 0.00>
ST_4 : Operation 139 [1/1] (0.00ns)   --->   "%write_ln0 = write void @_ssdm_op_Write.ap_auto.floatP0A, i32 %p_out, i32 %p_load"   --->   Operation 139 'write' 'write_ln0' <Predicate = (icmp_ln49)> <Delay = 0.00>
ST_4 : Operation 140 [1/1] (0.00ns)   --->   "%write_ln0 = write void @_ssdm_op_Write.ap_auto.floatP0A, i32 %p_out1, i32 %p_load23"   --->   Operation 140 'write' 'write_ln0' <Predicate = (icmp_ln49)> <Delay = 0.00>
ST_4 : Operation 141 [1/1] (0.00ns)   --->   "%write_ln0 = write void @_ssdm_op_Write.ap_auto.floatP0A, i32 %p_out2, i32 %p_load25"   --->   Operation 141 'write' 'write_ln0' <Predicate = (icmp_ln49)> <Delay = 0.00>
ST_4 : Operation 142 [1/1] (0.00ns)   --->   "%write_ln0 = write void @_ssdm_op_Write.ap_auto.floatP0A, i32 %p_out3, i32 %p_load26"   --->   Operation 142 'write' 'write_ln0' <Predicate = (icmp_ln49)> <Delay = 0.00>
ST_4 : Operation 143 [1/1] (0.00ns)   --->   "%write_ln0 = write void @_ssdm_op_Write.ap_auto.floatP0A, i32 %p_out4, i32 %p_load27"   --->   Operation 143 'write' 'write_ln0' <Predicate = (icmp_ln49)> <Delay = 0.00>
ST_4 : Operation 144 [1/1] (0.00ns)   --->   "%write_ln0 = write void @_ssdm_op_Write.ap_auto.floatP0A, i32 %p_out5, i32 %p_load29"   --->   Operation 144 'write' 'write_ln0' <Predicate = (icmp_ln49)> <Delay = 0.00>
ST_4 : Operation 145 [1/1] (0.00ns)   --->   "%write_ln0 = write void @_ssdm_op_Write.ap_auto.floatP0A, i32 %p_out6, i32 %p_load30"   --->   Operation 145 'write' 'write_ln0' <Predicate = (icmp_ln49)> <Delay = 0.00>
ST_4 : Operation 146 [1/1] (0.00ns)   --->   "%write_ln0 = write void @_ssdm_op_Write.ap_auto.floatP0A, i32 %p_out7, i32 %p_load31"   --->   Operation 146 'write' 'write_ln0' <Predicate = (icmp_ln49)> <Delay = 0.00>
ST_4 : Operation 147 [1/1] (0.00ns)   --->   "%write_ln0 = write void @_ssdm_op_Write.ap_auto.floatP0A, i32 %p_out8, i32 %p_load33"   --->   Operation 147 'write' 'write_ln0' <Predicate = (icmp_ln49)> <Delay = 0.00>
ST_4 : Operation 148 [1/1] (0.00ns)   --->   "%write_ln0 = write void @_ssdm_op_Write.ap_auto.floatP0A, i32 %mux_case_28662_out, i32 %mux_case_28662_load"   --->   Operation 148 'write' 'write_ln0' <Predicate = (icmp_ln49)> <Delay = 0.00>
ST_4 : Operation 149 [1/1] (0.00ns)   --->   "%write_ln0 = write void @_ssdm_op_Write.ap_auto.floatP0A, i32 %mux_case_18551_out, i32 %mux_case_18551_load"   --->   Operation 149 'write' 'write_ln0' <Predicate = (icmp_ln49)> <Delay = 0.00>
ST_4 : Operation 150 [1/1] (0.00ns)   --->   "%write_ln0 = write void @_ssdm_op_Write.ap_auto.floatP0A, i32 %mux_case_08440_out, i32 %mux_case_08440_load"   --->   Operation 150 'write' 'write_ln0' <Predicate = (icmp_ln49)> <Delay = 0.00>
ST_4 : Operation 151 [1/1] (0.00ns)   --->   "%write_ln0 = write void @_ssdm_op_Write.ap_auto.floatP0A, i32 %mux_case_230_out, i32 %mux_case_230_load"   --->   Operation 151 'write' 'write_ln0' <Predicate = (icmp_ln49)> <Delay = 0.00>
ST_4 : Operation 152 [1/1] (0.00ns)   --->   "%write_ln0 = write void @_ssdm_op_Write.ap_auto.floatP0A, i32 %mux_case_119_out, i32 %mux_case_119_load"   --->   Operation 152 'write' 'write_ln0' <Predicate = (icmp_ln49)> <Delay = 0.00>
ST_4 : Operation 153 [1/1] (0.00ns)   --->   "%write_ln0 = write void @_ssdm_op_Write.ap_auto.floatP0A, i32 %mux_case_08_out, i32 %mux_case_08_load"   --->   Operation 153 'write' 'write_ln0' <Predicate = (icmp_ln49)> <Delay = 0.00>
ST_4 : Operation 154 [1/1] (0.00ns)   --->   "%ret_ln0 = ret"   --->   Operation 154 'ret' 'ret_ln0' <Predicate = (icmp_ln49)> <Delay = 0.00>

State 5 <SV = 4> <Delay = 4.84>
ST_5 : Operation 95 [1/1] (0.00ns)   --->   "%specloopname_ln0 = specloopname void @_ssdm_op_SpecLoopName, void @loadWinFull_VITIS_LOOP_50_1_str"   --->   Operation 95 'specloopname' 'specloopname_ln0' <Predicate = true> <Delay = 0.00>
ST_5 : Operation 96 [1/1] (0.00ns)   --->   "%empty_149 = speclooptripcount i32 @_ssdm_op_SpecLoopTripCount, i64 9, i64 9, i64 9"   --->   Operation 96 'speclooptripcount' 'empty_149' <Predicate = true> <Delay = 0.00>
ST_5 : Operation 97 [1/1] (0.00ns)   --->   "%specpipeline_ln51 = specpipeline void @_ssdm_op_SpecPipeline, i32 4294967295, i32 0, i32 0, i32 0, void @empty_9" [codes_lab5/HLS_sources_final/templatedFuncs.h:51]   --->   Operation 97 'specpipeline' 'specpipeline_ln51' <Predicate = true> <Delay = 0.00>
ST_5 : Operation 98 [1/1] (0.00ns)   --->   "%specloopname_ln50 = specloopname void @_ssdm_op_SpecLoopName, void @empty_13" [codes_lab5/HLS_sources_final/templatedFuncs.h:50]   --->   Operation 98 'specloopname' 'specloopname_ln50' <Predicate = true> <Delay = 0.00>
ST_5 : Operation 99 [1/2] (3.25ns)   --->   "%ifmap_load = load i12 %ifmap_addr" [codes_lab5/HLS_sources_final/templatedFuncs.h:52]   --->   Operation 99 'load' 'ifmap_load' <Predicate = true> <Delay = 3.25> <CoreInst = "RAM">   --->   Core 82 'RAM' <Latency = 1> <II = 1> <Delay = 3.25> <Storage> <Opcode : 'load' 'store'> <Ports = 2> <Width = 32> <Depth = 2704> <RAM>
ST_5 : Operation 100 [1/1] (1.58ns)   --->   "%store_ln52 = store i32 %ifmap_load, i32 %empty" [codes_lab5/HLS_sources_final/templatedFuncs.h:52]   --->   Operation 100 'store' 'store_ln52' <Predicate = (select_ln52_2 == 1 & select_ln52 == 1)> <Delay = 1.58>
ST_5 : Operation 101 [1/1] (1.58ns)   --->   "%store_ln52 = store i32 %ifmap_load, i32 %mux_case_119" [codes_lab5/HLS_sources_final/templatedFuncs.h:52]   --->   Operation 101 'store' 'store_ln52' <Predicate = (select_ln52_2 == 1 & select_ln52 == 1)> <Delay = 1.58>
ST_5 : Operation 102 [1/1] (0.00ns)   --->   "%br_ln52 = br void %arrayidx1410.i16.exit" [codes_lab5/HLS_sources_final/templatedFuncs.h:52]   --->   Operation 102 'br' 'br_ln52' <Predicate = (select_ln52_2 == 1 & select_ln52 == 1)> <Delay = 0.00>
ST_5 : Operation 103 [1/1] (1.58ns)   --->   "%store_ln52 = store i32 %ifmap_load, i32 %empty_141" [codes_lab5/HLS_sources_final/templatedFuncs.h:52]   --->   Operation 103 'store' 'store_ln52' <Predicate = (select_ln52_2 == 1 & select_ln52 == 0)> <Delay = 1.58>
ST_5 : Operation 104 [1/1] (0.00ns)   --->   "%br_ln52 = br void %arrayidx1410.i16.exit" [codes_lab5/HLS_sources_final/templatedFuncs.h:52]   --->   Operation 104 'br' 'br_ln52' <Predicate = (select_ln52_2 == 1 & select_ln52 == 0)> <Delay = 0.00>
ST_5 : Operation 105 [1/1] (1.58ns)   --->   "%store_ln52 = store i32 %ifmap_load, i32 %empty_142" [codes_lab5/HLS_sources_final/templatedFuncs.h:52]   --->   Operation 105 'store' 'store_ln52' <Predicate = (select_ln52_2 == 1 & select_ln52 != 0 & select_ln52 != 1)> <Delay = 1.58>
ST_5 : Operation 106 [1/1] (1.58ns)   --->   "%store_ln52 = store i32 %ifmap_load, i32 %mux_case_18551" [codes_lab5/HLS_sources_final/templatedFuncs.h:52]   --->   Operation 106 'store' 'store_ln52' <Predicate = (select_ln52_2 == 1 & select_ln52 != 0 & select_ln52 != 1)> <Delay = 1.58>
ST_5 : Operation 107 [1/1] (0.00ns)   --->   "%br_ln52 = br void %arrayidx1410.i16.exit" [codes_lab5/HLS_sources_final/templatedFuncs.h:52]   --->   Operation 107 'br' 'br_ln52' <Predicate = (select_ln52_2 == 1 & select_ln52 != 0 & select_ln52 != 1)> <Delay = 0.00>
ST_5 : Operation 108 [1/1] (1.58ns)   --->   "%store_ln52 = store i32 %ifmap_load, i32 %empty_143" [codes_lab5/HLS_sources_final/templatedFuncs.h:52]   --->   Operation 108 'store' 'store_ln52' <Predicate = (select_ln52_2 == 0 & select_ln52 == 1)> <Delay = 1.58>
ST_5 : Operation 109 [1/1] (1.58ns)   --->   "%store_ln52 = store i32 %ifmap_load, i32 %mux_case_08" [codes_lab5/HLS_sources_final/templatedFuncs.h:52]   --->   Operation 109 'store' 'store_ln52' <Predicate = (select_ln52_2 == 0 & select_ln52 == 1)> <Delay = 1.58>
ST_5 : Operation 110 [1/1] (0.00ns)   --->   "%br_ln52 = br void %arrayidx1410.i16.exit" [codes_lab5/HLS_sources_final/templatedFuncs.h:52]   --->   Operation 110 'br' 'br_ln52' <Predicate = (select_ln52_2 == 0 & select_ln52 == 1)> <Delay = 0.00>
ST_5 : Operation 111 [1/1] (1.58ns)   --->   "%store_ln52 = store i32 %ifmap_load, i32 %empty_144" [codes_lab5/HLS_sources_final/templatedFuncs.h:52]   --->   Operation 111 'store' 'store_ln52' <Predicate = (select_ln52_2 == 0 & select_ln52 == 0)> <Delay = 1.58>
ST_5 : Operation 112 [1/1] (0.00ns)   --->   "%br_ln52 = br void %arrayidx1410.i16.exit" [codes_lab5/HLS_sources_final/templatedFuncs.h:52]   --->   Operation 112 'br' 'br_ln52' <Predicate = (select_ln52_2 == 0 & select_ln52 == 0)> <Delay = 0.00>
ST_5 : Operation 113 [1/1] (1.58ns)   --->   "%store_ln52 = store i32 %ifmap_load, i32 %empty_145" [codes_lab5/HLS_sources_final/templatedFuncs.h:52]   --->   Operation 113 'store' 'store_ln52' <Predicate = (select_ln52_2 == 0 & select_ln52 != 0 & select_ln52 != 1)> <Delay = 1.58>
ST_5 : Operation 114 [1/1] (1.58ns)   --->   "%store_ln52 = store i32 %ifmap_load, i32 %mux_case_08440" [codes_lab5/HLS_sources_final/templatedFuncs.h:52]   --->   Operation 114 'store' 'store_ln52' <Predicate = (select_ln52_2 == 0 & select_ln52 != 0 & select_ln52 != 1)> <Delay = 1.58>
ST_5 : Operation 115 [1/1] (0.00ns)   --->   "%br_ln52 = br void %arrayidx1410.i16.exit" [codes_lab5/HLS_sources_final/templatedFuncs.h:52]   --->   Operation 115 'br' 'br_ln52' <Predicate = (select_ln52_2 == 0 & select_ln52 != 0 & select_ln52 != 1)> <Delay = 0.00>
ST_5 : Operation 116 [1/1] (1.58ns)   --->   "%store_ln52 = store i32 %ifmap_load, i32 %empty_146" [codes_lab5/HLS_sources_final/templatedFuncs.h:52]   --->   Operation 116 'store' 'store_ln52' <Predicate = (select_ln52_2 != 0 & select_ln52_2 != 1 & select_ln52 == 1)> <Delay = 1.58>
ST_5 : Operation 117 [1/1] (1.58ns)   --->   "%store_ln52 = store i32 %ifmap_load, i32 %mux_case_230" [codes_lab5/HLS_sources_final/templatedFuncs.h:52]   --->   Operation 117 'store' 'store_ln52' <Predicate = (select_ln52_2 != 0 & select_ln52_2 != 1 & select_ln52 == 1)> <Delay = 1.58>
ST_5 : Operation 118 [1/1] (0.00ns)   --->   "%br_ln52 = br void %arrayidx1410.i16.exit" [codes_lab5/HLS_sources_final/templatedFuncs.h:52]   --->   Operation 118 'br' 'br_ln52' <Predicate = (select_ln52_2 != 0 & select_ln52_2 != 1 & select_ln52 == 1)> <Delay = 0.00>
ST_5 : Operation 119 [1/1] (1.58ns)   --->   "%store_ln52 = store i32 %ifmap_load, i32 %empty_147" [codes_lab5/HLS_sources_final/templatedFuncs.h:52]   --->   Operation 119 'store' 'store_ln52' <Predicate = (select_ln52_2 != 0 & select_ln52_2 != 1 & select_ln52 == 0)> <Delay = 1.58>
ST_5 : Operation 120 [1/1] (0.00ns)   --->   "%br_ln52 = br void %arrayidx1410.i16.exit" [codes_lab5/HLS_sources_final/templatedFuncs.h:52]   --->   Operation 120 'br' 'br_ln52' <Predicate = (select_ln52_2 != 0 & select_ln52_2 != 1 & select_ln52 == 0)> <Delay = 0.00>
ST_5 : Operation 121 [1/1] (1.58ns)   --->   "%store_ln52 = store i32 %ifmap_load, i32 %empty_148" [codes_lab5/HLS_sources_final/templatedFuncs.h:52]   --->   Operation 121 'store' 'store_ln52' <Predicate = (select_ln52_2 != 0 & select_ln52_2 != 1 & select_ln52 != 0 & select_ln52 != 1)> <Delay = 1.58>
ST_5 : Operation 122 [1/1] (1.58ns)   --->   "%store_ln52 = store i32 %ifmap_load, i32 %mux_case_28662" [codes_lab5/HLS_sources_final/templatedFuncs.h:52]   --->   Operation 122 'store' 'store_ln52' <Predicate = (select_ln52_2 != 0 & select_ln52_2 != 1 & select_ln52 != 0 & select_ln52 != 1)> <Delay = 1.58>
ST_5 : Operation 123 [1/1] (0.00ns)   --->   "%br_ln52 = br void %arrayidx1410.i16.exit" [codes_lab5/HLS_sources_final/templatedFuncs.h:52]   --->   Operation 123 'br' 'br_ln52' <Predicate = (select_ln52_2 != 0 & select_ln52_2 != 1 & select_ln52 != 0 & select_ln52 != 1)> <Delay = 0.00>


============================================================
+ Verbose Summary: Binding
============================================================
STG Binding: 
---------------- STG Properties BEGIN ----------------
- Is combinational: 0
- Is one-state seq: 0
- Is datapath-only: 0
- Is pipelined: 0
- Is top level: 0
Port [ Return ] is wired: 1; IO mode=ap_ctrl_hs:ce=0
Port [ window_2_2_promoted253]:  wired=1; compound=0; hidden=0; nouse=0; global=0; static=0; extern=0; dir=0; type=0; pingpong=0; private_global=0; IO mode=ap_none:ce=0
Port [ window_2_0_promoted251]:  wired=1; compound=0; hidden=0; nouse=0; global=0; static=0; extern=0; dir=0; type=0; pingpong=0; private_global=0; IO mode=ap_none:ce=0
Port [ window_2_1_promoted249]:  wired=1; compound=0; hidden=0; nouse=0; global=0; static=0; extern=0; dir=0; type=0; pingpong=0; private_global=0; IO mode=ap_none:ce=0
Port [ window_0_2_promoted247]:  wired=1; compound=0; hidden=0; nouse=0; global=0; static=0; extern=0; dir=0; type=0; pingpong=0; private_global=0; IO mode=ap_none:ce=0
Port [ window_0_0_promoted245]:  wired=1; compound=0; hidden=0; nouse=0; global=0; static=0; extern=0; dir=0; type=0; pingpong=0; private_global=0; IO mode=ap_none:ce=0
Port [ window_0_1_promoted243]:  wired=1; compound=0; hidden=0; nouse=0; global=0; static=0; extern=0; dir=0; type=0; pingpong=0; private_global=0; IO mode=ap_none:ce=0
Port [ window_1_2_promoted241]:  wired=1; compound=0; hidden=0; nouse=0; global=0; static=0; extern=0; dir=0; type=0; pingpong=0; private_global=0; IO mode=ap_none:ce=0
Port [ window_1_0_promoted239]:  wired=1; compound=0; hidden=0; nouse=0; global=0; static=0; extern=0; dir=0; type=0; pingpong=0; private_global=0; IO mode=ap_none:ce=0
Port [ window_1_1_promoted237]:  wired=1; compound=0; hidden=0; nouse=0; global=0; static=0; extern=0; dir=0; type=0; pingpong=0; private_global=0; IO mode=ap_none:ce=0
Port [ mux_case_28664]:  wired=1; compound=0; hidden=0; nouse=0; global=0; static=0; extern=0; dir=0; type=0; pingpong=0; private_global=0; IO mode=ap_none:ce=0
Port [ mux_case_18553]:  wired=1; compound=0; hidden=0; nouse=0; global=0; static=0; extern=0; dir=0; type=0; pingpong=0; private_global=0; IO mode=ap_none:ce=0
Port [ mux_case_08442]:  wired=1; compound=0; hidden=0; nouse=0; global=0; static=0; extern=0; dir=0; type=0; pingpong=0; private_global=0; IO mode=ap_none:ce=0
Port [ mux_case_227]:  wired=1; compound=0; hidden=0; nouse=0; global=0; static=0; extern=0; dir=0; type=0; pingpong=0; private_global=0; IO mode=ap_none:ce=0
Port [ mux_case_116]:  wired=1; compound=0; hidden=0; nouse=0; global=0; static=0; extern=0; dir=0; type=0; pingpong=0; private_global=0; IO mode=ap_none:ce=0
Port [ mux_case_05]:  wired=1; compound=0; hidden=0; nouse=0; global=0; static=0; extern=0; dir=0; type=0; pingpong=0; private_global=0; IO mode=ap_none:ce=0
Port [ select_ln139_3]:  wired=1; compound=0; hidden=0; nouse=0; global=0; static=0; extern=0; dir=0; type=0; pingpong=0; private_global=0; IO mode=ap_none:ce=0
Port [ mul_ln52]:  wired=1; compound=0; hidden=0; nouse=0; global=0; static=0; extern=0; dir=0; type=0; pingpong=0; private_global=0; IO mode=ap_none:ce=0
Port [ ifmap]:  wired=1; compound=1; hidden=0; nouse=0; global=0; static=0; extern=0; dir=0; type=1; pingpong=1; private_global=0; MemPort=[13]; IO mode=ap_memory:ce=0
Port [ p_out]:  wired=1; compound=0; hidden=0; nouse=0; global=0; static=0; extern=0; dir=1; type=0; pingpong=0; private_global=0; IO mode=ap_vld:ce=0
Port [ p_out1]:  wired=1; compound=0; hidden=0; nouse=0; global=0; static=0; extern=0; dir=1; type=0; pingpong=0; private_global=0; IO mode=ap_vld:ce=0
Port [ p_out2]:  wired=1; compound=0; hidden=0; nouse=0; global=0; static=0; extern=0; dir=1; type=0; pingpong=0; private_global=0; IO mode=ap_vld:ce=0
Port [ p_out3]:  wired=1; compound=0; hidden=0; nouse=0; global=0; static=0; extern=0; dir=1; type=0; pingpong=0; private_global=0; IO mode=ap_vld:ce=0
Port [ p_out4]:  wired=1; compound=0; hidden=0; nouse=0; global=0; static=0; extern=0; dir=1; type=0; pingpong=0; private_global=0; IO mode=ap_vld:ce=0
Port [ p_out5]:  wired=1; compound=0; hidden=0; nouse=0; global=0; static=0; extern=0; dir=1; type=0; pingpong=0; private_global=0; IO mode=ap_vld:ce=0
Port [ p_out6]:  wired=1; compound=0; hidden=0; nouse=0; global=0; static=0; extern=0; dir=1; type=0; pingpong=0; private_global=0; IO mode=ap_vld:ce=0
Port [ p_out7]:  wired=1; compound=0; hidden=0; nouse=0; global=0; static=0; extern=0; dir=1; type=0; pingpong=0; private_global=0; IO mode=ap_vld:ce=0
Port [ p_out8]:  wired=1; compound=0; hidden=0; nouse=0; global=0; static=0; extern=0; dir=1; type=0; pingpong=0; private_global=0; IO mode=ap_vld:ce=0
Port [ mux_case_28662_out]:  wired=1; compound=0; hidden=0; nouse=0; global=0; static=0; extern=0; dir=1; type=0; pingpong=0; private_global=0; IO mode=ap_vld:ce=0
Port [ mux_case_18551_out]:  wired=1; compound=0; hidden=0; nouse=0; global=0; static=0; extern=0; dir=1; type=0; pingpong=0; private_global=0; IO mode=ap_vld:ce=0
Port [ mux_case_08440_out]:  wired=1; compound=0; hidden=0; nouse=0; global=0; static=0; extern=0; dir=1; type=0; pingpong=0; private_global=0; IO mode=ap_vld:ce=0
Port [ mux_case_230_out]:  wired=1; compound=0; hidden=0; nouse=0; global=0; static=0; extern=0; dir=1; type=0; pingpong=0; private_global=0; IO mode=ap_vld:ce=0
Port [ mux_case_119_out]:  wired=1; compound=0; hidden=0; nouse=0; global=0; static=0; extern=0; dir=1; type=0; pingpong=0; private_global=0; IO mode=ap_vld:ce=0
Port [ mux_case_08_out]:  wired=1; compound=0; hidden=0; nouse=0; global=0; static=0; extern=0; dir=1; type=0; pingpong=0; private_global=0; IO mode=ap_vld:ce=0
---------------- STG Properties END ------------------

---------------- Datapath Model BEGIN ----------------

<LifeTime>
<method=bitvector/>
wj                          (alloca           ) [ 010000]
wi                          (alloca           ) [ 010000]
indvar_flatten150           (alloca           ) [ 010000]
mux_case_08                 (alloca           ) [ 011111]
mux_case_119                (alloca           ) [ 011111]
mux_case_230                (alloca           ) [ 011111]
mux_case_08440              (alloca           ) [ 011111]
mux_case_18551              (alloca           ) [ 011111]
mux_case_28662              (alloca           ) [ 011111]
empty                       (alloca           ) [ 011111]
empty_141                   (alloca           ) [ 011111]
empty_142                   (alloca           ) [ 011111]
empty_143                   (alloca           ) [ 011111]
empty_144                   (alloca           ) [ 011111]
empty_145                   (alloca           ) [ 011111]
empty_146                   (alloca           ) [ 011111]
empty_147                   (alloca           ) [ 011111]
empty_148                   (alloca           ) [ 011111]
mul_ln52_read               (read             ) [ 000000]
select_ln139_3_read         (read             ) [ 000000]
mux_case_05_read            (read             ) [ 000000]
mux_case_116_read           (read             ) [ 000000]
mux_case_227_read           (read             ) [ 000000]
mux_case_08442_read         (read             ) [ 000000]
mux_case_18553_read         (read             ) [ 000000]
mux_case_28664_read         (read             ) [ 000000]
window_1_1_promoted237_read (read             ) [ 000000]
window_1_0_promoted239_read (read             ) [ 000000]
window_1_2_promoted241_read (read             ) [ 000000]
window_0_1_promoted243_read (read             ) [ 000000]
window_0_0_promoted245_read (read             ) [ 000000]
window_0_2_promoted247_read (read             ) [ 000000]
window_2_1_promoted249_read (read             ) [ 000000]
window_2_0_promoted251_read (read             ) [ 000000]
window_2_2_promoted253_read (read             ) [ 000000]
store_ln0                   (store            ) [ 000000]
store_ln0                   (store            ) [ 000000]
store_ln0                   (store            ) [ 000000]
store_ln0                   (store            ) [ 000000]
store_ln0                   (store            ) [ 000000]
store_ln0                   (store            ) [ 000000]
store_ln0                   (store            ) [ 000000]
store_ln0                   (store            ) [ 000000]
store_ln0                   (store            ) [ 000000]
store_ln0                   (store            ) [ 000000]
store_ln0                   (store            ) [ 000000]
store_ln0                   (store            ) [ 000000]
store_ln0                   (store            ) [ 000000]
store_ln0                   (store            ) [ 000000]
store_ln0                   (store            ) [ 000000]
store_ln0                   (store            ) [ 000000]
store_ln0                   (store            ) [ 000000]
store_ln0                   (store            ) [ 000000]
br_ln0                      (br               ) [ 000000]
indvar_flatten150_load      (load             ) [ 000000]
icmp_ln49                   (icmp             ) [ 011110]
add_ln49_2                  (add              ) [ 000000]
br_ln49                     (br               ) [ 000000]
wj_load                     (load             ) [ 000000]
wi_load                     (load             ) [ 000000]
add_ln49                    (add              ) [ 000000]
icmp_ln50                   (icmp             ) [ 000000]
select_ln52                 (select           ) [ 011111]
select_ln52_2               (select           ) [ 011111]
zext_ln52                   (zext             ) [ 000000]
add_ln52                    (add              ) [ 000000]
zext_ln52_4                 (zext             ) [ 000000]
add_ln52_1                  (add              ) [ 000000]
zext_ln50                   (zext             ) [ 011100]
switch_ln52                 (switch           ) [ 000000]
switch_ln52                 (switch           ) [ 000000]
switch_ln52                 (switch           ) [ 000000]
switch_ln52                 (switch           ) [ 000000]
add_ln50                    (add              ) [ 000000]
store_ln50                  (store            ) [ 000000]
store_ln50                  (store            ) [ 000000]
store_ln50                  (store            ) [ 000000]
br_ln50                     (br               ) [ 000000]
mul_ln50                    (mul              ) [ 010010]
zext_ln52_5                 (zext             ) [ 010010]
add_ln52_2                  (add              ) [ 000000]
zext_ln52_6                 (zext             ) [ 000000]
ifmap_addr                  (getelementptr    ) [ 010001]
specloopname_ln0            (specloopname     ) [ 000000]
empty_149                   (speclooptripcount) [ 000000]
specpipeline_ln51           (specpipeline     ) [ 000000]
specloopname_ln50           (specloopname     ) [ 000000]
ifmap_load                  (load             ) [ 000000]
store_ln52                  (store            ) [ 000000]
store_ln52                  (store            ) [ 000000]
br_ln52                     (br               ) [ 000000]
store_ln52                  (store            ) [ 000000]
br_ln52                     (br               ) [ 000000]
store_ln52                  (store            ) [ 000000]
store_ln52                  (store            ) [ 000000]
br_ln52                     (br               ) [ 000000]
store_ln52                  (store            ) [ 000000]
store_ln52                  (store            ) [ 000000]
br_ln52                     (br               ) [ 000000]
store_ln52                  (store            ) [ 000000]
br_ln52                     (br               ) [ 000000]
store_ln52                  (store            ) [ 000000]
store_ln52                  (store            ) [ 000000]
br_ln52                     (br               ) [ 000000]
store_ln52                  (store            ) [ 000000]
store_ln52                  (store            ) [ 000000]
br_ln52                     (br               ) [ 000000]
store_ln52                  (store            ) [ 000000]
br_ln52                     (br               ) [ 000000]
store_ln52                  (store            ) [ 000000]
store_ln52                  (store            ) [ 000000]
br_ln52                     (br               ) [ 000000]
mux_case_08_load            (load             ) [ 000000]
mux_case_119_load           (load             ) [ 000000]
mux_case_230_load           (load             ) [ 000000]
mux_case_08440_load         (load             ) [ 000000]
mux_case_18551_load         (load             ) [ 000000]
mux_case_28662_load         (load             ) [ 000000]
p_load33                    (load             ) [ 000000]
p_load31                    (load             ) [ 000000]
p_load30                    (load             ) [ 000000]
p_load29                    (load             ) [ 000000]
p_load27                    (load             ) [ 000000]
p_load26                    (load             ) [ 000000]
p_load25                    (load             ) [ 000000]
p_load23                    (load             ) [ 000000]
p_load                      (load             ) [ 000000]
write_ln0                   (write            ) [ 000000]
write_ln0                   (write            ) [ 000000]
write_ln0                   (write            ) [ 000000]
write_ln0                   (write            ) [ 000000]
write_ln0                   (write            ) [ 000000]
write_ln0                   (write            ) [ 000000]
write_ln0                   (write            ) [ 000000]
write_ln0                   (write            ) [ 000000]
write_ln0                   (write            ) [ 000000]
write_ln0                   (write            ) [ 000000]
write_ln0                   (write            ) [ 000000]
write_ln0                   (write            ) [ 000000]
write_ln0                   (write            ) [ 000000]
write_ln0                   (write            ) [ 000000]
write_ln0                   (write            ) [ 000000]
ret_ln0                     (ret              ) [ 000000]
</LifeTime>

<model>

<comp_list>
<comp id="0" class="1000" name="window_2_2_promoted253">
<pin_list>
<pin id="1" dir="1" index="0" bw="1" slack="0"/>
</pin_list>
<bind>
<StgValue><ssdm name="window_2_2_promoted253"/></StgValue>
</bind>
</comp>

<comp id="2" class="1000" name="window_2_0_promoted251">
<pin_list>
<pin id="3" dir="1" index="0" bw="1" slack="0"/>
</pin_list>
<bind>
<StgValue><ssdm name="window_2_0_promoted251"/></StgValue>
</bind>
</comp>

<comp id="4" class="1000" name="window_2_1_promoted249">
<pin_list>
<pin id="5" dir="1" index="0" bw="1" slack="0"/>
</pin_list>
<bind>
<StgValue><ssdm name="window_2_1_promoted249"/></StgValue>
</bind>
</comp>

<comp id="6" class="1000" name="window_0_2_promoted247">
<pin_list>
<pin id="7" dir="1" index="0" bw="1" slack="0"/>
</pin_list>
<bind>
<StgValue><ssdm name="window_0_2_promoted247"/></StgValue>
</bind>
</comp>

<comp id="8" class="1000" name="window_0_0_promoted245">
<pin_list>
<pin id="9" dir="1" index="0" bw="1" slack="0"/>
</pin_list>
<bind>
<StgValue><ssdm name="window_0_0_promoted245"/></StgValue>
</bind>
</comp>

<comp id="10" class="1000" name="window_0_1_promoted243">
<pin_list>
<pin id="11" dir="1" index="0" bw="1" slack="0"/>
</pin_list>
<bind>
<StgValue><ssdm name="window_0_1_promoted243"/></StgValue>
</bind>
</comp>

<comp id="12" class="1000" name="window_1_2_promoted241">
<pin_list>
<pin id="13" dir="1" index="0" bw="1" slack="0"/>
</pin_list>
<bind>
<StgValue><ssdm name="window_1_2_promoted241"/></StgValue>
</bind>
</comp>

<comp id="14" class="1000" name="window_1_0_promoted239">
<pin_list>
<pin id="15" dir="1" index="0" bw="1" slack="0"/>
</pin_list>
<bind>
<StgValue><ssdm name="window_1_0_promoted239"/></StgValue>
</bind>
</comp>

<comp id="16" class="1000" name="window_1_1_promoted237">
<pin_list>
<pin id="17" dir="1" index="0" bw="1" slack="0"/>
</pin_list>
<bind>
<StgValue><ssdm name="window_1_1_promoted237"/></StgValue>
</bind>
</comp>

<comp id="18" class="1000" name="mux_case_28664">
<pin_list>
<pin id="19" dir="1" index="0" bw="1" slack="0"/>
</pin_list>
<bind>
<StgValue><ssdm name="mux_case_28664"/></StgValue>
</bind>
</comp>

<comp id="20" class="1000" name="mux_case_18553">
<pin_list>
<pin id="21" dir="1" index="0" bw="1" slack="0"/>
</pin_list>
<bind>
<StgValue><ssdm name="mux_case_18553"/></StgValue>
</bind>
</comp>

<comp id="22" class="1000" name="mux_case_08442">
<pin_list>
<pin id="23" dir="1" index="0" bw="1" slack="0"/>
</pin_list>
<bind>
<StgValue><ssdm name="mux_case_08442"/></StgValue>
</bind>
</comp>

<comp id="24" class="1000" name="mux_case_227">
<pin_list>
<pin id="25" dir="1" index="0" bw="1" slack="0"/>
</pin_list>
<bind>
<StgValue><ssdm name="mux_case_227"/></StgValue>
</bind>
</comp>

<comp id="26" class="1000" name="mux_case_116">
<pin_list>
<pin id="27" dir="1" index="0" bw="1" slack="0"/>
</pin_list>
<bind>
<StgValue><ssdm name="mux_case_116"/></StgValue>
</bind>
</comp>

<comp id="28" class="1000" name="mux_case_05">
<pin_list>
<pin id="29" dir="1" index="0" bw="1" slack="0"/>
</pin_list>
<bind>
<StgValue><ssdm name="mux_case_05"/></StgValue>
</bind>
</comp>

<comp id="30" class="1000" name="select_ln139_3">
<pin_list>
<pin id="31" dir="1" index="0" bw="1" slack="0"/>
</pin_list>
<bind>
<StgValue><ssdm name="select_ln139_3"/></StgValue>
</bind>
</comp>

<comp id="32" class="1000" name="mul_ln52">
<pin_list>
<pin id="33" dir="1" index="0" bw="1" slack="0"/>
</pin_list>
<bind>
<StgValue><ssdm name="mul_ln52"/></StgValue>
</bind>
</comp>

<comp id="34" class="1000" name="ifmap">
<pin_list>
<pin id="35" dir="1" index="0" bw="1" slack="0"/>
</pin_list>
<bind>
<StgValue><ssdm name="ifmap"/><MemPortTyVec>1 3 </MemPortTyVec>
</StgValue>
</bind>
</comp>

<comp id="36" class="1000" name="p_out">
<pin_list>
<pin id="37" dir="1" index="0" bw="1" slack="0"/>
</pin_list>
<bind>
<StgValue><ssdm name="p_out"/></StgValue>
</bind>
</comp>

<comp id="38" class="1000" name="p_out1">
<pin_list>
<pin id="39" dir="1" index="0" bw="1" slack="0"/>
</pin_list>
<bind>
<StgValue><ssdm name="p_out1"/></StgValue>
</bind>
</comp>

<comp id="40" class="1000" name="p_out2">
<pin_list>
<pin id="41" dir="1" index="0" bw="1" slack="0"/>
</pin_list>
<bind>
<StgValue><ssdm name="p_out2"/></StgValue>
</bind>
</comp>

<comp id="42" class="1000" name="p_out3">
<pin_list>
<pin id="43" dir="1" index="0" bw="1" slack="0"/>
</pin_list>
<bind>
<StgValue><ssdm name="p_out3"/></StgValue>
</bind>
</comp>

<comp id="44" class="1000" name="p_out4">
<pin_list>
<pin id="45" dir="1" index="0" bw="1" slack="0"/>
</pin_list>
<bind>
<StgValue><ssdm name="p_out4"/></StgValue>
</bind>
</comp>

<comp id="46" class="1000" name="p_out5">
<pin_list>
<pin id="47" dir="1" index="0" bw="1" slack="0"/>
</pin_list>
<bind>
<StgValue><ssdm name="p_out5"/></StgValue>
</bind>
</comp>

<comp id="48" class="1000" name="p_out6">
<pin_list>
<pin id="49" dir="1" index="0" bw="1" slack="0"/>
</pin_list>
<bind>
<StgValue><ssdm name="p_out6"/></StgValue>
</bind>
</comp>

<comp id="50" class="1000" name="p_out7">
<pin_list>
<pin id="51" dir="1" index="0" bw="1" slack="0"/>
</pin_list>
<bind>
<StgValue><ssdm name="p_out7"/></StgValue>
</bind>
</comp>

<comp id="52" class="1000" name="p_out8">
<pin_list>
<pin id="53" dir="1" index="0" bw="1" slack="0"/>
</pin_list>
<bind>
<StgValue><ssdm name="p_out8"/></StgValue>
</bind>
</comp>

<comp id="54" class="1000" name="mux_case_28662_out">
<pin_list>
<pin id="55" dir="1" index="0" bw="1" slack="0"/>
</pin_list>
<bind>
<StgValue><ssdm name="mux_case_28662_out"/></StgValue>
</bind>
</comp>

<comp id="56" class="1000" name="mux_case_18551_out">
<pin_list>
<pin id="57" dir="1" index="0" bw="1" slack="0"/>
</pin_list>
<bind>
<StgValue><ssdm name="mux_case_18551_out"/></StgValue>
</bind>
</comp>

<comp id="58" class="1000" name="mux_case_08440_out">
<pin_list>
<pin id="59" dir="1" index="0" bw="1" slack="0"/>
</pin_list>
<bind>
<StgValue><ssdm name="mux_case_08440_out"/></StgValue>
</bind>
</comp>

<comp id="60" class="1000" name="mux_case_230_out">
<pin_list>
<pin id="61" dir="1" index="0" bw="1" slack="0"/>
</pin_list>
<bind>
<StgValue><ssdm name="mux_case_230_out"/></StgValue>
</bind>
</comp>

<comp id="62" class="1000" name="mux_case_119_out">
<pin_list>
<pin id="63" dir="1" index="0" bw="1" slack="0"/>
</pin_list>
<bind>
<StgValue><ssdm name="mux_case_119_out"/></StgValue>
</bind>
</comp>

<comp id="64" class="1000" name="mux_case_08_out">
<pin_list>
<pin id="65" dir="1" index="0" bw="1" slack="0"/>
</pin_list>
<bind>
<StgValue><ssdm name="mux_case_08_out"/></StgValue>
</bind>
</comp>

<comp id="66" class="1001" name="const_66">
<pin_list>
<pin id="67" dir="1" index="0" bw="1" slack="0"/>
</pin_list>
<bind>
<StgValue><ssdm name=""/></StgValue>
</bind>
</comp>

<comp id="68" class="1001" name="const_68">
<pin_list>
<pin id="69" dir="1" index="0" bw="1" slack="0"/>
</pin_list>
<bind>
<StgValue><ssdm name="_ssdm_op_Read.ap_auto.i8"/></StgValue>
</bind>
</comp>

<comp id="70" class="1001" name="const_70">
<pin_list>
<pin id="71" dir="1" index="0" bw="1" slack="0"/>
</pin_list>
<bind>
<StgValue><ssdm name="_ssdm_op_Read.ap_auto.i5"/></StgValue>
</bind>
</comp>

<comp id="72" class="1001" name="const_72">
<pin_list>
<pin id="73" dir="1" index="0" bw="1" slack="0"/>
</pin_list>
<bind>
<StgValue><ssdm name="_ssdm_op_Read.ap_auto.float"/></StgValue>
</bind>
</comp>

<comp id="74" class="1001" name="const_74">
<pin_list>
<pin id="75" dir="1" index="0" bw="1" slack="0"/>
</pin_list>
<bind>
<StgValue><ssdm name=""/></StgValue>
</bind>
</comp>

<comp id="76" class="1001" name="const_76">
<pin_list>
<pin id="77" dir="1" index="0" bw="1" slack="0"/>
</pin_list>
<bind>
<StgValue><ssdm name=""/></StgValue>
</bind>
</comp>

<comp id="78" class="1001" name="const_78">
<pin_list>
<pin id="79" dir="1" index="0" bw="1" slack="0"/>
</pin_list>
<bind>
<StgValue><ssdm name=""/></StgValue>
</bind>
</comp>

<comp id="80" class="1001" name="const_80">
<pin_list>
<pin id="81" dir="1" index="0" bw="1" slack="0"/>
</pin_list>
<bind>
<StgValue><ssdm name=""/></StgValue>
</bind>
</comp>

<comp id="82" class="1001" name="const_82">
<pin_list>
<pin id="83" dir="1" index="0" bw="1" slack="0"/>
</pin_list>
<bind>
<StgValue><ssdm name=""/></StgValue>
</bind>
</comp>

<comp id="84" class="1001" name="const_84">
<pin_list>
<pin id="85" dir="1" index="0" bw="1" slack="0"/>
</pin_list>
<bind>
<StgValue><ssdm name=""/></StgValue>
</bind>
</comp>

<comp id="86" class="1001" name="const_86">
<pin_list>
<pin id="87" dir="1" index="0" bw="1" slack="0"/>
</pin_list>
<bind>
<StgValue><ssdm name=""/></StgValue>
</bind>
</comp>

<comp id="88" class="1001" name="const_88">
<pin_list>
<pin id="89" dir="1" index="0" bw="1" slack="0"/>
</pin_list>
<bind>
<StgValue><ssdm name=""/></StgValue>
</bind>
</comp>

<comp id="90" class="1001" name="const_90">
<pin_list>
<pin id="91" dir="1" index="0" bw="1" slack="2147483647"/>
</pin_list>
<bind>
<StgValue><ssdm name="_ssdm_op_SpecLoopName"/></StgValue>
</bind>
</comp>

<comp id="92" class="1001" name="const_92">
<pin_list>
<pin id="93" dir="1" index="0" bw="1" slack="2147483647"/>
</pin_list>
<bind>
<StgValue><ssdm name="loadWinFull_VITIS_LOOP_50_1_str"/></StgValue>
</bind>
</comp>

<comp id="94" class="1001" name="const_94">
<pin_list>
<pin id="95" dir="1" index="0" bw="1" slack="2147483647"/>
</pin_list>
<bind>
<StgValue><ssdm name="_ssdm_op_SpecLoopTripCount"/></StgValue>
</bind>
</comp>

<comp id="96" class="1001" name="const_96">
<pin_list>
<pin id="97" dir="1" index="0" bw="1" slack="2147483647"/>
</pin_list>
<bind>
<StgValue><ssdm name=""/></StgValue>
</bind>
</comp>

<comp id="98" class="1001" name="const_98">
<pin_list>
<pin id="99" dir="1" index="0" bw="1" slack="2147483647"/>
</pin_list>
<bind>
<StgValue><ssdm name="_ssdm_op_SpecPipeline"/></StgValue>
</bind>
</comp>

<comp id="100" class="1001" name="const_100">
<pin_list>
<pin id="101" dir="1" index="0" bw="1" slack="2147483647"/>
</pin_list>
<bind>
<StgValue><ssdm name=""/></StgValue>
</bind>
</comp>

<comp id="102" class="1001" name="const_102">
<pin_list>
<pin id="103" dir="1" index="0" bw="1" slack="2147483647"/>
</pin_list>
<bind>
<StgValue><ssdm name=""/></StgValue>
</bind>
</comp>

<comp id="104" class="1001" name="const_104">
<pin_list>
<pin id="105" dir="1" index="0" bw="1" slack="2147483647"/>
</pin_list>
<bind>
<StgValue><ssdm name="empty_9"/></StgValue>
</bind>
</comp>

<comp id="106" class="1001" name="const_106">
<pin_list>
<pin id="107" dir="1" index="0" bw="1" slack="2147483647"/>
</pin_list>
<bind>
<StgValue><ssdm name="empty_13"/></StgValue>
</bind>
</comp>

<comp id="108" class="1001" name="const_108">
<pin_list>
<pin id="109" dir="1" index="0" bw="1" slack="0"/>
</pin_list>
<bind>
<StgValue><ssdm name="_ssdm_op_Write.ap_auto.floatP0A"/></StgValue>
</bind>
</comp>

<comp id="110" class="1004" name="wj_fu_110">
<pin_list>
<pin id="111" dir="0" index="0" bw="1" slack="0"/>
<pin id="112" dir="1" index="1" bw="2" slack="0"/>
</pin_list>
<bind>
<opcode="alloca(26) " fcode="alloca"/>
<opset="wj/1 "/>
</bind>
</comp>

<comp id="114" class="1004" name="wi_fu_114">
<pin_list>
<pin id="115" dir="0" index="0" bw="1" slack="0"/>
<pin id="116" dir="1" index="1" bw="2" slack="0"/>
</pin_list>
<bind>
<opcode="alloca(26) " fcode="alloca"/>
<opset="wi/1 "/>
</bind>
</comp>

<comp id="118" class="1004" name="indvar_flatten150_fu_118">
<pin_list>
<pin id="119" dir="0" index="0" bw="1" slack="0"/>
<pin id="120" dir="1" index="1" bw="4" slack="0"/>
</pin_list>
<bind>
<opcode="alloca(26) " fcode="alloca"/>
<opset="indvar_flatten150/1 "/>
</bind>
</comp>

<comp id="122" class="1004" name="mux_case_08_fu_122">
<pin_list>
<pin id="123" dir="0" index="0" bw="1" slack="0"/>
<pin id="124" dir="1" index="1" bw="32" slack="0"/>
</pin_list>
<bind>
<opcode="alloca(26) " fcode="alloca"/>
<opset="mux_case_08/1 "/>
</bind>
</comp>

<comp id="126" class="1004" name="mux_case_119_fu_126">
<pin_list>
<pin id="127" dir="0" index="0" bw="1" slack="0"/>
<pin id="128" dir="1" index="1" bw="32" slack="0"/>
</pin_list>
<bind>
<opcode="alloca(26) " fcode="alloca"/>
<opset="mux_case_119/1 "/>
</bind>
</comp>

<comp id="130" class="1004" name="mux_case_230_fu_130">
<pin_list>
<pin id="131" dir="0" index="0" bw="1" slack="0"/>
<pin id="132" dir="1" index="1" bw="32" slack="0"/>
</pin_list>
<bind>
<opcode="alloca(26) " fcode="alloca"/>
<opset="mux_case_230/1 "/>
</bind>
</comp>

<comp id="134" class="1004" name="mux_case_08440_fu_134">
<pin_list>
<pin id="135" dir="0" index="0" bw="1" slack="0"/>
<pin id="136" dir="1" index="1" bw="32" slack="0"/>
</pin_list>
<bind>
<opcode="alloca(26) " fcode="alloca"/>
<opset="mux_case_08440/1 "/>
</bind>
</comp>

<comp id="138" class="1004" name="mux_case_18551_fu_138">
<pin_list>
<pin id="139" dir="0" index="0" bw="1" slack="0"/>
<pin id="140" dir="1" index="1" bw="32" slack="0"/>
</pin_list>
<bind>
<opcode="alloca(26) " fcode="alloca"/>
<opset="mux_case_18551/1 "/>
</bind>
</comp>

<comp id="142" class="1004" name="mux_case_28662_fu_142">
<pin_list>
<pin id="143" dir="0" index="0" bw="1" slack="0"/>
<pin id="144" dir="1" index="1" bw="32" slack="0"/>
</pin_list>
<bind>
<opcode="alloca(26) " fcode="alloca"/>
<opset="mux_case_28662/1 "/>
</bind>
</comp>

<comp id="146" class="1004" name="empty_fu_146">
<pin_list>
<pin id="147" dir="0" index="0" bw="1" slack="0"/>
<pin id="148" dir="1" index="1" bw="32" slack="0"/>
</pin_list>
<bind>
<opcode="alloca(26) " fcode="alloca"/>
<opset="empty/1 "/>
</bind>
</comp>

<comp id="150" class="1004" name="empty_141_fu_150">
<pin_list>
<pin id="151" dir="0" index="0" bw="1" slack="0"/>
<pin id="152" dir="1" index="1" bw="32" slack="0"/>
</pin_list>
<bind>
<opcode="alloca(26) " fcode="alloca"/>
<opset="empty_141/1 "/>
</bind>
</comp>

<comp id="154" class="1004" name="empty_142_fu_154">
<pin_list>
<pin id="155" dir="0" index="0" bw="1" slack="0"/>
<pin id="156" dir="1" index="1" bw="32" slack="0"/>
</pin_list>
<bind>
<opcode="alloca(26) " fcode="alloca"/>
<opset="empty_142/1 "/>
</bind>
</comp>

<comp id="158" class="1004" name="empty_143_fu_158">
<pin_list>
<pin id="159" dir="0" index="0" bw="1" slack="0"/>
<pin id="160" dir="1" index="1" bw="32" slack="0"/>
</pin_list>
<bind>
<opcode="alloca(26) " fcode="alloca"/>
<opset="empty_143/1 "/>
</bind>
</comp>

<comp id="162" class="1004" name="empty_144_fu_162">
<pin_list>
<pin id="163" dir="0" index="0" bw="1" slack="0"/>
<pin id="164" dir="1" index="1" bw="32" slack="0"/>
</pin_list>
<bind>
<opcode="alloca(26) " fcode="alloca"/>
<opset="empty_144/1 "/>
</bind>
</comp>

<comp id="166" class="1004" name="empty_145_fu_166">
<pin_list>
<pin id="167" dir="0" index="0" bw="1" slack="0"/>
<pin id="168" dir="1" index="1" bw="32" slack="0"/>
</pin_list>
<bind>
<opcode="alloca(26) " fcode="alloca"/>
<opset="empty_145/1 "/>
</bind>
</comp>

<comp id="170" class="1004" name="empty_146_fu_170">
<pin_list>
<pin id="171" dir="0" index="0" bw="1" slack="0"/>
<pin id="172" dir="1" index="1" bw="32" slack="0"/>
</pin_list>
<bind>
<opcode="alloca(26) " fcode="alloca"/>
<opset="empty_146/1 "/>
</bind>
</comp>

<comp id="174" class="1004" name="empty_147_fu_174">
<pin_list>
<pin id="175" dir="0" index="0" bw="1" slack="0"/>
<pin id="176" dir="1" index="1" bw="32" slack="0"/>
</pin_list>
<bind>
<opcode="alloca(26) " fcode="alloca"/>
<opset="empty_147/1 "/>
</bind>
</comp>

<comp id="178" class="1004" name="empty_148_fu_178">
<pin_list>
<pin id="179" dir="0" index="0" bw="1" slack="0"/>
<pin id="180" dir="1" index="1" bw="32" slack="0"/>
</pin_list>
<bind>
<opcode="alloca(26) " fcode="alloca"/>
<opset="empty_148/1 "/>
</bind>
</comp>

<comp id="182" class="1004" name="mul_ln52_read_read_fu_182">
<pin_list>
<pin id="183" dir="0" index="0" bw="8" slack="0"/>
<pin id="184" dir="0" index="1" bw="8" slack="0"/>
<pin id="185" dir="1" index="2" bw="8" slack="0"/>
</pin_list>
<bind>
<opcode="read(1150) " fcode="read"/>
<opset="mul_ln52_read/1 "/>
</bind>
</comp>

<comp id="188" class="1004" name="select_ln139_3_read_read_fu_188">
<pin_list>
<pin id="189" dir="0" index="0" bw="5" slack="0"/>
<pin id="190" dir="0" index="1" bw="5" slack="0"/>
<pin id="191" dir="1" index="2" bw="5" slack="0"/>
</pin_list>
<bind>
<opcode="read(1150) " fcode="read"/>
<opset="select_ln139_3_read/1 "/>
</bind>
</comp>

<comp id="194" class="1004" name="mux_case_05_read_read_fu_194">
<pin_list>
<pin id="195" dir="0" index="0" bw="32" slack="0"/>
<pin id="196" dir="0" index="1" bw="32" slack="0"/>
<pin id="197" dir="1" index="2" bw="32" slack="0"/>
</pin_list>
<bind>
<opcode="read(1150) " fcode="read"/>
<opset="mux_case_05_read/1 "/>
</bind>
</comp>

<comp id="200" class="1004" name="mux_case_116_read_read_fu_200">
<pin_list>
<pin id="201" dir="0" index="0" bw="32" slack="0"/>
<pin id="202" dir="0" index="1" bw="32" slack="0"/>
<pin id="203" dir="1" index="2" bw="32" slack="0"/>
</pin_list>
<bind>
<opcode="read(1150) " fcode="read"/>
<opset="mux_case_116_read/1 "/>
</bind>
</comp>

<comp id="206" class="1004" name="mux_case_227_read_read_fu_206">
<pin_list>
<pin id="207" dir="0" index="0" bw="32" slack="0"/>
<pin id="208" dir="0" index="1" bw="32" slack="0"/>
<pin id="209" dir="1" index="2" bw="32" slack="0"/>
</pin_list>
<bind>
<opcode="read(1150) " fcode="read"/>
<opset="mux_case_227_read/1 "/>
</bind>
</comp>

<comp id="212" class="1004" name="mux_case_08442_read_read_fu_212">
<pin_list>
<pin id="213" dir="0" index="0" bw="32" slack="0"/>
<pin id="214" dir="0" index="1" bw="32" slack="0"/>
<pin id="215" dir="1" index="2" bw="32" slack="0"/>
</pin_list>
<bind>
<opcode="read(1150) " fcode="read"/>
<opset="mux_case_08442_read/1 "/>
</bind>
</comp>

<comp id="218" class="1004" name="mux_case_18553_read_read_fu_218">
<pin_list>
<pin id="219" dir="0" index="0" bw="32" slack="0"/>
<pin id="220" dir="0" index="1" bw="32" slack="0"/>
<pin id="221" dir="1" index="2" bw="32" slack="0"/>
</pin_list>
<bind>
<opcode="read(1150) " fcode="read"/>
<opset="mux_case_18553_read/1 "/>
</bind>
</comp>

<comp id="224" class="1004" name="mux_case_28664_read_read_fu_224">
<pin_list>
<pin id="225" dir="0" index="0" bw="32" slack="0"/>
<pin id="226" dir="0" index="1" bw="32" slack="0"/>
<pin id="227" dir="1" index="2" bw="32" slack="0"/>
</pin_list>
<bind>
<opcode="read(1150) " fcode="read"/>
<opset="mux_case_28664_read/1 "/>
</bind>
</comp>

<comp id="230" class="1004" name="window_1_1_promoted237_read_read_fu_230">
<pin_list>
<pin id="231" dir="0" index="0" bw="32" slack="0"/>
<pin id="232" dir="0" index="1" bw="32" slack="0"/>
<pin id="233" dir="1" index="2" bw="32" slack="0"/>
</pin_list>
<bind>
<opcode="read(1150) " fcode="read"/>
<opset="window_1_1_promoted237_read/1 "/>
</bind>
</comp>

<comp id="236" class="1004" name="window_1_0_promoted239_read_read_fu_236">
<pin_list>
<pin id="237" dir="0" index="0" bw="32" slack="0"/>
<pin id="238" dir="0" index="1" bw="32" slack="0"/>
<pin id="239" dir="1" index="2" bw="32" slack="0"/>
</pin_list>
<bind>
<opcode="read(1150) " fcode="read"/>
<opset="window_1_0_promoted239_read/1 "/>
</bind>
</comp>

<comp id="242" class="1004" name="window_1_2_promoted241_read_read_fu_242">
<pin_list>
<pin id="243" dir="0" index="0" bw="32" slack="0"/>
<pin id="244" dir="0" index="1" bw="32" slack="0"/>
<pin id="245" dir="1" index="2" bw="32" slack="0"/>
</pin_list>
<bind>
<opcode="read(1150) " fcode="read"/>
<opset="window_1_2_promoted241_read/1 "/>
</bind>
</comp>

<comp id="248" class="1004" name="window_0_1_promoted243_read_read_fu_248">
<pin_list>
<pin id="249" dir="0" index="0" bw="32" slack="0"/>
<pin id="250" dir="0" index="1" bw="32" slack="0"/>
<pin id="251" dir="1" index="2" bw="32" slack="0"/>
</pin_list>
<bind>
<opcode="read(1150) " fcode="read"/>
<opset="window_0_1_promoted243_read/1 "/>
</bind>
</comp>

<comp id="254" class="1004" name="window_0_0_promoted245_read_read_fu_254">
<pin_list>
<pin id="255" dir="0" index="0" bw="32" slack="0"/>
<pin id="256" dir="0" index="1" bw="32" slack="0"/>
<pin id="257" dir="1" index="2" bw="32" slack="0"/>
</pin_list>
<bind>
<opcode="read(1150) " fcode="read"/>
<opset="window_0_0_promoted245_read/1 "/>
</bind>
</comp>

<comp id="260" class="1004" name="window_0_2_promoted247_read_read_fu_260">
<pin_list>
<pin id="261" dir="0" index="0" bw="32" slack="0"/>
<pin id="262" dir="0" index="1" bw="32" slack="0"/>
<pin id="263" dir="1" index="2" bw="32" slack="0"/>
</pin_list>
<bind>
<opcode="read(1150) " fcode="read"/>
<opset="window_0_2_promoted247_read/1 "/>
</bind>
</comp>

<comp id="266" class="1004" name="window_2_1_promoted249_read_read_fu_266">
<pin_list>
<pin id="267" dir="0" index="0" bw="32" slack="0"/>
<pin id="268" dir="0" index="1" bw="32" slack="0"/>
<pin id="269" dir="1" index="2" bw="32" slack="0"/>
</pin_list>
<bind>
<opcode="read(1150) " fcode="read"/>
<opset="window_2_1_promoted249_read/1 "/>
</bind>
</comp>

<comp id="272" class="1004" name="window_2_0_promoted251_read_read_fu_272">
<pin_list>
<pin id="273" dir="0" index="0" bw="32" slack="0"/>
<pin id="274" dir="0" index="1" bw="32" slack="0"/>
<pin id="275" dir="1" index="2" bw="32" slack="0"/>
</pin_list>
<bind>
<opcode="read(1150) " fcode="read"/>
<opset="window_2_0_promoted251_read/1 "/>
</bind>
</comp>

<comp id="278" class="1004" name="window_2_2_promoted253_read_read_fu_278">
<pin_list>
<pin id="279" dir="0" index="0" bw="32" slack="0"/>
<pin id="280" dir="0" index="1" bw="32" slack="0"/>
<pin id="281" dir="1" index="2" bw="32" slack="0"/>
</pin_list>
<bind>
<opcode="read(1150) " fcode="read"/>
<opset="window_2_2_promoted253_read/1 "/>
</bind>
</comp>

<comp id="284" class="1004" name="write_ln0_write_fu_284">
<pin_list>
<pin id="285" dir="0" index="0" bw="0" slack="0"/>
<pin id="286" dir="0" index="1" bw="32" slack="0"/>
<pin id="287" dir="0" index="2" bw="32" slack="0"/>
<pin id="288" dir="1" index="3" bw="0" slack="2147483647"/>
</pin_list>
<bind>
<opcode="write(1151) " fcode="write"/>
<opset="write_ln0/4 "/>
</bind>
</comp>

<comp id="291" class="1004" name="write_ln0_write_fu_291">
<pin_list>
<pin id="292" dir="0" index="0" bw="0" slack="0"/>
<pin id="293" dir="0" index="1" bw="32" slack="0"/>
<pin id="294" dir="0" index="2" bw="32" slack="0"/>
<pin id="295" dir="1" index="3" bw="0" slack="2147483647"/>
</pin_list>
<bind>
<opcode="write(1151) " fcode="write"/>
<opset="write_ln0/4 "/>
</bind>
</comp>

<comp id="298" class="1004" name="write_ln0_write_fu_298">
<pin_list>
<pin id="299" dir="0" index="0" bw="0" slack="0"/>
<pin id="300" dir="0" index="1" bw="32" slack="0"/>
<pin id="301" dir="0" index="2" bw="32" slack="0"/>
<pin id="302" dir="1" index="3" bw="0" slack="2147483647"/>
</pin_list>
<bind>
<opcode="write(1151) " fcode="write"/>
<opset="write_ln0/4 "/>
</bind>
</comp>

<comp id="305" class="1004" name="write_ln0_write_fu_305">
<pin_list>
<pin id="306" dir="0" index="0" bw="0" slack="0"/>
<pin id="307" dir="0" index="1" bw="32" slack="0"/>
<pin id="308" dir="0" index="2" bw="32" slack="0"/>
<pin id="309" dir="1" index="3" bw="0" slack="2147483647"/>
</pin_list>
<bind>
<opcode="write(1151) " fcode="write"/>
<opset="write_ln0/4 "/>
</bind>
</comp>

<comp id="312" class="1004" name="write_ln0_write_fu_312">
<pin_list>
<pin id="313" dir="0" index="0" bw="0" slack="0"/>
<pin id="314" dir="0" index="1" bw="32" slack="0"/>
<pin id="315" dir="0" index="2" bw="32" slack="0"/>
<pin id="316" dir="1" index="3" bw="0" slack="2147483647"/>
</pin_list>
<bind>
<opcode="write(1151) " fcode="write"/>
<opset="write_ln0/4 "/>
</bind>
</comp>

<comp id="319" class="1004" name="write_ln0_write_fu_319">
<pin_list>
<pin id="320" dir="0" index="0" bw="0" slack="0"/>
<pin id="321" dir="0" index="1" bw="32" slack="0"/>
<pin id="322" dir="0" index="2" bw="32" slack="0"/>
<pin id="323" dir="1" index="3" bw="0" slack="2147483647"/>
</pin_list>
<bind>
<opcode="write(1151) " fcode="write"/>
<opset="write_ln0/4 "/>
</bind>
</comp>

<comp id="326" class="1004" name="write_ln0_write_fu_326">
<pin_list>
<pin id="327" dir="0" index="0" bw="0" slack="0"/>
<pin id="328" dir="0" index="1" bw="32" slack="0"/>
<pin id="329" dir="0" index="2" bw="32" slack="0"/>
<pin id="330" dir="1" index="3" bw="0" slack="2147483647"/>
</pin_list>
<bind>
<opcode="write(1151) " fcode="write"/>
<opset="write_ln0/4 "/>
</bind>
</comp>

<comp id="333" class="1004" name="write_ln0_write_fu_333">
<pin_list>
<pin id="334" dir="0" index="0" bw="0" slack="0"/>
<pin id="335" dir="0" index="1" bw="32" slack="0"/>
<pin id="336" dir="0" index="2" bw="32" slack="0"/>
<pin id="337" dir="1" index="3" bw="0" slack="2147483647"/>
</pin_list>
<bind>
<opcode="write(1151) " fcode="write"/>
<opset="write_ln0/4 "/>
</bind>
</comp>

<comp id="340" class="1004" name="write_ln0_write_fu_340">
<pin_list>
<pin id="341" dir="0" index="0" bw="0" slack="0"/>
<pin id="342" dir="0" index="1" bw="32" slack="0"/>
<pin id="343" dir="0" index="2" bw="32" slack="0"/>
<pin id="344" dir="1" index="3" bw="0" slack="2147483647"/>
</pin_list>
<bind>
<opcode="write(1151) " fcode="write"/>
<opset="write_ln0/4 "/>
</bind>
</comp>

<comp id="347" class="1004" name="write_ln0_write_fu_347">
<pin_list>
<pin id="348" dir="0" index="0" bw="0" slack="0"/>
<pin id="349" dir="0" index="1" bw="32" slack="0"/>
<pin id="350" dir="0" index="2" bw="32" slack="0"/>
<pin id="351" dir="1" index="3" bw="0" slack="2147483647"/>
</pin_list>
<bind>
<opcode="write(1151) " fcode="write"/>
<opset="write_ln0/4 "/>
</bind>
</comp>

<comp id="354" class="1004" name="write_ln0_write_fu_354">
<pin_list>
<pin id="355" dir="0" index="0" bw="0" slack="0"/>
<pin id="356" dir="0" index="1" bw="32" slack="0"/>
<pin id="357" dir="0" index="2" bw="32" slack="0"/>
<pin id="358" dir="1" index="3" bw="0" slack="2147483647"/>
</pin_list>
<bind>
<opcode="write(1151) " fcode="write"/>
<opset="write_ln0/4 "/>
</bind>
</comp>

<comp id="361" class="1004" name="write_ln0_write_fu_361">
<pin_list>
<pin id="362" dir="0" index="0" bw="0" slack="0"/>
<pin id="363" dir="0" index="1" bw="32" slack="0"/>
<pin id="364" dir="0" index="2" bw="32" slack="0"/>
<pin id="365" dir="1" index="3" bw="0" slack="2147483647"/>
</pin_list>
<bind>
<opcode="write(1151) " fcode="write"/>
<opset="write_ln0/4 "/>
</bind>
</comp>

<comp id="368" class="1004" name="write_ln0_write_fu_368">
<pin_list>
<pin id="369" dir="0" index="0" bw="0" slack="0"/>
<pin id="370" dir="0" index="1" bw="32" slack="0"/>
<pin id="371" dir="0" index="2" bw="32" slack="0"/>
<pin id="372" dir="1" index="3" bw="0" slack="2147483647"/>
</pin_list>
<bind>
<opcode="write(1151) " fcode="write"/>
<opset="write_ln0/4 "/>
</bind>
</comp>

<comp id="375" class="1004" name="write_ln0_write_fu_375">
<pin_list>
<pin id="376" dir="0" index="0" bw="0" slack="0"/>
<pin id="377" dir="0" index="1" bw="32" slack="0"/>
<pin id="378" dir="0" index="2" bw="32" slack="0"/>
<pin id="379" dir="1" index="3" bw="0" slack="2147483647"/>
</pin_list>
<bind>
<opcode="write(1151) " fcode="write"/>
<opset="write_ln0/4 "/>
</bind>
</comp>

<comp id="382" class="1004" name="write_ln0_write_fu_382">
<pin_list>
<pin id="383" dir="0" index="0" bw="0" slack="0"/>
<pin id="384" dir="0" index="1" bw="32" slack="0"/>
<pin id="385" dir="0" index="2" bw="32" slack="0"/>
<pin id="386" dir="1" index="3" bw="0" slack="2147483647"/>
</pin_list>
<bind>
<opcode="write(1151) " fcode="write"/>
<opset="write_ln0/4 "/>
</bind>
</comp>

<comp id="389" class="1004" name="ifmap_addr_gep_fu_389">
<pin_list>
<pin id="390" dir="0" index="0" bw="32" slack="0"/>
<pin id="391" dir="0" index="1" bw="1" slack="0"/>
<pin id="392" dir="0" index="2" bw="12" slack="0"/>
<pin id="393" dir="1" index="3" bw="12" slack="0"/>
</pin_list>
<bind>
<opcode="getelementptr(29) " fcode="getelementptr"/>
<opset="ifmap_addr/4 "/>
</bind>
</comp>

<comp id="396" class="1004" name="grp_access_fu_396">
<pin_list>
<pin id="397" dir="0" index="0" bw="12" slack="0"/>
<pin id="398" dir="0" index="1" bw="32" slack="2147483647"/>
<pin id="399" dir="0" index="2" bw="0" slack="2147483647"/>
<pin id="400" dir="1" index="3" bw="32" slack="0"/>
</pin_list>
<bind>
<opcode="load(27) " fcode="load"/>
<opset="ifmap_load/4 "/>
</bind>
</comp>

<comp id="402" class="1004" name="store_ln0_store_fu_402">
<pin_list>
<pin id="403" dir="0" index="0" bw="32" slack="0"/>
<pin id="404" dir="0" index="1" bw="32" slack="0"/>
<pin id="405" dir="1" index="2" bw="0" slack="2147483647"/>
</pin_list>
<bind>
<opcode="store(28) " fcode="store"/>
<opset="store_ln0/1 "/>
</bind>
</comp>

<comp id="407" class="1004" name="store_ln0_store_fu_407">
<pin_list>
<pin id="408" dir="0" index="0" bw="32" slack="0"/>
<pin id="409" dir="0" index="1" bw="32" slack="0"/>
<pin id="410" dir="1" index="2" bw="0" slack="2147483647"/>
</pin_list>
<bind>
<opcode="store(28) " fcode="store"/>
<opset="store_ln0/1 "/>
</bind>
</comp>

<comp id="412" class="1004" name="store_ln0_store_fu_412">
<pin_list>
<pin id="413" dir="0" index="0" bw="32" slack="0"/>
<pin id="414" dir="0" index="1" bw="32" slack="0"/>
<pin id="415" dir="1" index="2" bw="0" slack="2147483647"/>
</pin_list>
<bind>
<opcode="store(28) " fcode="store"/>
<opset="store_ln0/1 "/>
</bind>
</comp>

<comp id="417" class="1004" name="store_ln0_store_fu_417">
<pin_list>
<pin id="418" dir="0" index="0" bw="32" slack="0"/>
<pin id="419" dir="0" index="1" bw="32" slack="0"/>
<pin id="420" dir="1" index="2" bw="0" slack="2147483647"/>
</pin_list>
<bind>
<opcode="store(28) " fcode="store"/>
<opset="store_ln0/1 "/>
</bind>
</comp>

<comp id="422" class="1004" name="store_ln0_store_fu_422">
<pin_list>
<pin id="423" dir="0" index="0" bw="32" slack="0"/>
<pin id="424" dir="0" index="1" bw="32" slack="0"/>
<pin id="425" dir="1" index="2" bw="0" slack="2147483647"/>
</pin_list>
<bind>
<opcode="store(28) " fcode="store"/>
<opset="store_ln0/1 "/>
</bind>
</comp>

<comp id="427" class="1004" name="store_ln0_store_fu_427">
<pin_list>
<pin id="428" dir="0" index="0" bw="32" slack="0"/>
<pin id="429" dir="0" index="1" bw="32" slack="0"/>
<pin id="430" dir="1" index="2" bw="0" slack="2147483647"/>
</pin_list>
<bind>
<opcode="store(28) " fcode="store"/>
<opset="store_ln0/1 "/>
</bind>
</comp>

<comp id="432" class="1004" name="store_ln0_store_fu_432">
<pin_list>
<pin id="433" dir="0" index="0" bw="32" slack="0"/>
<pin id="434" dir="0" index="1" bw="32" slack="0"/>
<pin id="435" dir="1" index="2" bw="0" slack="2147483647"/>
</pin_list>
<bind>
<opcode="store(28) " fcode="store"/>
<opset="store_ln0/1 "/>
</bind>
</comp>

<comp id="437" class="1004" name="store_ln0_store_fu_437">
<pin_list>
<pin id="438" dir="0" index="0" bw="32" slack="0"/>
<pin id="439" dir="0" index="1" bw="32" slack="0"/>
<pin id="440" dir="1" index="2" bw="0" slack="2147483647"/>
</pin_list>
<bind>
<opcode="store(28) " fcode="store"/>
<opset="store_ln0/1 "/>
</bind>
</comp>

<comp id="442" class="1004" name="store_ln0_store_fu_442">
<pin_list>
<pin id="443" dir="0" index="0" bw="32" slack="0"/>
<pin id="444" dir="0" index="1" bw="32" slack="0"/>
<pin id="445" dir="1" index="2" bw="0" slack="2147483647"/>
</pin_list>
<bind>
<opcode="store(28) " fcode="store"/>
<opset="store_ln0/1 "/>
</bind>
</comp>

<comp id="447" class="1004" name="store_ln0_store_fu_447">
<pin_list>
<pin id="448" dir="0" index="0" bw="32" slack="0"/>
<pin id="449" dir="0" index="1" bw="32" slack="0"/>
<pin id="450" dir="1" index="2" bw="0" slack="2147483647"/>
</pin_list>
<bind>
<opcode="store(28) " fcode="store"/>
<opset="store_ln0/1 "/>
</bind>
</comp>

<comp id="452" class="1004" name="store_ln0_store_fu_452">
<pin_list>
<pin id="453" dir="0" index="0" bw="32" slack="0"/>
<pin id="454" dir="0" index="1" bw="32" slack="0"/>
<pin id="455" dir="1" index="2" bw="0" slack="2147483647"/>
</pin_list>
<bind>
<opcode="store(28) " fcode="store"/>
<opset="store_ln0/1 "/>
</bind>
</comp>

<comp id="457" class="1004" name="store_ln0_store_fu_457">
<pin_list>
<pin id="458" dir="0" index="0" bw="32" slack="0"/>
<pin id="459" dir="0" index="1" bw="32" slack="0"/>
<pin id="460" dir="1" index="2" bw="0" slack="2147483647"/>
</pin_list>
<bind>
<opcode="store(28) " fcode="store"/>
<opset="store_ln0/1 "/>
</bind>
</comp>

<comp id="462" class="1004" name="store_ln0_store_fu_462">
<pin_list>
<pin id="463" dir="0" index="0" bw="32" slack="0"/>
<pin id="464" dir="0" index="1" bw="32" slack="0"/>
<pin id="465" dir="1" index="2" bw="0" slack="2147483647"/>
</pin_list>
<bind>
<opcode="store(28) " fcode="store"/>
<opset="store_ln0/1 "/>
</bind>
</comp>

<comp id="467" class="1004" name="store_ln0_store_fu_467">
<pin_list>
<pin id="468" dir="0" index="0" bw="32" slack="0"/>
<pin id="469" dir="0" index="1" bw="32" slack="0"/>
<pin id="470" dir="1" index="2" bw="0" slack="2147483647"/>
</pin_list>
<bind>
<opcode="store(28) " fcode="store"/>
<opset="store_ln0/1 "/>
</bind>
</comp>

<comp id="472" class="1004" name="store_ln0_store_fu_472">
<pin_list>
<pin id="473" dir="0" index="0" bw="32" slack="0"/>
<pin id="474" dir="0" index="1" bw="32" slack="0"/>
<pin id="475" dir="1" index="2" bw="0" slack="2147483647"/>
</pin_list>
<bind>
<opcode="store(28) " fcode="store"/>
<opset="store_ln0/1 "/>
</bind>
</comp>

<comp id="477" class="1004" name="store_ln0_store_fu_477">
<pin_list>
<pin id="478" dir="0" index="0" bw="1" slack="0"/>
<pin id="479" dir="0" index="1" bw="4" slack="0"/>
<pin id="480" dir="1" index="2" bw="0" slack="2147483647"/>
</pin_list>
<bind>
<opcode="store(28) " fcode="store"/>
<opset="store_ln0/1 "/>
</bind>
</comp>

<comp id="482" class="1004" name="store_ln0_store_fu_482">
<pin_list>
<pin id="483" dir="0" index="0" bw="1" slack="0"/>
<pin id="484" dir="0" index="1" bw="2" slack="0"/>
<pin id="485" dir="1" index="2" bw="0" slack="2147483647"/>
</pin_list>
<bind>
<opcode="store(28) " fcode="store"/>
<opset="store_ln0/1 "/>
</bind>
</comp>

<comp id="487" class="1004" name="store_ln0_store_fu_487">
<pin_list>
<pin id="488" dir="0" index="0" bw="1" slack="0"/>
<pin id="489" dir="0" index="1" bw="2" slack="0"/>
<pin id="490" dir="1" index="2" bw="0" slack="2147483647"/>
</pin_list>
<bind>
<opcode="store(28) " fcode="store"/>
<opset="store_ln0/1 "/>
</bind>
</comp>

<comp id="492" class="1004" name="indvar_flatten150_load_load_fu_492">
<pin_list>
<pin id="493" dir="0" index="0" bw="4" slack="0"/>
<pin id="494" dir="1" index="1" bw="4" slack="0"/>
</pin_list>
<bind>
<opcode="load(27) " fcode="load"/>
<opset="indvar_flatten150_load/1 "/>
</bind>
</comp>

<comp id="495" class="1004" name="icmp_ln49_fu_495">
<pin_list>
<pin id="496" dir="0" index="0" bw="4" slack="0"/>
<pin id="497" dir="0" index="1" bw="4" slack="0"/>
<pin id="498" dir="1" index="2" bw="1" slack="3"/>
</pin_list>
<bind>
<opcode="icmp(45) " fcode="icmp"/>
<opset="icmp_ln49/1 "/>
</bind>
</comp>

<comp id="501" class="1004" name="add_ln49_2_fu_501">
<pin_list>
<pin id="502" dir="0" index="0" bw="4" slack="0"/>
<pin id="503" dir="0" index="1" bw="1" slack="0"/>
<pin id="504" dir="1" index="2" bw="4" slack="0"/>
</pin_list>
<bind>
<opcode="add(8) " fcode="add"/>
<opset="add_ln49_2/1 "/>
</bind>
</comp>

<comp id="507" class="1004" name="wj_load_load_fu_507">
<pin_list>
<pin id="508" dir="0" index="0" bw="2" slack="0"/>
<pin id="509" dir="1" index="1" bw="2" slack="0"/>
</pin_list>
<bind>
<opcode="load(27) " fcode="load"/>
<opset="wj_load/1 "/>
</bind>
</comp>

<comp id="510" class="1004" name="wi_load_load_fu_510">
<pin_list>
<pin id="511" dir="0" index="0" bw="2" slack="0"/>
<pin id="512" dir="1" index="1" bw="2" slack="0"/>
</pin_list>
<bind>
<opcode="load(27) " fcode="load"/>
<opset="wi_load/1 "/>
</bind>
</comp>

<comp id="513" class="1004" name="add_ln49_fu_513">
<pin_list>
<pin id="514" dir="0" index="0" bw="2" slack="0"/>
<pin id="515" dir="0" index="1" bw="1" slack="0"/>
<pin id="516" dir="1" index="2" bw="2" slack="0"/>
</pin_list>
<bind>
<opcode="add(8) " fcode="add"/>
<opset="add_ln49/1 "/>
</bind>
</comp>

<comp id="519" class="1004" name="icmp_ln50_fu_519">
<pin_list>
<pin id="520" dir="0" index="0" bw="2" slack="0"/>
<pin id="521" dir="0" index="1" bw="2" slack="0"/>
<pin id="522" dir="1" index="2" bw="1" slack="0"/>
</pin_list>
<bind>
<opcode="icmp(45) " fcode="icmp"/>
<opset="icmp_ln50/1 "/>
</bind>
</comp>

<comp id="525" class="1004" name="select_ln52_fu_525">
<pin_list>
<pin id="526" dir="0" index="0" bw="1" slack="0"/>
<pin id="527" dir="0" index="1" bw="2" slack="0"/>
<pin id="528" dir="0" index="2" bw="2" slack="0"/>
<pin id="529" dir="1" index="3" bw="2" slack="0"/>
</pin_list>
<bind>
<opcode="select(49) " fcode="select"/>
<opset="select_ln52/1 "/>
</bind>
</comp>

<comp id="533" class="1004" name="select_ln52_2_fu_533">
<pin_list>
<pin id="534" dir="0" index="0" bw="1" slack="0"/>
<pin id="535" dir="0" index="1" bw="2" slack="0"/>
<pin id="536" dir="0" index="2" bw="2" slack="0"/>
<pin id="537" dir="1" index="3" bw="2" slack="0"/>
</pin_list>
<bind>
<opcode="select(49) " fcode="select"/>
<opset="select_ln52_2/1 "/>
</bind>
</comp>

<comp id="541" class="1004" name="zext_ln52_fu_541">
<pin_list>
<pin id="542" dir="0" index="0" bw="2" slack="0"/>
<pin id="543" dir="1" index="1" bw="5" slack="0"/>
</pin_list>
<bind>
<opcode="zext(34) " fcode="zext"/>
<opset="zext_ln52/1 "/>
</bind>
</comp>

<comp id="545" class="1004" name="add_ln52_fu_545">
<pin_list>
<pin id="546" dir="0" index="0" bw="5" slack="0"/>
<pin id="547" dir="0" index="1" bw="2" slack="0"/>
<pin id="548" dir="1" index="2" bw="5" slack="0"/>
</pin_list>
<bind>
<opcode="add(8) " fcode="add"/>
<opset="add_ln52/1 "/>
</bind>
</comp>

<comp id="551" class="1004" name="zext_ln52_4_fu_551">
<pin_list>
<pin id="552" dir="0" index="0" bw="5" slack="0"/>
<pin id="553" dir="1" index="1" bw="8" slack="0"/>
</pin_list>
<bind>
<opcode="zext(34) " fcode="zext"/>
<opset="zext_ln52_4/1 "/>
</bind>
</comp>

<comp id="555" class="1004" name="add_ln50_fu_555">
<pin_list>
<pin id="556" dir="0" index="0" bw="2" slack="0"/>
<pin id="557" dir="0" index="1" bw="1" slack="0"/>
<pin id="558" dir="1" index="2" bw="2" slack="0"/>
</pin_list>
<bind>
<opcode="add(8) " fcode="add"/>
<opset="add_ln50/1 "/>
</bind>
</comp>

<comp id="561" class="1004" name="store_ln50_store_fu_561">
<pin_list>
<pin id="562" dir="0" index="0" bw="4" slack="0"/>
<pin id="563" dir="0" index="1" bw="4" slack="0"/>
<pin id="564" dir="1" index="2" bw="0" slack="2147483647"/>
</pin_list>
<bind>
<opcode="store(28) " fcode="store"/>
<opset="store_ln50/1 "/>
</bind>
</comp>

<comp id="566" class="1004" name="store_ln50_store_fu_566">
<pin_list>
<pin id="567" dir="0" index="0" bw="2" slack="0"/>
<pin id="568" dir="0" index="1" bw="2" slack="0"/>
<pin id="569" dir="1" index="2" bw="0" slack="2147483647"/>
</pin_list>
<bind>
<opcode="store(28) " fcode="store"/>
<opset="store_ln50/1 "/>
</bind>
</comp>

<comp id="571" class="1004" name="store_ln50_store_fu_571">
<pin_list>
<pin id="572" dir="0" index="0" bw="2" slack="0"/>
<pin id="573" dir="0" index="1" bw="2" slack="0"/>
<pin id="574" dir="1" index="2" bw="0" slack="2147483647"/>
</pin_list>
<bind>
<opcode="store(28) " fcode="store"/>
<opset="store_ln50/1 "/>
</bind>
</comp>

<comp id="576" class="1004" name="zext_ln52_5_fu_576">
<pin_list>
<pin id="577" dir="0" index="0" bw="2" slack="2"/>
<pin id="578" dir="1" index="1" bw="12" slack="0"/>
</pin_list>
<bind>
<opcode="zext(34) " fcode="zext"/>
<opset="zext_ln52_5/3 "/>
</bind>
</comp>

<comp id="579" class="1004" name="zext_ln52_6_fu_579">
<pin_list>
<pin id="580" dir="0" index="0" bw="12" slack="0"/>
<pin id="581" dir="1" index="1" bw="64" slack="0"/>
</pin_list>
<bind>
<opcode="zext(34) " fcode="zext"/>
<opset="zext_ln52_6/4 "/>
</bind>
</comp>

<comp id="583" class="1004" name="store_ln52_store_fu_583">
<pin_list>
<pin id="584" dir="0" index="0" bw="32" slack="0"/>
<pin id="585" dir="0" index="1" bw="32" slack="4"/>
<pin id="586" dir="1" index="2" bw="0" slack="2147483647"/>
</pin_list>
<bind>
<opcode="store(28) " fcode="store"/>
<opset="store_ln52/5 "/>
</bind>
</comp>

<comp id="588" class="1004" name="store_ln52_store_fu_588">
<pin_list>
<pin id="589" dir="0" index="0" bw="32" slack="0"/>
<pin id="590" dir="0" index="1" bw="32" slack="4"/>
<pin id="591" dir="1" index="2" bw="0" slack="2147483647"/>
</pin_list>
<bind>
<opcode="store(28) " fcode="store"/>
<opset="store_ln52/5 "/>
</bind>
</comp>

<comp id="593" class="1004" name="store_ln52_store_fu_593">
<pin_list>
<pin id="594" dir="0" index="0" bw="32" slack="0"/>
<pin id="595" dir="0" index="1" bw="32" slack="4"/>
<pin id="596" dir="1" index="2" bw="0" slack="2147483647"/>
</pin_list>
<bind>
<opcode="store(28) " fcode="store"/>
<opset="store_ln52/5 "/>
</bind>
</comp>

<comp id="598" class="1004" name="store_ln52_store_fu_598">
<pin_list>
<pin id="599" dir="0" index="0" bw="32" slack="0"/>
<pin id="600" dir="0" index="1" bw="32" slack="4"/>
<pin id="601" dir="1" index="2" bw="0" slack="2147483647"/>
</pin_list>
<bind>
<opcode="store(28) " fcode="store"/>
<opset="store_ln52/5 "/>
</bind>
</comp>

<comp id="603" class="1004" name="store_ln52_store_fu_603">
<pin_list>
<pin id="604" dir="0" index="0" bw="32" slack="0"/>
<pin id="605" dir="0" index="1" bw="32" slack="4"/>
<pin id="606" dir="1" index="2" bw="0" slack="2147483647"/>
</pin_list>
<bind>
<opcode="store(28) " fcode="store"/>
<opset="store_ln52/5 "/>
</bind>
</comp>

<comp id="608" class="1004" name="store_ln52_store_fu_608">
<pin_list>
<pin id="609" dir="0" index="0" bw="32" slack="0"/>
<pin id="610" dir="0" index="1" bw="32" slack="4"/>
<pin id="611" dir="1" index="2" bw="0" slack="2147483647"/>
</pin_list>
<bind>
<opcode="store(28) " fcode="store"/>
<opset="store_ln52/5 "/>
</bind>
</comp>

<comp id="613" class="1004" name="store_ln52_store_fu_613">
<pin_list>
<pin id="614" dir="0" index="0" bw="32" slack="0"/>
<pin id="615" dir="0" index="1" bw="32" slack="4"/>
<pin id="616" dir="1" index="2" bw="0" slack="2147483647"/>
</pin_list>
<bind>
<opcode="store(28) " fcode="store"/>
<opset="store_ln52/5 "/>
</bind>
</comp>

<comp id="618" class="1004" name="store_ln52_store_fu_618">
<pin_list>
<pin id="619" dir="0" index="0" bw="32" slack="0"/>
<pin id="620" dir="0" index="1" bw="32" slack="4"/>
<pin id="621" dir="1" index="2" bw="0" slack="2147483647"/>
</pin_list>
<bind>
<opcode="store(28) " fcode="store"/>
<opset="store_ln52/5 "/>
</bind>
</comp>

<comp id="623" class="1004" name="store_ln52_store_fu_623">
<pin_list>
<pin id="624" dir="0" index="0" bw="32" slack="0"/>
<pin id="625" dir="0" index="1" bw="32" slack="4"/>
<pin id="626" dir="1" index="2" bw="0" slack="2147483647"/>
</pin_list>
<bind>
<opcode="store(28) " fcode="store"/>
<opset="store_ln52/5 "/>
</bind>
</comp>

<comp id="628" class="1004" name="store_ln52_store_fu_628">
<pin_list>
<pin id="629" dir="0" index="0" bw="32" slack="0"/>
<pin id="630" dir="0" index="1" bw="32" slack="4"/>
<pin id="631" dir="1" index="2" bw="0" slack="2147483647"/>
</pin_list>
<bind>
<opcode="store(28) " fcode="store"/>
<opset="store_ln52/5 "/>
</bind>
</comp>

<comp id="633" class="1004" name="store_ln52_store_fu_633">
<pin_list>
<pin id="634" dir="0" index="0" bw="32" slack="0"/>
<pin id="635" dir="0" index="1" bw="32" slack="4"/>
<pin id="636" dir="1" index="2" bw="0" slack="2147483647"/>
</pin_list>
<bind>
<opcode="store(28) " fcode="store"/>
<opset="store_ln52/5 "/>
</bind>
</comp>

<comp id="638" class="1004" name="store_ln52_store_fu_638">
<pin_list>
<pin id="639" dir="0" index="0" bw="32" slack="0"/>
<pin id="640" dir="0" index="1" bw="32" slack="4"/>
<pin id="641" dir="1" index="2" bw="0" slack="2147483647"/>
</pin_list>
<bind>
<opcode="store(28) " fcode="store"/>
<opset="store_ln52/5 "/>
</bind>
</comp>

<comp id="643" class="1004" name="store_ln52_store_fu_643">
<pin_list>
<pin id="644" dir="0" index="0" bw="32" slack="0"/>
<pin id="645" dir="0" index="1" bw="32" slack="4"/>
<pin id="646" dir="1" index="2" bw="0" slack="2147483647"/>
</pin_list>
<bind>
<opcode="store(28) " fcode="store"/>
<opset="store_ln52/5 "/>
</bind>
</comp>

<comp id="648" class="1004" name="store_ln52_store_fu_648">
<pin_list>
<pin id="649" dir="0" index="0" bw="32" slack="0"/>
<pin id="650" dir="0" index="1" bw="32" slack="4"/>
<pin id="651" dir="1" index="2" bw="0" slack="2147483647"/>
</pin_list>
<bind>
<opcode="store(28) " fcode="store"/>
<opset="store_ln52/5 "/>
</bind>
</comp>

<comp id="653" class="1004" name="store_ln52_store_fu_653">
<pin_list>
<pin id="654" dir="0" index="0" bw="32" slack="0"/>
<pin id="655" dir="0" index="1" bw="32" slack="4"/>
<pin id="656" dir="1" index="2" bw="0" slack="2147483647"/>
</pin_list>
<bind>
<opcode="store(28) " fcode="store"/>
<opset="store_ln52/5 "/>
</bind>
</comp>

<comp id="658" class="1004" name="mux_case_08_load_load_fu_658">
<pin_list>
<pin id="659" dir="0" index="0" bw="32" slack="3"/>
<pin id="660" dir="1" index="1" bw="32" slack="0"/>
</pin_list>
<bind>
<opcode="load(27) " fcode="load"/>
<opset="mux_case_08_load/4 "/>
</bind>
</comp>

<comp id="662" class="1004" name="mux_case_119_load_load_fu_662">
<pin_list>
<pin id="663" dir="0" index="0" bw="32" slack="3"/>
<pin id="664" dir="1" index="1" bw="32" slack="0"/>
</pin_list>
<bind>
<opcode="load(27) " fcode="load"/>
<opset="mux_case_119_load/4 "/>
</bind>
</comp>

<comp id="666" class="1004" name="mux_case_230_load_load_fu_666">
<pin_list>
<pin id="667" dir="0" index="0" bw="32" slack="3"/>
<pin id="668" dir="1" index="1" bw="32" slack="0"/>
</pin_list>
<bind>
<opcode="load(27) " fcode="load"/>
<opset="mux_case_230_load/4 "/>
</bind>
</comp>

<comp id="670" class="1004" name="mux_case_08440_load_load_fu_670">
<pin_list>
<pin id="671" dir="0" index="0" bw="32" slack="3"/>
<pin id="672" dir="1" index="1" bw="32" slack="0"/>
</pin_list>
<bind>
<opcode="load(27) " fcode="load"/>
<opset="mux_case_08440_load/4 "/>
</bind>
</comp>

<comp id="674" class="1004" name="mux_case_18551_load_load_fu_674">
<pin_list>
<pin id="675" dir="0" index="0" bw="32" slack="3"/>
<pin id="676" dir="1" index="1" bw="32" slack="0"/>
</pin_list>
<bind>
<opcode="load(27) " fcode="load"/>
<opset="mux_case_18551_load/4 "/>
</bind>
</comp>

<comp id="678" class="1004" name="mux_case_28662_load_load_fu_678">
<pin_list>
<pin id="679" dir="0" index="0" bw="32" slack="3"/>
<pin id="680" dir="1" index="1" bw="32" slack="0"/>
</pin_list>
<bind>
<opcode="load(27) " fcode="load"/>
<opset="mux_case_28662_load/4 "/>
</bind>
</comp>

<comp id="682" class="1004" name="p_load33_load_fu_682">
<pin_list>
<pin id="683" dir="0" index="0" bw="32" slack="3"/>
<pin id="684" dir="1" index="1" bw="32" slack="0"/>
</pin_list>
<bind>
<opcode="load(27) " fcode="load"/>
<opset="p_load33/4 "/>
</bind>
</comp>

<comp id="686" class="1004" name="p_load31_load_fu_686">
<pin_list>
<pin id="687" dir="0" index="0" bw="32" slack="3"/>
<pin id="688" dir="1" index="1" bw="32" slack="0"/>
</pin_list>
<bind>
<opcode="load(27) " fcode="load"/>
<opset="p_load31/4 "/>
</bind>
</comp>

<comp id="690" class="1004" name="p_load30_load_fu_690">
<pin_list>
<pin id="691" dir="0" index="0" bw="32" slack="3"/>
<pin id="692" dir="1" index="1" bw="32" slack="0"/>
</pin_list>
<bind>
<opcode="load(27) " fcode="load"/>
<opset="p_load30/4 "/>
</bind>
</comp>

<comp id="694" class="1004" name="p_load29_load_fu_694">
<pin_list>
<pin id="695" dir="0" index="0" bw="32" slack="3"/>
<pin id="696" dir="1" index="1" bw="32" slack="0"/>
</pin_list>
<bind>
<opcode="load(27) " fcode="load"/>
<opset="p_load29/4 "/>
</bind>
</comp>

<comp id="698" class="1004" name="p_load27_load_fu_698">
<pin_list>
<pin id="699" dir="0" index="0" bw="32" slack="3"/>
<pin id="700" dir="1" index="1" bw="32" slack="0"/>
</pin_list>
<bind>
<opcode="load(27) " fcode="load"/>
<opset="p_load27/4 "/>
</bind>
</comp>

<comp id="702" class="1004" name="p_load26_load_fu_702">
<pin_list>
<pin id="703" dir="0" index="0" bw="32" slack="3"/>
<pin id="704" dir="1" index="1" bw="32" slack="0"/>
</pin_list>
<bind>
<opcode="load(27) " fcode="load"/>
<opset="p_load26/4 "/>
</bind>
</comp>

<comp id="706" class="1004" name="p_load25_load_fu_706">
<pin_list>
<pin id="707" dir="0" index="0" bw="32" slack="3"/>
<pin id="708" dir="1" index="1" bw="32" slack="0"/>
</pin_list>
<bind>
<opcode="load(27) " fcode="load"/>
<opset="p_load25/4 "/>
</bind>
</comp>

<comp id="710" class="1004" name="p_load23_load_fu_710">
<pin_list>
<pin id="711" dir="0" index="0" bw="32" slack="3"/>
<pin id="712" dir="1" index="1" bw="32" slack="0"/>
</pin_list>
<bind>
<opcode="load(27) " fcode="load"/>
<opset="p_load23/4 "/>
</bind>
</comp>

<comp id="714" class="1004" name="p_load_load_fu_714">
<pin_list>
<pin id="715" dir="0" index="0" bw="32" slack="3"/>
<pin id="716" dir="1" index="1" bw="32" slack="0"/>
</pin_list>
<bind>
<opcode="load(27) " fcode="load"/>
<opset="p_load/4 "/>
</bind>
</comp>

<comp id="718" class="1007" name="grp_fu_718">
<pin_list>
<pin id="719" dir="0" index="0" bw="8" slack="0"/>
<pin id="720" dir="0" index="1" bw="5" slack="0"/>
<pin id="721" dir="0" index="2" bw="5" slack="0"/>
<pin id="722" dir="0" index="3" bw="2" slack="0"/>
<pin id="723" dir="1" index="4" bw="12" slack="0"/>
</pin_list>
<bind>
<opcode="addmuladd(1175) " fcode="addmuladd"/>
<opset="add_ln52_1/1 zext_ln50/1 mul_ln50/1 add_ln52_2/3 "/>
</bind>
</comp>

<comp id="729" class="1005" name="wj_reg_729">
<pin_list>
<pin id="730" dir="0" index="0" bw="2" slack="0"/>
<pin id="731" dir="1" index="1" bw="2" slack="0"/>
</pin_list>
<bind>
<opset="wj "/>
</bind>
</comp>

<comp id="736" class="1005" name="wi_reg_736">
<pin_list>
<pin id="737" dir="0" index="0" bw="2" slack="0"/>
<pin id="738" dir="1" index="1" bw="2" slack="0"/>
</pin_list>
<bind>
<opset="wi "/>
</bind>
</comp>

<comp id="743" class="1005" name="indvar_flatten150_reg_743">
<pin_list>
<pin id="744" dir="0" index="0" bw="4" slack="0"/>
<pin id="745" dir="1" index="1" bw="4" slack="0"/>
</pin_list>
<bind>
<opset="indvar_flatten150 "/>
</bind>
</comp>

<comp id="750" class="1005" name="mux_case_08_reg_750">
<pin_list>
<pin id="751" dir="0" index="0" bw="32" slack="0"/>
<pin id="752" dir="1" index="1" bw="32" slack="0"/>
</pin_list>
<bind>
<opset="mux_case_08 "/>
</bind>
</comp>

<comp id="757" class="1005" name="mux_case_119_reg_757">
<pin_list>
<pin id="758" dir="0" index="0" bw="32" slack="0"/>
<pin id="759" dir="1" index="1" bw="32" slack="0"/>
</pin_list>
<bind>
<opset="mux_case_119 "/>
</bind>
</comp>

<comp id="764" class="1005" name="mux_case_230_reg_764">
<pin_list>
<pin id="765" dir="0" index="0" bw="32" slack="0"/>
<pin id="766" dir="1" index="1" bw="32" slack="0"/>
</pin_list>
<bind>
<opset="mux_case_230 "/>
</bind>
</comp>

<comp id="771" class="1005" name="mux_case_08440_reg_771">
<pin_list>
<pin id="772" dir="0" index="0" bw="32" slack="0"/>
<pin id="773" dir="1" index="1" bw="32" slack="0"/>
</pin_list>
<bind>
<opset="mux_case_08440 "/>
</bind>
</comp>

<comp id="778" class="1005" name="mux_case_18551_reg_778">
<pin_list>
<pin id="779" dir="0" index="0" bw="32" slack="0"/>
<pin id="780" dir="1" index="1" bw="32" slack="0"/>
</pin_list>
<bind>
<opset="mux_case_18551 "/>
</bind>
</comp>

<comp id="785" class="1005" name="mux_case_28662_reg_785">
<pin_list>
<pin id="786" dir="0" index="0" bw="32" slack="0"/>
<pin id="787" dir="1" index="1" bw="32" slack="0"/>
</pin_list>
<bind>
<opset="mux_case_28662 "/>
</bind>
</comp>

<comp id="792" class="1005" name="empty_reg_792">
<pin_list>
<pin id="793" dir="0" index="0" bw="32" slack="0"/>
<pin id="794" dir="1" index="1" bw="32" slack="0"/>
</pin_list>
<bind>
<opset="empty "/>
</bind>
</comp>

<comp id="799" class="1005" name="empty_141_reg_799">
<pin_list>
<pin id="800" dir="0" index="0" bw="32" slack="0"/>
<pin id="801" dir="1" index="1" bw="32" slack="0"/>
</pin_list>
<bind>
<opset="empty_141 "/>
</bind>
</comp>

<comp id="806" class="1005" name="empty_142_reg_806">
<pin_list>
<pin id="807" dir="0" index="0" bw="32" slack="0"/>
<pin id="808" dir="1" index="1" bw="32" slack="0"/>
</pin_list>
<bind>
<opset="empty_142 "/>
</bind>
</comp>

<comp id="813" class="1005" name="empty_143_reg_813">
<pin_list>
<pin id="814" dir="0" index="0" bw="32" slack="0"/>
<pin id="815" dir="1" index="1" bw="32" slack="0"/>
</pin_list>
<bind>
<opset="empty_143 "/>
</bind>
</comp>

<comp id="820" class="1005" name="empty_144_reg_820">
<pin_list>
<pin id="821" dir="0" index="0" bw="32" slack="0"/>
<pin id="822" dir="1" index="1" bw="32" slack="0"/>
</pin_list>
<bind>
<opset="empty_144 "/>
</bind>
</comp>

<comp id="827" class="1005" name="empty_145_reg_827">
<pin_list>
<pin id="828" dir="0" index="0" bw="32" slack="0"/>
<pin id="829" dir="1" index="1" bw="32" slack="0"/>
</pin_list>
<bind>
<opset="empty_145 "/>
</bind>
</comp>

<comp id="834" class="1005" name="empty_146_reg_834">
<pin_list>
<pin id="835" dir="0" index="0" bw="32" slack="0"/>
<pin id="836" dir="1" index="1" bw="32" slack="0"/>
</pin_list>
<bind>
<opset="empty_146 "/>
</bind>
</comp>

<comp id="841" class="1005" name="empty_147_reg_841">
<pin_list>
<pin id="842" dir="0" index="0" bw="32" slack="0"/>
<pin id="843" dir="1" index="1" bw="32" slack="0"/>
</pin_list>
<bind>
<opset="empty_147 "/>
</bind>
</comp>

<comp id="848" class="1005" name="empty_148_reg_848">
<pin_list>
<pin id="849" dir="0" index="0" bw="32" slack="0"/>
<pin id="850" dir="1" index="1" bw="32" slack="0"/>
</pin_list>
<bind>
<opset="empty_148 "/>
</bind>
</comp>

<comp id="855" class="1005" name="icmp_ln49_reg_855">
<pin_list>
<pin id="856" dir="0" index="0" bw="1" slack="3"/>
<pin id="857" dir="1" index="1" bw="1" slack="2147483647"/>
</pin_list>
<bind>
<opset="icmp_ln49 "/>
</bind>
</comp>

<comp id="859" class="1005" name="select_ln52_reg_859">
<pin_list>
<pin id="860" dir="0" index="0" bw="2" slack="2"/>
<pin id="861" dir="1" index="1" bw="2" slack="2"/>
</pin_list>
<bind>
<opset="select_ln52 "/>
</bind>
</comp>

<comp id="864" class="1005" name="select_ln52_2_reg_864">
<pin_list>
<pin id="865" dir="0" index="0" bw="2" slack="4"/>
<pin id="866" dir="1" index="1" bw="2" slack="2147483647"/>
</pin_list>
<bind>
<opset="select_ln52_2 "/>
</bind>
</comp>

<comp id="868" class="1005" name="zext_ln52_5_reg_868">
<pin_list>
<pin id="869" dir="0" index="0" bw="12" slack="1"/>
<pin id="870" dir="1" index="1" bw="12" slack="1"/>
</pin_list>
<bind>
<opset="zext_ln52_5 "/>
</bind>
</comp>

<comp id="873" class="1005" name="ifmap_addr_reg_873">
<pin_list>
<pin id="874" dir="0" index="0" bw="12" slack="1"/>
<pin id="875" dir="1" index="1" bw="12" slack="1"/>
</pin_list>
<bind>
<opset="ifmap_addr "/>
</bind>
</comp>

</comp_list>

<net_list>
<net id="113"><net_src comp="66" pin="0"/><net_sink comp="110" pin=0"/></net>

<net id="117"><net_src comp="66" pin="0"/><net_sink comp="114" pin=0"/></net>

<net id="121"><net_src comp="66" pin="0"/><net_sink comp="118" pin=0"/></net>

<net id="125"><net_src comp="66" pin="0"/><net_sink comp="122" pin=0"/></net>

<net id="129"><net_src comp="66" pin="0"/><net_sink comp="126" pin=0"/></net>

<net id="133"><net_src comp="66" pin="0"/><net_sink comp="130" pin=0"/></net>

<net id="137"><net_src comp="66" pin="0"/><net_sink comp="134" pin=0"/></net>

<net id="141"><net_src comp="66" pin="0"/><net_sink comp="138" pin=0"/></net>

<net id="145"><net_src comp="66" pin="0"/><net_sink comp="142" pin=0"/></net>

<net id="149"><net_src comp="66" pin="0"/><net_sink comp="146" pin=0"/></net>

<net id="153"><net_src comp="66" pin="0"/><net_sink comp="150" pin=0"/></net>

<net id="157"><net_src comp="66" pin="0"/><net_sink comp="154" pin=0"/></net>

<net id="161"><net_src comp="66" pin="0"/><net_sink comp="158" pin=0"/></net>

<net id="165"><net_src comp="66" pin="0"/><net_sink comp="162" pin=0"/></net>

<net id="169"><net_src comp="66" pin="0"/><net_sink comp="166" pin=0"/></net>

<net id="173"><net_src comp="66" pin="0"/><net_sink comp="170" pin=0"/></net>

<net id="177"><net_src comp="66" pin="0"/><net_sink comp="174" pin=0"/></net>

<net id="181"><net_src comp="66" pin="0"/><net_sink comp="178" pin=0"/></net>

<net id="186"><net_src comp="68" pin="0"/><net_sink comp="182" pin=0"/></net>

<net id="187"><net_src comp="32" pin="0"/><net_sink comp="182" pin=1"/></net>

<net id="192"><net_src comp="70" pin="0"/><net_sink comp="188" pin=0"/></net>

<net id="193"><net_src comp="30" pin="0"/><net_sink comp="188" pin=1"/></net>

<net id="198"><net_src comp="72" pin="0"/><net_sink comp="194" pin=0"/></net>

<net id="199"><net_src comp="28" pin="0"/><net_sink comp="194" pin=1"/></net>

<net id="204"><net_src comp="72" pin="0"/><net_sink comp="200" pin=0"/></net>

<net id="205"><net_src comp="26" pin="0"/><net_sink comp="200" pin=1"/></net>

<net id="210"><net_src comp="72" pin="0"/><net_sink comp="206" pin=0"/></net>

<net id="211"><net_src comp="24" pin="0"/><net_sink comp="206" pin=1"/></net>

<net id="216"><net_src comp="72" pin="0"/><net_sink comp="212" pin=0"/></net>

<net id="217"><net_src comp="22" pin="0"/><net_sink comp="212" pin=1"/></net>

<net id="222"><net_src comp="72" pin="0"/><net_sink comp="218" pin=0"/></net>

<net id="223"><net_src comp="20" pin="0"/><net_sink comp="218" pin=1"/></net>

<net id="228"><net_src comp="72" pin="0"/><net_sink comp="224" pin=0"/></net>

<net id="229"><net_src comp="18" pin="0"/><net_sink comp="224" pin=1"/></net>

<net id="234"><net_src comp="72" pin="0"/><net_sink comp="230" pin=0"/></net>

<net id="235"><net_src comp="16" pin="0"/><net_sink comp="230" pin=1"/></net>

<net id="240"><net_src comp="72" pin="0"/><net_sink comp="236" pin=0"/></net>

<net id="241"><net_src comp="14" pin="0"/><net_sink comp="236" pin=1"/></net>

<net id="246"><net_src comp="72" pin="0"/><net_sink comp="242" pin=0"/></net>

<net id="247"><net_src comp="12" pin="0"/><net_sink comp="242" pin=1"/></net>

<net id="252"><net_src comp="72" pin="0"/><net_sink comp="248" pin=0"/></net>

<net id="253"><net_src comp="10" pin="0"/><net_sink comp="248" pin=1"/></net>

<net id="258"><net_src comp="72" pin="0"/><net_sink comp="254" pin=0"/></net>

<net id="259"><net_src comp="8" pin="0"/><net_sink comp="254" pin=1"/></net>

<net id="264"><net_src comp="72" pin="0"/><net_sink comp="260" pin=0"/></net>

<net id="265"><net_src comp="6" pin="0"/><net_sink comp="260" pin=1"/></net>

<net id="270"><net_src comp="72" pin="0"/><net_sink comp="266" pin=0"/></net>

<net id="271"><net_src comp="4" pin="0"/><net_sink comp="266" pin=1"/></net>

<net id="276"><net_src comp="72" pin="0"/><net_sink comp="272" pin=0"/></net>

<net id="277"><net_src comp="2" pin="0"/><net_sink comp="272" pin=1"/></net>

<net id="282"><net_src comp="72" pin="0"/><net_sink comp="278" pin=0"/></net>

<net id="283"><net_src comp="0" pin="0"/><net_sink comp="278" pin=1"/></net>

<net id="289"><net_src comp="108" pin="0"/><net_sink comp="284" pin=0"/></net>

<net id="290"><net_src comp="36" pin="0"/><net_sink comp="284" pin=1"/></net>

<net id="296"><net_src comp="108" pin="0"/><net_sink comp="291" pin=0"/></net>

<net id="297"><net_src comp="38" pin="0"/><net_sink comp="291" pin=1"/></net>

<net id="303"><net_src comp="108" pin="0"/><net_sink comp="298" pin=0"/></net>

<net id="304"><net_src comp="40" pin="0"/><net_sink comp="298" pin=1"/></net>

<net id="310"><net_src comp="108" pin="0"/><net_sink comp="305" pin=0"/></net>

<net id="311"><net_src comp="42" pin="0"/><net_sink comp="305" pin=1"/></net>

<net id="317"><net_src comp="108" pin="0"/><net_sink comp="312" pin=0"/></net>

<net id="318"><net_src comp="44" pin="0"/><net_sink comp="312" pin=1"/></net>

<net id="324"><net_src comp="108" pin="0"/><net_sink comp="319" pin=0"/></net>

<net id="325"><net_src comp="46" pin="0"/><net_sink comp="319" pin=1"/></net>

<net id="331"><net_src comp="108" pin="0"/><net_sink comp="326" pin=0"/></net>

<net id="332"><net_src comp="48" pin="0"/><net_sink comp="326" pin=1"/></net>

<net id="338"><net_src comp="108" pin="0"/><net_sink comp="333" pin=0"/></net>

<net id="339"><net_src comp="50" pin="0"/><net_sink comp="333" pin=1"/></net>

<net id="345"><net_src comp="108" pin="0"/><net_sink comp="340" pin=0"/></net>

<net id="346"><net_src comp="52" pin="0"/><net_sink comp="340" pin=1"/></net>

<net id="352"><net_src comp="108" pin="0"/><net_sink comp="347" pin=0"/></net>

<net id="353"><net_src comp="54" pin="0"/><net_sink comp="347" pin=1"/></net>

<net id="359"><net_src comp="108" pin="0"/><net_sink comp="354" pin=0"/></net>

<net id="360"><net_src comp="56" pin="0"/><net_sink comp="354" pin=1"/></net>

<net id="366"><net_src comp="108" pin="0"/><net_sink comp="361" pin=0"/></net>

<net id="367"><net_src comp="58" pin="0"/><net_sink comp="361" pin=1"/></net>

<net id="373"><net_src comp="108" pin="0"/><net_sink comp="368" pin=0"/></net>

<net id="374"><net_src comp="60" pin="0"/><net_sink comp="368" pin=1"/></net>

<net id="380"><net_src comp="108" pin="0"/><net_sink comp="375" pin=0"/></net>

<net id="381"><net_src comp="62" pin="0"/><net_sink comp="375" pin=1"/></net>

<net id="387"><net_src comp="108" pin="0"/><net_sink comp="382" pin=0"/></net>

<net id="388"><net_src comp="64" pin="0"/><net_sink comp="382" pin=1"/></net>

<net id="394"><net_src comp="34" pin="0"/><net_sink comp="389" pin=0"/></net>

<net id="395"><net_src comp="88" pin="0"/><net_sink comp="389" pin=1"/></net>

<net id="401"><net_src comp="389" pin="3"/><net_sink comp="396" pin=0"/></net>

<net id="406"><net_src comp="278" pin="2"/><net_sink comp="402" pin=0"/></net>

<net id="411"><net_src comp="272" pin="2"/><net_sink comp="407" pin=0"/></net>

<net id="416"><net_src comp="266" pin="2"/><net_sink comp="412" pin=0"/></net>

<net id="421"><net_src comp="260" pin="2"/><net_sink comp="417" pin=0"/></net>

<net id="426"><net_src comp="254" pin="2"/><net_sink comp="422" pin=0"/></net>

<net id="431"><net_src comp="248" pin="2"/><net_sink comp="427" pin=0"/></net>

<net id="436"><net_src comp="242" pin="2"/><net_sink comp="432" pin=0"/></net>

<net id="441"><net_src comp="236" pin="2"/><net_sink comp="437" pin=0"/></net>

<net id="446"><net_src comp="230" pin="2"/><net_sink comp="442" pin=0"/></net>

<net id="451"><net_src comp="224" pin="2"/><net_sink comp="447" pin=0"/></net>

<net id="456"><net_src comp="218" pin="2"/><net_sink comp="452" pin=0"/></net>

<net id="461"><net_src comp="212" pin="2"/><net_sink comp="457" pin=0"/></net>

<net id="466"><net_src comp="206" pin="2"/><net_sink comp="462" pin=0"/></net>

<net id="471"><net_src comp="200" pin="2"/><net_sink comp="467" pin=0"/></net>

<net id="476"><net_src comp="194" pin="2"/><net_sink comp="472" pin=0"/></net>

<net id="481"><net_src comp="74" pin="0"/><net_sink comp="477" pin=0"/></net>

<net id="486"><net_src comp="76" pin="0"/><net_sink comp="482" pin=0"/></net>

<net id="491"><net_src comp="76" pin="0"/><net_sink comp="487" pin=0"/></net>

<net id="499"><net_src comp="492" pin="1"/><net_sink comp="495" pin=0"/></net>

<net id="500"><net_src comp="78" pin="0"/><net_sink comp="495" pin=1"/></net>

<net id="505"><net_src comp="492" pin="1"/><net_sink comp="501" pin=0"/></net>

<net id="506"><net_src comp="80" pin="0"/><net_sink comp="501" pin=1"/></net>

<net id="517"><net_src comp="510" pin="1"/><net_sink comp="513" pin=0"/></net>

<net id="518"><net_src comp="82" pin="0"/><net_sink comp="513" pin=1"/></net>

<net id="523"><net_src comp="507" pin="1"/><net_sink comp="519" pin=0"/></net>

<net id="524"><net_src comp="84" pin="0"/><net_sink comp="519" pin=1"/></net>

<net id="530"><net_src comp="519" pin="2"/><net_sink comp="525" pin=0"/></net>

<net id="531"><net_src comp="76" pin="0"/><net_sink comp="525" pin=1"/></net>

<net id="532"><net_src comp="507" pin="1"/><net_sink comp="525" pin=2"/></net>

<net id="538"><net_src comp="519" pin="2"/><net_sink comp="533" pin=0"/></net>

<net id="539"><net_src comp="513" pin="2"/><net_sink comp="533" pin=1"/></net>

<net id="540"><net_src comp="510" pin="1"/><net_sink comp="533" pin=2"/></net>

<net id="544"><net_src comp="533" pin="3"/><net_sink comp="541" pin=0"/></net>

<net id="549"><net_src comp="188" pin="2"/><net_sink comp="545" pin=0"/></net>

<net id="550"><net_src comp="541" pin="1"/><net_sink comp="545" pin=1"/></net>

<net id="554"><net_src comp="545" pin="2"/><net_sink comp="551" pin=0"/></net>

<net id="559"><net_src comp="525" pin="3"/><net_sink comp="555" pin=0"/></net>

<net id="560"><net_src comp="82" pin="0"/><net_sink comp="555" pin=1"/></net>

<net id="565"><net_src comp="501" pin="2"/><net_sink comp="561" pin=0"/></net>

<net id="570"><net_src comp="533" pin="3"/><net_sink comp="566" pin=0"/></net>

<net id="575"><net_src comp="555" pin="2"/><net_sink comp="571" pin=0"/></net>

<net id="582"><net_src comp="579" pin="1"/><net_sink comp="389" pin=2"/></net>

<net id="587"><net_src comp="396" pin="3"/><net_sink comp="583" pin=0"/></net>

<net id="592"><net_src comp="396" pin="3"/><net_sink comp="588" pin=0"/></net>

<net id="597"><net_src comp="396" pin="3"/><net_sink comp="593" pin=0"/></net>

<net id="602"><net_src comp="396" pin="3"/><net_sink comp="598" pin=0"/></net>

<net id="607"><net_src comp="396" pin="3"/><net_sink comp="603" pin=0"/></net>

<net id="612"><net_src comp="396" pin="3"/><net_sink comp="608" pin=0"/></net>

<net id="617"><net_src comp="396" pin="3"/><net_sink comp="613" pin=0"/></net>

<net id="622"><net_src comp="396" pin="3"/><net_sink comp="618" pin=0"/></net>

<net id="627"><net_src comp="396" pin="3"/><net_sink comp="623" pin=0"/></net>

<net id="632"><net_src comp="396" pin="3"/><net_sink comp="628" pin=0"/></net>

<net id="637"><net_src comp="396" pin="3"/><net_sink comp="633" pin=0"/></net>

<net id="642"><net_src comp="396" pin="3"/><net_sink comp="638" pin=0"/></net>

<net id="647"><net_src comp="396" pin="3"/><net_sink comp="643" pin=0"/></net>

<net id="652"><net_src comp="396" pin="3"/><net_sink comp="648" pin=0"/></net>

<net id="657"><net_src comp="396" pin="3"/><net_sink comp="653" pin=0"/></net>

<net id="661"><net_src comp="658" pin="1"/><net_sink comp="382" pin=2"/></net>

<net id="665"><net_src comp="662" pin="1"/><net_sink comp="375" pin=2"/></net>

<net id="669"><net_src comp="666" pin="1"/><net_sink comp="368" pin=2"/></net>

<net id="673"><net_src comp="670" pin="1"/><net_sink comp="361" pin=2"/></net>

<net id="677"><net_src comp="674" pin="1"/><net_sink comp="354" pin=2"/></net>

<net id="681"><net_src comp="678" pin="1"/><net_sink comp="347" pin=2"/></net>

<net id="685"><net_src comp="682" pin="1"/><net_sink comp="340" pin=2"/></net>

<net id="689"><net_src comp="686" pin="1"/><net_sink comp="333" pin=2"/></net>

<net id="693"><net_src comp="690" pin="1"/><net_sink comp="326" pin=2"/></net>

<net id="697"><net_src comp="694" pin="1"/><net_sink comp="319" pin=2"/></net>

<net id="701"><net_src comp="698" pin="1"/><net_sink comp="312" pin=2"/></net>

<net id="705"><net_src comp="702" pin="1"/><net_sink comp="305" pin=2"/></net>

<net id="709"><net_src comp="706" pin="1"/><net_sink comp="298" pin=2"/></net>

<net id="713"><net_src comp="710" pin="1"/><net_sink comp="291" pin=2"/></net>

<net id="717"><net_src comp="714" pin="1"/><net_sink comp="284" pin=2"/></net>

<net id="724"><net_src comp="182" pin="2"/><net_sink comp="718" pin=0"/></net>

<net id="725"><net_src comp="551" pin="1"/><net_sink comp="718" pin=1"/></net>

<net id="726"><net_src comp="86" pin="0"/><net_sink comp="718" pin=2"/></net>

<net id="727"><net_src comp="576" pin="1"/><net_sink comp="718" pin=3"/></net>

<net id="728"><net_src comp="718" pin="4"/><net_sink comp="579" pin=0"/></net>

<net id="732"><net_src comp="110" pin="1"/><net_sink comp="729" pin=0"/></net>

<net id="733"><net_src comp="729" pin="1"/><net_sink comp="487" pin=1"/></net>

<net id="734"><net_src comp="729" pin="1"/><net_sink comp="507" pin=0"/></net>

<net id="735"><net_src comp="729" pin="1"/><net_sink comp="571" pin=1"/></net>

<net id="739"><net_src comp="114" pin="1"/><net_sink comp="736" pin=0"/></net>

<net id="740"><net_src comp="736" pin="1"/><net_sink comp="482" pin=1"/></net>

<net id="741"><net_src comp="736" pin="1"/><net_sink comp="510" pin=0"/></net>

<net id="742"><net_src comp="736" pin="1"/><net_sink comp="566" pin=1"/></net>

<net id="746"><net_src comp="118" pin="1"/><net_sink comp="743" pin=0"/></net>

<net id="747"><net_src comp="743" pin="1"/><net_sink comp="477" pin=1"/></net>

<net id="748"><net_src comp="743" pin="1"/><net_sink comp="492" pin=0"/></net>

<net id="749"><net_src comp="743" pin="1"/><net_sink comp="561" pin=1"/></net>

<net id="753"><net_src comp="122" pin="1"/><net_sink comp="750" pin=0"/></net>

<net id="754"><net_src comp="750" pin="1"/><net_sink comp="472" pin=1"/></net>

<net id="755"><net_src comp="750" pin="1"/><net_sink comp="613" pin=1"/></net>

<net id="756"><net_src comp="750" pin="1"/><net_sink comp="658" pin=0"/></net>

<net id="760"><net_src comp="126" pin="1"/><net_sink comp="757" pin=0"/></net>

<net id="761"><net_src comp="757" pin="1"/><net_sink comp="467" pin=1"/></net>

<net id="762"><net_src comp="757" pin="1"/><net_sink comp="588" pin=1"/></net>

<net id="763"><net_src comp="757" pin="1"/><net_sink comp="662" pin=0"/></net>

<net id="767"><net_src comp="130" pin="1"/><net_sink comp="764" pin=0"/></net>

<net id="768"><net_src comp="764" pin="1"/><net_sink comp="462" pin=1"/></net>

<net id="769"><net_src comp="764" pin="1"/><net_sink comp="638" pin=1"/></net>

<net id="770"><net_src comp="764" pin="1"/><net_sink comp="666" pin=0"/></net>

<net id="774"><net_src comp="134" pin="1"/><net_sink comp="771" pin=0"/></net>

<net id="775"><net_src comp="771" pin="1"/><net_sink comp="457" pin=1"/></net>

<net id="776"><net_src comp="771" pin="1"/><net_sink comp="628" pin=1"/></net>

<net id="777"><net_src comp="771" pin="1"/><net_sink comp="670" pin=0"/></net>

<net id="781"><net_src comp="138" pin="1"/><net_sink comp="778" pin=0"/></net>

<net id="782"><net_src comp="778" pin="1"/><net_sink comp="452" pin=1"/></net>

<net id="783"><net_src comp="778" pin="1"/><net_sink comp="603" pin=1"/></net>

<net id="784"><net_src comp="778" pin="1"/><net_sink comp="674" pin=0"/></net>

<net id="788"><net_src comp="142" pin="1"/><net_sink comp="785" pin=0"/></net>

<net id="789"><net_src comp="785" pin="1"/><net_sink comp="447" pin=1"/></net>

<net id="790"><net_src comp="785" pin="1"/><net_sink comp="653" pin=1"/></net>

<net id="791"><net_src comp="785" pin="1"/><net_sink comp="678" pin=0"/></net>

<net id="795"><net_src comp="146" pin="1"/><net_sink comp="792" pin=0"/></net>

<net id="796"><net_src comp="792" pin="1"/><net_sink comp="442" pin=1"/></net>

<net id="797"><net_src comp="792" pin="1"/><net_sink comp="583" pin=1"/></net>

<net id="798"><net_src comp="792" pin="1"/><net_sink comp="682" pin=0"/></net>

<net id="802"><net_src comp="150" pin="1"/><net_sink comp="799" pin=0"/></net>

<net id="803"><net_src comp="799" pin="1"/><net_sink comp="437" pin=1"/></net>

<net id="804"><net_src comp="799" pin="1"/><net_sink comp="593" pin=1"/></net>

<net id="805"><net_src comp="799" pin="1"/><net_sink comp="686" pin=0"/></net>

<net id="809"><net_src comp="154" pin="1"/><net_sink comp="806" pin=0"/></net>

<net id="810"><net_src comp="806" pin="1"/><net_sink comp="432" pin=1"/></net>

<net id="811"><net_src comp="806" pin="1"/><net_sink comp="598" pin=1"/></net>

<net id="812"><net_src comp="806" pin="1"/><net_sink comp="690" pin=0"/></net>

<net id="816"><net_src comp="158" pin="1"/><net_sink comp="813" pin=0"/></net>

<net id="817"><net_src comp="813" pin="1"/><net_sink comp="427" pin=1"/></net>

<net id="818"><net_src comp="813" pin="1"/><net_sink comp="608" pin=1"/></net>

<net id="819"><net_src comp="813" pin="1"/><net_sink comp="694" pin=0"/></net>

<net id="823"><net_src comp="162" pin="1"/><net_sink comp="820" pin=0"/></net>

<net id="824"><net_src comp="820" pin="1"/><net_sink comp="422" pin=1"/></net>

<net id="825"><net_src comp="820" pin="1"/><net_sink comp="618" pin=1"/></net>

<net id="826"><net_src comp="820" pin="1"/><net_sink comp="698" pin=0"/></net>

<net id="830"><net_src comp="166" pin="1"/><net_sink comp="827" pin=0"/></net>

<net id="831"><net_src comp="827" pin="1"/><net_sink comp="417" pin=1"/></net>

<net id="832"><net_src comp="827" pin="1"/><net_sink comp="623" pin=1"/></net>

<net id="833"><net_src comp="827" pin="1"/><net_sink comp="702" pin=0"/></net>

<net id="837"><net_src comp="170" pin="1"/><net_sink comp="834" pin=0"/></net>

<net id="838"><net_src comp="834" pin="1"/><net_sink comp="412" pin=1"/></net>

<net id="839"><net_src comp="834" pin="1"/><net_sink comp="633" pin=1"/></net>

<net id="840"><net_src comp="834" pin="1"/><net_sink comp="706" pin=0"/></net>

<net id="844"><net_src comp="174" pin="1"/><net_sink comp="841" pin=0"/></net>

<net id="845"><net_src comp="841" pin="1"/><net_sink comp="407" pin=1"/></net>

<net id="846"><net_src comp="841" pin="1"/><net_sink comp="643" pin=1"/></net>

<net id="847"><net_src comp="841" pin="1"/><net_sink comp="710" pin=0"/></net>

<net id="851"><net_src comp="178" pin="1"/><net_sink comp="848" pin=0"/></net>

<net id="852"><net_src comp="848" pin="1"/><net_sink comp="402" pin=1"/></net>

<net id="853"><net_src comp="848" pin="1"/><net_sink comp="648" pin=1"/></net>

<net id="854"><net_src comp="848" pin="1"/><net_sink comp="714" pin=0"/></net>

<net id="858"><net_src comp="495" pin="2"/><net_sink comp="855" pin=0"/></net>

<net id="862"><net_src comp="525" pin="3"/><net_sink comp="859" pin=0"/></net>

<net id="863"><net_src comp="859" pin="1"/><net_sink comp="576" pin=0"/></net>

<net id="867"><net_src comp="533" pin="3"/><net_sink comp="864" pin=0"/></net>

<net id="871"><net_src comp="576" pin="1"/><net_sink comp="868" pin=0"/></net>

<net id="872"><net_src comp="868" pin="1"/><net_sink comp="718" pin=1"/></net>

<net id="876"><net_src comp="389" pin="3"/><net_sink comp="873" pin=0"/></net>

<net id="877"><net_src comp="873" pin="1"/><net_sink comp="396" pin=0"/></net>

</net_list>

</model> 
---------------- Datapath Model END ------------------

* FSMD analyzer results:
  - Output states:
	Port: ifmap | {}
	Port: p_out | {4 }
	Port: p_out1 | {4 }
	Port: p_out2 | {4 }
	Port: p_out3 | {4 }
	Port: p_out4 | {4 }
	Port: p_out5 | {4 }
	Port: p_out6 | {4 }
	Port: p_out7 | {4 }
	Port: p_out8 | {4 }
	Port: mux_case_28662_out | {4 }
	Port: mux_case_18551_out | {4 }
	Port: mux_case_08440_out | {4 }
	Port: mux_case_230_out | {4 }
	Port: mux_case_119_out | {4 }
	Port: mux_case_08_out | {4 }
 - Input state : 
	Port: Conv_func<4, 26, 4, 24>_Pipeline_loadWinFull_VITIS_LOOP_50_1 : window_2_2_promoted253 | {1 }
	Port: Conv_func<4, 26, 4, 24>_Pipeline_loadWinFull_VITIS_LOOP_50_1 : window_2_0_promoted251 | {1 }
	Port: Conv_func<4, 26, 4, 24>_Pipeline_loadWinFull_VITIS_LOOP_50_1 : window_2_1_promoted249 | {1 }
	Port: Conv_func<4, 26, 4, 24>_Pipeline_loadWinFull_VITIS_LOOP_50_1 : window_0_2_promoted247 | {1 }
	Port: Conv_func<4, 26, 4, 24>_Pipeline_loadWinFull_VITIS_LOOP_50_1 : window_0_0_promoted245 | {1 }
	Port: Conv_func<4, 26, 4, 24>_Pipeline_loadWinFull_VITIS_LOOP_50_1 : window_0_1_promoted243 | {1 }
	Port: Conv_func<4, 26, 4, 24>_Pipeline_loadWinFull_VITIS_LOOP_50_1 : window_1_2_promoted241 | {1 }
	Port: Conv_func<4, 26, 4, 24>_Pipeline_loadWinFull_VITIS_LOOP_50_1 : window_1_0_promoted239 | {1 }
	Port: Conv_func<4, 26, 4, 24>_Pipeline_loadWinFull_VITIS_LOOP_50_1 : window_1_1_promoted237 | {1 }
	Port: Conv_func<4, 26, 4, 24>_Pipeline_loadWinFull_VITIS_LOOP_50_1 : mux_case_28664 | {1 }
	Port: Conv_func<4, 26, 4, 24>_Pipeline_loadWinFull_VITIS_LOOP_50_1 : mux_case_18553 | {1 }
	Port: Conv_func<4, 26, 4, 24>_Pipeline_loadWinFull_VITIS_LOOP_50_1 : mux_case_08442 | {1 }
	Port: Conv_func<4, 26, 4, 24>_Pipeline_loadWinFull_VITIS_LOOP_50_1 : mux_case_227 | {1 }
	Port: Conv_func<4, 26, 4, 24>_Pipeline_loadWinFull_VITIS_LOOP_50_1 : mux_case_116 | {1 }
	Port: Conv_func<4, 26, 4, 24>_Pipeline_loadWinFull_VITIS_LOOP_50_1 : mux_case_05 | {1 }
	Port: Conv_func<4, 26, 4, 24>_Pipeline_loadWinFull_VITIS_LOOP_50_1 : select_ln139_3 | {1 }
	Port: Conv_func<4, 26, 4, 24>_Pipeline_loadWinFull_VITIS_LOOP_50_1 : mul_ln52 | {1 }
	Port: Conv_func<4, 26, 4, 24>_Pipeline_loadWinFull_VITIS_LOOP_50_1 : ifmap | {4 5 }
  - Chain level:
	State 1
		store_ln0 : 1
		store_ln0 : 1
		store_ln0 : 1
		indvar_flatten150_load : 1
		icmp_ln49 : 2
		add_ln49_2 : 2
		br_ln49 : 3
		wj_load : 1
		wi_load : 1
		add_ln49 : 2
		icmp_ln50 : 2
		select_ln52 : 3
		select_ln52_2 : 3
		zext_ln52 : 4
		add_ln52 : 5
		zext_ln52_4 : 6
		add_ln52_1 : 7
		zext_ln50 : 8
		mul_ln50 : 9
		switch_ln52 : 4
		switch_ln52 : 4
		switch_ln52 : 4
		switch_ln52 : 4
		add_ln50 : 4
		store_ln50 : 3
		store_ln50 : 4
		store_ln50 : 5
	State 2
	State 3
		add_ln52_2 : 1
	State 4
		zext_ln52_6 : 1
		ifmap_addr : 2
		ifmap_load : 3
		write_ln0 : 1
		write_ln0 : 1
		write_ln0 : 1
		write_ln0 : 1
		write_ln0 : 1
		write_ln0 : 1
		write_ln0 : 1
		write_ln0 : 1
		write_ln0 : 1
		write_ln0 : 1
		write_ln0 : 1
		write_ln0 : 1
		write_ln0 : 1
		write_ln0 : 1
		write_ln0 : 1
	State 5
		store_ln52 : 1
		store_ln52 : 1
		store_ln52 : 1
		store_ln52 : 1
		store_ln52 : 1
		store_ln52 : 1
		store_ln52 : 1
		store_ln52 : 1
		store_ln52 : 1
		store_ln52 : 1
		store_ln52 : 1
		store_ln52 : 1
		store_ln52 : 1
		store_ln52 : 1
		store_ln52 : 1


============================================================
+ Verbose Summary: Datapath Resource usage 
============================================================

* Functional unit list:
|----------|-----------------------------------------|---------|---------|---------|
| Operation|             Functional Unit             |   DSP   |    FF   |   LUT   |
|----------|-----------------------------------------|---------|---------|---------|
|          |            add_ln49_2_fu_501            |    0    |    0    |    13   |
|    add   |             add_ln49_fu_513             |    0    |    0    |    10   |
|          |             add_ln52_fu_545             |    0    |    0    |    13   |
|          |             add_ln50_fu_555             |    0    |    0    |    10   |
|----------|-----------------------------------------|---------|---------|---------|
|   icmp   |             icmp_ln49_fu_495            |    0    |    0    |    9    |
|          |             icmp_ln50_fu_519            |    0    |    0    |    8    |
|----------|-----------------------------------------|---------|---------|---------|
|  select  |            select_ln52_fu_525           |    0    |    0    |    2    |
|          |           select_ln52_2_fu_533          |    0    |    0    |    2    |
|----------|-----------------------------------------|---------|---------|---------|
| addmuladd|                grp_fu_718               |    1    |    0    |    0    |
|----------|-----------------------------------------|---------|---------|---------|
|          |        mul_ln52_read_read_fu_182        |    0    |    0    |    0    |
|          |     select_ln139_3_read_read_fu_188     |    0    |    0    |    0    |
|          |       mux_case_05_read_read_fu_194      |    0    |    0    |    0    |
|          |      mux_case_116_read_read_fu_200      |    0    |    0    |    0    |
|          |      mux_case_227_read_read_fu_206      |    0    |    0    |    0    |
|          |     mux_case_08442_read_read_fu_212     |    0    |    0    |    0    |
|          |     mux_case_18553_read_read_fu_218     |    0    |    0    |    0    |
|          |     mux_case_28664_read_read_fu_224     |    0    |    0    |    0    |
|   read   | window_1_1_promoted237_read_read_fu_230 |    0    |    0    |    0    |
|          | window_1_0_promoted239_read_read_fu_236 |    0    |    0    |    0    |
|          | window_1_2_promoted241_read_read_fu_242 |    0    |    0    |    0    |
|          | window_0_1_promoted243_read_read_fu_248 |    0    |    0    |    0    |
|          | window_0_0_promoted245_read_read_fu_254 |    0    |    0    |    0    |
|          | window_0_2_promoted247_read_read_fu_260 |    0    |    0    |    0    |
|          | window_2_1_promoted249_read_read_fu_266 |    0    |    0    |    0    |
|          | window_2_0_promoted251_read_read_fu_272 |    0    |    0    |    0    |
|          | window_2_2_promoted253_read_read_fu_278 |    0    |    0    |    0    |
|----------|-----------------------------------------|---------|---------|---------|
|          |          write_ln0_write_fu_284         |    0    |    0    |    0    |
|          |          write_ln0_write_fu_291         |    0    |    0    |    0    |
|          |          write_ln0_write_fu_298         |    0    |    0    |    0    |
|          |          write_ln0_write_fu_305         |    0    |    0    |    0    |
|          |          write_ln0_write_fu_312         |    0    |    0    |    0    |
|          |          write_ln0_write_fu_319         |    0    |    0    |    0    |
|          |          write_ln0_write_fu_326         |    0    |    0    |    0    |
|   write  |          write_ln0_write_fu_333         |    0    |    0    |    0    |
|          |          write_ln0_write_fu_340         |    0    |    0    |    0    |
|          |          write_ln0_write_fu_347         |    0    |    0    |    0    |
|          |          write_ln0_write_fu_354         |    0    |    0    |    0    |
|          |          write_ln0_write_fu_361         |    0    |    0    |    0    |
|          |          write_ln0_write_fu_368         |    0    |    0    |    0    |
|          |          write_ln0_write_fu_375         |    0    |    0    |    0    |
|          |          write_ln0_write_fu_382         |    0    |    0    |    0    |
|----------|-----------------------------------------|---------|---------|---------|
|          |             zext_ln52_fu_541            |    0    |    0    |    0    |
|   zext   |            zext_ln52_4_fu_551           |    0    |    0    |    0    |
|          |            zext_ln52_5_fu_576           |    0    |    0    |    0    |
|          |            zext_ln52_6_fu_579           |    0    |    0    |    0    |
|----------|-----------------------------------------|---------|---------|---------|
|   Total  |                                         |    1    |    0    |    67   |
|----------|-----------------------------------------|---------|---------|---------|

Memories:
N/A

* Register list:
+-------------------------+--------+
|                         |   FF   |
+-------------------------+--------+
|    empty_141_reg_799    |   32   |
|    empty_142_reg_806    |   32   |
|    empty_143_reg_813    |   32   |
|    empty_144_reg_820    |   32   |
|    empty_145_reg_827    |   32   |
|    empty_146_reg_834    |   32   |
|    empty_147_reg_841    |   32   |
|    empty_148_reg_848    |   32   |
|      empty_reg_792      |   32   |
|    icmp_ln49_reg_855    |    1   |
|    ifmap_addr_reg_873   |   12   |
|indvar_flatten150_reg_743|    4   |
|  mux_case_08440_reg_771 |   32   |
|   mux_case_08_reg_750   |   32   |
|   mux_case_119_reg_757  |   32   |
|  mux_case_18551_reg_778 |   32   |
|   mux_case_230_reg_764  |   32   |
|  mux_case_28662_reg_785 |   32   |
|  select_ln52_2_reg_864  |    2   |
|   select_ln52_reg_859   |    2   |
|        wi_reg_736       |    2   |
|        wj_reg_729       |    2   |
|   zext_ln52_5_reg_868   |   12   |
+-------------------------+--------+
|          Total          |   517  |
+-------------------------+--------+

* Multiplexer (MUX) list: 
|-------------------|------|------|------|--------||---------||---------|
|        Comp       |  Pin | Size |  BW  | S x BW ||  Delay  ||   LUT   |
|-------------------|------|------|------|--------||---------||---------|
| grp_access_fu_396 |  p0  |   2  |  12  |   24   ||    9    |
|     grp_fu_718    |  p1  |   2  |   5  |   10   ||    9    |
|-------------------|------|------|------|--------||---------||---------|
|       Total       |      |      |      |   34   ||  3.176  ||    18   |
|-------------------|------|------|------|--------||---------||---------|



* Summary:
+-----------+--------+--------+--------+--------+
|           |   DSP  |  Delay |   FF   |   LUT  |
+-----------+--------+--------+--------+--------+
|  Function |    1   |    -   |    0   |   67   |
|   Memory  |    -   |    -   |    -   |    -   |
|Multiplexer|    -   |    3   |    -   |   18   |
|  Register |    -   |    -   |   517  |    -   |
+-----------+--------+--------+--------+--------+
|   Total   |    1   |    3   |   517  |   85   |
+-----------+--------+--------+--------+--------+
