

================================================================
== Vitis HLS Report for 'FC_layer_100_16_true_s'
================================================================
* Date:           Thu Dec 25 17:04:41 2025

* Version:        2022.1 (Build 3526262 on Mon Apr 18 15:48:16 MDT 2022)
* Project:        Day_5_final_boss
* Solution:       hellojio (Vivado IP Flow Target)
* Product family: zynq
* Target device:  xc7z020-clg400-1


================================================================
== Performance Estimates
================================================================
+ Timing: 
    * Summary: 
    +--------+----------+----------+------------+
    |  Clock |  Target  | Estimated| Uncertainty|
    +--------+----------+----------+------------+
    |ap_clk  |  10.00 ns|  7.256 ns|     2.70 ns|
    +--------+----------+----------+------------+

+ Latency: 
    * Summary: 
    +---------+---------+-----------+-----------+------+------+---------+
    |  Latency (cycles) |   Latency (absolute)  |   Interval  | Pipeline|
    |   min   |   max   |    min    |    max    |  min |  max |   Type  |
    +---------+---------+-----------+-----------+------+------+---------+
    |     2209|     2209|  22.090 us|  22.090 us|  2209|  2209|       no|
    +---------+---------+-----------+-----------+------+------+---------+

    + Detail: 
        * Instance: 
        N/A

        * Loop: 
        +---------------------+---------+---------+----------+-----------+-----------+------+----------+
        |                     |  Latency (cycles) | Iteration|  Initiation Interval  | Trip |          |
        |      Loop Name      |   min   |   max   |  Latency |  achieved |   target  | Count| Pipelined|
        +---------------------+---------+---------+----------+-----------+-----------+------+----------+
        |- out_loop           |     2208|     2208|      1104|          -|          -|     2|        no|
        | + VITIS_LOOP_198_1  |     1100|     1100|        11|          -|          -|   100|        no|
        +---------------------+---------+---------+----------+-----------+-----------+------+----------+

============================================================
+ Verbose Summary: Synthesis Manager
============================================================
InlineROM: 1
ExposeGlobal: 0
============================================================
+ Verbose Summary: CDFG Model
============================================================
IsTopModel: 0
ResetActiveHigh: 1
IsCombinational: 0
IsDatapathOnly: 0
HasWiredReturn: 1
HasMFsm: 0
HasVarLatency: 1
IsPipeline: 0
IsRtlPipelined: 0
IsInstanceOverlapped: 0
IsDontTouch: 0
HasImplIP: 0
IsGatedGlobalClock: 0


============================================================
+ Verbose Summary: Schedule
============================================================
* Number of FSM states : 15
* Pipeline : 0
* Dataflow Pipeline: 0

* FSM state transitions: 
1 --> 2 
2 --> 3 
3 --> 4 
4 --> 5 15 
5 --> 6 
6 --> 7 
7 --> 8 
8 --> 9 
9 --> 10 
10 --> 11 
11 --> 12 
12 --> 13 
13 --> 14 
14 --> 4 
15 --> 2 

* FSM state operations: 

State 1 <SV = 0> <Delay = 1.58>
ST_1 : Operation 16 [1/1] (0.00ns)   --->   "%turn = alloca i32 1"   --->   Operation 16 'alloca' 'turn' <Predicate = true> <Delay = 0.00>
ST_1 : Operation 17 [1/1] (0.00ns)   --->   "%output_15_016 = alloca i32 1"   --->   Operation 17 'alloca' 'output_15_016' <Predicate = true> <Delay = 0.00>
ST_1 : Operation 18 [1/1] (0.00ns)   --->   "%output_1445_017 = alloca i32 1"   --->   Operation 18 'alloca' 'output_1445_017' <Predicate = true> <Delay = 0.00>
ST_1 : Operation 19 [1/1] (0.00ns)   --->   "%output_0_018 = alloca i32 1"   --->   Operation 19 'alloca' 'output_0_018' <Predicate = true> <Delay = 0.00>
ST_1 : Operation 20 [1/1] (0.00ns)   --->   "%output_13_019 = alloca i32 1"   --->   Operation 20 'alloca' 'output_13_019' <Predicate = true> <Delay = 0.00>
ST_1 : Operation 21 [1/1] (0.00ns)   --->   "%output_12_020 = alloca i32 1"   --->   Operation 21 'alloca' 'output_12_020' <Predicate = true> <Delay = 0.00>
ST_1 : Operation 22 [1/1] (0.00ns)   --->   "%output_1_021 = alloca i32 1"   --->   Operation 22 'alloca' 'output_1_021' <Predicate = true> <Delay = 0.00>
ST_1 : Operation 23 [1/1] (0.00ns)   --->   "%output_11_022 = alloca i32 1"   --->   Operation 23 'alloca' 'output_11_022' <Predicate = true> <Delay = 0.00>
ST_1 : Operation 24 [1/1] (0.00ns)   --->   "%output_10_023 = alloca i32 1"   --->   Operation 24 'alloca' 'output_10_023' <Predicate = true> <Delay = 0.00>
ST_1 : Operation 25 [1/1] (0.00ns)   --->   "%output_2_024 = alloca i32 1"   --->   Operation 25 'alloca' 'output_2_024' <Predicate = true> <Delay = 0.00>
ST_1 : Operation 26 [1/1] (0.00ns)   --->   "%output_9_025 = alloca i32 1"   --->   Operation 26 'alloca' 'output_9_025' <Predicate = true> <Delay = 0.00>
ST_1 : Operation 27 [1/1] (0.00ns)   --->   "%output_8_026 = alloca i32 1"   --->   Operation 27 'alloca' 'output_8_026' <Predicate = true> <Delay = 0.00>
ST_1 : Operation 28 [1/1] (0.00ns)   --->   "%output_3_027 = alloca i32 1"   --->   Operation 28 'alloca' 'output_3_027' <Predicate = true> <Delay = 0.00>
ST_1 : Operation 29 [1/1] (0.00ns)   --->   "%output_7_028 = alloca i32 1"   --->   Operation 29 'alloca' 'output_7_028' <Predicate = true> <Delay = 0.00>
ST_1 : Operation 30 [1/1] (0.00ns)   --->   "%output_6_029 = alloca i32 1"   --->   Operation 30 'alloca' 'output_6_029' <Predicate = true> <Delay = 0.00>
ST_1 : Operation 31 [1/1] (0.00ns)   --->   "%output_4_030 = alloca i32 1"   --->   Operation 31 'alloca' 'output_4_030' <Predicate = true> <Delay = 0.00>
ST_1 : Operation 32 [1/1] (0.00ns)   --->   "%output_5_031 = alloca i32 1"   --->   Operation 32 'alloca' 'output_5_031' <Predicate = true> <Delay = 0.00>
ST_1 : Operation 33 [1/1] (0.00ns)   --->   "%add32_lcssa10 = alloca i32 1"   --->   Operation 33 'alloca' 'add32_lcssa10' <Predicate = true> <Delay = 0.00>
ST_1 : Operation 34 [1/1] (0.00ns)   --->   "%add32_1_lcssa12 = alloca i32 1"   --->   Operation 34 'alloca' 'add32_1_lcssa12' <Predicate = true> <Delay = 0.00>
ST_1 : Operation 35 [1/1] (0.00ns)   --->   "%add32_2_lcssa14 = alloca i32 1"   --->   Operation 35 'alloca' 'add32_2_lcssa14' <Predicate = true> <Delay = 0.00>
ST_1 : Operation 36 [1/1] (0.00ns)   --->   "%add32_3_lcssa16 = alloca i32 1"   --->   Operation 36 'alloca' 'add32_3_lcssa16' <Predicate = true> <Delay = 0.00>
ST_1 : Operation 37 [1/1] (0.00ns)   --->   "%add32_4_lcssa18 = alloca i32 1"   --->   Operation 37 'alloca' 'add32_4_lcssa18' <Predicate = true> <Delay = 0.00>
ST_1 : Operation 38 [1/1] (0.00ns)   --->   "%add32_5_lcssa20 = alloca i32 1"   --->   Operation 38 'alloca' 'add32_5_lcssa20' <Predicate = true> <Delay = 0.00>
ST_1 : Operation 39 [1/1] (0.00ns)   --->   "%add32_6_lcssa22 = alloca i32 1"   --->   Operation 39 'alloca' 'add32_6_lcssa22' <Predicate = true> <Delay = 0.00>
ST_1 : Operation 40 [1/1] (0.00ns)   --->   "%add32_7_lcssa24 = alloca i32 1"   --->   Operation 40 'alloca' 'add32_7_lcssa24' <Predicate = true> <Delay = 0.00>
ST_1 : Operation 41 [1/1] (1.58ns)   --->   "%store_ln195 = store i2 0, i2 %turn" [codes_lab5/HLS_sources_final/templatedFuncs.h:195]   --->   Operation 41 'store' 'store_ln195' <Predicate = true> <Delay = 1.58>
ST_1 : Operation 42 [1/1] (0.00ns)   --->   "%br_ln195 = br void %VITIS_LOOP_198_1" [codes_lab5/HLS_sources_final/templatedFuncs.h:195]   --->   Operation 42 'br' 'br_ln195' <Predicate = true> <Delay = 0.00>

State 2 <SV = 1> <Delay = 2.32>
ST_2 : Operation 43 [1/1] (0.00ns)   --->   "%turn_2 = load i2 %turn" [codes_lab5/HLS_sources_final/templatedFuncs.h:218]   --->   Operation 43 'load' 'turn_2' <Predicate = true> <Delay = 0.00>
ST_2 : Operation 44 [1/1] (0.95ns)   --->   "%icmp_ln195 = icmp_eq  i2 %turn_2, i2 2" [codes_lab5/HLS_sources_final/templatedFuncs.h:195]   --->   Operation 44 'icmp' 'icmp_ln195' <Predicate = true> <Delay = 0.95> <CoreInst = "Cmp">   --->   Core 9 'Cmp' <Latency = 0> <II = 1> <Delay = 0.95> <FuncUnit> <Opcode : 'icmp'> <InPorts = 2> <OutPorts = 1>
ST_2 : Operation 45 [1/1] (0.00ns)   --->   "%empty = speclooptripcount i32 @_ssdm_op_SpecLoopTripCount, i64 2, i64 2, i64 2"   --->   Operation 45 'speclooptripcount' 'empty' <Predicate = true> <Delay = 0.00>
ST_2 : Operation 46 [1/1] (1.56ns)   --->   "%add_ln195 = add i2 %turn_2, i2 1" [codes_lab5/HLS_sources_final/templatedFuncs.h:195]   --->   Operation 46 'add' 'add_ln195' <Predicate = true> <Delay = 1.56> <CoreInst = "Adder">   --->   Core 1 'Adder' <Latency = 0> <II = 1> <Delay = 1.56> <FuncUnit> <Opcode : 'add' 'sub'> <InPorts = 2> <OutPorts = 1>
ST_2 : Operation 47 [1/1] (0.00ns)   --->   "%br_ln195 = br i1 %icmp_ln195, void %VITIS_LOOP_198_1.split, void %for.end57" [codes_lab5/HLS_sources_final/templatedFuncs.h:195]   --->   Operation 47 'br' 'br_ln195' <Predicate = true> <Delay = 0.00>
ST_2 : Operation 48 [1/1] (0.00ns)   --->   "%trunc_ln218 = trunc i2 %turn_2" [codes_lab5/HLS_sources_final/templatedFuncs.h:218]   --->   Operation 48 'trunc' 'trunc_ln218' <Predicate = (!icmp_ln195)> <Delay = 0.00>
ST_2 : Operation 49 [1/1] (0.00ns)   --->   "%shl_ln = bitconcatenate i4 @_ssdm_op_BitConcatenate.i4.i1.i3, i1 %trunc_ln218, i3 0" [codes_lab5/HLS_sources_final/templatedFuncs.h:218]   --->   Operation 49 'bitconcatenate' 'shl_ln' <Predicate = (!icmp_ln195)> <Delay = 0.00>
ST_2 : Operation 50 [1/1] (0.00ns)   --->   "%trunc_ln218_cast = zext i4 %shl_ln" [codes_lab5/HLS_sources_final/templatedFuncs.h:218]   --->   Operation 50 'zext' 'trunc_ln218_cast' <Predicate = (!icmp_ln195)> <Delay = 0.00>
ST_2 : Operation 51 [1/1] (0.00ns)   --->   "%fc1_bias_addr = getelementptr i32 %fc1_bias, i64 0, i64 %trunc_ln218_cast" [codes_lab5/HLS_sources_final/templatedFuncs.h:218]   --->   Operation 51 'getelementptr' 'fc1_bias_addr' <Predicate = (!icmp_ln195)> <Delay = 0.00>
ST_2 : Operation 52 [1/1] (0.00ns)   --->   "%empty_133 = or i4 %shl_ln, i4 1" [codes_lab5/HLS_sources_final/templatedFuncs.h:218]   --->   Operation 52 'or' 'empty_133' <Predicate = (!icmp_ln195)> <Delay = 0.00>
ST_2 : Operation 53 [1/1] (0.00ns)   --->   "%p_cast = zext i4 %empty_133" [codes_lab5/HLS_sources_final/templatedFuncs.h:218]   --->   Operation 53 'zext' 'p_cast' <Predicate = (!icmp_ln195)> <Delay = 0.00>
ST_2 : Operation 54 [1/1] (0.00ns)   --->   "%fc1_bias_addr_1 = getelementptr i32 %fc1_bias, i64 0, i64 %p_cast" [codes_lab5/HLS_sources_final/templatedFuncs.h:218]   --->   Operation 54 'getelementptr' 'fc1_bias_addr_1' <Predicate = (!icmp_ln195)> <Delay = 0.00>
ST_2 : Operation 55 [1/1] (0.00ns)   --->   "%empty_134 = or i4 %shl_ln, i4 2" [codes_lab5/HLS_sources_final/templatedFuncs.h:218]   --->   Operation 55 'or' 'empty_134' <Predicate = (!icmp_ln195)> <Delay = 0.00>
ST_2 : Operation 56 [1/1] (0.00ns)   --->   "%p_cast1 = zext i4 %empty_134" [codes_lab5/HLS_sources_final/templatedFuncs.h:218]   --->   Operation 56 'zext' 'p_cast1' <Predicate = (!icmp_ln195)> <Delay = 0.00>
ST_2 : Operation 57 [1/1] (0.00ns)   --->   "%fc1_bias_addr_2 = getelementptr i32 %fc1_bias, i64 0, i64 %p_cast1" [codes_lab5/HLS_sources_final/templatedFuncs.h:218]   --->   Operation 57 'getelementptr' 'fc1_bias_addr_2' <Predicate = (!icmp_ln195)> <Delay = 0.00>
ST_2 : Operation 58 [1/1] (0.00ns)   --->   "%empty_135 = or i4 %shl_ln, i4 3" [codes_lab5/HLS_sources_final/templatedFuncs.h:218]   --->   Operation 58 'or' 'empty_135' <Predicate = (!icmp_ln195)> <Delay = 0.00>
ST_2 : Operation 59 [1/1] (0.00ns)   --->   "%p_cast2 = zext i4 %empty_135" [codes_lab5/HLS_sources_final/templatedFuncs.h:218]   --->   Operation 59 'zext' 'p_cast2' <Predicate = (!icmp_ln195)> <Delay = 0.00>
ST_2 : Operation 60 [1/1] (0.00ns)   --->   "%fc1_bias_addr_3 = getelementptr i32 %fc1_bias, i64 0, i64 %p_cast2" [codes_lab5/HLS_sources_final/templatedFuncs.h:218]   --->   Operation 60 'getelementptr' 'fc1_bias_addr_3' <Predicate = (!icmp_ln195)> <Delay = 0.00>
ST_2 : Operation 61 [1/1] (0.00ns)   --->   "%empty_136 = or i4 %shl_ln, i4 4" [codes_lab5/HLS_sources_final/templatedFuncs.h:218]   --->   Operation 61 'or' 'empty_136' <Predicate = (!icmp_ln195)> <Delay = 0.00>
ST_2 : Operation 62 [1/1] (0.00ns)   --->   "%p_cast3 = zext i4 %empty_136" [codes_lab5/HLS_sources_final/templatedFuncs.h:218]   --->   Operation 62 'zext' 'p_cast3' <Predicate = (!icmp_ln195)> <Delay = 0.00>
ST_2 : Operation 63 [1/1] (0.00ns)   --->   "%fc1_bias_addr_4 = getelementptr i32 %fc1_bias, i64 0, i64 %p_cast3" [codes_lab5/HLS_sources_final/templatedFuncs.h:218]   --->   Operation 63 'getelementptr' 'fc1_bias_addr_4' <Predicate = (!icmp_ln195)> <Delay = 0.00>
ST_2 : Operation 64 [1/1] (0.00ns)   --->   "%empty_137 = or i4 %shl_ln, i4 5" [codes_lab5/HLS_sources_final/templatedFuncs.h:218]   --->   Operation 64 'or' 'empty_137' <Predicate = (!icmp_ln195)> <Delay = 0.00>
ST_2 : Operation 65 [1/1] (0.00ns)   --->   "%p_cast4 = zext i4 %empty_137" [codes_lab5/HLS_sources_final/templatedFuncs.h:218]   --->   Operation 65 'zext' 'p_cast4' <Predicate = (!icmp_ln195)> <Delay = 0.00>
ST_2 : Operation 66 [1/1] (0.00ns)   --->   "%fc1_bias_addr_5 = getelementptr i32 %fc1_bias, i64 0, i64 %p_cast4" [codes_lab5/HLS_sources_final/templatedFuncs.h:218]   --->   Operation 66 'getelementptr' 'fc1_bias_addr_5' <Predicate = (!icmp_ln195)> <Delay = 0.00>
ST_2 : Operation 67 [1/1] (0.00ns)   --->   "%empty_138 = or i4 %shl_ln, i4 6" [codes_lab5/HLS_sources_final/templatedFuncs.h:218]   --->   Operation 67 'or' 'empty_138' <Predicate = (!icmp_ln195)> <Delay = 0.00>
ST_2 : Operation 68 [1/1] (0.00ns)   --->   "%p_cast5 = zext i4 %empty_138" [codes_lab5/HLS_sources_final/templatedFuncs.h:218]   --->   Operation 68 'zext' 'p_cast5' <Predicate = (!icmp_ln195)> <Delay = 0.00>
ST_2 : Operation 69 [1/1] (0.00ns)   --->   "%fc1_bias_addr_6 = getelementptr i32 %fc1_bias, i64 0, i64 %p_cast5" [codes_lab5/HLS_sources_final/templatedFuncs.h:218]   --->   Operation 69 'getelementptr' 'fc1_bias_addr_6' <Predicate = (!icmp_ln195)> <Delay = 0.00>
ST_2 : Operation 70 [1/1] (0.00ns)   --->   "%empty_139 = or i4 %shl_ln, i4 7" [codes_lab5/HLS_sources_final/templatedFuncs.h:218]   --->   Operation 70 'or' 'empty_139' <Predicate = (!icmp_ln195)> <Delay = 0.00>
ST_2 : Operation 71 [1/1] (0.00ns)   --->   "%p_cast6 = zext i4 %empty_139" [codes_lab5/HLS_sources_final/templatedFuncs.h:218]   --->   Operation 71 'zext' 'p_cast6' <Predicate = (!icmp_ln195)> <Delay = 0.00>
ST_2 : Operation 72 [1/1] (0.00ns)   --->   "%fc1_bias_addr_7 = getelementptr i32 %fc1_bias, i64 0, i64 %p_cast6" [codes_lab5/HLS_sources_final/templatedFuncs.h:218]   --->   Operation 72 'getelementptr' 'fc1_bias_addr_7' <Predicate = (!icmp_ln195)> <Delay = 0.00>
ST_2 : Operation 73 [2/2] (2.32ns)   --->   "%fc1_bias_load = load i4 %fc1_bias_addr" [codes_lab5/HLS_sources_final/templatedFuncs.h:203]   --->   Operation 73 'load' 'fc1_bias_load' <Predicate = (!icmp_ln195)> <Delay = 2.32> <CoreInst = "ROM">   --->   Core 95 'ROM' <Latency = 1> <II = 1> <Delay = 2.32> <Storage> <Opcode : 'load'> <Ports = 0> <Width = 32> <Depth = 16> <ROM>
ST_2 : Operation 74 [2/2] (2.32ns)   --->   "%fc1_bias_load_1 = load i4 %fc1_bias_addr_1" [codes_lab5/HLS_sources_final/templatedFuncs.h:203]   --->   Operation 74 'load' 'fc1_bias_load_1' <Predicate = (!icmp_ln195)> <Delay = 2.32> <CoreInst = "ROM">   --->   Core 95 'ROM' <Latency = 1> <II = 1> <Delay = 2.32> <Storage> <Opcode : 'load'> <Ports = 0> <Width = 32> <Depth = 16> <ROM>
ST_2 : Operation 75 [2/2] (2.32ns)   --->   "%fc1_bias_load_2 = load i4 %fc1_bias_addr_2" [codes_lab5/HLS_sources_final/templatedFuncs.h:203]   --->   Operation 75 'load' 'fc1_bias_load_2' <Predicate = (!icmp_ln195)> <Delay = 2.32> <CoreInst = "ROM">   --->   Core 95 'ROM' <Latency = 1> <II = 1> <Delay = 2.32> <Storage> <Opcode : 'load'> <Ports = 0> <Width = 32> <Depth = 16> <ROM>
ST_2 : Operation 76 [2/2] (2.32ns)   --->   "%fc1_bias_load_3 = load i4 %fc1_bias_addr_3" [codes_lab5/HLS_sources_final/templatedFuncs.h:203]   --->   Operation 76 'load' 'fc1_bias_load_3' <Predicate = (!icmp_ln195)> <Delay = 2.32> <CoreInst = "ROM">   --->   Core 95 'ROM' <Latency = 1> <II = 1> <Delay = 2.32> <Storage> <Opcode : 'load'> <Ports = 0> <Width = 32> <Depth = 16> <ROM>
ST_2 : Operation 77 [2/2] (2.32ns)   --->   "%fc1_bias_load_4 = load i4 %fc1_bias_addr_4" [codes_lab5/HLS_sources_final/templatedFuncs.h:203]   --->   Operation 77 'load' 'fc1_bias_load_4' <Predicate = (!icmp_ln195)> <Delay = 2.32> <CoreInst = "ROM">   --->   Core 95 'ROM' <Latency = 1> <II = 1> <Delay = 2.32> <Storage> <Opcode : 'load'> <Ports = 0> <Width = 32> <Depth = 16> <ROM>
ST_2 : Operation 78 [2/2] (2.32ns)   --->   "%fc1_bias_load_5 = load i4 %fc1_bias_addr_5" [codes_lab5/HLS_sources_final/templatedFuncs.h:203]   --->   Operation 78 'load' 'fc1_bias_load_5' <Predicate = (!icmp_ln195)> <Delay = 2.32> <CoreInst = "ROM">   --->   Core 95 'ROM' <Latency = 1> <II = 1> <Delay = 2.32> <Storage> <Opcode : 'load'> <Ports = 0> <Width = 32> <Depth = 16> <ROM>
ST_2 : Operation 79 [2/2] (2.32ns)   --->   "%fc1_bias_load_6 = load i4 %fc1_bias_addr_6" [codes_lab5/HLS_sources_final/templatedFuncs.h:203]   --->   Operation 79 'load' 'fc1_bias_load_6' <Predicate = (!icmp_ln195)> <Delay = 2.32> <CoreInst = "ROM">   --->   Core 95 'ROM' <Latency = 1> <II = 1> <Delay = 2.32> <Storage> <Opcode : 'load'> <Ports = 0> <Width = 32> <Depth = 16> <ROM>
ST_2 : Operation 80 [2/2] (2.32ns)   --->   "%fc1_bias_load_7 = load i4 %fc1_bias_addr_7" [codes_lab5/HLS_sources_final/templatedFuncs.h:203]   --->   Operation 80 'load' 'fc1_bias_load_7' <Predicate = (!icmp_ln195)> <Delay = 2.32> <CoreInst = "ROM">   --->   Core 95 'ROM' <Latency = 1> <II = 1> <Delay = 2.32> <Storage> <Opcode : 'load'> <Ports = 0> <Width = 32> <Depth = 16> <ROM>
ST_2 : Operation 81 [1/1] (0.00ns)   --->   "%output_15_016_load = load i32 %output_15_016" [codes_lab5/HLS_sources_final/templatedFuncs.h:226]   --->   Operation 81 'load' 'output_15_016_load' <Predicate = (icmp_ln195)> <Delay = 0.00>
ST_2 : Operation 82 [1/1] (0.00ns)   --->   "%output_1445_017_load = load i32 %output_1445_017" [codes_lab5/HLS_sources_final/templatedFuncs.h:226]   --->   Operation 82 'load' 'output_1445_017_load' <Predicate = (icmp_ln195)> <Delay = 0.00>
ST_2 : Operation 83 [1/1] (0.00ns)   --->   "%output_0_018_load = load i32 %output_0_018" [codes_lab5/HLS_sources_final/templatedFuncs.h:226]   --->   Operation 83 'load' 'output_0_018_load' <Predicate = (icmp_ln195)> <Delay = 0.00>
ST_2 : Operation 84 [1/1] (0.00ns)   --->   "%output_13_019_load = load i32 %output_13_019" [codes_lab5/HLS_sources_final/templatedFuncs.h:226]   --->   Operation 84 'load' 'output_13_019_load' <Predicate = (icmp_ln195)> <Delay = 0.00>
ST_2 : Operation 85 [1/1] (0.00ns)   --->   "%output_12_020_load = load i32 %output_12_020" [codes_lab5/HLS_sources_final/templatedFuncs.h:226]   --->   Operation 85 'load' 'output_12_020_load' <Predicate = (icmp_ln195)> <Delay = 0.00>
ST_2 : Operation 86 [1/1] (0.00ns)   --->   "%output_1_021_load = load i32 %output_1_021" [codes_lab5/HLS_sources_final/templatedFuncs.h:226]   --->   Operation 86 'load' 'output_1_021_load' <Predicate = (icmp_ln195)> <Delay = 0.00>
ST_2 : Operation 87 [1/1] (0.00ns)   --->   "%output_11_022_load = load i32 %output_11_022" [codes_lab5/HLS_sources_final/templatedFuncs.h:226]   --->   Operation 87 'load' 'output_11_022_load' <Predicate = (icmp_ln195)> <Delay = 0.00>
ST_2 : Operation 88 [1/1] (0.00ns)   --->   "%output_10_023_load = load i32 %output_10_023" [codes_lab5/HLS_sources_final/templatedFuncs.h:226]   --->   Operation 88 'load' 'output_10_023_load' <Predicate = (icmp_ln195)> <Delay = 0.00>
ST_2 : Operation 89 [1/1] (0.00ns)   --->   "%output_2_024_load = load i32 %output_2_024" [codes_lab5/HLS_sources_final/templatedFuncs.h:226]   --->   Operation 89 'load' 'output_2_024_load' <Predicate = (icmp_ln195)> <Delay = 0.00>
ST_2 : Operation 90 [1/1] (0.00ns)   --->   "%output_9_025_load = load i32 %output_9_025" [codes_lab5/HLS_sources_final/templatedFuncs.h:226]   --->   Operation 90 'load' 'output_9_025_load' <Predicate = (icmp_ln195)> <Delay = 0.00>
ST_2 : Operation 91 [1/1] (0.00ns)   --->   "%output_8_026_load = load i32 %output_8_026" [codes_lab5/HLS_sources_final/templatedFuncs.h:226]   --->   Operation 91 'load' 'output_8_026_load' <Predicate = (icmp_ln195)> <Delay = 0.00>
ST_2 : Operation 92 [1/1] (0.00ns)   --->   "%output_3_027_load = load i32 %output_3_027" [codes_lab5/HLS_sources_final/templatedFuncs.h:226]   --->   Operation 92 'load' 'output_3_027_load' <Predicate = (icmp_ln195)> <Delay = 0.00>
ST_2 : Operation 93 [1/1] (0.00ns)   --->   "%output_7_028_load = load i32 %output_7_028" [codes_lab5/HLS_sources_final/templatedFuncs.h:226]   --->   Operation 93 'load' 'output_7_028_load' <Predicate = (icmp_ln195)> <Delay = 0.00>
ST_2 : Operation 94 [1/1] (0.00ns)   --->   "%output_6_029_load = load i32 %output_6_029" [codes_lab5/HLS_sources_final/templatedFuncs.h:226]   --->   Operation 94 'load' 'output_6_029_load' <Predicate = (icmp_ln195)> <Delay = 0.00>
ST_2 : Operation 95 [1/1] (0.00ns)   --->   "%output_4_030_load = load i32 %output_4_030" [codes_lab5/HLS_sources_final/templatedFuncs.h:226]   --->   Operation 95 'load' 'output_4_030_load' <Predicate = (icmp_ln195)> <Delay = 0.00>
ST_2 : Operation 96 [1/1] (0.00ns)   --->   "%output_5_031_load = load i32 %output_5_031" [codes_lab5/HLS_sources_final/templatedFuncs.h:226]   --->   Operation 96 'load' 'output_5_031_load' <Predicate = (icmp_ln195)> <Delay = 0.00>
ST_2 : Operation 97 [1/1] (0.00ns)   --->   "%mrv = insertvalue i512 <undef>, i32 %output_0_018_load" [codes_lab5/HLS_sources_final/templatedFuncs.h:226]   --->   Operation 97 'insertvalue' 'mrv' <Predicate = (icmp_ln195)> <Delay = 0.00>
ST_2 : Operation 98 [1/1] (0.00ns)   --->   "%mrv_1 = insertvalue i512 %mrv, i32 %output_1_021_load" [codes_lab5/HLS_sources_final/templatedFuncs.h:226]   --->   Operation 98 'insertvalue' 'mrv_1' <Predicate = (icmp_ln195)> <Delay = 0.00>
ST_2 : Operation 99 [1/1] (0.00ns)   --->   "%mrv_2 = insertvalue i512 %mrv_1, i32 %output_2_024_load" [codes_lab5/HLS_sources_final/templatedFuncs.h:226]   --->   Operation 99 'insertvalue' 'mrv_2' <Predicate = (icmp_ln195)> <Delay = 0.00>
ST_2 : Operation 100 [1/1] (0.00ns)   --->   "%mrv_3 = insertvalue i512 %mrv_2, i32 %output_3_027_load" [codes_lab5/HLS_sources_final/templatedFuncs.h:226]   --->   Operation 100 'insertvalue' 'mrv_3' <Predicate = (icmp_ln195)> <Delay = 0.00>
ST_2 : Operation 101 [1/1] (0.00ns)   --->   "%mrv_4 = insertvalue i512 %mrv_3, i32 %output_4_030_load" [codes_lab5/HLS_sources_final/templatedFuncs.h:226]   --->   Operation 101 'insertvalue' 'mrv_4' <Predicate = (icmp_ln195)> <Delay = 0.00>
ST_2 : Operation 102 [1/1] (0.00ns)   --->   "%mrv_5 = insertvalue i512 %mrv_4, i32 %output_5_031_load" [codes_lab5/HLS_sources_final/templatedFuncs.h:226]   --->   Operation 102 'insertvalue' 'mrv_5' <Predicate = (icmp_ln195)> <Delay = 0.00>
ST_2 : Operation 103 [1/1] (0.00ns)   --->   "%mrv_6 = insertvalue i512 %mrv_5, i32 %output_6_029_load" [codes_lab5/HLS_sources_final/templatedFuncs.h:226]   --->   Operation 103 'insertvalue' 'mrv_6' <Predicate = (icmp_ln195)> <Delay = 0.00>
ST_2 : Operation 104 [1/1] (0.00ns)   --->   "%mrv_7 = insertvalue i512 %mrv_6, i32 %output_7_028_load" [codes_lab5/HLS_sources_final/templatedFuncs.h:226]   --->   Operation 104 'insertvalue' 'mrv_7' <Predicate = (icmp_ln195)> <Delay = 0.00>
ST_2 : Operation 105 [1/1] (0.00ns)   --->   "%mrv_8 = insertvalue i512 %mrv_7, i32 %output_8_026_load" [codes_lab5/HLS_sources_final/templatedFuncs.h:226]   --->   Operation 105 'insertvalue' 'mrv_8' <Predicate = (icmp_ln195)> <Delay = 0.00>
ST_2 : Operation 106 [1/1] (0.00ns)   --->   "%mrv_9 = insertvalue i512 %mrv_8, i32 %output_9_025_load" [codes_lab5/HLS_sources_final/templatedFuncs.h:226]   --->   Operation 106 'insertvalue' 'mrv_9' <Predicate = (icmp_ln195)> <Delay = 0.00>
ST_2 : Operation 107 [1/1] (0.00ns)   --->   "%mrv_s = insertvalue i512 %mrv_9, i32 %output_10_023_load" [codes_lab5/HLS_sources_final/templatedFuncs.h:226]   --->   Operation 107 'insertvalue' 'mrv_s' <Predicate = (icmp_ln195)> <Delay = 0.00>
ST_2 : Operation 108 [1/1] (0.00ns)   --->   "%mrv_10 = insertvalue i512 %mrv_s, i32 %output_11_022_load" [codes_lab5/HLS_sources_final/templatedFuncs.h:226]   --->   Operation 108 'insertvalue' 'mrv_10' <Predicate = (icmp_ln195)> <Delay = 0.00>
ST_2 : Operation 109 [1/1] (0.00ns)   --->   "%mrv_11 = insertvalue i512 %mrv_10, i32 %output_12_020_load" [codes_lab5/HLS_sources_final/templatedFuncs.h:226]   --->   Operation 109 'insertvalue' 'mrv_11' <Predicate = (icmp_ln195)> <Delay = 0.00>
ST_2 : Operation 110 [1/1] (0.00ns)   --->   "%mrv_12 = insertvalue i512 %mrv_11, i32 %output_13_019_load" [codes_lab5/HLS_sources_final/templatedFuncs.h:226]   --->   Operation 110 'insertvalue' 'mrv_12' <Predicate = (icmp_ln195)> <Delay = 0.00>
ST_2 : Operation 111 [1/1] (0.00ns)   --->   "%mrv_13 = insertvalue i512 %mrv_12, i32 %output_1445_017_load" [codes_lab5/HLS_sources_final/templatedFuncs.h:226]   --->   Operation 111 'insertvalue' 'mrv_13' <Predicate = (icmp_ln195)> <Delay = 0.00>
ST_2 : Operation 112 [1/1] (0.00ns)   --->   "%mrv_14 = insertvalue i512 %mrv_13, i32 %output_15_016_load" [codes_lab5/HLS_sources_final/templatedFuncs.h:226]   --->   Operation 112 'insertvalue' 'mrv_14' <Predicate = (icmp_ln195)> <Delay = 0.00>
ST_2 : Operation 113 [1/1] (0.00ns)   --->   "%ret_ln226 = ret i512 %mrv_14" [codes_lab5/HLS_sources_final/templatedFuncs.h:226]   --->   Operation 113 'ret' 'ret_ln226' <Predicate = (icmp_ln195)> <Delay = 0.00>

State 3 <SV = 2> <Delay = 4.17>
ST_3 : Operation 114 [1/1] (0.00ns)   --->   "%specloopname_ln195 = specloopname void @_ssdm_op_SpecLoopName, void @empty_7" [codes_lab5/HLS_sources_final/templatedFuncs.h:195]   --->   Operation 114 'specloopname' 'specloopname_ln195' <Predicate = true> <Delay = 0.00>
ST_3 : Operation 115 [1/1] (0.00ns)   --->   "%zext_ln212 = zext i4 %shl_ln" [codes_lab5/HLS_sources_final/templatedFuncs.h:212]   --->   Operation 115 'zext' 'zext_ln212' <Predicate = true> <Delay = 0.00>
ST_3 : Operation 116 [1/1] (4.17ns)   --->   "%mul_ln212 = mul i11 %zext_ln212, i11 100" [codes_lab5/HLS_sources_final/templatedFuncs.h:212]   --->   Operation 116 'mul' 'mul_ln212' <Predicate = true> <Delay = 4.17> <CoreInst = "Multiplier">   --->   Core 3 'Multiplier' <Latency = 0> <II = 1> <Delay = 4.17> <FuncUnit> <Opcode : 'mul'> <InPorts = 2> <OutPorts = 1>
ST_3 : Operation 117 [1/1] (0.00ns)   --->   "%zext_ln212_6 = zext i4 %empty_133" [codes_lab5/HLS_sources_final/templatedFuncs.h:212]   --->   Operation 117 'zext' 'zext_ln212_6' <Predicate = true> <Delay = 0.00>
ST_3 : Operation 118 [1/1] (4.17ns)   --->   "%mul_ln212_1 = mul i11 %zext_ln212_6, i11 100" [codes_lab5/HLS_sources_final/templatedFuncs.h:212]   --->   Operation 118 'mul' 'mul_ln212_1' <Predicate = true> <Delay = 4.17> <CoreInst = "Multiplier">   --->   Core 3 'Multiplier' <Latency = 0> <II = 1> <Delay = 4.17> <FuncUnit> <Opcode : 'mul'> <InPorts = 2> <OutPorts = 1>
ST_3 : Operation 119 [1/1] (0.00ns)   --->   "%zext_ln212_7 = zext i4 %empty_134" [codes_lab5/HLS_sources_final/templatedFuncs.h:212]   --->   Operation 119 'zext' 'zext_ln212_7' <Predicate = true> <Delay = 0.00>
ST_3 : Operation 120 [1/1] (4.17ns)   --->   "%mul_ln212_2 = mul i11 %zext_ln212_7, i11 100" [codes_lab5/HLS_sources_final/templatedFuncs.h:212]   --->   Operation 120 'mul' 'mul_ln212_2' <Predicate = true> <Delay = 4.17> <CoreInst = "Multiplier">   --->   Core 3 'Multiplier' <Latency = 0> <II = 1> <Delay = 4.17> <FuncUnit> <Opcode : 'mul'> <InPorts = 2> <OutPorts = 1>
ST_3 : Operation 121 [1/1] (0.00ns)   --->   "%zext_ln212_8 = zext i4 %empty_135" [codes_lab5/HLS_sources_final/templatedFuncs.h:212]   --->   Operation 121 'zext' 'zext_ln212_8' <Predicate = true> <Delay = 0.00>
ST_3 : Operation 122 [1/1] (4.17ns)   --->   "%mul_ln212_3 = mul i11 %zext_ln212_8, i11 100" [codes_lab5/HLS_sources_final/templatedFuncs.h:212]   --->   Operation 122 'mul' 'mul_ln212_3' <Predicate = true> <Delay = 4.17> <CoreInst = "Multiplier">   --->   Core 3 'Multiplier' <Latency = 0> <II = 1> <Delay = 4.17> <FuncUnit> <Opcode : 'mul'> <InPorts = 2> <OutPorts = 1>
ST_3 : Operation 123 [1/1] (0.00ns)   --->   "%zext_ln212_9 = zext i4 %empty_136" [codes_lab5/HLS_sources_final/templatedFuncs.h:212]   --->   Operation 123 'zext' 'zext_ln212_9' <Predicate = true> <Delay = 0.00>
ST_3 : Operation 124 [1/1] (4.17ns)   --->   "%mul_ln212_4 = mul i11 %zext_ln212_9, i11 100" [codes_lab5/HLS_sources_final/templatedFuncs.h:212]   --->   Operation 124 'mul' 'mul_ln212_4' <Predicate = true> <Delay = 4.17> <CoreInst = "Multiplier">   --->   Core 3 'Multiplier' <Latency = 0> <II = 1> <Delay = 4.17> <FuncUnit> <Opcode : 'mul'> <InPorts = 2> <OutPorts = 1>
ST_3 : Operation 125 [1/1] (0.00ns)   --->   "%zext_ln212_10 = zext i4 %empty_137" [codes_lab5/HLS_sources_final/templatedFuncs.h:212]   --->   Operation 125 'zext' 'zext_ln212_10' <Predicate = true> <Delay = 0.00>
ST_3 : Operation 126 [1/1] (4.17ns)   --->   "%mul_ln212_5 = mul i11 %zext_ln212_10, i11 100" [codes_lab5/HLS_sources_final/templatedFuncs.h:212]   --->   Operation 126 'mul' 'mul_ln212_5' <Predicate = true> <Delay = 4.17> <CoreInst = "Multiplier">   --->   Core 3 'Multiplier' <Latency = 0> <II = 1> <Delay = 4.17> <FuncUnit> <Opcode : 'mul'> <InPorts = 2> <OutPorts = 1>
ST_3 : Operation 127 [1/1] (0.00ns)   --->   "%zext_ln212_11 = zext i4 %empty_138" [codes_lab5/HLS_sources_final/templatedFuncs.h:212]   --->   Operation 127 'zext' 'zext_ln212_11' <Predicate = true> <Delay = 0.00>
ST_3 : Operation 128 [1/1] (4.17ns)   --->   "%mul_ln212_6 = mul i11 %zext_ln212_11, i11 100" [codes_lab5/HLS_sources_final/templatedFuncs.h:212]   --->   Operation 128 'mul' 'mul_ln212_6' <Predicate = true> <Delay = 4.17> <CoreInst = "Multiplier">   --->   Core 3 'Multiplier' <Latency = 0> <II = 1> <Delay = 4.17> <FuncUnit> <Opcode : 'mul'> <InPorts = 2> <OutPorts = 1>
ST_3 : Operation 129 [1/1] (0.00ns)   --->   "%zext_ln212_12 = zext i4 %empty_139" [codes_lab5/HLS_sources_final/templatedFuncs.h:212]   --->   Operation 129 'zext' 'zext_ln212_12' <Predicate = true> <Delay = 0.00>
ST_3 : Operation 130 [1/1] (4.17ns)   --->   "%mul_ln212_7 = mul i11 %zext_ln212_12, i11 100" [codes_lab5/HLS_sources_final/templatedFuncs.h:212]   --->   Operation 130 'mul' 'mul_ln212_7' <Predicate = true> <Delay = 4.17> <CoreInst = "Multiplier">   --->   Core 3 'Multiplier' <Latency = 0> <II = 1> <Delay = 4.17> <FuncUnit> <Opcode : 'mul'> <InPorts = 2> <OutPorts = 1>
ST_3 : Operation 131 [1/2] (2.32ns)   --->   "%fc1_bias_load = load i4 %fc1_bias_addr" [codes_lab5/HLS_sources_final/templatedFuncs.h:203]   --->   Operation 131 'load' 'fc1_bias_load' <Predicate = true> <Delay = 2.32> <CoreInst = "ROM">   --->   Core 95 'ROM' <Latency = 1> <II = 1> <Delay = 2.32> <Storage> <Opcode : 'load'> <Ports = 0> <Width = 32> <Depth = 16> <ROM>
ST_3 : Operation 132 [1/2] (2.32ns)   --->   "%fc1_bias_load_1 = load i4 %fc1_bias_addr_1" [codes_lab5/HLS_sources_final/templatedFuncs.h:203]   --->   Operation 132 'load' 'fc1_bias_load_1' <Predicate = true> <Delay = 2.32> <CoreInst = "ROM">   --->   Core 95 'ROM' <Latency = 1> <II = 1> <Delay = 2.32> <Storage> <Opcode : 'load'> <Ports = 0> <Width = 32> <Depth = 16> <ROM>
ST_3 : Operation 133 [1/2] (2.32ns)   --->   "%fc1_bias_load_2 = load i4 %fc1_bias_addr_2" [codes_lab5/HLS_sources_final/templatedFuncs.h:203]   --->   Operation 133 'load' 'fc1_bias_load_2' <Predicate = true> <Delay = 2.32> <CoreInst = "ROM">   --->   Core 95 'ROM' <Latency = 1> <II = 1> <Delay = 2.32> <Storage> <Opcode : 'load'> <Ports = 0> <Width = 32> <Depth = 16> <ROM>
ST_3 : Operation 134 [1/2] (2.32ns)   --->   "%fc1_bias_load_3 = load i4 %fc1_bias_addr_3" [codes_lab5/HLS_sources_final/templatedFuncs.h:203]   --->   Operation 134 'load' 'fc1_bias_load_3' <Predicate = true> <Delay = 2.32> <CoreInst = "ROM">   --->   Core 95 'ROM' <Latency = 1> <II = 1> <Delay = 2.32> <Storage> <Opcode : 'load'> <Ports = 0> <Width = 32> <Depth = 16> <ROM>
ST_3 : Operation 135 [1/2] (2.32ns)   --->   "%fc1_bias_load_4 = load i4 %fc1_bias_addr_4" [codes_lab5/HLS_sources_final/templatedFuncs.h:203]   --->   Operation 135 'load' 'fc1_bias_load_4' <Predicate = true> <Delay = 2.32> <CoreInst = "ROM">   --->   Core 95 'ROM' <Latency = 1> <II = 1> <Delay = 2.32> <Storage> <Opcode : 'load'> <Ports = 0> <Width = 32> <Depth = 16> <ROM>
ST_3 : Operation 136 [1/2] (2.32ns)   --->   "%fc1_bias_load_5 = load i4 %fc1_bias_addr_5" [codes_lab5/HLS_sources_final/templatedFuncs.h:203]   --->   Operation 136 'load' 'fc1_bias_load_5' <Predicate = true> <Delay = 2.32> <CoreInst = "ROM">   --->   Core 95 'ROM' <Latency = 1> <II = 1> <Delay = 2.32> <Storage> <Opcode : 'load'> <Ports = 0> <Width = 32> <Depth = 16> <ROM>
ST_3 : Operation 137 [1/2] (2.32ns)   --->   "%fc1_bias_load_6 = load i4 %fc1_bias_addr_6" [codes_lab5/HLS_sources_final/templatedFuncs.h:203]   --->   Operation 137 'load' 'fc1_bias_load_6' <Predicate = true> <Delay = 2.32> <CoreInst = "ROM">   --->   Core 95 'ROM' <Latency = 1> <II = 1> <Delay = 2.32> <Storage> <Opcode : 'load'> <Ports = 0> <Width = 32> <Depth = 16> <ROM>
ST_3 : Operation 138 [1/2] (2.32ns)   --->   "%fc1_bias_load_7 = load i4 %fc1_bias_addr_7" [codes_lab5/HLS_sources_final/templatedFuncs.h:203]   --->   Operation 138 'load' 'fc1_bias_load_7' <Predicate = true> <Delay = 2.32> <CoreInst = "ROM">   --->   Core 95 'ROM' <Latency = 1> <II = 1> <Delay = 2.32> <Storage> <Opcode : 'load'> <Ports = 0> <Width = 32> <Depth = 16> <ROM>
ST_3 : Operation 139 [1/1] (1.58ns)   --->   "%br_ln198 = br void %for.body8" [codes_lab5/HLS_sources_final/templatedFuncs.h:198]   --->   Operation 139 'br' 'br_ln198' <Predicate = true> <Delay = 1.58>

State 4 <SV = 3> <Delay = 5.43>
ST_4 : Operation 140 [1/1] (0.00ns)   --->   "%i_index = phi i7 0, void %VITIS_LOOP_198_1.split, i7 %add_ln198, void %for.body8.split" [codes_lab5/HLS_sources_final/templatedFuncs.h:198]   --->   Operation 140 'phi' 'i_index' <Predicate = true> <Delay = 0.00>
ST_4 : Operation 141 [1/1] (0.00ns)   --->   "%zext_ln198 = zext i7 %i_index" [codes_lab5/HLS_sources_final/templatedFuncs.h:198]   --->   Operation 141 'zext' 'zext_ln198' <Predicate = true> <Delay = 0.00>
ST_4 : Operation 142 [1/1] (0.00ns)   --->   "%zext_ln212_13 = zext i7 %i_index" [codes_lab5/HLS_sources_final/templatedFuncs.h:212]   --->   Operation 142 'zext' 'zext_ln212_13' <Predicate = true> <Delay = 0.00>
ST_4 : Operation 143 [1/1] (1.63ns)   --->   "%add_ln212 = add i11 %mul_ln212, i11 %zext_ln212_13" [codes_lab5/HLS_sources_final/templatedFuncs.h:212]   --->   Operation 143 'add' 'add_ln212' <Predicate = true> <Delay = 1.63> <CoreInst = "Adder">   --->   Core 1 'Adder' <Latency = 0> <II = 1> <Delay = 1.63> <FuncUnit> <Opcode : 'add' 'sub'> <InPorts = 2> <OutPorts = 1>
ST_4 : Operation 144 [1/1] (0.00ns)   --->   "%zext_ln212_14 = zext i11 %add_ln212" [codes_lab5/HLS_sources_final/templatedFuncs.h:212]   --->   Operation 144 'zext' 'zext_ln212_14' <Predicate = true> <Delay = 0.00>
ST_4 : Operation 145 [1/1] (0.00ns)   --->   "%fc1_weight_addr = getelementptr i32 %fc1_weight, i64 0, i64 %zext_ln212_14" [codes_lab5/HLS_sources_final/templatedFuncs.h:212]   --->   Operation 145 'getelementptr' 'fc1_weight_addr' <Predicate = true> <Delay = 0.00>
ST_4 : Operation 146 [1/1] (1.63ns)   --->   "%add_ln212_5 = add i11 %mul_ln212_1, i11 %zext_ln212_13" [codes_lab5/HLS_sources_final/templatedFuncs.h:212]   --->   Operation 146 'add' 'add_ln212_5' <Predicate = true> <Delay = 1.63> <CoreInst = "Adder">   --->   Core 1 'Adder' <Latency = 0> <II = 1> <Delay = 1.63> <FuncUnit> <Opcode : 'add' 'sub'> <InPorts = 2> <OutPorts = 1>
ST_4 : Operation 147 [1/1] (0.00ns)   --->   "%zext_ln212_15 = zext i11 %add_ln212_5" [codes_lab5/HLS_sources_final/templatedFuncs.h:212]   --->   Operation 147 'zext' 'zext_ln212_15' <Predicate = true> <Delay = 0.00>
ST_4 : Operation 148 [1/1] (0.00ns)   --->   "%fc1_weight_addr_1 = getelementptr i32 %fc1_weight, i64 0, i64 %zext_ln212_15" [codes_lab5/HLS_sources_final/templatedFuncs.h:212]   --->   Operation 148 'getelementptr' 'fc1_weight_addr_1' <Predicate = true> <Delay = 0.00>
ST_4 : Operation 149 [1/1] (1.63ns)   --->   "%add_ln212_6 = add i11 %mul_ln212_2, i11 %zext_ln212_13" [codes_lab5/HLS_sources_final/templatedFuncs.h:212]   --->   Operation 149 'add' 'add_ln212_6' <Predicate = true> <Delay = 1.63> <CoreInst = "Adder">   --->   Core 1 'Adder' <Latency = 0> <II = 1> <Delay = 1.63> <FuncUnit> <Opcode : 'add' 'sub'> <InPorts = 2> <OutPorts = 1>
ST_4 : Operation 150 [1/1] (0.00ns)   --->   "%zext_ln212_16 = zext i11 %add_ln212_6" [codes_lab5/HLS_sources_final/templatedFuncs.h:212]   --->   Operation 150 'zext' 'zext_ln212_16' <Predicate = true> <Delay = 0.00>
ST_4 : Operation 151 [1/1] (0.00ns)   --->   "%fc1_weight_addr_2 = getelementptr i32 %fc1_weight, i64 0, i64 %zext_ln212_16" [codes_lab5/HLS_sources_final/templatedFuncs.h:212]   --->   Operation 151 'getelementptr' 'fc1_weight_addr_2' <Predicate = true> <Delay = 0.00>
ST_4 : Operation 152 [1/1] (1.63ns)   --->   "%add_ln212_7 = add i11 %mul_ln212_3, i11 %zext_ln212_13" [codes_lab5/HLS_sources_final/templatedFuncs.h:212]   --->   Operation 152 'add' 'add_ln212_7' <Predicate = true> <Delay = 1.63> <CoreInst = "Adder">   --->   Core 1 'Adder' <Latency = 0> <II = 1> <Delay = 1.63> <FuncUnit> <Opcode : 'add' 'sub'> <InPorts = 2> <OutPorts = 1>
ST_4 : Operation 153 [1/1] (0.00ns)   --->   "%zext_ln212_17 = zext i11 %add_ln212_7" [codes_lab5/HLS_sources_final/templatedFuncs.h:212]   --->   Operation 153 'zext' 'zext_ln212_17' <Predicate = true> <Delay = 0.00>
ST_4 : Operation 154 [1/1] (0.00ns)   --->   "%fc1_weight_addr_3 = getelementptr i32 %fc1_weight, i64 0, i64 %zext_ln212_17" [codes_lab5/HLS_sources_final/templatedFuncs.h:212]   --->   Operation 154 'getelementptr' 'fc1_weight_addr_3' <Predicate = true> <Delay = 0.00>
ST_4 : Operation 155 [1/1] (1.63ns)   --->   "%add_ln212_8 = add i11 %mul_ln212_4, i11 %zext_ln212_13" [codes_lab5/HLS_sources_final/templatedFuncs.h:212]   --->   Operation 155 'add' 'add_ln212_8' <Predicate = true> <Delay = 1.63> <CoreInst = "Adder">   --->   Core 1 'Adder' <Latency = 0> <II = 1> <Delay = 1.63> <FuncUnit> <Opcode : 'add' 'sub'> <InPorts = 2> <OutPorts = 1>
ST_4 : Operation 156 [1/1] (0.00ns)   --->   "%zext_ln212_18 = zext i11 %add_ln212_8" [codes_lab5/HLS_sources_final/templatedFuncs.h:212]   --->   Operation 156 'zext' 'zext_ln212_18' <Predicate = true> <Delay = 0.00>
ST_4 : Operation 157 [1/1] (0.00ns)   --->   "%fc1_weight_addr_4 = getelementptr i32 %fc1_weight, i64 0, i64 %zext_ln212_18" [codes_lab5/HLS_sources_final/templatedFuncs.h:212]   --->   Operation 157 'getelementptr' 'fc1_weight_addr_4' <Predicate = true> <Delay = 0.00>
ST_4 : Operation 158 [1/1] (1.63ns)   --->   "%add_ln212_9 = add i11 %mul_ln212_5, i11 %zext_ln212_13" [codes_lab5/HLS_sources_final/templatedFuncs.h:212]   --->   Operation 158 'add' 'add_ln212_9' <Predicate = true> <Delay = 1.63> <CoreInst = "Adder">   --->   Core 1 'Adder' <Latency = 0> <II = 1> <Delay = 1.63> <FuncUnit> <Opcode : 'add' 'sub'> <InPorts = 2> <OutPorts = 1>
ST_4 : Operation 159 [1/1] (0.00ns)   --->   "%zext_ln212_19 = zext i11 %add_ln212_9" [codes_lab5/HLS_sources_final/templatedFuncs.h:212]   --->   Operation 159 'zext' 'zext_ln212_19' <Predicate = true> <Delay = 0.00>
ST_4 : Operation 160 [1/1] (0.00ns)   --->   "%fc1_weight_addr_5 = getelementptr i32 %fc1_weight, i64 0, i64 %zext_ln212_19" [codes_lab5/HLS_sources_final/templatedFuncs.h:212]   --->   Operation 160 'getelementptr' 'fc1_weight_addr_5' <Predicate = true> <Delay = 0.00>
ST_4 : Operation 161 [1/1] (1.63ns)   --->   "%add_ln212_10 = add i11 %mul_ln212_6, i11 %zext_ln212_13" [codes_lab5/HLS_sources_final/templatedFuncs.h:212]   --->   Operation 161 'add' 'add_ln212_10' <Predicate = true> <Delay = 1.63> <CoreInst = "Adder">   --->   Core 1 'Adder' <Latency = 0> <II = 1> <Delay = 1.63> <FuncUnit> <Opcode : 'add' 'sub'> <InPorts = 2> <OutPorts = 1>
ST_4 : Operation 162 [1/1] (0.00ns)   --->   "%zext_ln212_20 = zext i11 %add_ln212_10" [codes_lab5/HLS_sources_final/templatedFuncs.h:212]   --->   Operation 162 'zext' 'zext_ln212_20' <Predicate = true> <Delay = 0.00>
ST_4 : Operation 163 [1/1] (0.00ns)   --->   "%fc1_weight_addr_6 = getelementptr i32 %fc1_weight, i64 0, i64 %zext_ln212_20" [codes_lab5/HLS_sources_final/templatedFuncs.h:212]   --->   Operation 163 'getelementptr' 'fc1_weight_addr_6' <Predicate = true> <Delay = 0.00>
ST_4 : Operation 164 [1/1] (1.63ns)   --->   "%add_ln212_11 = add i11 %mul_ln212_7, i11 %zext_ln212_13" [codes_lab5/HLS_sources_final/templatedFuncs.h:212]   --->   Operation 164 'add' 'add_ln212_11' <Predicate = true> <Delay = 1.63> <CoreInst = "Adder">   --->   Core 1 'Adder' <Latency = 0> <II = 1> <Delay = 1.63> <FuncUnit> <Opcode : 'add' 'sub'> <InPorts = 2> <OutPorts = 1>
ST_4 : Operation 165 [1/1] (0.00ns)   --->   "%zext_ln212_21 = zext i11 %add_ln212_11" [codes_lab5/HLS_sources_final/templatedFuncs.h:212]   --->   Operation 165 'zext' 'zext_ln212_21' <Predicate = true> <Delay = 0.00>
ST_4 : Operation 166 [1/1] (0.00ns)   --->   "%fc1_weight_addr_7 = getelementptr i32 %fc1_weight, i64 0, i64 %zext_ln212_21" [codes_lab5/HLS_sources_final/templatedFuncs.h:212]   --->   Operation 166 'getelementptr' 'fc1_weight_addr_7' <Predicate = true> <Delay = 0.00>
ST_4 : Operation 167 [1/1] (0.00ns)   --->   "%input_addr = getelementptr i32 %input_r, i64 0, i64 %zext_ln198" [codes_lab5/HLS_sources_final/templatedFuncs.h:199]   --->   Operation 167 'getelementptr' 'input_addr' <Predicate = true> <Delay = 0.00>
ST_4 : Operation 168 [1/1] (1.48ns)   --->   "%icmp_ln198 = icmp_eq  i7 %i_index, i7 100" [codes_lab5/HLS_sources_final/templatedFuncs.h:198]   --->   Operation 168 'icmp' 'icmp_ln198' <Predicate = true> <Delay = 1.48> <CoreInst = "Cmp">   --->   Core 9 'Cmp' <Latency = 0> <II = 1> <Delay = 1.48> <FuncUnit> <Opcode : 'icmp'> <InPorts = 2> <OutPorts = 1>
ST_4 : Operation 169 [1/1] (0.00ns)   --->   "%empty_140 = speclooptripcount i32 @_ssdm_op_SpecLoopTripCount, i64 100, i64 100, i64 100"   --->   Operation 169 'speclooptripcount' 'empty_140' <Predicate = true> <Delay = 0.00>
ST_4 : Operation 170 [1/1] (1.87ns)   --->   "%add_ln198 = add i7 %i_index, i7 1" [codes_lab5/HLS_sources_final/templatedFuncs.h:198]   --->   Operation 170 'add' 'add_ln198' <Predicate = true> <Delay = 1.87> <CoreInst = "Adder">   --->   Core 1 'Adder' <Latency = 0> <II = 1> <Delay = 1.87> <FuncUnit> <Opcode : 'add' 'sub'> <InPorts = 2> <OutPorts = 1>
ST_4 : Operation 171 [1/1] (0.00ns)   --->   "%br_ln198 = br i1 %icmp_ln198, void %for.body8.split, void %for.inc55" [codes_lab5/HLS_sources_final/templatedFuncs.h:198]   --->   Operation 171 'br' 'br_ln198' <Predicate = true> <Delay = 0.00>
ST_4 : Operation 172 [1/1] (0.00ns)   --->   "%add32_lcssa10_load_1 = load i32 %add32_lcssa10" [codes_lab5/HLS_sources_final/templatedFuncs.h:202]   --->   Operation 172 'load' 'add32_lcssa10_load_1' <Predicate = (!icmp_ln198)> <Delay = 0.00>
ST_4 : Operation 173 [1/1] (0.00ns)   --->   "%add32_1_lcssa12_load_1 = load i32 %add32_1_lcssa12" [codes_lab5/HLS_sources_final/templatedFuncs.h:202]   --->   Operation 173 'load' 'add32_1_lcssa12_load_1' <Predicate = (!icmp_ln198)> <Delay = 0.00>
ST_4 : Operation 174 [1/1] (0.00ns)   --->   "%add32_2_lcssa14_load_1 = load i32 %add32_2_lcssa14" [codes_lab5/HLS_sources_final/templatedFuncs.h:202]   --->   Operation 174 'load' 'add32_2_lcssa14_load_1' <Predicate = (!icmp_ln198)> <Delay = 0.00>
ST_4 : Operation 175 [1/1] (0.00ns)   --->   "%add32_3_lcssa16_load_1 = load i32 %add32_3_lcssa16" [codes_lab5/HLS_sources_final/templatedFuncs.h:202]   --->   Operation 175 'load' 'add32_3_lcssa16_load_1' <Predicate = (!icmp_ln198)> <Delay = 0.00>
ST_4 : Operation 176 [1/1] (0.00ns)   --->   "%add32_4_lcssa18_load_1 = load i32 %add32_4_lcssa18" [codes_lab5/HLS_sources_final/templatedFuncs.h:202]   --->   Operation 176 'load' 'add32_4_lcssa18_load_1' <Predicate = (!icmp_ln198)> <Delay = 0.00>
ST_4 : Operation 177 [1/1] (0.00ns)   --->   "%add32_5_lcssa20_load_1 = load i32 %add32_5_lcssa20" [codes_lab5/HLS_sources_final/templatedFuncs.h:202]   --->   Operation 177 'load' 'add32_5_lcssa20_load_1' <Predicate = (!icmp_ln198)> <Delay = 0.00>
ST_4 : Operation 178 [1/1] (0.00ns)   --->   "%add32_6_lcssa22_load_1 = load i32 %add32_6_lcssa22" [codes_lab5/HLS_sources_final/templatedFuncs.h:202]   --->   Operation 178 'load' 'add32_6_lcssa22_load_1' <Predicate = (!icmp_ln198)> <Delay = 0.00>
ST_4 : Operation 179 [1/1] (0.00ns)   --->   "%add32_7_lcssa24_load_1 = load i32 %add32_7_lcssa24" [codes_lab5/HLS_sources_final/templatedFuncs.h:202]   --->   Operation 179 'load' 'add32_7_lcssa24_load_1' <Predicate = (!icmp_ln198)> <Delay = 0.00>
ST_4 : Operation 180 [2/2] (3.25ns)   --->   "%ip = load i7 %input_addr" [codes_lab5/HLS_sources_final/templatedFuncs.h:199]   --->   Operation 180 'load' 'ip' <Predicate = (!icmp_ln198)> <Delay = 3.25> <CoreInst = "RAM">   --->   Core 82 'RAM' <Latency = 1> <II = 1> <Delay = 3.25> <Storage> <Opcode : 'load' 'store'> <Ports = 2> <Width = 32> <Depth = 100> <RAM>
ST_4 : Operation 181 [1/1] (1.48ns)   --->   "%cmp9 = icmp_eq  i7 %i_index, i7 0" [codes_lab5/HLS_sources_final/templatedFuncs.h:198]   --->   Operation 181 'icmp' 'cmp9' <Predicate = (!icmp_ln198)> <Delay = 1.48> <CoreInst = "Cmp">   --->   Core 9 'Cmp' <Latency = 0> <II = 1> <Delay = 1.48> <FuncUnit> <Opcode : 'icmp'> <InPorts = 2> <OutPorts = 1>
ST_4 : Operation 182 [1/1] (0.69ns)   --->   "%select_ln202 = select i1 %cmp9, i32 %fc1_bias_load_6, i32 %add32_6_lcssa22_load_1" [codes_lab5/HLS_sources_final/templatedFuncs.h:202]   --->   Operation 182 'select' 'select_ln202' <Predicate = (!icmp_ln198)> <Delay = 0.69> <CoreInst = "Sel">   --->   Core 73 'Sel' <Latency = 0> <II = 1> <Delay = 0.69> <FuncUnit> <Opcode : 'select'> <InPorts = 3> <OutPorts = 1>
ST_4 : Operation 183 [1/1] (0.69ns)   --->   "%select_ln202_5 = select i1 %cmp9, i32 %fc1_bias_load_4, i32 %add32_4_lcssa18_load_1" [codes_lab5/HLS_sources_final/templatedFuncs.h:202]   --->   Operation 183 'select' 'select_ln202_5' <Predicate = (!icmp_ln198)> <Delay = 0.69> <CoreInst = "Sel">   --->   Core 73 'Sel' <Latency = 0> <II = 1> <Delay = 0.69> <FuncUnit> <Opcode : 'select'> <InPorts = 3> <OutPorts = 1>
ST_4 : Operation 184 [1/1] (0.69ns)   --->   "%select_ln202_6 = select i1 %cmp9, i32 %fc1_bias_load_2, i32 %add32_2_lcssa14_load_1" [codes_lab5/HLS_sources_final/templatedFuncs.h:202]   --->   Operation 184 'select' 'select_ln202_6' <Predicate = (!icmp_ln198)> <Delay = 0.69> <CoreInst = "Sel">   --->   Core 73 'Sel' <Latency = 0> <II = 1> <Delay = 0.69> <FuncUnit> <Opcode : 'select'> <InPorts = 3> <OutPorts = 1>
ST_4 : Operation 185 [1/1] (0.69ns)   --->   "%select_ln202_7 = select i1 %cmp9, i32 %fc1_bias_load, i32 %add32_lcssa10_load_1" [codes_lab5/HLS_sources_final/templatedFuncs.h:202]   --->   Operation 185 'select' 'select_ln202_7' <Predicate = (!icmp_ln198)> <Delay = 0.69> <CoreInst = "Sel">   --->   Core 73 'Sel' <Latency = 0> <II = 1> <Delay = 0.69> <FuncUnit> <Opcode : 'select'> <InPorts = 3> <OutPorts = 1>
ST_4 : Operation 186 [1/1] (0.69ns)   --->   "%select_ln202_8 = select i1 %cmp9, i32 %fc1_bias_load_1, i32 %add32_1_lcssa12_load_1" [codes_lab5/HLS_sources_final/templatedFuncs.h:202]   --->   Operation 186 'select' 'select_ln202_8' <Predicate = (!icmp_ln198)> <Delay = 0.69> <CoreInst = "Sel">   --->   Core 73 'Sel' <Latency = 0> <II = 1> <Delay = 0.69> <FuncUnit> <Opcode : 'select'> <InPorts = 3> <OutPorts = 1>
ST_4 : Operation 187 [1/1] (0.69ns)   --->   "%select_ln202_9 = select i1 %cmp9, i32 %fc1_bias_load_3, i32 %add32_3_lcssa16_load_1" [codes_lab5/HLS_sources_final/templatedFuncs.h:202]   --->   Operation 187 'select' 'select_ln202_9' <Predicate = (!icmp_ln198)> <Delay = 0.69> <CoreInst = "Sel">   --->   Core 73 'Sel' <Latency = 0> <II = 1> <Delay = 0.69> <FuncUnit> <Opcode : 'select'> <InPorts = 3> <OutPorts = 1>
ST_4 : Operation 188 [1/1] (0.69ns)   --->   "%select_ln202_10 = select i1 %cmp9, i32 %fc1_bias_load_5, i32 %add32_5_lcssa20_load_1" [codes_lab5/HLS_sources_final/templatedFuncs.h:202]   --->   Operation 188 'select' 'select_ln202_10' <Predicate = (!icmp_ln198)> <Delay = 0.69> <CoreInst = "Sel">   --->   Core 73 'Sel' <Latency = 0> <II = 1> <Delay = 0.69> <FuncUnit> <Opcode : 'select'> <InPorts = 3> <OutPorts = 1>
ST_4 : Operation 189 [1/1] (0.69ns)   --->   "%select_ln202_11 = select i1 %cmp9, i32 %fc1_bias_load_7, i32 %add32_7_lcssa24_load_1" [codes_lab5/HLS_sources_final/templatedFuncs.h:202]   --->   Operation 189 'select' 'select_ln202_11' <Predicate = (!icmp_ln198)> <Delay = 0.69> <CoreInst = "Sel">   --->   Core 73 'Sel' <Latency = 0> <II = 1> <Delay = 0.69> <FuncUnit> <Opcode : 'select'> <InPorts = 3> <OutPorts = 1>
ST_4 : Operation 190 [2/2] (3.25ns)   --->   "%fc1_weight_load = load i11 %fc1_weight_addr" [codes_lab5/HLS_sources_final/templatedFuncs.h:212]   --->   Operation 190 'load' 'fc1_weight_load' <Predicate = (!icmp_ln198)> <Delay = 3.25> <CoreInst = "ROM">   --->   Core 95 'ROM' <Latency = 1> <II = 1> <Delay = 3.25> <Storage> <Opcode : 'load'> <Ports = 0> <Width = 32> <Depth = 1600> <ROM>
ST_4 : Operation 191 [2/2] (3.25ns)   --->   "%fc1_weight_load_1 = load i11 %fc1_weight_addr_1" [codes_lab5/HLS_sources_final/templatedFuncs.h:212]   --->   Operation 191 'load' 'fc1_weight_load_1' <Predicate = (!icmp_ln198)> <Delay = 3.25> <CoreInst = "ROM">   --->   Core 95 'ROM' <Latency = 1> <II = 1> <Delay = 3.25> <Storage> <Opcode : 'load'> <Ports = 0> <Width = 32> <Depth = 1600> <ROM>
ST_4 : Operation 192 [2/2] (3.25ns)   --->   "%fc1_weight_load_2 = load i11 %fc1_weight_addr_2" [codes_lab5/HLS_sources_final/templatedFuncs.h:212]   --->   Operation 192 'load' 'fc1_weight_load_2' <Predicate = (!icmp_ln198)> <Delay = 3.25> <CoreInst = "ROM">   --->   Core 95 'ROM' <Latency = 1> <II = 1> <Delay = 3.25> <Storage> <Opcode : 'load'> <Ports = 0> <Width = 32> <Depth = 1600> <ROM>
ST_4 : Operation 193 [2/2] (3.25ns)   --->   "%fc1_weight_load_3 = load i11 %fc1_weight_addr_3" [codes_lab5/HLS_sources_final/templatedFuncs.h:212]   --->   Operation 193 'load' 'fc1_weight_load_3' <Predicate = (!icmp_ln198)> <Delay = 3.25> <CoreInst = "ROM">   --->   Core 95 'ROM' <Latency = 1> <II = 1> <Delay = 3.25> <Storage> <Opcode : 'load'> <Ports = 0> <Width = 32> <Depth = 1600> <ROM>
ST_4 : Operation 194 [2/2] (3.25ns)   --->   "%fc1_weight_load_4 = load i11 %fc1_weight_addr_4" [codes_lab5/HLS_sources_final/templatedFuncs.h:212]   --->   Operation 194 'load' 'fc1_weight_load_4' <Predicate = (!icmp_ln198)> <Delay = 3.25> <CoreInst = "ROM">   --->   Core 95 'ROM' <Latency = 1> <II = 1> <Delay = 3.25> <Storage> <Opcode : 'load'> <Ports = 0> <Width = 32> <Depth = 1600> <ROM>
ST_4 : Operation 195 [2/2] (3.25ns)   --->   "%fc1_weight_load_5 = load i11 %fc1_weight_addr_5" [codes_lab5/HLS_sources_final/templatedFuncs.h:212]   --->   Operation 195 'load' 'fc1_weight_load_5' <Predicate = (!icmp_ln198)> <Delay = 3.25> <CoreInst = "ROM">   --->   Core 95 'ROM' <Latency = 1> <II = 1> <Delay = 3.25> <Storage> <Opcode : 'load'> <Ports = 0> <Width = 32> <Depth = 1600> <ROM>
ST_4 : Operation 196 [2/2] (3.25ns)   --->   "%fc1_weight_load_6 = load i11 %fc1_weight_addr_6" [codes_lab5/HLS_sources_final/templatedFuncs.h:212]   --->   Operation 196 'load' 'fc1_weight_load_6' <Predicate = (!icmp_ln198)> <Delay = 3.25> <CoreInst = "ROM">   --->   Core 95 'ROM' <Latency = 1> <II = 1> <Delay = 3.25> <Storage> <Opcode : 'load'> <Ports = 0> <Width = 32> <Depth = 1600> <ROM>
ST_4 : Operation 197 [2/2] (3.25ns)   --->   "%fc1_weight_load_7 = load i11 %fc1_weight_addr_7" [codes_lab5/HLS_sources_final/templatedFuncs.h:212]   --->   Operation 197 'load' 'fc1_weight_load_7' <Predicate = (!icmp_ln198)> <Delay = 3.25> <CoreInst = "ROM">   --->   Core 95 'ROM' <Latency = 1> <II = 1> <Delay = 3.25> <Storage> <Opcode : 'load'> <Ports = 0> <Width = 32> <Depth = 1600> <ROM>
ST_4 : Operation 198 [1/1] (0.00ns)   --->   "%add32_lcssa10_load = load i32 %add32_lcssa10" [codes_lab5/HLS_sources_final/templatedFuncs.h:73]   --->   Operation 198 'load' 'add32_lcssa10_load' <Predicate = (icmp_ln198)> <Delay = 0.00>
ST_4 : Operation 199 [1/1] (0.00ns)   --->   "%add32_1_lcssa12_load = load i32 %add32_1_lcssa12" [codes_lab5/HLS_sources_final/templatedFuncs.h:73]   --->   Operation 199 'load' 'add32_1_lcssa12_load' <Predicate = (icmp_ln198)> <Delay = 0.00>
ST_4 : Operation 200 [1/1] (0.00ns)   --->   "%add32_2_lcssa14_load = load i32 %add32_2_lcssa14" [codes_lab5/HLS_sources_final/templatedFuncs.h:73]   --->   Operation 200 'load' 'add32_2_lcssa14_load' <Predicate = (icmp_ln198)> <Delay = 0.00>
ST_4 : Operation 201 [1/1] (0.00ns)   --->   "%add32_3_lcssa16_load = load i32 %add32_3_lcssa16" [codes_lab5/HLS_sources_final/templatedFuncs.h:73]   --->   Operation 201 'load' 'add32_3_lcssa16_load' <Predicate = (icmp_ln198)> <Delay = 0.00>
ST_4 : Operation 202 [1/1] (0.00ns)   --->   "%add32_4_lcssa18_load = load i32 %add32_4_lcssa18" [codes_lab5/HLS_sources_final/templatedFuncs.h:73]   --->   Operation 202 'load' 'add32_4_lcssa18_load' <Predicate = (icmp_ln198)> <Delay = 0.00>
ST_4 : Operation 203 [1/1] (0.00ns)   --->   "%add32_5_lcssa20_load = load i32 %add32_5_lcssa20" [codes_lab5/HLS_sources_final/templatedFuncs.h:73]   --->   Operation 203 'load' 'add32_5_lcssa20_load' <Predicate = (icmp_ln198)> <Delay = 0.00>
ST_4 : Operation 204 [1/1] (0.00ns)   --->   "%add32_6_lcssa22_load = load i32 %add32_6_lcssa22" [codes_lab5/HLS_sources_final/templatedFuncs.h:73]   --->   Operation 204 'load' 'add32_6_lcssa22_load' <Predicate = (icmp_ln198)> <Delay = 0.00>
ST_4 : Operation 205 [1/1] (0.00ns)   --->   "%add32_7_lcssa24_load = load i32 %add32_7_lcssa24" [codes_lab5/HLS_sources_final/templatedFuncs.h:73]   --->   Operation 205 'load' 'add32_7_lcssa24_load' <Predicate = (icmp_ln198)> <Delay = 0.00>
ST_4 : Operation 206 [2/2] (5.43ns)   --->   "%tmp_s = fcmp_olt  i32 %add32_lcssa10_load, i32 0" [codes_lab5/HLS_sources_final/templatedFuncs.h:73]   --->   Operation 206 'fcmp' 'tmp_s' <Predicate = (icmp_ln198)> <Delay = 5.43> <CoreInst = "FCompare">   --->   Core 19 'FCompare' <Latency = 1> <II = 1> <Delay = 5.43> <FuncUnit> <Opcode : 'fcmp'> <InPorts = 2> <OutPorts = 1>
ST_4 : Operation 207 [2/2] (5.43ns)   --->   "%tmp_8 = fcmp_olt  i32 %add32_1_lcssa12_load, i32 0" [codes_lab5/HLS_sources_final/templatedFuncs.h:73]   --->   Operation 207 'fcmp' 'tmp_8' <Predicate = (icmp_ln198)> <Delay = 5.43> <CoreInst = "FCompare">   --->   Core 19 'FCompare' <Latency = 1> <II = 1> <Delay = 5.43> <FuncUnit> <Opcode : 'fcmp'> <InPorts = 2> <OutPorts = 1>
ST_4 : Operation 208 [2/2] (5.43ns)   --->   "%tmp_10 = fcmp_olt  i32 %add32_2_lcssa14_load, i32 0" [codes_lab5/HLS_sources_final/templatedFuncs.h:73]   --->   Operation 208 'fcmp' 'tmp_10' <Predicate = (icmp_ln198)> <Delay = 5.43> <CoreInst = "FCompare">   --->   Core 19 'FCompare' <Latency = 1> <II = 1> <Delay = 5.43> <FuncUnit> <Opcode : 'fcmp'> <InPorts = 2> <OutPorts = 1>
ST_4 : Operation 209 [2/2] (5.43ns)   --->   "%tmp_12 = fcmp_olt  i32 %add32_3_lcssa16_load, i32 0" [codes_lab5/HLS_sources_final/templatedFuncs.h:73]   --->   Operation 209 'fcmp' 'tmp_12' <Predicate = (icmp_ln198)> <Delay = 5.43> <CoreInst = "FCompare">   --->   Core 19 'FCompare' <Latency = 1> <II = 1> <Delay = 5.43> <FuncUnit> <Opcode : 'fcmp'> <InPorts = 2> <OutPorts = 1>
ST_4 : Operation 210 [2/2] (5.43ns)   --->   "%tmp_14 = fcmp_olt  i32 %add32_4_lcssa18_load, i32 0" [codes_lab5/HLS_sources_final/templatedFuncs.h:73]   --->   Operation 210 'fcmp' 'tmp_14' <Predicate = (icmp_ln198)> <Delay = 5.43> <CoreInst = "FCompare">   --->   Core 19 'FCompare' <Latency = 1> <II = 1> <Delay = 5.43> <FuncUnit> <Opcode : 'fcmp'> <InPorts = 2> <OutPorts = 1>
ST_4 : Operation 211 [2/2] (5.43ns)   --->   "%tmp_16 = fcmp_olt  i32 %add32_5_lcssa20_load, i32 0" [codes_lab5/HLS_sources_final/templatedFuncs.h:73]   --->   Operation 211 'fcmp' 'tmp_16' <Predicate = (icmp_ln198)> <Delay = 5.43> <CoreInst = "FCompare">   --->   Core 19 'FCompare' <Latency = 1> <II = 1> <Delay = 5.43> <FuncUnit> <Opcode : 'fcmp'> <InPorts = 2> <OutPorts = 1>
ST_4 : Operation 212 [2/2] (5.43ns)   --->   "%tmp_18 = fcmp_olt  i32 %add32_6_lcssa22_load, i32 0" [codes_lab5/HLS_sources_final/templatedFuncs.h:73]   --->   Operation 212 'fcmp' 'tmp_18' <Predicate = (icmp_ln198)> <Delay = 5.43> <CoreInst = "FCompare">   --->   Core 19 'FCompare' <Latency = 1> <II = 1> <Delay = 5.43> <FuncUnit> <Opcode : 'fcmp'> <InPorts = 2> <OutPorts = 1>
ST_4 : Operation 213 [2/2] (5.43ns)   --->   "%tmp_20 = fcmp_olt  i32 %add32_7_lcssa24_load, i32 0" [codes_lab5/HLS_sources_final/templatedFuncs.h:73]   --->   Operation 213 'fcmp' 'tmp_20' <Predicate = (icmp_ln198)> <Delay = 5.43> <CoreInst = "FCompare">   --->   Core 19 'FCompare' <Latency = 1> <II = 1> <Delay = 5.43> <FuncUnit> <Opcode : 'fcmp'> <InPorts = 2> <OutPorts = 1>
ST_4 : Operation 214 [1/1] (1.30ns)   --->   "%icmp_ln218 = icmp_eq  i4 %shl_ln, i4 0" [codes_lab5/HLS_sources_final/templatedFuncs.h:218]   --->   Operation 214 'icmp' 'icmp_ln218' <Predicate = (icmp_ln198)> <Delay = 1.30> <CoreInst = "Cmp">   --->   Core 9 'Cmp' <Latency = 0> <II = 1> <Delay = 1.30> <FuncUnit> <Opcode : 'icmp'> <InPorts = 2> <OutPorts = 1>
ST_4 : Operation 215 [1/1] (1.58ns)   --->   "%store_ln195 = store i2 %add_ln195, i2 %turn" [codes_lab5/HLS_sources_final/templatedFuncs.h:195]   --->   Operation 215 'store' 'store_ln195' <Predicate = (icmp_ln198)> <Delay = 1.58>

State 5 <SV = 4> <Delay = 3.25>
ST_5 : Operation 216 [1/2] (3.25ns)   --->   "%ip = load i7 %input_addr" [codes_lab5/HLS_sources_final/templatedFuncs.h:199]   --->   Operation 216 'load' 'ip' <Predicate = true> <Delay = 3.25> <CoreInst = "RAM">   --->   Core 82 'RAM' <Latency = 1> <II = 1> <Delay = 3.25> <Storage> <Opcode : 'load' 'store'> <Ports = 2> <Width = 32> <Depth = 100> <RAM>
ST_5 : Operation 217 [1/2] (3.25ns)   --->   "%fc1_weight_load = load i11 %fc1_weight_addr" [codes_lab5/HLS_sources_final/templatedFuncs.h:212]   --->   Operation 217 'load' 'fc1_weight_load' <Predicate = true> <Delay = 3.25> <CoreInst = "ROM">   --->   Core 95 'ROM' <Latency = 1> <II = 1> <Delay = 3.25> <Storage> <Opcode : 'load'> <Ports = 0> <Width = 32> <Depth = 1600> <ROM>
ST_5 : Operation 218 [1/2] (3.25ns)   --->   "%fc1_weight_load_1 = load i11 %fc1_weight_addr_1" [codes_lab5/HLS_sources_final/templatedFuncs.h:212]   --->   Operation 218 'load' 'fc1_weight_load_1' <Predicate = true> <Delay = 3.25> <CoreInst = "ROM">   --->   Core 95 'ROM' <Latency = 1> <II = 1> <Delay = 3.25> <Storage> <Opcode : 'load'> <Ports = 0> <Width = 32> <Depth = 1600> <ROM>
ST_5 : Operation 219 [1/2] (3.25ns)   --->   "%fc1_weight_load_2 = load i11 %fc1_weight_addr_2" [codes_lab5/HLS_sources_final/templatedFuncs.h:212]   --->   Operation 219 'load' 'fc1_weight_load_2' <Predicate = true> <Delay = 3.25> <CoreInst = "ROM">   --->   Core 95 'ROM' <Latency = 1> <II = 1> <Delay = 3.25> <Storage> <Opcode : 'load'> <Ports = 0> <Width = 32> <Depth = 1600> <ROM>
ST_5 : Operation 220 [1/2] (3.25ns)   --->   "%fc1_weight_load_3 = load i11 %fc1_weight_addr_3" [codes_lab5/HLS_sources_final/templatedFuncs.h:212]   --->   Operation 220 'load' 'fc1_weight_load_3' <Predicate = true> <Delay = 3.25> <CoreInst = "ROM">   --->   Core 95 'ROM' <Latency = 1> <II = 1> <Delay = 3.25> <Storage> <Opcode : 'load'> <Ports = 0> <Width = 32> <Depth = 1600> <ROM>
ST_5 : Operation 221 [1/2] (3.25ns)   --->   "%fc1_weight_load_4 = load i11 %fc1_weight_addr_4" [codes_lab5/HLS_sources_final/templatedFuncs.h:212]   --->   Operation 221 'load' 'fc1_weight_load_4' <Predicate = true> <Delay = 3.25> <CoreInst = "ROM">   --->   Core 95 'ROM' <Latency = 1> <II = 1> <Delay = 3.25> <Storage> <Opcode : 'load'> <Ports = 0> <Width = 32> <Depth = 1600> <ROM>
ST_5 : Operation 222 [1/2] (3.25ns)   --->   "%fc1_weight_load_5 = load i11 %fc1_weight_addr_5" [codes_lab5/HLS_sources_final/templatedFuncs.h:212]   --->   Operation 222 'load' 'fc1_weight_load_5' <Predicate = true> <Delay = 3.25> <CoreInst = "ROM">   --->   Core 95 'ROM' <Latency = 1> <II = 1> <Delay = 3.25> <Storage> <Opcode : 'load'> <Ports = 0> <Width = 32> <Depth = 1600> <ROM>
ST_5 : Operation 223 [1/2] (3.25ns)   --->   "%fc1_weight_load_6 = load i11 %fc1_weight_addr_6" [codes_lab5/HLS_sources_final/templatedFuncs.h:212]   --->   Operation 223 'load' 'fc1_weight_load_6' <Predicate = true> <Delay = 3.25> <CoreInst = "ROM">   --->   Core 95 'ROM' <Latency = 1> <II = 1> <Delay = 3.25> <Storage> <Opcode : 'load'> <Ports = 0> <Width = 32> <Depth = 1600> <ROM>
ST_5 : Operation 224 [1/2] (3.25ns)   --->   "%fc1_weight_load_7 = load i11 %fc1_weight_addr_7" [codes_lab5/HLS_sources_final/templatedFuncs.h:212]   --->   Operation 224 'load' 'fc1_weight_load_7' <Predicate = true> <Delay = 3.25> <CoreInst = "ROM">   --->   Core 95 'ROM' <Latency = 1> <II = 1> <Delay = 3.25> <Storage> <Opcode : 'load'> <Ports = 0> <Width = 32> <Depth = 1600> <ROM>

State 6 <SV = 5> <Delay = 5.70>
ST_6 : Operation 225 [4/4] (5.70ns)   --->   "%mul = fmul i32 %ip, i32 %fc1_weight_load" [codes_lab5/HLS_sources_final/templatedFuncs.h:212]   --->   Operation 225 'fmul' 'mul' <Predicate = true> <Delay = 5.70> <CoreInst = "FMul_maxdsp">   --->   Core 30 'FMul_maxdsp' <Latency = 3> <II = 1> <Delay = 5.70> <FuncUnit> <Opcode : 'fmul'> <InPorts = 2> <OutPorts = 1>
ST_6 : Operation 226 [4/4] (5.70ns)   --->   "%mul31_1 = fmul i32 %ip, i32 %fc1_weight_load_1" [codes_lab5/HLS_sources_final/templatedFuncs.h:212]   --->   Operation 226 'fmul' 'mul31_1' <Predicate = true> <Delay = 5.70> <CoreInst = "FMul_maxdsp">   --->   Core 30 'FMul_maxdsp' <Latency = 3> <II = 1> <Delay = 5.70> <FuncUnit> <Opcode : 'fmul'> <InPorts = 2> <OutPorts = 1>
ST_6 : Operation 227 [4/4] (5.70ns)   --->   "%mul31_2 = fmul i32 %ip, i32 %fc1_weight_load_2" [codes_lab5/HLS_sources_final/templatedFuncs.h:212]   --->   Operation 227 'fmul' 'mul31_2' <Predicate = true> <Delay = 5.70> <CoreInst = "FMul_maxdsp">   --->   Core 30 'FMul_maxdsp' <Latency = 3> <II = 1> <Delay = 5.70> <FuncUnit> <Opcode : 'fmul'> <InPorts = 2> <OutPorts = 1>
ST_6 : Operation 228 [4/4] (5.70ns)   --->   "%mul31_3 = fmul i32 %ip, i32 %fc1_weight_load_3" [codes_lab5/HLS_sources_final/templatedFuncs.h:212]   --->   Operation 228 'fmul' 'mul31_3' <Predicate = true> <Delay = 5.70> <CoreInst = "FMul_maxdsp">   --->   Core 30 'FMul_maxdsp' <Latency = 3> <II = 1> <Delay = 5.70> <FuncUnit> <Opcode : 'fmul'> <InPorts = 2> <OutPorts = 1>
ST_6 : Operation 229 [4/4] (5.70ns)   --->   "%mul31_4 = fmul i32 %ip, i32 %fc1_weight_load_4" [codes_lab5/HLS_sources_final/templatedFuncs.h:212]   --->   Operation 229 'fmul' 'mul31_4' <Predicate = true> <Delay = 5.70> <CoreInst = "FMul_maxdsp">   --->   Core 30 'FMul_maxdsp' <Latency = 3> <II = 1> <Delay = 5.70> <FuncUnit> <Opcode : 'fmul'> <InPorts = 2> <OutPorts = 1>
ST_6 : Operation 230 [4/4] (5.70ns)   --->   "%mul31_5 = fmul i32 %ip, i32 %fc1_weight_load_5" [codes_lab5/HLS_sources_final/templatedFuncs.h:212]   --->   Operation 230 'fmul' 'mul31_5' <Predicate = true> <Delay = 5.70> <CoreInst = "FMul_maxdsp">   --->   Core 30 'FMul_maxdsp' <Latency = 3> <II = 1> <Delay = 5.70> <FuncUnit> <Opcode : 'fmul'> <InPorts = 2> <OutPorts = 1>
ST_6 : Operation 231 [4/4] (5.70ns)   --->   "%mul31_6 = fmul i32 %ip, i32 %fc1_weight_load_6" [codes_lab5/HLS_sources_final/templatedFuncs.h:212]   --->   Operation 231 'fmul' 'mul31_6' <Predicate = true> <Delay = 5.70> <CoreInst = "FMul_maxdsp">   --->   Core 30 'FMul_maxdsp' <Latency = 3> <II = 1> <Delay = 5.70> <FuncUnit> <Opcode : 'fmul'> <InPorts = 2> <OutPorts = 1>
ST_6 : Operation 232 [4/4] (5.70ns)   --->   "%mul31_7 = fmul i32 %ip, i32 %fc1_weight_load_7" [codes_lab5/HLS_sources_final/templatedFuncs.h:212]   --->   Operation 232 'fmul' 'mul31_7' <Predicate = true> <Delay = 5.70> <CoreInst = "FMul_maxdsp">   --->   Core 30 'FMul_maxdsp' <Latency = 3> <II = 1> <Delay = 5.70> <FuncUnit> <Opcode : 'fmul'> <InPorts = 2> <OutPorts = 1>

State 7 <SV = 6> <Delay = 5.70>
ST_7 : Operation 233 [3/4] (5.70ns)   --->   "%mul = fmul i32 %ip, i32 %fc1_weight_load" [codes_lab5/HLS_sources_final/templatedFuncs.h:212]   --->   Operation 233 'fmul' 'mul' <Predicate = true> <Delay = 5.70> <CoreInst = "FMul_maxdsp">   --->   Core 30 'FMul_maxdsp' <Latency = 3> <II = 1> <Delay = 5.70> <FuncUnit> <Opcode : 'fmul'> <InPorts = 2> <OutPorts = 1>
ST_7 : Operation 234 [3/4] (5.70ns)   --->   "%mul31_1 = fmul i32 %ip, i32 %fc1_weight_load_1" [codes_lab5/HLS_sources_final/templatedFuncs.h:212]   --->   Operation 234 'fmul' 'mul31_1' <Predicate = true> <Delay = 5.70> <CoreInst = "FMul_maxdsp">   --->   Core 30 'FMul_maxdsp' <Latency = 3> <II = 1> <Delay = 5.70> <FuncUnit> <Opcode : 'fmul'> <InPorts = 2> <OutPorts = 1>
ST_7 : Operation 235 [3/4] (5.70ns)   --->   "%mul31_2 = fmul i32 %ip, i32 %fc1_weight_load_2" [codes_lab5/HLS_sources_final/templatedFuncs.h:212]   --->   Operation 235 'fmul' 'mul31_2' <Predicate = true> <Delay = 5.70> <CoreInst = "FMul_maxdsp">   --->   Core 30 'FMul_maxdsp' <Latency = 3> <II = 1> <Delay = 5.70> <FuncUnit> <Opcode : 'fmul'> <InPorts = 2> <OutPorts = 1>
ST_7 : Operation 236 [3/4] (5.70ns)   --->   "%mul31_3 = fmul i32 %ip, i32 %fc1_weight_load_3" [codes_lab5/HLS_sources_final/templatedFuncs.h:212]   --->   Operation 236 'fmul' 'mul31_3' <Predicate = true> <Delay = 5.70> <CoreInst = "FMul_maxdsp">   --->   Core 30 'FMul_maxdsp' <Latency = 3> <II = 1> <Delay = 5.70> <FuncUnit> <Opcode : 'fmul'> <InPorts = 2> <OutPorts = 1>
ST_7 : Operation 237 [3/4] (5.70ns)   --->   "%mul31_4 = fmul i32 %ip, i32 %fc1_weight_load_4" [codes_lab5/HLS_sources_final/templatedFuncs.h:212]   --->   Operation 237 'fmul' 'mul31_4' <Predicate = true> <Delay = 5.70> <CoreInst = "FMul_maxdsp">   --->   Core 30 'FMul_maxdsp' <Latency = 3> <II = 1> <Delay = 5.70> <FuncUnit> <Opcode : 'fmul'> <InPorts = 2> <OutPorts = 1>
ST_7 : Operation 238 [3/4] (5.70ns)   --->   "%mul31_5 = fmul i32 %ip, i32 %fc1_weight_load_5" [codes_lab5/HLS_sources_final/templatedFuncs.h:212]   --->   Operation 238 'fmul' 'mul31_5' <Predicate = true> <Delay = 5.70> <CoreInst = "FMul_maxdsp">   --->   Core 30 'FMul_maxdsp' <Latency = 3> <II = 1> <Delay = 5.70> <FuncUnit> <Opcode : 'fmul'> <InPorts = 2> <OutPorts = 1>
ST_7 : Operation 239 [3/4] (5.70ns)   --->   "%mul31_6 = fmul i32 %ip, i32 %fc1_weight_load_6" [codes_lab5/HLS_sources_final/templatedFuncs.h:212]   --->   Operation 239 'fmul' 'mul31_6' <Predicate = true> <Delay = 5.70> <CoreInst = "FMul_maxdsp">   --->   Core 30 'FMul_maxdsp' <Latency = 3> <II = 1> <Delay = 5.70> <FuncUnit> <Opcode : 'fmul'> <InPorts = 2> <OutPorts = 1>
ST_7 : Operation 240 [3/4] (5.70ns)   --->   "%mul31_7 = fmul i32 %ip, i32 %fc1_weight_load_7" [codes_lab5/HLS_sources_final/templatedFuncs.h:212]   --->   Operation 240 'fmul' 'mul31_7' <Predicate = true> <Delay = 5.70> <CoreInst = "FMul_maxdsp">   --->   Core 30 'FMul_maxdsp' <Latency = 3> <II = 1> <Delay = 5.70> <FuncUnit> <Opcode : 'fmul'> <InPorts = 2> <OutPorts = 1>

State 8 <SV = 7> <Delay = 5.70>
ST_8 : Operation 241 [2/4] (5.70ns)   --->   "%mul = fmul i32 %ip, i32 %fc1_weight_load" [codes_lab5/HLS_sources_final/templatedFuncs.h:212]   --->   Operation 241 'fmul' 'mul' <Predicate = true> <Delay = 5.70> <CoreInst = "FMul_maxdsp">   --->   Core 30 'FMul_maxdsp' <Latency = 3> <II = 1> <Delay = 5.70> <FuncUnit> <Opcode : 'fmul'> <InPorts = 2> <OutPorts = 1>
ST_8 : Operation 242 [2/4] (5.70ns)   --->   "%mul31_1 = fmul i32 %ip, i32 %fc1_weight_load_1" [codes_lab5/HLS_sources_final/templatedFuncs.h:212]   --->   Operation 242 'fmul' 'mul31_1' <Predicate = true> <Delay = 5.70> <CoreInst = "FMul_maxdsp">   --->   Core 30 'FMul_maxdsp' <Latency = 3> <II = 1> <Delay = 5.70> <FuncUnit> <Opcode : 'fmul'> <InPorts = 2> <OutPorts = 1>
ST_8 : Operation 243 [2/4] (5.70ns)   --->   "%mul31_2 = fmul i32 %ip, i32 %fc1_weight_load_2" [codes_lab5/HLS_sources_final/templatedFuncs.h:212]   --->   Operation 243 'fmul' 'mul31_2' <Predicate = true> <Delay = 5.70> <CoreInst = "FMul_maxdsp">   --->   Core 30 'FMul_maxdsp' <Latency = 3> <II = 1> <Delay = 5.70> <FuncUnit> <Opcode : 'fmul'> <InPorts = 2> <OutPorts = 1>
ST_8 : Operation 244 [2/4] (5.70ns)   --->   "%mul31_3 = fmul i32 %ip, i32 %fc1_weight_load_3" [codes_lab5/HLS_sources_final/templatedFuncs.h:212]   --->   Operation 244 'fmul' 'mul31_3' <Predicate = true> <Delay = 5.70> <CoreInst = "FMul_maxdsp">   --->   Core 30 'FMul_maxdsp' <Latency = 3> <II = 1> <Delay = 5.70> <FuncUnit> <Opcode : 'fmul'> <InPorts = 2> <OutPorts = 1>
ST_8 : Operation 245 [2/4] (5.70ns)   --->   "%mul31_4 = fmul i32 %ip, i32 %fc1_weight_load_4" [codes_lab5/HLS_sources_final/templatedFuncs.h:212]   --->   Operation 245 'fmul' 'mul31_4' <Predicate = true> <Delay = 5.70> <CoreInst = "FMul_maxdsp">   --->   Core 30 'FMul_maxdsp' <Latency = 3> <II = 1> <Delay = 5.70> <FuncUnit> <Opcode : 'fmul'> <InPorts = 2> <OutPorts = 1>
ST_8 : Operation 246 [2/4] (5.70ns)   --->   "%mul31_5 = fmul i32 %ip, i32 %fc1_weight_load_5" [codes_lab5/HLS_sources_final/templatedFuncs.h:212]   --->   Operation 246 'fmul' 'mul31_5' <Predicate = true> <Delay = 5.70> <CoreInst = "FMul_maxdsp">   --->   Core 30 'FMul_maxdsp' <Latency = 3> <II = 1> <Delay = 5.70> <FuncUnit> <Opcode : 'fmul'> <InPorts = 2> <OutPorts = 1>
ST_8 : Operation 247 [2/4] (5.70ns)   --->   "%mul31_6 = fmul i32 %ip, i32 %fc1_weight_load_6" [codes_lab5/HLS_sources_final/templatedFuncs.h:212]   --->   Operation 247 'fmul' 'mul31_6' <Predicate = true> <Delay = 5.70> <CoreInst = "FMul_maxdsp">   --->   Core 30 'FMul_maxdsp' <Latency = 3> <II = 1> <Delay = 5.70> <FuncUnit> <Opcode : 'fmul'> <InPorts = 2> <OutPorts = 1>
ST_8 : Operation 248 [2/4] (5.70ns)   --->   "%mul31_7 = fmul i32 %ip, i32 %fc1_weight_load_7" [codes_lab5/HLS_sources_final/templatedFuncs.h:212]   --->   Operation 248 'fmul' 'mul31_7' <Predicate = true> <Delay = 5.70> <CoreInst = "FMul_maxdsp">   --->   Core 30 'FMul_maxdsp' <Latency = 3> <II = 1> <Delay = 5.70> <FuncUnit> <Opcode : 'fmul'> <InPorts = 2> <OutPorts = 1>

State 9 <SV = 8> <Delay = 5.70>
ST_9 : Operation 249 [1/4] (5.70ns)   --->   "%mul = fmul i32 %ip, i32 %fc1_weight_load" [codes_lab5/HLS_sources_final/templatedFuncs.h:212]   --->   Operation 249 'fmul' 'mul' <Predicate = true> <Delay = 5.70> <CoreInst = "FMul_maxdsp">   --->   Core 30 'FMul_maxdsp' <Latency = 3> <II = 1> <Delay = 5.70> <FuncUnit> <Opcode : 'fmul'> <InPorts = 2> <OutPorts = 1>
ST_9 : Operation 250 [1/4] (5.70ns)   --->   "%mul31_1 = fmul i32 %ip, i32 %fc1_weight_load_1" [codes_lab5/HLS_sources_final/templatedFuncs.h:212]   --->   Operation 250 'fmul' 'mul31_1' <Predicate = true> <Delay = 5.70> <CoreInst = "FMul_maxdsp">   --->   Core 30 'FMul_maxdsp' <Latency = 3> <II = 1> <Delay = 5.70> <FuncUnit> <Opcode : 'fmul'> <InPorts = 2> <OutPorts = 1>
ST_9 : Operation 251 [1/4] (5.70ns)   --->   "%mul31_2 = fmul i32 %ip, i32 %fc1_weight_load_2" [codes_lab5/HLS_sources_final/templatedFuncs.h:212]   --->   Operation 251 'fmul' 'mul31_2' <Predicate = true> <Delay = 5.70> <CoreInst = "FMul_maxdsp">   --->   Core 30 'FMul_maxdsp' <Latency = 3> <II = 1> <Delay = 5.70> <FuncUnit> <Opcode : 'fmul'> <InPorts = 2> <OutPorts = 1>
ST_9 : Operation 252 [1/4] (5.70ns)   --->   "%mul31_3 = fmul i32 %ip, i32 %fc1_weight_load_3" [codes_lab5/HLS_sources_final/templatedFuncs.h:212]   --->   Operation 252 'fmul' 'mul31_3' <Predicate = true> <Delay = 5.70> <CoreInst = "FMul_maxdsp">   --->   Core 30 'FMul_maxdsp' <Latency = 3> <II = 1> <Delay = 5.70> <FuncUnit> <Opcode : 'fmul'> <InPorts = 2> <OutPorts = 1>
ST_9 : Operation 253 [1/4] (5.70ns)   --->   "%mul31_4 = fmul i32 %ip, i32 %fc1_weight_load_4" [codes_lab5/HLS_sources_final/templatedFuncs.h:212]   --->   Operation 253 'fmul' 'mul31_4' <Predicate = true> <Delay = 5.70> <CoreInst = "FMul_maxdsp">   --->   Core 30 'FMul_maxdsp' <Latency = 3> <II = 1> <Delay = 5.70> <FuncUnit> <Opcode : 'fmul'> <InPorts = 2> <OutPorts = 1>
ST_9 : Operation 254 [1/4] (5.70ns)   --->   "%mul31_5 = fmul i32 %ip, i32 %fc1_weight_load_5" [codes_lab5/HLS_sources_final/templatedFuncs.h:212]   --->   Operation 254 'fmul' 'mul31_5' <Predicate = true> <Delay = 5.70> <CoreInst = "FMul_maxdsp">   --->   Core 30 'FMul_maxdsp' <Latency = 3> <II = 1> <Delay = 5.70> <FuncUnit> <Opcode : 'fmul'> <InPorts = 2> <OutPorts = 1>
ST_9 : Operation 255 [1/4] (5.70ns)   --->   "%mul31_6 = fmul i32 %ip, i32 %fc1_weight_load_6" [codes_lab5/HLS_sources_final/templatedFuncs.h:212]   --->   Operation 255 'fmul' 'mul31_6' <Predicate = true> <Delay = 5.70> <CoreInst = "FMul_maxdsp">   --->   Core 30 'FMul_maxdsp' <Latency = 3> <II = 1> <Delay = 5.70> <FuncUnit> <Opcode : 'fmul'> <InPorts = 2> <OutPorts = 1>
ST_9 : Operation 256 [1/4] (5.70ns)   --->   "%mul31_7 = fmul i32 %ip, i32 %fc1_weight_load_7" [codes_lab5/HLS_sources_final/templatedFuncs.h:212]   --->   Operation 256 'fmul' 'mul31_7' <Predicate = true> <Delay = 5.70> <CoreInst = "FMul_maxdsp">   --->   Core 30 'FMul_maxdsp' <Latency = 3> <II = 1> <Delay = 5.70> <FuncUnit> <Opcode : 'fmul'> <InPorts = 2> <OutPorts = 1>

State 10 <SV = 9> <Delay = 7.25>
ST_10 : Operation 257 [5/5] (7.25ns)   --->   "%input_assign = fadd i32 %select_ln202_7, i32 %mul" [codes_lab5/HLS_sources_final/templatedFuncs.h:212]   --->   Operation 257 'fadd' 'input_assign' <Predicate = true> <Delay = 7.25> <CoreInst = "FAddSub_fulldsp">   --->   Core 18 'FAddSub_fulldsp' <Latency = 4> <II = 1> <Delay = 7.25> <FuncUnit> <Opcode : 'fadd' 'fsub'> <InPorts = 2> <OutPorts = 1>
ST_10 : Operation 258 [5/5] (7.25ns)   --->   "%input_assign_1 = fadd i32 %select_ln202_8, i32 %mul31_1" [codes_lab5/HLS_sources_final/templatedFuncs.h:212]   --->   Operation 258 'fadd' 'input_assign_1' <Predicate = true> <Delay = 7.25> <CoreInst = "FAddSub_fulldsp">   --->   Core 18 'FAddSub_fulldsp' <Latency = 4> <II = 1> <Delay = 7.25> <FuncUnit> <Opcode : 'fadd' 'fsub'> <InPorts = 2> <OutPorts = 1>
ST_10 : Operation 259 [5/5] (7.25ns)   --->   "%input_assign_2 = fadd i32 %select_ln202_6, i32 %mul31_2" [codes_lab5/HLS_sources_final/templatedFuncs.h:212]   --->   Operation 259 'fadd' 'input_assign_2' <Predicate = true> <Delay = 7.25> <CoreInst = "FAddSub_fulldsp">   --->   Core 18 'FAddSub_fulldsp' <Latency = 4> <II = 1> <Delay = 7.25> <FuncUnit> <Opcode : 'fadd' 'fsub'> <InPorts = 2> <OutPorts = 1>
ST_10 : Operation 260 [5/5] (7.25ns)   --->   "%input_assign_3 = fadd i32 %select_ln202_9, i32 %mul31_3" [codes_lab5/HLS_sources_final/templatedFuncs.h:212]   --->   Operation 260 'fadd' 'input_assign_3' <Predicate = true> <Delay = 7.25> <CoreInst = "FAddSub_fulldsp">   --->   Core 18 'FAddSub_fulldsp' <Latency = 4> <II = 1> <Delay = 7.25> <FuncUnit> <Opcode : 'fadd' 'fsub'> <InPorts = 2> <OutPorts = 1>
ST_10 : Operation 261 [5/5] (7.25ns)   --->   "%input_assign_4 = fadd i32 %select_ln202_5, i32 %mul31_4" [codes_lab5/HLS_sources_final/templatedFuncs.h:212]   --->   Operation 261 'fadd' 'input_assign_4' <Predicate = true> <Delay = 7.25> <CoreInst = "FAddSub_fulldsp">   --->   Core 18 'FAddSub_fulldsp' <Latency = 4> <II = 1> <Delay = 7.25> <FuncUnit> <Opcode : 'fadd' 'fsub'> <InPorts = 2> <OutPorts = 1>
ST_10 : Operation 262 [5/5] (7.25ns)   --->   "%input_assign_5 = fadd i32 %select_ln202_10, i32 %mul31_5" [codes_lab5/HLS_sources_final/templatedFuncs.h:212]   --->   Operation 262 'fadd' 'input_assign_5' <Predicate = true> <Delay = 7.25> <CoreInst = "FAddSub_fulldsp">   --->   Core 18 'FAddSub_fulldsp' <Latency = 4> <II = 1> <Delay = 7.25> <FuncUnit> <Opcode : 'fadd' 'fsub'> <InPorts = 2> <OutPorts = 1>
ST_10 : Operation 263 [5/5] (7.25ns)   --->   "%input_assign_6 = fadd i32 %select_ln202, i32 %mul31_6" [codes_lab5/HLS_sources_final/templatedFuncs.h:212]   --->   Operation 263 'fadd' 'input_assign_6' <Predicate = true> <Delay = 7.25> <CoreInst = "FAddSub_fulldsp">   --->   Core 18 'FAddSub_fulldsp' <Latency = 4> <II = 1> <Delay = 7.25> <FuncUnit> <Opcode : 'fadd' 'fsub'> <InPorts = 2> <OutPorts = 1>
ST_10 : Operation 264 [5/5] (7.25ns)   --->   "%input_assign_7 = fadd i32 %select_ln202_11, i32 %mul31_7" [codes_lab5/HLS_sources_final/templatedFuncs.h:212]   --->   Operation 264 'fadd' 'input_assign_7' <Predicate = true> <Delay = 7.25> <CoreInst = "FAddSub_fulldsp">   --->   Core 18 'FAddSub_fulldsp' <Latency = 4> <II = 1> <Delay = 7.25> <FuncUnit> <Opcode : 'fadd' 'fsub'> <InPorts = 2> <OutPorts = 1>

State 11 <SV = 10> <Delay = 7.25>
ST_11 : Operation 265 [4/5] (7.25ns)   --->   "%input_assign = fadd i32 %select_ln202_7, i32 %mul" [codes_lab5/HLS_sources_final/templatedFuncs.h:212]   --->   Operation 265 'fadd' 'input_assign' <Predicate = true> <Delay = 7.25> <CoreInst = "FAddSub_fulldsp">   --->   Core 18 'FAddSub_fulldsp' <Latency = 4> <II = 1> <Delay = 7.25> <FuncUnit> <Opcode : 'fadd' 'fsub'> <InPorts = 2> <OutPorts = 1>
ST_11 : Operation 266 [4/5] (7.25ns)   --->   "%input_assign_1 = fadd i32 %select_ln202_8, i32 %mul31_1" [codes_lab5/HLS_sources_final/templatedFuncs.h:212]   --->   Operation 266 'fadd' 'input_assign_1' <Predicate = true> <Delay = 7.25> <CoreInst = "FAddSub_fulldsp">   --->   Core 18 'FAddSub_fulldsp' <Latency = 4> <II = 1> <Delay = 7.25> <FuncUnit> <Opcode : 'fadd' 'fsub'> <InPorts = 2> <OutPorts = 1>
ST_11 : Operation 267 [4/5] (7.25ns)   --->   "%input_assign_2 = fadd i32 %select_ln202_6, i32 %mul31_2" [codes_lab5/HLS_sources_final/templatedFuncs.h:212]   --->   Operation 267 'fadd' 'input_assign_2' <Predicate = true> <Delay = 7.25> <CoreInst = "FAddSub_fulldsp">   --->   Core 18 'FAddSub_fulldsp' <Latency = 4> <II = 1> <Delay = 7.25> <FuncUnit> <Opcode : 'fadd' 'fsub'> <InPorts = 2> <OutPorts = 1>
ST_11 : Operation 268 [4/5] (7.25ns)   --->   "%input_assign_3 = fadd i32 %select_ln202_9, i32 %mul31_3" [codes_lab5/HLS_sources_final/templatedFuncs.h:212]   --->   Operation 268 'fadd' 'input_assign_3' <Predicate = true> <Delay = 7.25> <CoreInst = "FAddSub_fulldsp">   --->   Core 18 'FAddSub_fulldsp' <Latency = 4> <II = 1> <Delay = 7.25> <FuncUnit> <Opcode : 'fadd' 'fsub'> <InPorts = 2> <OutPorts = 1>
ST_11 : Operation 269 [4/5] (7.25ns)   --->   "%input_assign_4 = fadd i32 %select_ln202_5, i32 %mul31_4" [codes_lab5/HLS_sources_final/templatedFuncs.h:212]   --->   Operation 269 'fadd' 'input_assign_4' <Predicate = true> <Delay = 7.25> <CoreInst = "FAddSub_fulldsp">   --->   Core 18 'FAddSub_fulldsp' <Latency = 4> <II = 1> <Delay = 7.25> <FuncUnit> <Opcode : 'fadd' 'fsub'> <InPorts = 2> <OutPorts = 1>
ST_11 : Operation 270 [4/5] (7.25ns)   --->   "%input_assign_5 = fadd i32 %select_ln202_10, i32 %mul31_5" [codes_lab5/HLS_sources_final/templatedFuncs.h:212]   --->   Operation 270 'fadd' 'input_assign_5' <Predicate = true> <Delay = 7.25> <CoreInst = "FAddSub_fulldsp">   --->   Core 18 'FAddSub_fulldsp' <Latency = 4> <II = 1> <Delay = 7.25> <FuncUnit> <Opcode : 'fadd' 'fsub'> <InPorts = 2> <OutPorts = 1>
ST_11 : Operation 271 [4/5] (7.25ns)   --->   "%input_assign_6 = fadd i32 %select_ln202, i32 %mul31_6" [codes_lab5/HLS_sources_final/templatedFuncs.h:212]   --->   Operation 271 'fadd' 'input_assign_6' <Predicate = true> <Delay = 7.25> <CoreInst = "FAddSub_fulldsp">   --->   Core 18 'FAddSub_fulldsp' <Latency = 4> <II = 1> <Delay = 7.25> <FuncUnit> <Opcode : 'fadd' 'fsub'> <InPorts = 2> <OutPorts = 1>
ST_11 : Operation 272 [4/5] (7.25ns)   --->   "%input_assign_7 = fadd i32 %select_ln202_11, i32 %mul31_7" [codes_lab5/HLS_sources_final/templatedFuncs.h:212]   --->   Operation 272 'fadd' 'input_assign_7' <Predicate = true> <Delay = 7.25> <CoreInst = "FAddSub_fulldsp">   --->   Core 18 'FAddSub_fulldsp' <Latency = 4> <II = 1> <Delay = 7.25> <FuncUnit> <Opcode : 'fadd' 'fsub'> <InPorts = 2> <OutPorts = 1>

State 12 <SV = 11> <Delay = 7.25>
ST_12 : Operation 273 [3/5] (7.25ns)   --->   "%input_assign = fadd i32 %select_ln202_7, i32 %mul" [codes_lab5/HLS_sources_final/templatedFuncs.h:212]   --->   Operation 273 'fadd' 'input_assign' <Predicate = true> <Delay = 7.25> <CoreInst = "FAddSub_fulldsp">   --->   Core 18 'FAddSub_fulldsp' <Latency = 4> <II = 1> <Delay = 7.25> <FuncUnit> <Opcode : 'fadd' 'fsub'> <InPorts = 2> <OutPorts = 1>
ST_12 : Operation 274 [3/5] (7.25ns)   --->   "%input_assign_1 = fadd i32 %select_ln202_8, i32 %mul31_1" [codes_lab5/HLS_sources_final/templatedFuncs.h:212]   --->   Operation 274 'fadd' 'input_assign_1' <Predicate = true> <Delay = 7.25> <CoreInst = "FAddSub_fulldsp">   --->   Core 18 'FAddSub_fulldsp' <Latency = 4> <II = 1> <Delay = 7.25> <FuncUnit> <Opcode : 'fadd' 'fsub'> <InPorts = 2> <OutPorts = 1>
ST_12 : Operation 275 [3/5] (7.25ns)   --->   "%input_assign_2 = fadd i32 %select_ln202_6, i32 %mul31_2" [codes_lab5/HLS_sources_final/templatedFuncs.h:212]   --->   Operation 275 'fadd' 'input_assign_2' <Predicate = true> <Delay = 7.25> <CoreInst = "FAddSub_fulldsp">   --->   Core 18 'FAddSub_fulldsp' <Latency = 4> <II = 1> <Delay = 7.25> <FuncUnit> <Opcode : 'fadd' 'fsub'> <InPorts = 2> <OutPorts = 1>
ST_12 : Operation 276 [3/5] (7.25ns)   --->   "%input_assign_3 = fadd i32 %select_ln202_9, i32 %mul31_3" [codes_lab5/HLS_sources_final/templatedFuncs.h:212]   --->   Operation 276 'fadd' 'input_assign_3' <Predicate = true> <Delay = 7.25> <CoreInst = "FAddSub_fulldsp">   --->   Core 18 'FAddSub_fulldsp' <Latency = 4> <II = 1> <Delay = 7.25> <FuncUnit> <Opcode : 'fadd' 'fsub'> <InPorts = 2> <OutPorts = 1>
ST_12 : Operation 277 [3/5] (7.25ns)   --->   "%input_assign_4 = fadd i32 %select_ln202_5, i32 %mul31_4" [codes_lab5/HLS_sources_final/templatedFuncs.h:212]   --->   Operation 277 'fadd' 'input_assign_4' <Predicate = true> <Delay = 7.25> <CoreInst = "FAddSub_fulldsp">   --->   Core 18 'FAddSub_fulldsp' <Latency = 4> <II = 1> <Delay = 7.25> <FuncUnit> <Opcode : 'fadd' 'fsub'> <InPorts = 2> <OutPorts = 1>
ST_12 : Operation 278 [3/5] (7.25ns)   --->   "%input_assign_5 = fadd i32 %select_ln202_10, i32 %mul31_5" [codes_lab5/HLS_sources_final/templatedFuncs.h:212]   --->   Operation 278 'fadd' 'input_assign_5' <Predicate = true> <Delay = 7.25> <CoreInst = "FAddSub_fulldsp">   --->   Core 18 'FAddSub_fulldsp' <Latency = 4> <II = 1> <Delay = 7.25> <FuncUnit> <Opcode : 'fadd' 'fsub'> <InPorts = 2> <OutPorts = 1>
ST_12 : Operation 279 [3/5] (7.25ns)   --->   "%input_assign_6 = fadd i32 %select_ln202, i32 %mul31_6" [codes_lab5/HLS_sources_final/templatedFuncs.h:212]   --->   Operation 279 'fadd' 'input_assign_6' <Predicate = true> <Delay = 7.25> <CoreInst = "FAddSub_fulldsp">   --->   Core 18 'FAddSub_fulldsp' <Latency = 4> <II = 1> <Delay = 7.25> <FuncUnit> <Opcode : 'fadd' 'fsub'> <InPorts = 2> <OutPorts = 1>
ST_12 : Operation 280 [3/5] (7.25ns)   --->   "%input_assign_7 = fadd i32 %select_ln202_11, i32 %mul31_7" [codes_lab5/HLS_sources_final/templatedFuncs.h:212]   --->   Operation 280 'fadd' 'input_assign_7' <Predicate = true> <Delay = 7.25> <CoreInst = "FAddSub_fulldsp">   --->   Core 18 'FAddSub_fulldsp' <Latency = 4> <II = 1> <Delay = 7.25> <FuncUnit> <Opcode : 'fadd' 'fsub'> <InPorts = 2> <OutPorts = 1>

State 13 <SV = 12> <Delay = 7.25>
ST_13 : Operation 281 [2/5] (7.25ns)   --->   "%input_assign = fadd i32 %select_ln202_7, i32 %mul" [codes_lab5/HLS_sources_final/templatedFuncs.h:212]   --->   Operation 281 'fadd' 'input_assign' <Predicate = true> <Delay = 7.25> <CoreInst = "FAddSub_fulldsp">   --->   Core 18 'FAddSub_fulldsp' <Latency = 4> <II = 1> <Delay = 7.25> <FuncUnit> <Opcode : 'fadd' 'fsub'> <InPorts = 2> <OutPorts = 1>
ST_13 : Operation 282 [2/5] (7.25ns)   --->   "%input_assign_1 = fadd i32 %select_ln202_8, i32 %mul31_1" [codes_lab5/HLS_sources_final/templatedFuncs.h:212]   --->   Operation 282 'fadd' 'input_assign_1' <Predicate = true> <Delay = 7.25> <CoreInst = "FAddSub_fulldsp">   --->   Core 18 'FAddSub_fulldsp' <Latency = 4> <II = 1> <Delay = 7.25> <FuncUnit> <Opcode : 'fadd' 'fsub'> <InPorts = 2> <OutPorts = 1>
ST_13 : Operation 283 [2/5] (7.25ns)   --->   "%input_assign_2 = fadd i32 %select_ln202_6, i32 %mul31_2" [codes_lab5/HLS_sources_final/templatedFuncs.h:212]   --->   Operation 283 'fadd' 'input_assign_2' <Predicate = true> <Delay = 7.25> <CoreInst = "FAddSub_fulldsp">   --->   Core 18 'FAddSub_fulldsp' <Latency = 4> <II = 1> <Delay = 7.25> <FuncUnit> <Opcode : 'fadd' 'fsub'> <InPorts = 2> <OutPorts = 1>
ST_13 : Operation 284 [2/5] (7.25ns)   --->   "%input_assign_3 = fadd i32 %select_ln202_9, i32 %mul31_3" [codes_lab5/HLS_sources_final/templatedFuncs.h:212]   --->   Operation 284 'fadd' 'input_assign_3' <Predicate = true> <Delay = 7.25> <CoreInst = "FAddSub_fulldsp">   --->   Core 18 'FAddSub_fulldsp' <Latency = 4> <II = 1> <Delay = 7.25> <FuncUnit> <Opcode : 'fadd' 'fsub'> <InPorts = 2> <OutPorts = 1>
ST_13 : Operation 285 [2/5] (7.25ns)   --->   "%input_assign_4 = fadd i32 %select_ln202_5, i32 %mul31_4" [codes_lab5/HLS_sources_final/templatedFuncs.h:212]   --->   Operation 285 'fadd' 'input_assign_4' <Predicate = true> <Delay = 7.25> <CoreInst = "FAddSub_fulldsp">   --->   Core 18 'FAddSub_fulldsp' <Latency = 4> <II = 1> <Delay = 7.25> <FuncUnit> <Opcode : 'fadd' 'fsub'> <InPorts = 2> <OutPorts = 1>
ST_13 : Operation 286 [2/5] (7.25ns)   --->   "%input_assign_5 = fadd i32 %select_ln202_10, i32 %mul31_5" [codes_lab5/HLS_sources_final/templatedFuncs.h:212]   --->   Operation 286 'fadd' 'input_assign_5' <Predicate = true> <Delay = 7.25> <CoreInst = "FAddSub_fulldsp">   --->   Core 18 'FAddSub_fulldsp' <Latency = 4> <II = 1> <Delay = 7.25> <FuncUnit> <Opcode : 'fadd' 'fsub'> <InPorts = 2> <OutPorts = 1>
ST_13 : Operation 287 [2/5] (7.25ns)   --->   "%input_assign_6 = fadd i32 %select_ln202, i32 %mul31_6" [codes_lab5/HLS_sources_final/templatedFuncs.h:212]   --->   Operation 287 'fadd' 'input_assign_6' <Predicate = true> <Delay = 7.25> <CoreInst = "FAddSub_fulldsp">   --->   Core 18 'FAddSub_fulldsp' <Latency = 4> <II = 1> <Delay = 7.25> <FuncUnit> <Opcode : 'fadd' 'fsub'> <InPorts = 2> <OutPorts = 1>
ST_13 : Operation 288 [2/5] (7.25ns)   --->   "%input_assign_7 = fadd i32 %select_ln202_11, i32 %mul31_7" [codes_lab5/HLS_sources_final/templatedFuncs.h:212]   --->   Operation 288 'fadd' 'input_assign_7' <Predicate = true> <Delay = 7.25> <CoreInst = "FAddSub_fulldsp">   --->   Core 18 'FAddSub_fulldsp' <Latency = 4> <II = 1> <Delay = 7.25> <FuncUnit> <Opcode : 'fadd' 'fsub'> <InPorts = 2> <OutPorts = 1>

State 14 <SV = 13> <Delay = 7.25>
ST_14 : Operation 289 [1/1] (0.00ns)   --->   "%specloopname_ln198 = specloopname void @_ssdm_op_SpecLoopName, void @empty_4" [codes_lab5/HLS_sources_final/templatedFuncs.h:198]   --->   Operation 289 'specloopname' 'specloopname_ln198' <Predicate = true> <Delay = 0.00>
ST_14 : Operation 290 [1/5] (7.25ns)   --->   "%input_assign = fadd i32 %select_ln202_7, i32 %mul" [codes_lab5/HLS_sources_final/templatedFuncs.h:212]   --->   Operation 290 'fadd' 'input_assign' <Predicate = true> <Delay = 7.25> <CoreInst = "FAddSub_fulldsp">   --->   Core 18 'FAddSub_fulldsp' <Latency = 4> <II = 1> <Delay = 7.25> <FuncUnit> <Opcode : 'fadd' 'fsub'> <InPorts = 2> <OutPorts = 1>
ST_14 : Operation 291 [1/5] (7.25ns)   --->   "%input_assign_1 = fadd i32 %select_ln202_8, i32 %mul31_1" [codes_lab5/HLS_sources_final/templatedFuncs.h:212]   --->   Operation 291 'fadd' 'input_assign_1' <Predicate = true> <Delay = 7.25> <CoreInst = "FAddSub_fulldsp">   --->   Core 18 'FAddSub_fulldsp' <Latency = 4> <II = 1> <Delay = 7.25> <FuncUnit> <Opcode : 'fadd' 'fsub'> <InPorts = 2> <OutPorts = 1>
ST_14 : Operation 292 [1/5] (7.25ns)   --->   "%input_assign_2 = fadd i32 %select_ln202_6, i32 %mul31_2" [codes_lab5/HLS_sources_final/templatedFuncs.h:212]   --->   Operation 292 'fadd' 'input_assign_2' <Predicate = true> <Delay = 7.25> <CoreInst = "FAddSub_fulldsp">   --->   Core 18 'FAddSub_fulldsp' <Latency = 4> <II = 1> <Delay = 7.25> <FuncUnit> <Opcode : 'fadd' 'fsub'> <InPorts = 2> <OutPorts = 1>
ST_14 : Operation 293 [1/5] (7.25ns)   --->   "%input_assign_3 = fadd i32 %select_ln202_9, i32 %mul31_3" [codes_lab5/HLS_sources_final/templatedFuncs.h:212]   --->   Operation 293 'fadd' 'input_assign_3' <Predicate = true> <Delay = 7.25> <CoreInst = "FAddSub_fulldsp">   --->   Core 18 'FAddSub_fulldsp' <Latency = 4> <II = 1> <Delay = 7.25> <FuncUnit> <Opcode : 'fadd' 'fsub'> <InPorts = 2> <OutPorts = 1>
ST_14 : Operation 294 [1/5] (7.25ns)   --->   "%input_assign_4 = fadd i32 %select_ln202_5, i32 %mul31_4" [codes_lab5/HLS_sources_final/templatedFuncs.h:212]   --->   Operation 294 'fadd' 'input_assign_4' <Predicate = true> <Delay = 7.25> <CoreInst = "FAddSub_fulldsp">   --->   Core 18 'FAddSub_fulldsp' <Latency = 4> <II = 1> <Delay = 7.25> <FuncUnit> <Opcode : 'fadd' 'fsub'> <InPorts = 2> <OutPorts = 1>
ST_14 : Operation 295 [1/5] (7.25ns)   --->   "%input_assign_5 = fadd i32 %select_ln202_10, i32 %mul31_5" [codes_lab5/HLS_sources_final/templatedFuncs.h:212]   --->   Operation 295 'fadd' 'input_assign_5' <Predicate = true> <Delay = 7.25> <CoreInst = "FAddSub_fulldsp">   --->   Core 18 'FAddSub_fulldsp' <Latency = 4> <II = 1> <Delay = 7.25> <FuncUnit> <Opcode : 'fadd' 'fsub'> <InPorts = 2> <OutPorts = 1>
ST_14 : Operation 296 [1/5] (7.25ns)   --->   "%input_assign_6 = fadd i32 %select_ln202, i32 %mul31_6" [codes_lab5/HLS_sources_final/templatedFuncs.h:212]   --->   Operation 296 'fadd' 'input_assign_6' <Predicate = true> <Delay = 7.25> <CoreInst = "FAddSub_fulldsp">   --->   Core 18 'FAddSub_fulldsp' <Latency = 4> <II = 1> <Delay = 7.25> <FuncUnit> <Opcode : 'fadd' 'fsub'> <InPorts = 2> <OutPorts = 1>
ST_14 : Operation 297 [1/5] (7.25ns)   --->   "%input_assign_7 = fadd i32 %select_ln202_11, i32 %mul31_7" [codes_lab5/HLS_sources_final/templatedFuncs.h:212]   --->   Operation 297 'fadd' 'input_assign_7' <Predicate = true> <Delay = 7.25> <CoreInst = "FAddSub_fulldsp">   --->   Core 18 'FAddSub_fulldsp' <Latency = 4> <II = 1> <Delay = 7.25> <FuncUnit> <Opcode : 'fadd' 'fsub'> <InPorts = 2> <OutPorts = 1>
ST_14 : Operation 298 [1/1] (0.00ns)   --->   "%store_ln198 = store i32 %input_assign_7, i32 %add32_7_lcssa24" [codes_lab5/HLS_sources_final/templatedFuncs.h:198]   --->   Operation 298 'store' 'store_ln198' <Predicate = true> <Delay = 0.00>
ST_14 : Operation 299 [1/1] (0.00ns)   --->   "%store_ln198 = store i32 %input_assign_6, i32 %add32_6_lcssa22" [codes_lab5/HLS_sources_final/templatedFuncs.h:198]   --->   Operation 299 'store' 'store_ln198' <Predicate = true> <Delay = 0.00>
ST_14 : Operation 300 [1/1] (0.00ns)   --->   "%store_ln198 = store i32 %input_assign_5, i32 %add32_5_lcssa20" [codes_lab5/HLS_sources_final/templatedFuncs.h:198]   --->   Operation 300 'store' 'store_ln198' <Predicate = true> <Delay = 0.00>
ST_14 : Operation 301 [1/1] (0.00ns)   --->   "%store_ln198 = store i32 %input_assign_4, i32 %add32_4_lcssa18" [codes_lab5/HLS_sources_final/templatedFuncs.h:198]   --->   Operation 301 'store' 'store_ln198' <Predicate = true> <Delay = 0.00>
ST_14 : Operation 302 [1/1] (0.00ns)   --->   "%store_ln198 = store i32 %input_assign_3, i32 %add32_3_lcssa16" [codes_lab5/HLS_sources_final/templatedFuncs.h:198]   --->   Operation 302 'store' 'store_ln198' <Predicate = true> <Delay = 0.00>
ST_14 : Operation 303 [1/1] (0.00ns)   --->   "%store_ln198 = store i32 %input_assign_2, i32 %add32_2_lcssa14" [codes_lab5/HLS_sources_final/templatedFuncs.h:198]   --->   Operation 303 'store' 'store_ln198' <Predicate = true> <Delay = 0.00>
ST_14 : Operation 304 [1/1] (0.00ns)   --->   "%store_ln198 = store i32 %input_assign_1, i32 %add32_1_lcssa12" [codes_lab5/HLS_sources_final/templatedFuncs.h:198]   --->   Operation 304 'store' 'store_ln198' <Predicate = true> <Delay = 0.00>
ST_14 : Operation 305 [1/1] (0.00ns)   --->   "%store_ln198 = store i32 %input_assign, i32 %add32_lcssa10" [codes_lab5/HLS_sources_final/templatedFuncs.h:198]   --->   Operation 305 'store' 'store_ln198' <Predicate = true> <Delay = 0.00>
ST_14 : Operation 306 [1/1] (0.00ns)   --->   "%br_ln198 = br void %for.body8" [codes_lab5/HLS_sources_final/templatedFuncs.h:198]   --->   Operation 306 'br' 'br_ln198' <Predicate = true> <Delay = 0.00>

State 15 <SV = 4> <Delay = 7.10>
ST_15 : Operation 307 [1/1] (0.00ns)   --->   "%output_15_016_load_1 = load i32 %output_15_016" [codes_lab5/HLS_sources_final/templatedFuncs.h:218]   --->   Operation 307 'load' 'output_15_016_load_1' <Predicate = (icmp_ln218)> <Delay = 0.00>
ST_15 : Operation 308 [1/1] (0.00ns)   --->   "%output_1445_017_load_1 = load i32 %output_1445_017" [codes_lab5/HLS_sources_final/templatedFuncs.h:218]   --->   Operation 308 'load' 'output_1445_017_load_1' <Predicate = (icmp_ln218)> <Delay = 0.00>
ST_15 : Operation 309 [1/1] (0.00ns)   --->   "%output_0_018_load_1 = load i32 %output_0_018" [codes_lab5/HLS_sources_final/templatedFuncs.h:218]   --->   Operation 309 'load' 'output_0_018_load_1' <Predicate = (!icmp_ln218)> <Delay = 0.00>
ST_15 : Operation 310 [1/1] (0.00ns)   --->   "%output_13_019_load_1 = load i32 %output_13_019" [codes_lab5/HLS_sources_final/templatedFuncs.h:218]   --->   Operation 310 'load' 'output_13_019_load_1' <Predicate = (icmp_ln218)> <Delay = 0.00>
ST_15 : Operation 311 [1/1] (0.00ns)   --->   "%output_12_020_load_1 = load i32 %output_12_020" [codes_lab5/HLS_sources_final/templatedFuncs.h:218]   --->   Operation 311 'load' 'output_12_020_load_1' <Predicate = (icmp_ln218)> <Delay = 0.00>
ST_15 : Operation 312 [1/1] (0.00ns)   --->   "%output_1_021_load_1 = load i32 %output_1_021" [codes_lab5/HLS_sources_final/templatedFuncs.h:218]   --->   Operation 312 'load' 'output_1_021_load_1' <Predicate = (!icmp_ln218)> <Delay = 0.00>
ST_15 : Operation 313 [1/1] (0.00ns)   --->   "%output_11_022_load_1 = load i32 %output_11_022" [codes_lab5/HLS_sources_final/templatedFuncs.h:218]   --->   Operation 313 'load' 'output_11_022_load_1' <Predicate = (icmp_ln218)> <Delay = 0.00>
ST_15 : Operation 314 [1/1] (0.00ns)   --->   "%output_10_023_load_1 = load i32 %output_10_023" [codes_lab5/HLS_sources_final/templatedFuncs.h:218]   --->   Operation 314 'load' 'output_10_023_load_1' <Predicate = (icmp_ln218)> <Delay = 0.00>
ST_15 : Operation 315 [1/1] (0.00ns)   --->   "%output_2_024_load_1 = load i32 %output_2_024" [codes_lab5/HLS_sources_final/templatedFuncs.h:218]   --->   Operation 315 'load' 'output_2_024_load_1' <Predicate = (!icmp_ln218)> <Delay = 0.00>
ST_15 : Operation 316 [1/1] (0.00ns)   --->   "%output_9_025_load_1 = load i32 %output_9_025" [codes_lab5/HLS_sources_final/templatedFuncs.h:218]   --->   Operation 316 'load' 'output_9_025_load_1' <Predicate = (icmp_ln218)> <Delay = 0.00>
ST_15 : Operation 317 [1/1] (0.00ns)   --->   "%output_8_026_load_1 = load i32 %output_8_026" [codes_lab5/HLS_sources_final/templatedFuncs.h:218]   --->   Operation 317 'load' 'output_8_026_load_1' <Predicate = (icmp_ln218)> <Delay = 0.00>
ST_15 : Operation 318 [1/1] (0.00ns)   --->   "%output_3_027_load_1 = load i32 %output_3_027" [codes_lab5/HLS_sources_final/templatedFuncs.h:218]   --->   Operation 318 'load' 'output_3_027_load_1' <Predicate = (!icmp_ln218)> <Delay = 0.00>
ST_15 : Operation 319 [1/1] (0.00ns)   --->   "%output_7_028_load_1 = load i32 %output_7_028" [codes_lab5/HLS_sources_final/templatedFuncs.h:218]   --->   Operation 319 'load' 'output_7_028_load_1' <Predicate = (!icmp_ln218)> <Delay = 0.00>
ST_15 : Operation 320 [1/1] (0.00ns)   --->   "%output_6_029_load_1 = load i32 %output_6_029" [codes_lab5/HLS_sources_final/templatedFuncs.h:218]   --->   Operation 320 'load' 'output_6_029_load_1' <Predicate = (!icmp_ln218)> <Delay = 0.00>
ST_15 : Operation 321 [1/1] (0.00ns)   --->   "%output_4_030_load_1 = load i32 %output_4_030" [codes_lab5/HLS_sources_final/templatedFuncs.h:218]   --->   Operation 321 'load' 'output_4_030_load_1' <Predicate = (!icmp_ln218)> <Delay = 0.00>
ST_15 : Operation 322 [1/1] (0.00ns)   --->   "%output_5_031_load_1 = load i32 %output_5_031" [codes_lab5/HLS_sources_final/templatedFuncs.h:218]   --->   Operation 322 'load' 'output_5_031_load_1' <Predicate = (!icmp_ln218)> <Delay = 0.00>
ST_15 : Operation 323 [1/1] (0.00ns)   --->   "%bitcast_ln73 = bitcast i32 %add32_lcssa10_load" [codes_lab5/HLS_sources_final/templatedFuncs.h:73]   --->   Operation 323 'bitcast' 'bitcast_ln73' <Predicate = true> <Delay = 0.00>
ST_15 : Operation 324 [1/1] (0.00ns)   --->   "%tmp = partselect i8 @_ssdm_op_PartSelect.i8.i32.i32.i32, i32 %bitcast_ln73, i32 23, i32 30" [codes_lab5/HLS_sources_final/templatedFuncs.h:73]   --->   Operation 324 'partselect' 'tmp' <Predicate = true> <Delay = 0.00>
ST_15 : Operation 325 [1/1] (0.00ns)   --->   "%trunc_ln73 = trunc i32 %bitcast_ln73" [codes_lab5/HLS_sources_final/templatedFuncs.h:73]   --->   Operation 325 'trunc' 'trunc_ln73' <Predicate = true> <Delay = 0.00>
ST_15 : Operation 326 [1/1] (1.55ns)   --->   "%icmp_ln73 = icmp_ne  i8 %tmp, i8 255" [codes_lab5/HLS_sources_final/templatedFuncs.h:73]   --->   Operation 326 'icmp' 'icmp_ln73' <Predicate = true> <Delay = 1.55> <CoreInst = "Cmp">   --->   Core 9 'Cmp' <Latency = 0> <II = 1> <Delay = 1.55> <FuncUnit> <Opcode : 'icmp'> <InPorts = 2> <OutPorts = 1>
ST_15 : Operation 327 [1/1] (2.44ns)   --->   "%icmp_ln73_2 = icmp_eq  i23 %trunc_ln73, i23 0" [codes_lab5/HLS_sources_final/templatedFuncs.h:73]   --->   Operation 327 'icmp' 'icmp_ln73_2' <Predicate = true> <Delay = 2.44> <CoreInst = "Cmp">   --->   Core 9 'Cmp' <Latency = 0> <II = 1> <Delay = 2.44> <FuncUnit> <Opcode : 'icmp'> <InPorts = 2> <OutPorts = 1>
ST_15 : Operation 328 [1/1] (0.00ns) (grouped into LUT with out node select_ln73)   --->   "%or_ln73 = or i1 %icmp_ln73_2, i1 %icmp_ln73" [codes_lab5/HLS_sources_final/templatedFuncs.h:73]   --->   Operation 328 'or' 'or_ln73' <Predicate = true> <Delay = 0.00> <CoreInst = "LogicGate">   --->   Core 74 'LogicGate' <Latency = 0> <II = 1> <Delay = 0.97> <FuncUnit> <Opcode : 'and' 'or' 'xor'> <InPorts = 2> <OutPorts = 1>
ST_15 : Operation 329 [1/2] (5.43ns)   --->   "%tmp_s = fcmp_olt  i32 %add32_lcssa10_load, i32 0" [codes_lab5/HLS_sources_final/templatedFuncs.h:73]   --->   Operation 329 'fcmp' 'tmp_s' <Predicate = true> <Delay = 5.43> <CoreInst = "FCompare">   --->   Core 19 'FCompare' <Latency = 1> <II = 1> <Delay = 5.43> <FuncUnit> <Opcode : 'fcmp'> <InPorts = 2> <OutPorts = 1>
ST_15 : Operation 330 [1/1] (0.00ns) (grouped into LUT with out node select_ln73)   --->   "%and_ln73 = and i1 %or_ln73, i1 %tmp_s" [codes_lab5/HLS_sources_final/templatedFuncs.h:73]   --->   Operation 330 'and' 'and_ln73' <Predicate = true> <Delay = 0.00> <CoreInst = "LogicGate">   --->   Core 74 'LogicGate' <Latency = 0> <II = 1> <Delay = 0.97> <FuncUnit> <Opcode : 'and' 'or' 'xor'> <InPorts = 2> <OutPorts = 1>
ST_15 : Operation 331 [1/1] (0.97ns) (out node of the LUT)   --->   "%select_ln73 = select i1 %and_ln73, i32 0, i32 %add32_lcssa10_load" [codes_lab5/HLS_sources_final/templatedFuncs.h:73]   --->   Operation 331 'select' 'select_ln73' <Predicate = true> <Delay = 0.97> <CoreInst = "Sel">   --->   Core 73 'Sel' <Latency = 0> <II = 1> <Delay = 0.69> <FuncUnit> <Opcode : 'select'> <InPorts = 3> <OutPorts = 1>
ST_15 : Operation 332 [1/1] (0.00ns)   --->   "%bitcast_ln73_1 = bitcast i32 %add32_1_lcssa12_load" [codes_lab5/HLS_sources_final/templatedFuncs.h:73]   --->   Operation 332 'bitcast' 'bitcast_ln73_1' <Predicate = true> <Delay = 0.00>
ST_15 : Operation 333 [1/1] (0.00ns)   --->   "%tmp_7 = partselect i8 @_ssdm_op_PartSelect.i8.i32.i32.i32, i32 %bitcast_ln73_1, i32 23, i32 30" [codes_lab5/HLS_sources_final/templatedFuncs.h:73]   --->   Operation 333 'partselect' 'tmp_7' <Predicate = true> <Delay = 0.00>
ST_15 : Operation 334 [1/1] (0.00ns)   --->   "%trunc_ln73_1 = trunc i32 %bitcast_ln73_1" [codes_lab5/HLS_sources_final/templatedFuncs.h:73]   --->   Operation 334 'trunc' 'trunc_ln73_1' <Predicate = true> <Delay = 0.00>
ST_15 : Operation 335 [1/1] (1.55ns)   --->   "%icmp_ln73_3 = icmp_ne  i8 %tmp_7, i8 255" [codes_lab5/HLS_sources_final/templatedFuncs.h:73]   --->   Operation 335 'icmp' 'icmp_ln73_3' <Predicate = true> <Delay = 1.55> <CoreInst = "Cmp">   --->   Core 9 'Cmp' <Latency = 0> <II = 1> <Delay = 1.55> <FuncUnit> <Opcode : 'icmp'> <InPorts = 2> <OutPorts = 1>
ST_15 : Operation 336 [1/1] (2.44ns)   --->   "%icmp_ln73_4 = icmp_eq  i23 %trunc_ln73_1, i23 0" [codes_lab5/HLS_sources_final/templatedFuncs.h:73]   --->   Operation 336 'icmp' 'icmp_ln73_4' <Predicate = true> <Delay = 2.44> <CoreInst = "Cmp">   --->   Core 9 'Cmp' <Latency = 0> <II = 1> <Delay = 2.44> <FuncUnit> <Opcode : 'icmp'> <InPorts = 2> <OutPorts = 1>
ST_15 : Operation 337 [1/1] (0.00ns) (grouped into LUT with out node select_ln73_1)   --->   "%or_ln73_1 = or i1 %icmp_ln73_4, i1 %icmp_ln73_3" [codes_lab5/HLS_sources_final/templatedFuncs.h:73]   --->   Operation 337 'or' 'or_ln73_1' <Predicate = true> <Delay = 0.00> <CoreInst = "LogicGate">   --->   Core 74 'LogicGate' <Latency = 0> <II = 1> <Delay = 0.97> <FuncUnit> <Opcode : 'and' 'or' 'xor'> <InPorts = 2> <OutPorts = 1>
ST_15 : Operation 338 [1/2] (5.43ns)   --->   "%tmp_8 = fcmp_olt  i32 %add32_1_lcssa12_load, i32 0" [codes_lab5/HLS_sources_final/templatedFuncs.h:73]   --->   Operation 338 'fcmp' 'tmp_8' <Predicate = true> <Delay = 5.43> <CoreInst = "FCompare">   --->   Core 19 'FCompare' <Latency = 1> <II = 1> <Delay = 5.43> <FuncUnit> <Opcode : 'fcmp'> <InPorts = 2> <OutPorts = 1>
ST_15 : Operation 339 [1/1] (0.00ns) (grouped into LUT with out node select_ln73_1)   --->   "%and_ln73_1 = and i1 %or_ln73_1, i1 %tmp_8" [codes_lab5/HLS_sources_final/templatedFuncs.h:73]   --->   Operation 339 'and' 'and_ln73_1' <Predicate = true> <Delay = 0.00> <CoreInst = "LogicGate">   --->   Core 74 'LogicGate' <Latency = 0> <II = 1> <Delay = 0.97> <FuncUnit> <Opcode : 'and' 'or' 'xor'> <InPorts = 2> <OutPorts = 1>
ST_15 : Operation 340 [1/1] (0.97ns) (out node of the LUT)   --->   "%select_ln73_1 = select i1 %and_ln73_1, i32 0, i32 %add32_1_lcssa12_load" [codes_lab5/HLS_sources_final/templatedFuncs.h:73]   --->   Operation 340 'select' 'select_ln73_1' <Predicate = true> <Delay = 0.97> <CoreInst = "Sel">   --->   Core 73 'Sel' <Latency = 0> <II = 1> <Delay = 0.69> <FuncUnit> <Opcode : 'select'> <InPorts = 3> <OutPorts = 1>
ST_15 : Operation 341 [1/1] (0.00ns)   --->   "%bitcast_ln73_2 = bitcast i32 %add32_2_lcssa14_load" [codes_lab5/HLS_sources_final/templatedFuncs.h:73]   --->   Operation 341 'bitcast' 'bitcast_ln73_2' <Predicate = true> <Delay = 0.00>
ST_15 : Operation 342 [1/1] (0.00ns)   --->   "%tmp_9 = partselect i8 @_ssdm_op_PartSelect.i8.i32.i32.i32, i32 %bitcast_ln73_2, i32 23, i32 30" [codes_lab5/HLS_sources_final/templatedFuncs.h:73]   --->   Operation 342 'partselect' 'tmp_9' <Predicate = true> <Delay = 0.00>
ST_15 : Operation 343 [1/1] (0.00ns)   --->   "%trunc_ln73_2 = trunc i32 %bitcast_ln73_2" [codes_lab5/HLS_sources_final/templatedFuncs.h:73]   --->   Operation 343 'trunc' 'trunc_ln73_2' <Predicate = true> <Delay = 0.00>
ST_15 : Operation 344 [1/1] (1.55ns)   --->   "%icmp_ln73_5 = icmp_ne  i8 %tmp_9, i8 255" [codes_lab5/HLS_sources_final/templatedFuncs.h:73]   --->   Operation 344 'icmp' 'icmp_ln73_5' <Predicate = true> <Delay = 1.55> <CoreInst = "Cmp">   --->   Core 9 'Cmp' <Latency = 0> <II = 1> <Delay = 1.55> <FuncUnit> <Opcode : 'icmp'> <InPorts = 2> <OutPorts = 1>
ST_15 : Operation 345 [1/1] (2.44ns)   --->   "%icmp_ln73_6 = icmp_eq  i23 %trunc_ln73_2, i23 0" [codes_lab5/HLS_sources_final/templatedFuncs.h:73]   --->   Operation 345 'icmp' 'icmp_ln73_6' <Predicate = true> <Delay = 2.44> <CoreInst = "Cmp">   --->   Core 9 'Cmp' <Latency = 0> <II = 1> <Delay = 2.44> <FuncUnit> <Opcode : 'icmp'> <InPorts = 2> <OutPorts = 1>
ST_15 : Operation 346 [1/1] (0.00ns) (grouped into LUT with out node select_ln73_2)   --->   "%or_ln73_2 = or i1 %icmp_ln73_6, i1 %icmp_ln73_5" [codes_lab5/HLS_sources_final/templatedFuncs.h:73]   --->   Operation 346 'or' 'or_ln73_2' <Predicate = true> <Delay = 0.00> <CoreInst = "LogicGate">   --->   Core 74 'LogicGate' <Latency = 0> <II = 1> <Delay = 0.97> <FuncUnit> <Opcode : 'and' 'or' 'xor'> <InPorts = 2> <OutPorts = 1>
ST_15 : Operation 347 [1/2] (5.43ns)   --->   "%tmp_10 = fcmp_olt  i32 %add32_2_lcssa14_load, i32 0" [codes_lab5/HLS_sources_final/templatedFuncs.h:73]   --->   Operation 347 'fcmp' 'tmp_10' <Predicate = true> <Delay = 5.43> <CoreInst = "FCompare">   --->   Core 19 'FCompare' <Latency = 1> <II = 1> <Delay = 5.43> <FuncUnit> <Opcode : 'fcmp'> <InPorts = 2> <OutPorts = 1>
ST_15 : Operation 348 [1/1] (0.00ns) (grouped into LUT with out node select_ln73_2)   --->   "%and_ln73_2 = and i1 %or_ln73_2, i1 %tmp_10" [codes_lab5/HLS_sources_final/templatedFuncs.h:73]   --->   Operation 348 'and' 'and_ln73_2' <Predicate = true> <Delay = 0.00> <CoreInst = "LogicGate">   --->   Core 74 'LogicGate' <Latency = 0> <II = 1> <Delay = 0.97> <FuncUnit> <Opcode : 'and' 'or' 'xor'> <InPorts = 2> <OutPorts = 1>
ST_15 : Operation 349 [1/1] (0.97ns) (out node of the LUT)   --->   "%select_ln73_2 = select i1 %and_ln73_2, i32 0, i32 %add32_2_lcssa14_load" [codes_lab5/HLS_sources_final/templatedFuncs.h:73]   --->   Operation 349 'select' 'select_ln73_2' <Predicate = true> <Delay = 0.97> <CoreInst = "Sel">   --->   Core 73 'Sel' <Latency = 0> <II = 1> <Delay = 0.69> <FuncUnit> <Opcode : 'select'> <InPorts = 3> <OutPorts = 1>
ST_15 : Operation 350 [1/1] (0.00ns)   --->   "%bitcast_ln73_3 = bitcast i32 %add32_3_lcssa16_load" [codes_lab5/HLS_sources_final/templatedFuncs.h:73]   --->   Operation 350 'bitcast' 'bitcast_ln73_3' <Predicate = true> <Delay = 0.00>
ST_15 : Operation 351 [1/1] (0.00ns)   --->   "%tmp_11 = partselect i8 @_ssdm_op_PartSelect.i8.i32.i32.i32, i32 %bitcast_ln73_3, i32 23, i32 30" [codes_lab5/HLS_sources_final/templatedFuncs.h:73]   --->   Operation 351 'partselect' 'tmp_11' <Predicate = true> <Delay = 0.00>
ST_15 : Operation 352 [1/1] (0.00ns)   --->   "%trunc_ln73_3 = trunc i32 %bitcast_ln73_3" [codes_lab5/HLS_sources_final/templatedFuncs.h:73]   --->   Operation 352 'trunc' 'trunc_ln73_3' <Predicate = true> <Delay = 0.00>
ST_15 : Operation 353 [1/1] (1.55ns)   --->   "%icmp_ln73_7 = icmp_ne  i8 %tmp_11, i8 255" [codes_lab5/HLS_sources_final/templatedFuncs.h:73]   --->   Operation 353 'icmp' 'icmp_ln73_7' <Predicate = true> <Delay = 1.55> <CoreInst = "Cmp">   --->   Core 9 'Cmp' <Latency = 0> <II = 1> <Delay = 1.55> <FuncUnit> <Opcode : 'icmp'> <InPorts = 2> <OutPorts = 1>
ST_15 : Operation 354 [1/1] (2.44ns)   --->   "%icmp_ln73_8 = icmp_eq  i23 %trunc_ln73_3, i23 0" [codes_lab5/HLS_sources_final/templatedFuncs.h:73]   --->   Operation 354 'icmp' 'icmp_ln73_8' <Predicate = true> <Delay = 2.44> <CoreInst = "Cmp">   --->   Core 9 'Cmp' <Latency = 0> <II = 1> <Delay = 2.44> <FuncUnit> <Opcode : 'icmp'> <InPorts = 2> <OutPorts = 1>
ST_15 : Operation 355 [1/1] (0.00ns) (grouped into LUT with out node select_ln73_3)   --->   "%or_ln73_3 = or i1 %icmp_ln73_8, i1 %icmp_ln73_7" [codes_lab5/HLS_sources_final/templatedFuncs.h:73]   --->   Operation 355 'or' 'or_ln73_3' <Predicate = true> <Delay = 0.00> <CoreInst = "LogicGate">   --->   Core 74 'LogicGate' <Latency = 0> <II = 1> <Delay = 0.97> <FuncUnit> <Opcode : 'and' 'or' 'xor'> <InPorts = 2> <OutPorts = 1>
ST_15 : Operation 356 [1/2] (5.43ns)   --->   "%tmp_12 = fcmp_olt  i32 %add32_3_lcssa16_load, i32 0" [codes_lab5/HLS_sources_final/templatedFuncs.h:73]   --->   Operation 356 'fcmp' 'tmp_12' <Predicate = true> <Delay = 5.43> <CoreInst = "FCompare">   --->   Core 19 'FCompare' <Latency = 1> <II = 1> <Delay = 5.43> <FuncUnit> <Opcode : 'fcmp'> <InPorts = 2> <OutPorts = 1>
ST_15 : Operation 357 [1/1] (0.00ns) (grouped into LUT with out node select_ln73_3)   --->   "%and_ln73_3 = and i1 %or_ln73_3, i1 %tmp_12" [codes_lab5/HLS_sources_final/templatedFuncs.h:73]   --->   Operation 357 'and' 'and_ln73_3' <Predicate = true> <Delay = 0.00> <CoreInst = "LogicGate">   --->   Core 74 'LogicGate' <Latency = 0> <II = 1> <Delay = 0.97> <FuncUnit> <Opcode : 'and' 'or' 'xor'> <InPorts = 2> <OutPorts = 1>
ST_15 : Operation 358 [1/1] (0.97ns) (out node of the LUT)   --->   "%select_ln73_3 = select i1 %and_ln73_3, i32 0, i32 %add32_3_lcssa16_load" [codes_lab5/HLS_sources_final/templatedFuncs.h:73]   --->   Operation 358 'select' 'select_ln73_3' <Predicate = true> <Delay = 0.97> <CoreInst = "Sel">   --->   Core 73 'Sel' <Latency = 0> <II = 1> <Delay = 0.69> <FuncUnit> <Opcode : 'select'> <InPorts = 3> <OutPorts = 1>
ST_15 : Operation 359 [1/1] (0.00ns)   --->   "%bitcast_ln73_4 = bitcast i32 %add32_4_lcssa18_load" [codes_lab5/HLS_sources_final/templatedFuncs.h:73]   --->   Operation 359 'bitcast' 'bitcast_ln73_4' <Predicate = true> <Delay = 0.00>
ST_15 : Operation 360 [1/1] (0.00ns)   --->   "%tmp_13 = partselect i8 @_ssdm_op_PartSelect.i8.i32.i32.i32, i32 %bitcast_ln73_4, i32 23, i32 30" [codes_lab5/HLS_sources_final/templatedFuncs.h:73]   --->   Operation 360 'partselect' 'tmp_13' <Predicate = true> <Delay = 0.00>
ST_15 : Operation 361 [1/1] (0.00ns)   --->   "%trunc_ln73_4 = trunc i32 %bitcast_ln73_4" [codes_lab5/HLS_sources_final/templatedFuncs.h:73]   --->   Operation 361 'trunc' 'trunc_ln73_4' <Predicate = true> <Delay = 0.00>
ST_15 : Operation 362 [1/1] (1.55ns)   --->   "%icmp_ln73_9 = icmp_ne  i8 %tmp_13, i8 255" [codes_lab5/HLS_sources_final/templatedFuncs.h:73]   --->   Operation 362 'icmp' 'icmp_ln73_9' <Predicate = true> <Delay = 1.55> <CoreInst = "Cmp">   --->   Core 9 'Cmp' <Latency = 0> <II = 1> <Delay = 1.55> <FuncUnit> <Opcode : 'icmp'> <InPorts = 2> <OutPorts = 1>
ST_15 : Operation 363 [1/1] (2.44ns)   --->   "%icmp_ln73_10 = icmp_eq  i23 %trunc_ln73_4, i23 0" [codes_lab5/HLS_sources_final/templatedFuncs.h:73]   --->   Operation 363 'icmp' 'icmp_ln73_10' <Predicate = true> <Delay = 2.44> <CoreInst = "Cmp">   --->   Core 9 'Cmp' <Latency = 0> <II = 1> <Delay = 2.44> <FuncUnit> <Opcode : 'icmp'> <InPorts = 2> <OutPorts = 1>
ST_15 : Operation 364 [1/1] (0.00ns) (grouped into LUT with out node select_ln73_4)   --->   "%or_ln73_4 = or i1 %icmp_ln73_10, i1 %icmp_ln73_9" [codes_lab5/HLS_sources_final/templatedFuncs.h:73]   --->   Operation 364 'or' 'or_ln73_4' <Predicate = true> <Delay = 0.00> <CoreInst = "LogicGate">   --->   Core 74 'LogicGate' <Latency = 0> <II = 1> <Delay = 0.97> <FuncUnit> <Opcode : 'and' 'or' 'xor'> <InPorts = 2> <OutPorts = 1>
ST_15 : Operation 365 [1/2] (5.43ns)   --->   "%tmp_14 = fcmp_olt  i32 %add32_4_lcssa18_load, i32 0" [codes_lab5/HLS_sources_final/templatedFuncs.h:73]   --->   Operation 365 'fcmp' 'tmp_14' <Predicate = true> <Delay = 5.43> <CoreInst = "FCompare">   --->   Core 19 'FCompare' <Latency = 1> <II = 1> <Delay = 5.43> <FuncUnit> <Opcode : 'fcmp'> <InPorts = 2> <OutPorts = 1>
ST_15 : Operation 366 [1/1] (0.00ns) (grouped into LUT with out node select_ln73_4)   --->   "%and_ln73_4 = and i1 %or_ln73_4, i1 %tmp_14" [codes_lab5/HLS_sources_final/templatedFuncs.h:73]   --->   Operation 366 'and' 'and_ln73_4' <Predicate = true> <Delay = 0.00> <CoreInst = "LogicGate">   --->   Core 74 'LogicGate' <Latency = 0> <II = 1> <Delay = 0.97> <FuncUnit> <Opcode : 'and' 'or' 'xor'> <InPorts = 2> <OutPorts = 1>
ST_15 : Operation 367 [1/1] (0.97ns) (out node of the LUT)   --->   "%select_ln73_4 = select i1 %and_ln73_4, i32 0, i32 %add32_4_lcssa18_load" [codes_lab5/HLS_sources_final/templatedFuncs.h:73]   --->   Operation 367 'select' 'select_ln73_4' <Predicate = true> <Delay = 0.97> <CoreInst = "Sel">   --->   Core 73 'Sel' <Latency = 0> <II = 1> <Delay = 0.69> <FuncUnit> <Opcode : 'select'> <InPorts = 3> <OutPorts = 1>
ST_15 : Operation 368 [1/1] (0.00ns)   --->   "%bitcast_ln73_5 = bitcast i32 %add32_5_lcssa20_load" [codes_lab5/HLS_sources_final/templatedFuncs.h:73]   --->   Operation 368 'bitcast' 'bitcast_ln73_5' <Predicate = true> <Delay = 0.00>
ST_15 : Operation 369 [1/1] (0.00ns)   --->   "%tmp_15 = partselect i8 @_ssdm_op_PartSelect.i8.i32.i32.i32, i32 %bitcast_ln73_5, i32 23, i32 30" [codes_lab5/HLS_sources_final/templatedFuncs.h:73]   --->   Operation 369 'partselect' 'tmp_15' <Predicate = true> <Delay = 0.00>
ST_15 : Operation 370 [1/1] (0.00ns)   --->   "%trunc_ln73_5 = trunc i32 %bitcast_ln73_5" [codes_lab5/HLS_sources_final/templatedFuncs.h:73]   --->   Operation 370 'trunc' 'trunc_ln73_5' <Predicate = true> <Delay = 0.00>
ST_15 : Operation 371 [1/1] (1.55ns)   --->   "%icmp_ln73_11 = icmp_ne  i8 %tmp_15, i8 255" [codes_lab5/HLS_sources_final/templatedFuncs.h:73]   --->   Operation 371 'icmp' 'icmp_ln73_11' <Predicate = true> <Delay = 1.55> <CoreInst = "Cmp">   --->   Core 9 'Cmp' <Latency = 0> <II = 1> <Delay = 1.55> <FuncUnit> <Opcode : 'icmp'> <InPorts = 2> <OutPorts = 1>
ST_15 : Operation 372 [1/1] (2.44ns)   --->   "%icmp_ln73_12 = icmp_eq  i23 %trunc_ln73_5, i23 0" [codes_lab5/HLS_sources_final/templatedFuncs.h:73]   --->   Operation 372 'icmp' 'icmp_ln73_12' <Predicate = true> <Delay = 2.44> <CoreInst = "Cmp">   --->   Core 9 'Cmp' <Latency = 0> <II = 1> <Delay = 2.44> <FuncUnit> <Opcode : 'icmp'> <InPorts = 2> <OutPorts = 1>
ST_15 : Operation 373 [1/1] (0.00ns) (grouped into LUT with out node select_ln73_5)   --->   "%or_ln73_5 = or i1 %icmp_ln73_12, i1 %icmp_ln73_11" [codes_lab5/HLS_sources_final/templatedFuncs.h:73]   --->   Operation 373 'or' 'or_ln73_5' <Predicate = true> <Delay = 0.00> <CoreInst = "LogicGate">   --->   Core 74 'LogicGate' <Latency = 0> <II = 1> <Delay = 0.97> <FuncUnit> <Opcode : 'and' 'or' 'xor'> <InPorts = 2> <OutPorts = 1>
ST_15 : Operation 374 [1/2] (5.43ns)   --->   "%tmp_16 = fcmp_olt  i32 %add32_5_lcssa20_load, i32 0" [codes_lab5/HLS_sources_final/templatedFuncs.h:73]   --->   Operation 374 'fcmp' 'tmp_16' <Predicate = true> <Delay = 5.43> <CoreInst = "FCompare">   --->   Core 19 'FCompare' <Latency = 1> <II = 1> <Delay = 5.43> <FuncUnit> <Opcode : 'fcmp'> <InPorts = 2> <OutPorts = 1>
ST_15 : Operation 375 [1/1] (0.00ns) (grouped into LUT with out node select_ln73_5)   --->   "%and_ln73_5 = and i1 %or_ln73_5, i1 %tmp_16" [codes_lab5/HLS_sources_final/templatedFuncs.h:73]   --->   Operation 375 'and' 'and_ln73_5' <Predicate = true> <Delay = 0.00> <CoreInst = "LogicGate">   --->   Core 74 'LogicGate' <Latency = 0> <II = 1> <Delay = 0.97> <FuncUnit> <Opcode : 'and' 'or' 'xor'> <InPorts = 2> <OutPorts = 1>
ST_15 : Operation 376 [1/1] (0.97ns) (out node of the LUT)   --->   "%select_ln73_5 = select i1 %and_ln73_5, i32 0, i32 %add32_5_lcssa20_load" [codes_lab5/HLS_sources_final/templatedFuncs.h:73]   --->   Operation 376 'select' 'select_ln73_5' <Predicate = true> <Delay = 0.97> <CoreInst = "Sel">   --->   Core 73 'Sel' <Latency = 0> <II = 1> <Delay = 0.69> <FuncUnit> <Opcode : 'select'> <InPorts = 3> <OutPorts = 1>
ST_15 : Operation 377 [1/1] (0.00ns)   --->   "%bitcast_ln73_6 = bitcast i32 %add32_6_lcssa22_load" [codes_lab5/HLS_sources_final/templatedFuncs.h:73]   --->   Operation 377 'bitcast' 'bitcast_ln73_6' <Predicate = true> <Delay = 0.00>
ST_15 : Operation 378 [1/1] (0.00ns)   --->   "%tmp_17 = partselect i8 @_ssdm_op_PartSelect.i8.i32.i32.i32, i32 %bitcast_ln73_6, i32 23, i32 30" [codes_lab5/HLS_sources_final/templatedFuncs.h:73]   --->   Operation 378 'partselect' 'tmp_17' <Predicate = true> <Delay = 0.00>
ST_15 : Operation 379 [1/1] (0.00ns)   --->   "%trunc_ln73_6 = trunc i32 %bitcast_ln73_6" [codes_lab5/HLS_sources_final/templatedFuncs.h:73]   --->   Operation 379 'trunc' 'trunc_ln73_6' <Predicate = true> <Delay = 0.00>
ST_15 : Operation 380 [1/1] (1.55ns)   --->   "%icmp_ln73_13 = icmp_ne  i8 %tmp_17, i8 255" [codes_lab5/HLS_sources_final/templatedFuncs.h:73]   --->   Operation 380 'icmp' 'icmp_ln73_13' <Predicate = true> <Delay = 1.55> <CoreInst = "Cmp">   --->   Core 9 'Cmp' <Latency = 0> <II = 1> <Delay = 1.55> <FuncUnit> <Opcode : 'icmp'> <InPorts = 2> <OutPorts = 1>
ST_15 : Operation 381 [1/1] (2.44ns)   --->   "%icmp_ln73_14 = icmp_eq  i23 %trunc_ln73_6, i23 0" [codes_lab5/HLS_sources_final/templatedFuncs.h:73]   --->   Operation 381 'icmp' 'icmp_ln73_14' <Predicate = true> <Delay = 2.44> <CoreInst = "Cmp">   --->   Core 9 'Cmp' <Latency = 0> <II = 1> <Delay = 2.44> <FuncUnit> <Opcode : 'icmp'> <InPorts = 2> <OutPorts = 1>
ST_15 : Operation 382 [1/1] (0.00ns) (grouped into LUT with out node select_ln73_6)   --->   "%or_ln73_6 = or i1 %icmp_ln73_14, i1 %icmp_ln73_13" [codes_lab5/HLS_sources_final/templatedFuncs.h:73]   --->   Operation 382 'or' 'or_ln73_6' <Predicate = true> <Delay = 0.00> <CoreInst = "LogicGate">   --->   Core 74 'LogicGate' <Latency = 0> <II = 1> <Delay = 0.97> <FuncUnit> <Opcode : 'and' 'or' 'xor'> <InPorts = 2> <OutPorts = 1>
ST_15 : Operation 383 [1/2] (5.43ns)   --->   "%tmp_18 = fcmp_olt  i32 %add32_6_lcssa22_load, i32 0" [codes_lab5/HLS_sources_final/templatedFuncs.h:73]   --->   Operation 383 'fcmp' 'tmp_18' <Predicate = true> <Delay = 5.43> <CoreInst = "FCompare">   --->   Core 19 'FCompare' <Latency = 1> <II = 1> <Delay = 5.43> <FuncUnit> <Opcode : 'fcmp'> <InPorts = 2> <OutPorts = 1>
ST_15 : Operation 384 [1/1] (0.00ns) (grouped into LUT with out node select_ln73_6)   --->   "%and_ln73_6 = and i1 %or_ln73_6, i1 %tmp_18" [codes_lab5/HLS_sources_final/templatedFuncs.h:73]   --->   Operation 384 'and' 'and_ln73_6' <Predicate = true> <Delay = 0.00> <CoreInst = "LogicGate">   --->   Core 74 'LogicGate' <Latency = 0> <II = 1> <Delay = 0.97> <FuncUnit> <Opcode : 'and' 'or' 'xor'> <InPorts = 2> <OutPorts = 1>
ST_15 : Operation 385 [1/1] (0.97ns) (out node of the LUT)   --->   "%select_ln73_6 = select i1 %and_ln73_6, i32 0, i32 %add32_6_lcssa22_load" [codes_lab5/HLS_sources_final/templatedFuncs.h:73]   --->   Operation 385 'select' 'select_ln73_6' <Predicate = true> <Delay = 0.97> <CoreInst = "Sel">   --->   Core 73 'Sel' <Latency = 0> <II = 1> <Delay = 0.69> <FuncUnit> <Opcode : 'select'> <InPorts = 3> <OutPorts = 1>
ST_15 : Operation 386 [1/1] (0.00ns)   --->   "%bitcast_ln73_7 = bitcast i32 %add32_7_lcssa24_load" [codes_lab5/HLS_sources_final/templatedFuncs.h:73]   --->   Operation 386 'bitcast' 'bitcast_ln73_7' <Predicate = true> <Delay = 0.00>
ST_15 : Operation 387 [1/1] (0.00ns)   --->   "%tmp_19 = partselect i8 @_ssdm_op_PartSelect.i8.i32.i32.i32, i32 %bitcast_ln73_7, i32 23, i32 30" [codes_lab5/HLS_sources_final/templatedFuncs.h:73]   --->   Operation 387 'partselect' 'tmp_19' <Predicate = true> <Delay = 0.00>
ST_15 : Operation 388 [1/1] (0.00ns)   --->   "%trunc_ln73_7 = trunc i32 %bitcast_ln73_7" [codes_lab5/HLS_sources_final/templatedFuncs.h:73]   --->   Operation 388 'trunc' 'trunc_ln73_7' <Predicate = true> <Delay = 0.00>
ST_15 : Operation 389 [1/1] (1.55ns)   --->   "%icmp_ln73_15 = icmp_ne  i8 %tmp_19, i8 255" [codes_lab5/HLS_sources_final/templatedFuncs.h:73]   --->   Operation 389 'icmp' 'icmp_ln73_15' <Predicate = true> <Delay = 1.55> <CoreInst = "Cmp">   --->   Core 9 'Cmp' <Latency = 0> <II = 1> <Delay = 1.55> <FuncUnit> <Opcode : 'icmp'> <InPorts = 2> <OutPorts = 1>
ST_15 : Operation 390 [1/1] (2.44ns)   --->   "%icmp_ln73_16 = icmp_eq  i23 %trunc_ln73_7, i23 0" [codes_lab5/HLS_sources_final/templatedFuncs.h:73]   --->   Operation 390 'icmp' 'icmp_ln73_16' <Predicate = true> <Delay = 2.44> <CoreInst = "Cmp">   --->   Core 9 'Cmp' <Latency = 0> <II = 1> <Delay = 2.44> <FuncUnit> <Opcode : 'icmp'> <InPorts = 2> <OutPorts = 1>
ST_15 : Operation 391 [1/1] (0.00ns) (grouped into LUT with out node select_ln73_7)   --->   "%or_ln73_7 = or i1 %icmp_ln73_16, i1 %icmp_ln73_15" [codes_lab5/HLS_sources_final/templatedFuncs.h:73]   --->   Operation 391 'or' 'or_ln73_7' <Predicate = true> <Delay = 0.00> <CoreInst = "LogicGate">   --->   Core 74 'LogicGate' <Latency = 0> <II = 1> <Delay = 0.97> <FuncUnit> <Opcode : 'and' 'or' 'xor'> <InPorts = 2> <OutPorts = 1>
ST_15 : Operation 392 [1/2] (5.43ns)   --->   "%tmp_20 = fcmp_olt  i32 %add32_7_lcssa24_load, i32 0" [codes_lab5/HLS_sources_final/templatedFuncs.h:73]   --->   Operation 392 'fcmp' 'tmp_20' <Predicate = true> <Delay = 5.43> <CoreInst = "FCompare">   --->   Core 19 'FCompare' <Latency = 1> <II = 1> <Delay = 5.43> <FuncUnit> <Opcode : 'fcmp'> <InPorts = 2> <OutPorts = 1>
ST_15 : Operation 393 [1/1] (0.00ns) (grouped into LUT with out node select_ln73_7)   --->   "%and_ln73_7 = and i1 %or_ln73_7, i1 %tmp_20" [codes_lab5/HLS_sources_final/templatedFuncs.h:73]   --->   Operation 393 'and' 'and_ln73_7' <Predicate = true> <Delay = 0.00> <CoreInst = "LogicGate">   --->   Core 74 'LogicGate' <Latency = 0> <II = 1> <Delay = 0.97> <FuncUnit> <Opcode : 'and' 'or' 'xor'> <InPorts = 2> <OutPorts = 1>
ST_15 : Operation 394 [1/1] (0.97ns) (out node of the LUT)   --->   "%select_ln73_7 = select i1 %and_ln73_7, i32 0, i32 %add32_7_lcssa24_load" [codes_lab5/HLS_sources_final/templatedFuncs.h:73]   --->   Operation 394 'select' 'select_ln73_7' <Predicate = true> <Delay = 0.97> <CoreInst = "Sel">   --->   Core 73 'Sel' <Latency = 0> <II = 1> <Delay = 0.69> <FuncUnit> <Opcode : 'select'> <InPorts = 3> <OutPorts = 1>
ST_15 : Operation 395 [1/1] (0.69ns)   --->   "%select_ln218 = select i1 %icmp_ln218, i32 %select_ln73_5, i32 %output_5_031_load_1" [codes_lab5/HLS_sources_final/templatedFuncs.h:218]   --->   Operation 395 'select' 'select_ln218' <Predicate = true> <Delay = 0.69> <CoreInst = "Sel">   --->   Core 73 'Sel' <Latency = 0> <II = 1> <Delay = 0.69> <FuncUnit> <Opcode : 'select'> <InPorts = 3> <OutPorts = 1>
ST_15 : Operation 396 [1/1] (0.69ns)   --->   "%select_ln218_1 = select i1 %icmp_ln218, i32 %select_ln73_4, i32 %output_4_030_load_1" [codes_lab5/HLS_sources_final/templatedFuncs.h:218]   --->   Operation 396 'select' 'select_ln218_1' <Predicate = true> <Delay = 0.69> <CoreInst = "Sel">   --->   Core 73 'Sel' <Latency = 0> <II = 1> <Delay = 0.69> <FuncUnit> <Opcode : 'select'> <InPorts = 3> <OutPorts = 1>
ST_15 : Operation 397 [1/1] (0.69ns)   --->   "%select_ln218_2 = select i1 %icmp_ln218, i32 %select_ln73_6, i32 %output_6_029_load_1" [codes_lab5/HLS_sources_final/templatedFuncs.h:218]   --->   Operation 397 'select' 'select_ln218_2' <Predicate = true> <Delay = 0.69> <CoreInst = "Sel">   --->   Core 73 'Sel' <Latency = 0> <II = 1> <Delay = 0.69> <FuncUnit> <Opcode : 'select'> <InPorts = 3> <OutPorts = 1>
ST_15 : Operation 398 [1/1] (0.69ns)   --->   "%select_ln218_3 = select i1 %icmp_ln218, i32 %select_ln73_7, i32 %output_7_028_load_1" [codes_lab5/HLS_sources_final/templatedFuncs.h:218]   --->   Operation 398 'select' 'select_ln218_3' <Predicate = true> <Delay = 0.69> <CoreInst = "Sel">   --->   Core 73 'Sel' <Latency = 0> <II = 1> <Delay = 0.69> <FuncUnit> <Opcode : 'select'> <InPorts = 3> <OutPorts = 1>
ST_15 : Operation 399 [1/1] (0.69ns)   --->   "%select_ln218_4 = select i1 %icmp_ln218, i32 %select_ln73_3, i32 %output_3_027_load_1" [codes_lab5/HLS_sources_final/templatedFuncs.h:218]   --->   Operation 399 'select' 'select_ln218_4' <Predicate = true> <Delay = 0.69> <CoreInst = "Sel">   --->   Core 73 'Sel' <Latency = 0> <II = 1> <Delay = 0.69> <FuncUnit> <Opcode : 'select'> <InPorts = 3> <OutPorts = 1>
ST_15 : Operation 400 [1/1] (0.69ns)   --->   "%select_ln218_5 = select i1 %icmp_ln218, i32 %output_8_026_load_1, i32 %select_ln73" [codes_lab5/HLS_sources_final/templatedFuncs.h:218]   --->   Operation 400 'select' 'select_ln218_5' <Predicate = true> <Delay = 0.69> <CoreInst = "Sel">   --->   Core 73 'Sel' <Latency = 0> <II = 1> <Delay = 0.69> <FuncUnit> <Opcode : 'select'> <InPorts = 3> <OutPorts = 1>
ST_15 : Operation 401 [1/1] (0.69ns)   --->   "%select_ln218_6 = select i1 %icmp_ln218, i32 %output_9_025_load_1, i32 %select_ln73_1" [codes_lab5/HLS_sources_final/templatedFuncs.h:218]   --->   Operation 401 'select' 'select_ln218_6' <Predicate = true> <Delay = 0.69> <CoreInst = "Sel">   --->   Core 73 'Sel' <Latency = 0> <II = 1> <Delay = 0.69> <FuncUnit> <Opcode : 'select'> <InPorts = 3> <OutPorts = 1>
ST_15 : Operation 402 [1/1] (0.69ns)   --->   "%select_ln218_7 = select i1 %icmp_ln218, i32 %select_ln73_2, i32 %output_2_024_load_1" [codes_lab5/HLS_sources_final/templatedFuncs.h:218]   --->   Operation 402 'select' 'select_ln218_7' <Predicate = true> <Delay = 0.69> <CoreInst = "Sel">   --->   Core 73 'Sel' <Latency = 0> <II = 1> <Delay = 0.69> <FuncUnit> <Opcode : 'select'> <InPorts = 3> <OutPorts = 1>
ST_15 : Operation 403 [1/1] (0.69ns)   --->   "%select_ln218_8 = select i1 %icmp_ln218, i32 %output_10_023_load_1, i32 %select_ln73_2" [codes_lab5/HLS_sources_final/templatedFuncs.h:218]   --->   Operation 403 'select' 'select_ln218_8' <Predicate = true> <Delay = 0.69> <CoreInst = "Sel">   --->   Core 73 'Sel' <Latency = 0> <II = 1> <Delay = 0.69> <FuncUnit> <Opcode : 'select'> <InPorts = 3> <OutPorts = 1>
ST_15 : Operation 404 [1/1] (0.69ns)   --->   "%select_ln218_9 = select i1 %icmp_ln218, i32 %output_11_022_load_1, i32 %select_ln73_3" [codes_lab5/HLS_sources_final/templatedFuncs.h:218]   --->   Operation 404 'select' 'select_ln218_9' <Predicate = true> <Delay = 0.69> <CoreInst = "Sel">   --->   Core 73 'Sel' <Latency = 0> <II = 1> <Delay = 0.69> <FuncUnit> <Opcode : 'select'> <InPorts = 3> <OutPorts = 1>
ST_15 : Operation 405 [1/1] (0.69ns)   --->   "%select_ln218_10 = select i1 %icmp_ln218, i32 %select_ln73_1, i32 %output_1_021_load_1" [codes_lab5/HLS_sources_final/templatedFuncs.h:218]   --->   Operation 405 'select' 'select_ln218_10' <Predicate = true> <Delay = 0.69> <CoreInst = "Sel">   --->   Core 73 'Sel' <Latency = 0> <II = 1> <Delay = 0.69> <FuncUnit> <Opcode : 'select'> <InPorts = 3> <OutPorts = 1>
ST_15 : Operation 406 [1/1] (0.69ns)   --->   "%select_ln218_11 = select i1 %icmp_ln218, i32 %output_12_020_load_1, i32 %select_ln73_4" [codes_lab5/HLS_sources_final/templatedFuncs.h:218]   --->   Operation 406 'select' 'select_ln218_11' <Predicate = true> <Delay = 0.69> <CoreInst = "Sel">   --->   Core 73 'Sel' <Latency = 0> <II = 1> <Delay = 0.69> <FuncUnit> <Opcode : 'select'> <InPorts = 3> <OutPorts = 1>
ST_15 : Operation 407 [1/1] (0.69ns)   --->   "%select_ln218_12 = select i1 %icmp_ln218, i32 %output_13_019_load_1, i32 %select_ln73_5" [codes_lab5/HLS_sources_final/templatedFuncs.h:218]   --->   Operation 407 'select' 'select_ln218_12' <Predicate = true> <Delay = 0.69> <CoreInst = "Sel">   --->   Core 73 'Sel' <Latency = 0> <II = 1> <Delay = 0.69> <FuncUnit> <Opcode : 'select'> <InPorts = 3> <OutPorts = 1>
ST_15 : Operation 408 [1/1] (0.69ns)   --->   "%select_ln218_13 = select i1 %icmp_ln218, i32 %select_ln73, i32 %output_0_018_load_1" [codes_lab5/HLS_sources_final/templatedFuncs.h:218]   --->   Operation 408 'select' 'select_ln218_13' <Predicate = true> <Delay = 0.69> <CoreInst = "Sel">   --->   Core 73 'Sel' <Latency = 0> <II = 1> <Delay = 0.69> <FuncUnit> <Opcode : 'select'> <InPorts = 3> <OutPorts = 1>
ST_15 : Operation 409 [1/1] (0.69ns)   --->   "%select_ln218_14 = select i1 %icmp_ln218, i32 %output_1445_017_load_1, i32 %select_ln73_6" [codes_lab5/HLS_sources_final/templatedFuncs.h:218]   --->   Operation 409 'select' 'select_ln218_14' <Predicate = true> <Delay = 0.69> <CoreInst = "Sel">   --->   Core 73 'Sel' <Latency = 0> <II = 1> <Delay = 0.69> <FuncUnit> <Opcode : 'select'> <InPorts = 3> <OutPorts = 1>
ST_15 : Operation 410 [1/1] (0.69ns)   --->   "%select_ln218_15 = select i1 %icmp_ln218, i32 %output_15_016_load_1, i32 %select_ln73_7" [codes_lab5/HLS_sources_final/templatedFuncs.h:218]   --->   Operation 410 'select' 'select_ln218_15' <Predicate = true> <Delay = 0.69> <CoreInst = "Sel">   --->   Core 73 'Sel' <Latency = 0> <II = 1> <Delay = 0.69> <FuncUnit> <Opcode : 'select'> <InPorts = 3> <OutPorts = 1>
ST_15 : Operation 411 [1/1] (0.00ns)   --->   "%store_ln195 = store i32 %select_ln218, i32 %output_5_031" [codes_lab5/HLS_sources_final/templatedFuncs.h:195]   --->   Operation 411 'store' 'store_ln195' <Predicate = true> <Delay = 0.00>
ST_15 : Operation 412 [1/1] (0.00ns)   --->   "%store_ln195 = store i32 %select_ln218_1, i32 %output_4_030" [codes_lab5/HLS_sources_final/templatedFuncs.h:195]   --->   Operation 412 'store' 'store_ln195' <Predicate = true> <Delay = 0.00>
ST_15 : Operation 413 [1/1] (0.00ns)   --->   "%store_ln195 = store i32 %select_ln218_2, i32 %output_6_029" [codes_lab5/HLS_sources_final/templatedFuncs.h:195]   --->   Operation 413 'store' 'store_ln195' <Predicate = true> <Delay = 0.00>
ST_15 : Operation 414 [1/1] (0.00ns)   --->   "%store_ln195 = store i32 %select_ln218_3, i32 %output_7_028" [codes_lab5/HLS_sources_final/templatedFuncs.h:195]   --->   Operation 414 'store' 'store_ln195' <Predicate = true> <Delay = 0.00>
ST_15 : Operation 415 [1/1] (0.00ns)   --->   "%store_ln195 = store i32 %select_ln218_4, i32 %output_3_027" [codes_lab5/HLS_sources_final/templatedFuncs.h:195]   --->   Operation 415 'store' 'store_ln195' <Predicate = true> <Delay = 0.00>
ST_15 : Operation 416 [1/1] (0.00ns)   --->   "%store_ln195 = store i32 %select_ln218_5, i32 %output_8_026" [codes_lab5/HLS_sources_final/templatedFuncs.h:195]   --->   Operation 416 'store' 'store_ln195' <Predicate = true> <Delay = 0.00>
ST_15 : Operation 417 [1/1] (0.00ns)   --->   "%store_ln195 = store i32 %select_ln218_6, i32 %output_9_025" [codes_lab5/HLS_sources_final/templatedFuncs.h:195]   --->   Operation 417 'store' 'store_ln195' <Predicate = true> <Delay = 0.00>
ST_15 : Operation 418 [1/1] (0.00ns)   --->   "%store_ln195 = store i32 %select_ln218_7, i32 %output_2_024" [codes_lab5/HLS_sources_final/templatedFuncs.h:195]   --->   Operation 418 'store' 'store_ln195' <Predicate = true> <Delay = 0.00>
ST_15 : Operation 419 [1/1] (0.00ns)   --->   "%store_ln195 = store i32 %select_ln218_8, i32 %output_10_023" [codes_lab5/HLS_sources_final/templatedFuncs.h:195]   --->   Operation 419 'store' 'store_ln195' <Predicate = true> <Delay = 0.00>
ST_15 : Operation 420 [1/1] (0.00ns)   --->   "%store_ln195 = store i32 %select_ln218_9, i32 %output_11_022" [codes_lab5/HLS_sources_final/templatedFuncs.h:195]   --->   Operation 420 'store' 'store_ln195' <Predicate = true> <Delay = 0.00>
ST_15 : Operation 421 [1/1] (0.00ns)   --->   "%store_ln195 = store i32 %select_ln218_10, i32 %output_1_021" [codes_lab5/HLS_sources_final/templatedFuncs.h:195]   --->   Operation 421 'store' 'store_ln195' <Predicate = true> <Delay = 0.00>
ST_15 : Operation 422 [1/1] (0.00ns)   --->   "%store_ln195 = store i32 %select_ln218_11, i32 %output_12_020" [codes_lab5/HLS_sources_final/templatedFuncs.h:195]   --->   Operation 422 'store' 'store_ln195' <Predicate = true> <Delay = 0.00>
ST_15 : Operation 423 [1/1] (0.00ns)   --->   "%store_ln195 = store i32 %select_ln218_12, i32 %output_13_019" [codes_lab5/HLS_sources_final/templatedFuncs.h:195]   --->   Operation 423 'store' 'store_ln195' <Predicate = true> <Delay = 0.00>
ST_15 : Operation 424 [1/1] (0.00ns)   --->   "%store_ln195 = store i32 %select_ln218_13, i32 %output_0_018" [codes_lab5/HLS_sources_final/templatedFuncs.h:195]   --->   Operation 424 'store' 'store_ln195' <Predicate = true> <Delay = 0.00>
ST_15 : Operation 425 [1/1] (0.00ns)   --->   "%store_ln195 = store i32 %select_ln218_14, i32 %output_1445_017" [codes_lab5/HLS_sources_final/templatedFuncs.h:195]   --->   Operation 425 'store' 'store_ln195' <Predicate = true> <Delay = 0.00>
ST_15 : Operation 426 [1/1] (0.00ns)   --->   "%store_ln195 = store i32 %select_ln218_15, i32 %output_15_016" [codes_lab5/HLS_sources_final/templatedFuncs.h:195]   --->   Operation 426 'store' 'store_ln195' <Predicate = true> <Delay = 0.00>
ST_15 : Operation 427 [1/1] (0.00ns)   --->   "%br_ln195 = br void %VITIS_LOOP_198_1" [codes_lab5/HLS_sources_final/templatedFuncs.h:195]   --->   Operation 427 'br' 'br_ln195' <Predicate = true> <Delay = 0.00>


============================================================
+ Verbose Summary: Timing violations
============================================================
Target clock period: 10ns, clock uncertainty: 2.7ns.

 <State 1>: 1.59ns
The critical path consists of the following:
	'alloca' operation ('turn') [4]  (0 ns)
	'store' operation ('store_ln195', codes_lab5/HLS_sources_final/templatedFuncs.h:195) of constant 0 on local variable 'turn' [29]  (1.59 ns)

 <State 2>: 2.32ns
The critical path consists of the following:
	'load' operation ('turn', codes_lab5/HLS_sources_final/templatedFuncs.h:218) on local variable 'turn' [32]  (0 ns)
	'getelementptr' operation ('fc1_bias_addr', codes_lab5/HLS_sources_final/templatedFuncs.h:218) [44]  (0 ns)
	'load' operation ('fc1_bias_load', codes_lab5/HLS_sources_final/templatedFuncs.h:203) on array 'fc1_bias' [80]  (2.32 ns)

 <State 3>: 4.17ns
The critical path consists of the following:
	'mul' operation ('mul_ln212', codes_lab5/HLS_sources_final/templatedFuncs.h:212) [43]  (4.17 ns)

 <State 4>: 5.43ns
The critical path consists of the following:
	'load' operation ('add32_lcssa10_load', codes_lab5/HLS_sources_final/templatedFuncs.h:73) on local variable 'input' [192]  (0 ns)
	'fcmp' operation ('tmp_s', codes_lab5/HLS_sources_final/templatedFuncs.h:73) [206]  (5.43 ns)

 <State 5>: 3.25ns
The critical path consists of the following:
	'load' operation ('ip', codes_lab5/HLS_sources_final/templatedFuncs.h:199) on array 'input_r' [132]  (3.25 ns)

 <State 6>: 5.7ns
The critical path consists of the following:
	'fmul' operation ('mul', codes_lab5/HLS_sources_final/templatedFuncs.h:212) [143]  (5.7 ns)

 <State 7>: 5.7ns
The critical path consists of the following:
	'fmul' operation ('mul', codes_lab5/HLS_sources_final/templatedFuncs.h:212) [143]  (5.7 ns)

 <State 8>: 5.7ns
The critical path consists of the following:
	'fmul' operation ('mul', codes_lab5/HLS_sources_final/templatedFuncs.h:212) [143]  (5.7 ns)

 <State 9>: 5.7ns
The critical path consists of the following:
	'fmul' operation ('mul', codes_lab5/HLS_sources_final/templatedFuncs.h:212) [143]  (5.7 ns)

 <State 10>: 7.26ns
The critical path consists of the following:
	'fadd' operation ('input', codes_lab5/HLS_sources_final/templatedFuncs.h:212) [144]  (7.26 ns)

 <State 11>: 7.26ns
The critical path consists of the following:
	'fadd' operation ('input', codes_lab5/HLS_sources_final/templatedFuncs.h:212) [144]  (7.26 ns)

 <State 12>: 7.26ns
The critical path consists of the following:
	'fadd' operation ('input', codes_lab5/HLS_sources_final/templatedFuncs.h:212) [144]  (7.26 ns)

 <State 13>: 7.26ns
The critical path consists of the following:
	'fadd' operation ('input', codes_lab5/HLS_sources_final/templatedFuncs.h:212) [144]  (7.26 ns)

 <State 14>: 7.26ns
The critical path consists of the following:
	'fadd' operation ('input', codes_lab5/HLS_sources_final/templatedFuncs.h:212) [144]  (7.26 ns)

 <State 15>: 7.11ns
The critical path consists of the following:
	'fcmp' operation ('tmp_16', codes_lab5/HLS_sources_final/templatedFuncs.h:73) [251]  (5.43 ns)
	'and' operation ('and_ln73_5', codes_lab5/HLS_sources_final/templatedFuncs.h:73) [252]  (0 ns)
	'select' operation ('select_ln73_5', codes_lab5/HLS_sources_final/templatedFuncs.h:73) [253]  (0.978 ns)
	'select' operation ('select_ln218', codes_lab5/HLS_sources_final/templatedFuncs.h:218) [273]  (0.698 ns)


============================================================
+ Verbose Summary: Binding
============================================================
N/A
* FSMD analyzer results:
  - Output states:
 - Input state : 
  - Chain level:
	State 1
	State 2
	State 3
	State 4
	State 5
	State 6
	State 7
	State 8
	State 9
	State 10
	State 11
	State 12
	State 13
	State 14
	State 15


============================================================
+ Verbose Summary: Datapath Resource usage 
============================================================
N/A
