

================================================================
== Vitis HLS Report for 'FC_layer_100_16_true_s'
================================================================
* Date:           Thu Dec 25 17:04:41 2025

* Version:        2022.1 (Build 3526262 on Mon Apr 18 15:48:16 MDT 2022)
* Project:        Day_5_final_boss
* Solution:       hellojio (Vivado IP Flow Target)
* Product family: zynq
* Target device:  xc7z020-clg400-1


================================================================
== Performance Estimates
================================================================
+ Timing: 
    * Summary: 
    +--------+----------+----------+------------+
    |  Clock |  Target  | Estimated| Uncertainty|
    +--------+----------+----------+------------+
    |ap_clk  |  10.00 ns|  7.256 ns|     2.70 ns|
    +--------+----------+----------+------------+

+ Latency: 
    * Summary: 
    +---------+---------+-----------+-----------+------+------+---------+
    |  Latency (cycles) |   Latency (absolute)  |   Interval  | Pipeline|
    |   min   |   max   |    min    |    max    |  min |  max |   Type  |
    +---------+---------+-----------+-----------+------+------+---------+
    |     2209|     2209|  22.090 us|  22.090 us|  2209|  2209|       no|
    +---------+---------+-----------+-----------+------+------+---------+

    + Detail: 
        * Instance: 
        N/A

        * Loop: 
        +---------------------+---------+---------+----------+-----------+-----------+------+----------+
        |                     |  Latency (cycles) | Iteration|  Initiation Interval  | Trip |          |
        |      Loop Name      |   min   |   max   |  Latency |  achieved |   target  | Count| Pipelined|
        +---------------------+---------+---------+----------+-----------+-----------+------+----------+
        |- out_loop           |     2208|     2208|      1104|          -|          -|     2|        no|
        | + VITIS_LOOP_198_1  |     1100|     1100|        11|          -|          -|   100|        no|
        +---------------------+---------+---------+----------+-----------+-----------+------+----------+

============================================================
+ Verbose Summary: Synthesis Manager
============================================================
InlineROM: 1
ExposeGlobal: 0
============================================================
+ Verbose Summary: CDFG Model
============================================================
IsTopModel: 0
ResetActiveHigh: 1
IsCombinational: 0
IsDatapathOnly: 0
HasWiredReturn: 1
HasMFsm: 0
HasVarLatency: 1
IsPipeline: 0
IsRtlPipelined: 0
IsInstanceOverlapped: 0
IsDontTouch: 0
HasImplIP: 0
IsGatedGlobalClock: 0


============================================================
+ Verbose Summary: Schedule
============================================================
* Number of FSM states : 15
* Pipeline : 0
* Dataflow Pipeline: 0

* FSM state transitions: 
1 --> 2 
2 --> 3 
3 --> 4 
4 --> 5 15 
5 --> 6 
6 --> 7 
7 --> 8 
8 --> 9 
9 --> 10 
10 --> 11 
11 --> 12 
12 --> 13 
13 --> 14 
14 --> 4 
15 --> 2 

* FSM state operations: 

State 1 <SV = 0> <Delay = 1.58>
ST_1 : Operation 16 [1/1] (0.00ns)   --->   "%turn = alloca i32 1"   --->   Operation 16 'alloca' 'turn' <Predicate = true> <Delay = 0.00>
ST_1 : Operation 17 [1/1] (0.00ns)   --->   "%output_15_016 = alloca i32 1"   --->   Operation 17 'alloca' 'output_15_016' <Predicate = true> <Delay = 0.00>
ST_1 : Operation 18 [1/1] (0.00ns)   --->   "%output_1445_017 = alloca i32 1"   --->   Operation 18 'alloca' 'output_1445_017' <Predicate = true> <Delay = 0.00>
ST_1 : Operation 19 [1/1] (0.00ns)   --->   "%output_0_018 = alloca i32 1"   --->   Operation 19 'alloca' 'output_0_018' <Predicate = true> <Delay = 0.00>
ST_1 : Operation 20 [1/1] (0.00ns)   --->   "%output_13_019 = alloca i32 1"   --->   Operation 20 'alloca' 'output_13_019' <Predicate = true> <Delay = 0.00>
ST_1 : Operation 21 [1/1] (0.00ns)   --->   "%output_12_020 = alloca i32 1"   --->   Operation 21 'alloca' 'output_12_020' <Predicate = true> <Delay = 0.00>
ST_1 : Operation 22 [1/1] (0.00ns)   --->   "%output_1_021 = alloca i32 1"   --->   Operation 22 'alloca' 'output_1_021' <Predicate = true> <Delay = 0.00>
ST_1 : Operation 23 [1/1] (0.00ns)   --->   "%output_11_022 = alloca i32 1"   --->   Operation 23 'alloca' 'output_11_022' <Predicate = true> <Delay = 0.00>
ST_1 : Operation 24 [1/1] (0.00ns)   --->   "%output_10_023 = alloca i32 1"   --->   Operation 24 'alloca' 'output_10_023' <Predicate = true> <Delay = 0.00>
ST_1 : Operation 25 [1/1] (0.00ns)   --->   "%output_2_024 = alloca i32 1"   --->   Operation 25 'alloca' 'output_2_024' <Predicate = true> <Delay = 0.00>
ST_1 : Operation 26 [1/1] (0.00ns)   --->   "%output_9_025 = alloca i32 1"   --->   Operation 26 'alloca' 'output_9_025' <Predicate = true> <Delay = 0.00>
ST_1 : Operation 27 [1/1] (0.00ns)   --->   "%output_8_026 = alloca i32 1"   --->   Operation 27 'alloca' 'output_8_026' <Predicate = true> <Delay = 0.00>
ST_1 : Operation 28 [1/1] (0.00ns)   --->   "%output_3_027 = alloca i32 1"   --->   Operation 28 'alloca' 'output_3_027' <Predicate = true> <Delay = 0.00>
ST_1 : Operation 29 [1/1] (0.00ns)   --->   "%output_7_028 = alloca i32 1"   --->   Operation 29 'alloca' 'output_7_028' <Predicate = true> <Delay = 0.00>
ST_1 : Operation 30 [1/1] (0.00ns)   --->   "%output_6_029 = alloca i32 1"   --->   Operation 30 'alloca' 'output_6_029' <Predicate = true> <Delay = 0.00>
ST_1 : Operation 31 [1/1] (0.00ns)   --->   "%output_4_030 = alloca i32 1"   --->   Operation 31 'alloca' 'output_4_030' <Predicate = true> <Delay = 0.00>
ST_1 : Operation 32 [1/1] (0.00ns)   --->   "%output_5_031 = alloca i32 1"   --->   Operation 32 'alloca' 'output_5_031' <Predicate = true> <Delay = 0.00>
ST_1 : Operation 33 [1/1] (0.00ns)   --->   "%add32_lcssa10 = alloca i32 1"   --->   Operation 33 'alloca' 'add32_lcssa10' <Predicate = true> <Delay = 0.00>
ST_1 : Operation 34 [1/1] (0.00ns)   --->   "%add32_1_lcssa12 = alloca i32 1"   --->   Operation 34 'alloca' 'add32_1_lcssa12' <Predicate = true> <Delay = 0.00>
ST_1 : Operation 35 [1/1] (0.00ns)   --->   "%add32_2_lcssa14 = alloca i32 1"   --->   Operation 35 'alloca' 'add32_2_lcssa14' <Predicate = true> <Delay = 0.00>
ST_1 : Operation 36 [1/1] (0.00ns)   --->   "%add32_3_lcssa16 = alloca i32 1"   --->   Operation 36 'alloca' 'add32_3_lcssa16' <Predicate = true> <Delay = 0.00>
ST_1 : Operation 37 [1/1] (0.00ns)   --->   "%add32_4_lcssa18 = alloca i32 1"   --->   Operation 37 'alloca' 'add32_4_lcssa18' <Predicate = true> <Delay = 0.00>
ST_1 : Operation 38 [1/1] (0.00ns)   --->   "%add32_5_lcssa20 = alloca i32 1"   --->   Operation 38 'alloca' 'add32_5_lcssa20' <Predicate = true> <Delay = 0.00>
ST_1 : Operation 39 [1/1] (0.00ns)   --->   "%add32_6_lcssa22 = alloca i32 1"   --->   Operation 39 'alloca' 'add32_6_lcssa22' <Predicate = true> <Delay = 0.00>
ST_1 : Operation 40 [1/1] (0.00ns)   --->   "%add32_7_lcssa24 = alloca i32 1"   --->   Operation 40 'alloca' 'add32_7_lcssa24' <Predicate = true> <Delay = 0.00>
ST_1 : Operation 41 [1/1] (1.58ns)   --->   "%store_ln195 = store i2 0, i2 %turn" [codes_lab5/HLS_sources_final/templatedFuncs.h:195]   --->   Operation 41 'store' 'store_ln195' <Predicate = true> <Delay = 1.58>
ST_1 : Operation 42 [1/1] (0.00ns)   --->   "%br_ln195 = br void %VITIS_LOOP_198_1" [codes_lab5/HLS_sources_final/templatedFuncs.h:195]   --->   Operation 42 'br' 'br_ln195' <Predicate = true> <Delay = 0.00>

State 2 <SV = 1> <Delay = 2.32>
ST_2 : Operation 43 [1/1] (0.00ns)   --->   "%turn_2 = load i2 %turn" [codes_lab5/HLS_sources_final/templatedFuncs.h:218]   --->   Operation 43 'load' 'turn_2' <Predicate = true> <Delay = 0.00>
ST_2 : Operation 44 [1/1] (0.95ns)   --->   "%icmp_ln195 = icmp_eq  i2 %turn_2, i2 2" [codes_lab5/HLS_sources_final/templatedFuncs.h:195]   --->   Operation 44 'icmp' 'icmp_ln195' <Predicate = true> <Delay = 0.95> <CoreInst = "Cmp">   --->   Core 9 'Cmp' <Latency = 0> <II = 1> <Delay = 0.95> <FuncUnit> <Opcode : 'icmp'> <InPorts = 2> <OutPorts = 1>
ST_2 : Operation 45 [1/1] (0.00ns)   --->   "%empty = speclooptripcount i32 @_ssdm_op_SpecLoopTripCount, i64 2, i64 2, i64 2"   --->   Operation 45 'speclooptripcount' 'empty' <Predicate = true> <Delay = 0.00>
ST_2 : Operation 46 [1/1] (1.56ns)   --->   "%add_ln195 = add i2 %turn_2, i2 1" [codes_lab5/HLS_sources_final/templatedFuncs.h:195]   --->   Operation 46 'add' 'add_ln195' <Predicate = true> <Delay = 1.56> <CoreInst = "Adder">   --->   Core 1 'Adder' <Latency = 0> <II = 1> <Delay = 1.56> <FuncUnit> <Opcode : 'add' 'sub'> <InPorts = 2> <OutPorts = 1>
ST_2 : Operation 47 [1/1] (0.00ns)   --->   "%br_ln195 = br i1 %icmp_ln195, void %VITIS_LOOP_198_1.split, void %for.end57" [codes_lab5/HLS_sources_final/templatedFuncs.h:195]   --->   Operation 47 'br' 'br_ln195' <Predicate = true> <Delay = 0.00>
ST_2 : Operation 48 [1/1] (0.00ns)   --->   "%trunc_ln218 = trunc i2 %turn_2" [codes_lab5/HLS_sources_final/templatedFuncs.h:218]   --->   Operation 48 'trunc' 'trunc_ln218' <Predicate = (!icmp_ln195)> <Delay = 0.00>
ST_2 : Operation 49 [1/1] (0.00ns)   --->   "%shl_ln = bitconcatenate i4 @_ssdm_op_BitConcatenate.i4.i1.i3, i1 %trunc_ln218, i3 0" [codes_lab5/HLS_sources_final/templatedFuncs.h:218]   --->   Operation 49 'bitconcatenate' 'shl_ln' <Predicate = (!icmp_ln195)> <Delay = 0.00>
ST_2 : Operation 50 [1/1] (0.00ns)   --->   "%trunc_ln218_cast = zext i4 %shl_ln" [codes_lab5/HLS_sources_final/templatedFuncs.h:218]   --->   Operation 50 'zext' 'trunc_ln218_cast' <Predicate = (!icmp_ln195)> <Delay = 0.00>
ST_2 : Operation 51 [1/1] (0.00ns)   --->   "%fc1_bias_addr = getelementptr i32 %fc1_bias, i64 0, i64 %trunc_ln218_cast" [codes_lab5/HLS_sources_final/templatedFuncs.h:218]   --->   Operation 51 'getelementptr' 'fc1_bias_addr' <Predicate = (!icmp_ln195)> <Delay = 0.00>
ST_2 : Operation 52 [1/1] (0.00ns)   --->   "%empty_133 = or i4 %shl_ln, i4 1" [codes_lab5/HLS_sources_final/templatedFuncs.h:218]   --->   Operation 52 'or' 'empty_133' <Predicate = (!icmp_ln195)> <Delay = 0.00>
ST_2 : Operation 53 [1/1] (0.00ns)   --->   "%p_cast = zext i4 %empty_133" [codes_lab5/HLS_sources_final/templatedFuncs.h:218]   --->   Operation 53 'zext' 'p_cast' <Predicate = (!icmp_ln195)> <Delay = 0.00>
ST_2 : Operation 54 [1/1] (0.00ns)   --->   "%fc1_bias_addr_1 = getelementptr i32 %fc1_bias, i64 0, i64 %p_cast" [codes_lab5/HLS_sources_final/templatedFuncs.h:218]   --->   Operation 54 'getelementptr' 'fc1_bias_addr_1' <Predicate = (!icmp_ln195)> <Delay = 0.00>
ST_2 : Operation 55 [1/1] (0.00ns)   --->   "%empty_134 = or i4 %shl_ln, i4 2" [codes_lab5/HLS_sources_final/templatedFuncs.h:218]   --->   Operation 55 'or' 'empty_134' <Predicate = (!icmp_ln195)> <Delay = 0.00>
ST_2 : Operation 56 [1/1] (0.00ns)   --->   "%p_cast1 = zext i4 %empty_134" [codes_lab5/HLS_sources_final/templatedFuncs.h:218]   --->   Operation 56 'zext' 'p_cast1' <Predicate = (!icmp_ln195)> <Delay = 0.00>
ST_2 : Operation 57 [1/1] (0.00ns)   --->   "%fc1_bias_addr_2 = getelementptr i32 %fc1_bias, i64 0, i64 %p_cast1" [codes_lab5/HLS_sources_final/templatedFuncs.h:218]   --->   Operation 57 'getelementptr' 'fc1_bias_addr_2' <Predicate = (!icmp_ln195)> <Delay = 0.00>
ST_2 : Operation 58 [1/1] (0.00ns)   --->   "%empty_135 = or i4 %shl_ln, i4 3" [codes_lab5/HLS_sources_final/templatedFuncs.h:218]   --->   Operation 58 'or' 'empty_135' <Predicate = (!icmp_ln195)> <Delay = 0.00>
ST_2 : Operation 59 [1/1] (0.00ns)   --->   "%p_cast2 = zext i4 %empty_135" [codes_lab5/HLS_sources_final/templatedFuncs.h:218]   --->   Operation 59 'zext' 'p_cast2' <Predicate = (!icmp_ln195)> <Delay = 0.00>
ST_2 : Operation 60 [1/1] (0.00ns)   --->   "%fc1_bias_addr_3 = getelementptr i32 %fc1_bias, i64 0, i64 %p_cast2" [codes_lab5/HLS_sources_final/templatedFuncs.h:218]   --->   Operation 60 'getelementptr' 'fc1_bias_addr_3' <Predicate = (!icmp_ln195)> <Delay = 0.00>
ST_2 : Operation 61 [1/1] (0.00ns)   --->   "%empty_136 = or i4 %shl_ln, i4 4" [codes_lab5/HLS_sources_final/templatedFuncs.h:218]   --->   Operation 61 'or' 'empty_136' <Predicate = (!icmp_ln195)> <Delay = 0.00>
ST_2 : Operation 62 [1/1] (0.00ns)   --->   "%p_cast3 = zext i4 %empty_136" [codes_lab5/HLS_sources_final/templatedFuncs.h:218]   --->   Operation 62 'zext' 'p_cast3' <Predicate = (!icmp_ln195)> <Delay = 0.00>
ST_2 : Operation 63 [1/1] (0.00ns)   --->   "%fc1_bias_addr_4 = getelementptr i32 %fc1_bias, i64 0, i64 %p_cast3" [codes_lab5/HLS_sources_final/templatedFuncs.h:218]   --->   Operation 63 'getelementptr' 'fc1_bias_addr_4' <Predicate = (!icmp_ln195)> <Delay = 0.00>
ST_2 : Operation 64 [1/1] (0.00ns)   --->   "%empty_137 = or i4 %shl_ln, i4 5" [codes_lab5/HLS_sources_final/templatedFuncs.h:218]   --->   Operation 64 'or' 'empty_137' <Predicate = (!icmp_ln195)> <Delay = 0.00>
ST_2 : Operation 65 [1/1] (0.00ns)   --->   "%p_cast4 = zext i4 %empty_137" [codes_lab5/HLS_sources_final/templatedFuncs.h:218]   --->   Operation 65 'zext' 'p_cast4' <Predicate = (!icmp_ln195)> <Delay = 0.00>
ST_2 : Operation 66 [1/1] (0.00ns)   --->   "%fc1_bias_addr_5 = getelementptr i32 %fc1_bias, i64 0, i64 %p_cast4" [codes_lab5/HLS_sources_final/templatedFuncs.h:218]   --->   Operation 66 'getelementptr' 'fc1_bias_addr_5' <Predicate = (!icmp_ln195)> <Delay = 0.00>
ST_2 : Operation 67 [1/1] (0.00ns)   --->   "%empty_138 = or i4 %shl_ln, i4 6" [codes_lab5/HLS_sources_final/templatedFuncs.h:218]   --->   Operation 67 'or' 'empty_138' <Predicate = (!icmp_ln195)> <Delay = 0.00>
ST_2 : Operation 68 [1/1] (0.00ns)   --->   "%p_cast5 = zext i4 %empty_138" [codes_lab5/HLS_sources_final/templatedFuncs.h:218]   --->   Operation 68 'zext' 'p_cast5' <Predicate = (!icmp_ln195)> <Delay = 0.00>
ST_2 : Operation 69 [1/1] (0.00ns)   --->   "%fc1_bias_addr_6 = getelementptr i32 %fc1_bias, i64 0, i64 %p_cast5" [codes_lab5/HLS_sources_final/templatedFuncs.h:218]   --->   Operation 69 'getelementptr' 'fc1_bias_addr_6' <Predicate = (!icmp_ln195)> <Delay = 0.00>
ST_2 : Operation 70 [1/1] (0.00ns)   --->   "%empty_139 = or i4 %shl_ln, i4 7" [codes_lab5/HLS_sources_final/templatedFuncs.h:218]   --->   Operation 70 'or' 'empty_139' <Predicate = (!icmp_ln195)> <Delay = 0.00>
ST_2 : Operation 71 [1/1] (0.00ns)   --->   "%p_cast6 = zext i4 %empty_139" [codes_lab5/HLS_sources_final/templatedFuncs.h:218]   --->   Operation 71 'zext' 'p_cast6' <Predicate = (!icmp_ln195)> <Delay = 0.00>
ST_2 : Operation 72 [1/1] (0.00ns)   --->   "%fc1_bias_addr_7 = getelementptr i32 %fc1_bias, i64 0, i64 %p_cast6" [codes_lab5/HLS_sources_final/templatedFuncs.h:218]   --->   Operation 72 'getelementptr' 'fc1_bias_addr_7' <Predicate = (!icmp_ln195)> <Delay = 0.00>
ST_2 : Operation 73 [2/2] (2.32ns)   --->   "%fc1_bias_load = load i4 %fc1_bias_addr" [codes_lab5/HLS_sources_final/templatedFuncs.h:203]   --->   Operation 73 'load' 'fc1_bias_load' <Predicate = (!icmp_ln195)> <Delay = 2.32> <CoreInst = "ROM">   --->   Core 95 'ROM' <Latency = 1> <II = 1> <Delay = 2.32> <Storage> <Opcode : 'load'> <Ports = 0> <Width = 32> <Depth = 16> <ROM>
ST_2 : Operation 74 [2/2] (2.32ns)   --->   "%fc1_bias_load_1 = load i4 %fc1_bias_addr_1" [codes_lab5/HLS_sources_final/templatedFuncs.h:203]   --->   Operation 74 'load' 'fc1_bias_load_1' <Predicate = (!icmp_ln195)> <Delay = 2.32> <CoreInst = "ROM">   --->   Core 95 'ROM' <Latency = 1> <II = 1> <Delay = 2.32> <Storage> <Opcode : 'load'> <Ports = 0> <Width = 32> <Depth = 16> <ROM>
ST_2 : Operation 75 [2/2] (2.32ns)   --->   "%fc1_bias_load_2 = load i4 %fc1_bias_addr_2" [codes_lab5/HLS_sources_final/templatedFuncs.h:203]   --->   Operation 75 'load' 'fc1_bias_load_2' <Predicate = (!icmp_ln195)> <Delay = 2.32> <CoreInst = "ROM">   --->   Core 95 'ROM' <Latency = 1> <II = 1> <Delay = 2.32> <Storage> <Opcode : 'load'> <Ports = 0> <Width = 32> <Depth = 16> <ROM>
ST_2 : Operation 76 [2/2] (2.32ns)   --->   "%fc1_bias_load_3 = load i4 %fc1_bias_addr_3" [codes_lab5/HLS_sources_final/templatedFuncs.h:203]   --->   Operation 76 'load' 'fc1_bias_load_3' <Predicate = (!icmp_ln195)> <Delay = 2.32> <CoreInst = "ROM">   --->   Core 95 'ROM' <Latency = 1> <II = 1> <Delay = 2.32> <Storage> <Opcode : 'load'> <Ports = 0> <Width = 32> <Depth = 16> <ROM>
ST_2 : Operation 77 [2/2] (2.32ns)   --->   "%fc1_bias_load_4 = load i4 %fc1_bias_addr_4" [codes_lab5/HLS_sources_final/templatedFuncs.h:203]   --->   Operation 77 'load' 'fc1_bias_load_4' <Predicate = (!icmp_ln195)> <Delay = 2.32> <CoreInst = "ROM">   --->   Core 95 'ROM' <Latency = 1> <II = 1> <Delay = 2.32> <Storage> <Opcode : 'load'> <Ports = 0> <Width = 32> <Depth = 16> <ROM>
ST_2 : Operation 78 [2/2] (2.32ns)   --->   "%fc1_bias_load_5 = load i4 %fc1_bias_addr_5" [codes_lab5/HLS_sources_final/templatedFuncs.h:203]   --->   Operation 78 'load' 'fc1_bias_load_5' <Predicate = (!icmp_ln195)> <Delay = 2.32> <CoreInst = "ROM">   --->   Core 95 'ROM' <Latency = 1> <II = 1> <Delay = 2.32> <Storage> <Opcode : 'load'> <Ports = 0> <Width = 32> <Depth = 16> <ROM>
ST_2 : Operation 79 [2/2] (2.32ns)   --->   "%fc1_bias_load_6 = load i4 %fc1_bias_addr_6" [codes_lab5/HLS_sources_final/templatedFuncs.h:203]   --->   Operation 79 'load' 'fc1_bias_load_6' <Predicate = (!icmp_ln195)> <Delay = 2.32> <CoreInst = "ROM">   --->   Core 95 'ROM' <Latency = 1> <II = 1> <Delay = 2.32> <Storage> <Opcode : 'load'> <Ports = 0> <Width = 32> <Depth = 16> <ROM>
ST_2 : Operation 80 [2/2] (2.32ns)   --->   "%fc1_bias_load_7 = load i4 %fc1_bias_addr_7" [codes_lab5/HLS_sources_final/templatedFuncs.h:203]   --->   Operation 80 'load' 'fc1_bias_load_7' <Predicate = (!icmp_ln195)> <Delay = 2.32> <CoreInst = "ROM">   --->   Core 95 'ROM' <Latency = 1> <II = 1> <Delay = 2.32> <Storage> <Opcode : 'load'> <Ports = 0> <Width = 32> <Depth = 16> <ROM>
ST_2 : Operation 81 [1/1] (0.00ns)   --->   "%output_15_016_load = load i32 %output_15_016" [codes_lab5/HLS_sources_final/templatedFuncs.h:226]   --->   Operation 81 'load' 'output_15_016_load' <Predicate = (icmp_ln195)> <Delay = 0.00>
ST_2 : Operation 82 [1/1] (0.00ns)   --->   "%output_1445_017_load = load i32 %output_1445_017" [codes_lab5/HLS_sources_final/templatedFuncs.h:226]   --->   Operation 82 'load' 'output_1445_017_load' <Predicate = (icmp_ln195)> <Delay = 0.00>
ST_2 : Operation 83 [1/1] (0.00ns)   --->   "%output_0_018_load = load i32 %output_0_018" [codes_lab5/HLS_sources_final/templatedFuncs.h:226]   --->   Operation 83 'load' 'output_0_018_load' <Predicate = (icmp_ln195)> <Delay = 0.00>
ST_2 : Operation 84 [1/1] (0.00ns)   --->   "%output_13_019_load = load i32 %output_13_019" [codes_lab5/HLS_sources_final/templatedFuncs.h:226]   --->   Operation 84 'load' 'output_13_019_load' <Predicate = (icmp_ln195)> <Delay = 0.00>
ST_2 : Operation 85 [1/1] (0.00ns)   --->   "%output_12_020_load = load i32 %output_12_020" [codes_lab5/HLS_sources_final/templatedFuncs.h:226]   --->   Operation 85 'load' 'output_12_020_load' <Predicate = (icmp_ln195)> <Delay = 0.00>
ST_2 : Operation 86 [1/1] (0.00ns)   --->   "%output_1_021_load = load i32 %output_1_021" [codes_lab5/HLS_sources_final/templatedFuncs.h:226]   --->   Operation 86 'load' 'output_1_021_load' <Predicate = (icmp_ln195)> <Delay = 0.00>
ST_2 : Operation 87 [1/1] (0.00ns)   --->   "%output_11_022_load = load i32 %output_11_022" [codes_lab5/HLS_sources_final/templatedFuncs.h:226]   --->   Operation 87 'load' 'output_11_022_load' <Predicate = (icmp_ln195)> <Delay = 0.00>
ST_2 : Operation 88 [1/1] (0.00ns)   --->   "%output_10_023_load = load i32 %output_10_023" [codes_lab5/HLS_sources_final/templatedFuncs.h:226]   --->   Operation 88 'load' 'output_10_023_load' <Predicate = (icmp_ln195)> <Delay = 0.00>
ST_2 : Operation 89 [1/1] (0.00ns)   --->   "%output_2_024_load = load i32 %output_2_024" [codes_lab5/HLS_sources_final/templatedFuncs.h:226]   --->   Operation 89 'load' 'output_2_024_load' <Predicate = (icmp_ln195)> <Delay = 0.00>
ST_2 : Operation 90 [1/1] (0.00ns)   --->   "%output_9_025_load = load i32 %output_9_025" [codes_lab5/HLS_sources_final/templatedFuncs.h:226]   --->   Operation 90 'load' 'output_9_025_load' <Predicate = (icmp_ln195)> <Delay = 0.00>
ST_2 : Operation 91 [1/1] (0.00ns)   --->   "%output_8_026_load = load i32 %output_8_026" [codes_lab5/HLS_sources_final/templatedFuncs.h:226]   --->   Operation 91 'load' 'output_8_026_load' <Predicate = (icmp_ln195)> <Delay = 0.00>
ST_2 : Operation 92 [1/1] (0.00ns)   --->   "%output_3_027_load = load i32 %output_3_027" [codes_lab5/HLS_sources_final/templatedFuncs.h:226]   --->   Operation 92 'load' 'output_3_027_load' <Predicate = (icmp_ln195)> <Delay = 0.00>
ST_2 : Operation 93 [1/1] (0.00ns)   --->   "%output_7_028_load = load i32 %output_7_028" [codes_lab5/HLS_sources_final/templatedFuncs.h:226]   --->   Operation 93 'load' 'output_7_028_load' <Predicate = (icmp_ln195)> <Delay = 0.00>
ST_2 : Operation 94 [1/1] (0.00ns)   --->   "%output_6_029_load = load i32 %output_6_029" [codes_lab5/HLS_sources_final/templatedFuncs.h:226]   --->   Operation 94 'load' 'output_6_029_load' <Predicate = (icmp_ln195)> <Delay = 0.00>
ST_2 : Operation 95 [1/1] (0.00ns)   --->   "%output_4_030_load = load i32 %output_4_030" [codes_lab5/HLS_sources_final/templatedFuncs.h:226]   --->   Operation 95 'load' 'output_4_030_load' <Predicate = (icmp_ln195)> <Delay = 0.00>
ST_2 : Operation 96 [1/1] (0.00ns)   --->   "%output_5_031_load = load i32 %output_5_031" [codes_lab5/HLS_sources_final/templatedFuncs.h:226]   --->   Operation 96 'load' 'output_5_031_load' <Predicate = (icmp_ln195)> <Delay = 0.00>
ST_2 : Operation 97 [1/1] (0.00ns)   --->   "%mrv = insertvalue i512 <undef>, i32 %output_0_018_load" [codes_lab5/HLS_sources_final/templatedFuncs.h:226]   --->   Operation 97 'insertvalue' 'mrv' <Predicate = (icmp_ln195)> <Delay = 0.00>
ST_2 : Operation 98 [1/1] (0.00ns)   --->   "%mrv_1 = insertvalue i512 %mrv, i32 %output_1_021_load" [codes_lab5/HLS_sources_final/templatedFuncs.h:226]   --->   Operation 98 'insertvalue' 'mrv_1' <Predicate = (icmp_ln195)> <Delay = 0.00>
ST_2 : Operation 99 [1/1] (0.00ns)   --->   "%mrv_2 = insertvalue i512 %mrv_1, i32 %output_2_024_load" [codes_lab5/HLS_sources_final/templatedFuncs.h:226]   --->   Operation 99 'insertvalue' 'mrv_2' <Predicate = (icmp_ln195)> <Delay = 0.00>
ST_2 : Operation 100 [1/1] (0.00ns)   --->   "%mrv_3 = insertvalue i512 %mrv_2, i32 %output_3_027_load" [codes_lab5/HLS_sources_final/templatedFuncs.h:226]   --->   Operation 100 'insertvalue' 'mrv_3' <Predicate = (icmp_ln195)> <Delay = 0.00>
ST_2 : Operation 101 [1/1] (0.00ns)   --->   "%mrv_4 = insertvalue i512 %mrv_3, i32 %output_4_030_load" [codes_lab5/HLS_sources_final/templatedFuncs.h:226]   --->   Operation 101 'insertvalue' 'mrv_4' <Predicate = (icmp_ln195)> <Delay = 0.00>
ST_2 : Operation 102 [1/1] (0.00ns)   --->   "%mrv_5 = insertvalue i512 %mrv_4, i32 %output_5_031_load" [codes_lab5/HLS_sources_final/templatedFuncs.h:226]   --->   Operation 102 'insertvalue' 'mrv_5' <Predicate = (icmp_ln195)> <Delay = 0.00>
ST_2 : Operation 103 [1/1] (0.00ns)   --->   "%mrv_6 = insertvalue i512 %mrv_5, i32 %output_6_029_load" [codes_lab5/HLS_sources_final/templatedFuncs.h:226]   --->   Operation 103 'insertvalue' 'mrv_6' <Predicate = (icmp_ln195)> <Delay = 0.00>
ST_2 : Operation 104 [1/1] (0.00ns)   --->   "%mrv_7 = insertvalue i512 %mrv_6, i32 %output_7_028_load" [codes_lab5/HLS_sources_final/templatedFuncs.h:226]   --->   Operation 104 'insertvalue' 'mrv_7' <Predicate = (icmp_ln195)> <Delay = 0.00>
ST_2 : Operation 105 [1/1] (0.00ns)   --->   "%mrv_8 = insertvalue i512 %mrv_7, i32 %output_8_026_load" [codes_lab5/HLS_sources_final/templatedFuncs.h:226]   --->   Operation 105 'insertvalue' 'mrv_8' <Predicate = (icmp_ln195)> <Delay = 0.00>
ST_2 : Operation 106 [1/1] (0.00ns)   --->   "%mrv_9 = insertvalue i512 %mrv_8, i32 %output_9_025_load" [codes_lab5/HLS_sources_final/templatedFuncs.h:226]   --->   Operation 106 'insertvalue' 'mrv_9' <Predicate = (icmp_ln195)> <Delay = 0.00>
ST_2 : Operation 107 [1/1] (0.00ns)   --->   "%mrv_s = insertvalue i512 %mrv_9, i32 %output_10_023_load" [codes_lab5/HLS_sources_final/templatedFuncs.h:226]   --->   Operation 107 'insertvalue' 'mrv_s' <Predicate = (icmp_ln195)> <Delay = 0.00>
ST_2 : Operation 108 [1/1] (0.00ns)   --->   "%mrv_10 = insertvalue i512 %mrv_s, i32 %output_11_022_load" [codes_lab5/HLS_sources_final/templatedFuncs.h:226]   --->   Operation 108 'insertvalue' 'mrv_10' <Predicate = (icmp_ln195)> <Delay = 0.00>
ST_2 : Operation 109 [1/1] (0.00ns)   --->   "%mrv_11 = insertvalue i512 %mrv_10, i32 %output_12_020_load" [codes_lab5/HLS_sources_final/templatedFuncs.h:226]   --->   Operation 109 'insertvalue' 'mrv_11' <Predicate = (icmp_ln195)> <Delay = 0.00>
ST_2 : Operation 110 [1/1] (0.00ns)   --->   "%mrv_12 = insertvalue i512 %mrv_11, i32 %output_13_019_load" [codes_lab5/HLS_sources_final/templatedFuncs.h:226]   --->   Operation 110 'insertvalue' 'mrv_12' <Predicate = (icmp_ln195)> <Delay = 0.00>
ST_2 : Operation 111 [1/1] (0.00ns)   --->   "%mrv_13 = insertvalue i512 %mrv_12, i32 %output_1445_017_load" [codes_lab5/HLS_sources_final/templatedFuncs.h:226]   --->   Operation 111 'insertvalue' 'mrv_13' <Predicate = (icmp_ln195)> <Delay = 0.00>
ST_2 : Operation 112 [1/1] (0.00ns)   --->   "%mrv_14 = insertvalue i512 %mrv_13, i32 %output_15_016_load" [codes_lab5/HLS_sources_final/templatedFuncs.h:226]   --->   Operation 112 'insertvalue' 'mrv_14' <Predicate = (icmp_ln195)> <Delay = 0.00>
ST_2 : Operation 113 [1/1] (0.00ns)   --->   "%ret_ln226 = ret i512 %mrv_14" [codes_lab5/HLS_sources_final/templatedFuncs.h:226]   --->   Operation 113 'ret' 'ret_ln226' <Predicate = (icmp_ln195)> <Delay = 0.00>

State 3 <SV = 2> <Delay = 4.17>
ST_3 : Operation 114 [1/1] (0.00ns)   --->   "%specloopname_ln195 = specloopname void @_ssdm_op_SpecLoopName, void @empty_7" [codes_lab5/HLS_sources_final/templatedFuncs.h:195]   --->   Operation 114 'specloopname' 'specloopname_ln195' <Predicate = true> <Delay = 0.00>
ST_3 : Operation 115 [1/1] (0.00ns)   --->   "%zext_ln212 = zext i4 %shl_ln" [codes_lab5/HLS_sources_final/templatedFuncs.h:212]   --->   Operation 115 'zext' 'zext_ln212' <Predicate = true> <Delay = 0.00>
ST_3 : Operation 116 [1/1] (4.17ns)   --->   "%mul_ln212 = mul i11 %zext_ln212, i11 100" [codes_lab5/HLS_sources_final/templatedFuncs.h:212]   --->   Operation 116 'mul' 'mul_ln212' <Predicate = true> <Delay = 4.17> <CoreInst = "Multiplier">   --->   Core 3 'Multiplier' <Latency = 0> <II = 1> <Delay = 4.17> <FuncUnit> <Opcode : 'mul'> <InPorts = 2> <OutPorts = 1>
ST_3 : Operation 117 [1/1] (0.00ns)   --->   "%zext_ln212_6 = zext i4 %empty_133" [codes_lab5/HLS_sources_final/templatedFuncs.h:212]   --->   Operation 117 'zext' 'zext_ln212_6' <Predicate = true> <Delay = 0.00>
ST_3 : Operation 118 [1/1] (4.17ns)   --->   "%mul_ln212_1 = mul i11 %zext_ln212_6, i11 100" [codes_lab5/HLS_sources_final/templatedFuncs.h:212]   --->   Operation 118 'mul' 'mul_ln212_1' <Predicate = true> <Delay = 4.17> <CoreInst = "Multiplier">   --->   Core 3 'Multiplier' <Latency = 0> <II = 1> <Delay = 4.17> <FuncUnit> <Opcode : 'mul'> <InPorts = 2> <OutPorts = 1>
ST_3 : Operation 119 [1/1] (0.00ns)   --->   "%zext_ln212_7 = zext i4 %empty_134" [codes_lab5/HLS_sources_final/templatedFuncs.h:212]   --->   Operation 119 'zext' 'zext_ln212_7' <Predicate = true> <Delay = 0.00>
ST_3 : Operation 120 [1/1] (4.17ns)   --->   "%mul_ln212_2 = mul i11 %zext_ln212_7, i11 100" [codes_lab5/HLS_sources_final/templatedFuncs.h:212]   --->   Operation 120 'mul' 'mul_ln212_2' <Predicate = true> <Delay = 4.17> <CoreInst = "Multiplier">   --->   Core 3 'Multiplier' <Latency = 0> <II = 1> <Delay = 4.17> <FuncUnit> <Opcode : 'mul'> <InPorts = 2> <OutPorts = 1>
ST_3 : Operation 121 [1/1] (0.00ns)   --->   "%zext_ln212_8 = zext i4 %empty_135" [codes_lab5/HLS_sources_final/templatedFuncs.h:212]   --->   Operation 121 'zext' 'zext_ln212_8' <Predicate = true> <Delay = 0.00>
ST_3 : Operation 122 [1/1] (4.17ns)   --->   "%mul_ln212_3 = mul i11 %zext_ln212_8, i11 100" [codes_lab5/HLS_sources_final/templatedFuncs.h:212]   --->   Operation 122 'mul' 'mul_ln212_3' <Predicate = true> <Delay = 4.17> <CoreInst = "Multiplier">   --->   Core 3 'Multiplier' <Latency = 0> <II = 1> <Delay = 4.17> <FuncUnit> <Opcode : 'mul'> <InPorts = 2> <OutPorts = 1>
ST_3 : Operation 123 [1/1] (0.00ns)   --->   "%zext_ln212_9 = zext i4 %empty_136" [codes_lab5/HLS_sources_final/templatedFuncs.h:212]   --->   Operation 123 'zext' 'zext_ln212_9' <Predicate = true> <Delay = 0.00>
ST_3 : Operation 124 [1/1] (4.17ns)   --->   "%mul_ln212_4 = mul i11 %zext_ln212_9, i11 100" [codes_lab5/HLS_sources_final/templatedFuncs.h:212]   --->   Operation 124 'mul' 'mul_ln212_4' <Predicate = true> <Delay = 4.17> <CoreInst = "Multiplier">   --->   Core 3 'Multiplier' <Latency = 0> <II = 1> <Delay = 4.17> <FuncUnit> <Opcode : 'mul'> <InPorts = 2> <OutPorts = 1>
ST_3 : Operation 125 [1/1] (0.00ns)   --->   "%zext_ln212_10 = zext i4 %empty_137" [codes_lab5/HLS_sources_final/templatedFuncs.h:212]   --->   Operation 125 'zext' 'zext_ln212_10' <Predicate = true> <Delay = 0.00>
ST_3 : Operation 126 [1/1] (4.17ns)   --->   "%mul_ln212_5 = mul i11 %zext_ln212_10, i11 100" [codes_lab5/HLS_sources_final/templatedFuncs.h:212]   --->   Operation 126 'mul' 'mul_ln212_5' <Predicate = true> <Delay = 4.17> <CoreInst = "Multiplier">   --->   Core 3 'Multiplier' <Latency = 0> <II = 1> <Delay = 4.17> <FuncUnit> <Opcode : 'mul'> <InPorts = 2> <OutPorts = 1>
ST_3 : Operation 127 [1/1] (0.00ns)   --->   "%zext_ln212_11 = zext i4 %empty_138" [codes_lab5/HLS_sources_final/templatedFuncs.h:212]   --->   Operation 127 'zext' 'zext_ln212_11' <Predicate = true> <Delay = 0.00>
ST_3 : Operation 128 [1/1] (4.17ns)   --->   "%mul_ln212_6 = mul i11 %zext_ln212_11, i11 100" [codes_lab5/HLS_sources_final/templatedFuncs.h:212]   --->   Operation 128 'mul' 'mul_ln212_6' <Predicate = true> <Delay = 4.17> <CoreInst = "Multiplier">   --->   Core 3 'Multiplier' <Latency = 0> <II = 1> <Delay = 4.17> <FuncUnit> <Opcode : 'mul'> <InPorts = 2> <OutPorts = 1>
ST_3 : Operation 129 [1/1] (0.00ns)   --->   "%zext_ln212_12 = zext i4 %empty_139" [codes_lab5/HLS_sources_final/templatedFuncs.h:212]   --->   Operation 129 'zext' 'zext_ln212_12' <Predicate = true> <Delay = 0.00>
ST_3 : Operation 130 [1/1] (4.17ns)   --->   "%mul_ln212_7 = mul i11 %zext_ln212_12, i11 100" [codes_lab5/HLS_sources_final/templatedFuncs.h:212]   --->   Operation 130 'mul' 'mul_ln212_7' <Predicate = true> <Delay = 4.17> <CoreInst = "Multiplier">   --->   Core 3 'Multiplier' <Latency = 0> <II = 1> <Delay = 4.17> <FuncUnit> <Opcode : 'mul'> <InPorts = 2> <OutPorts = 1>
ST_3 : Operation 131 [1/2] (2.32ns)   --->   "%fc1_bias_load = load i4 %fc1_bias_addr" [codes_lab5/HLS_sources_final/templatedFuncs.h:203]   --->   Operation 131 'load' 'fc1_bias_load' <Predicate = true> <Delay = 2.32> <CoreInst = "ROM">   --->   Core 95 'ROM' <Latency = 1> <II = 1> <Delay = 2.32> <Storage> <Opcode : 'load'> <Ports = 0> <Width = 32> <Depth = 16> <ROM>
ST_3 : Operation 132 [1/2] (2.32ns)   --->   "%fc1_bias_load_1 = load i4 %fc1_bias_addr_1" [codes_lab5/HLS_sources_final/templatedFuncs.h:203]   --->   Operation 132 'load' 'fc1_bias_load_1' <Predicate = true> <Delay = 2.32> <CoreInst = "ROM">   --->   Core 95 'ROM' <Latency = 1> <II = 1> <Delay = 2.32> <Storage> <Opcode : 'load'> <Ports = 0> <Width = 32> <Depth = 16> <ROM>
ST_3 : Operation 133 [1/2] (2.32ns)   --->   "%fc1_bias_load_2 = load i4 %fc1_bias_addr_2" [codes_lab5/HLS_sources_final/templatedFuncs.h:203]   --->   Operation 133 'load' 'fc1_bias_load_2' <Predicate = true> <Delay = 2.32> <CoreInst = "ROM">   --->   Core 95 'ROM' <Latency = 1> <II = 1> <Delay = 2.32> <Storage> <Opcode : 'load'> <Ports = 0> <Width = 32> <Depth = 16> <ROM>
ST_3 : Operation 134 [1/2] (2.32ns)   --->   "%fc1_bias_load_3 = load i4 %fc1_bias_addr_3" [codes_lab5/HLS_sources_final/templatedFuncs.h:203]   --->   Operation 134 'load' 'fc1_bias_load_3' <Predicate = true> <Delay = 2.32> <CoreInst = "ROM">   --->   Core 95 'ROM' <Latency = 1> <II = 1> <Delay = 2.32> <Storage> <Opcode : 'load'> <Ports = 0> <Width = 32> <Depth = 16> <ROM>
ST_3 : Operation 135 [1/2] (2.32ns)   --->   "%fc1_bias_load_4 = load i4 %fc1_bias_addr_4" [codes_lab5/HLS_sources_final/templatedFuncs.h:203]   --->   Operation 135 'load' 'fc1_bias_load_4' <Predicate = true> <Delay = 2.32> <CoreInst = "ROM">   --->   Core 95 'ROM' <Latency = 1> <II = 1> <Delay = 2.32> <Storage> <Opcode : 'load'> <Ports = 0> <Width = 32> <Depth = 16> <ROM>
ST_3 : Operation 136 [1/2] (2.32ns)   --->   "%fc1_bias_load_5 = load i4 %fc1_bias_addr_5" [codes_lab5/HLS_sources_final/templatedFuncs.h:203]   --->   Operation 136 'load' 'fc1_bias_load_5' <Predicate = true> <Delay = 2.32> <CoreInst = "ROM">   --->   Core 95 'ROM' <Latency = 1> <II = 1> <Delay = 2.32> <Storage> <Opcode : 'load'> <Ports = 0> <Width = 32> <Depth = 16> <ROM>
ST_3 : Operation 137 [1/2] (2.32ns)   --->   "%fc1_bias_load_6 = load i4 %fc1_bias_addr_6" [codes_lab5/HLS_sources_final/templatedFuncs.h:203]   --->   Operation 137 'load' 'fc1_bias_load_6' <Predicate = true> <Delay = 2.32> <CoreInst = "ROM">   --->   Core 95 'ROM' <Latency = 1> <II = 1> <Delay = 2.32> <Storage> <Opcode : 'load'> <Ports = 0> <Width = 32> <Depth = 16> <ROM>
ST_3 : Operation 138 [1/2] (2.32ns)   --->   "%fc1_bias_load_7 = load i4 %fc1_bias_addr_7" [codes_lab5/HLS_sources_final/templatedFuncs.h:203]   --->   Operation 138 'load' 'fc1_bias_load_7' <Predicate = true> <Delay = 2.32> <CoreInst = "ROM">   --->   Core 95 'ROM' <Latency = 1> <II = 1> <Delay = 2.32> <Storage> <Opcode : 'load'> <Ports = 0> <Width = 32> <Depth = 16> <ROM>
ST_3 : Operation 139 [1/1] (1.58ns)   --->   "%br_ln198 = br void %for.body8" [codes_lab5/HLS_sources_final/templatedFuncs.h:198]   --->   Operation 139 'br' 'br_ln198' <Predicate = true> <Delay = 1.58>

State 4 <SV = 3> <Delay = 5.43>
ST_4 : Operation 140 [1/1] (0.00ns)   --->   "%i_index = phi i7 0, void %VITIS_LOOP_198_1.split, i7 %add_ln198, void %for.body8.split" [codes_lab5/HLS_sources_final/templatedFuncs.h:198]   --->   Operation 140 'phi' 'i_index' <Predicate = true> <Delay = 0.00>
ST_4 : Operation 141 [1/1] (0.00ns)   --->   "%zext_ln198 = zext i7 %i_index" [codes_lab5/HLS_sources_final/templatedFuncs.h:198]   --->   Operation 141 'zext' 'zext_ln198' <Predicate = true> <Delay = 0.00>
ST_4 : Operation 142 [1/1] (0.00ns)   --->   "%zext_ln212_13 = zext i7 %i_index" [codes_lab5/HLS_sources_final/templatedFuncs.h:212]   --->   Operation 142 'zext' 'zext_ln212_13' <Predicate = true> <Delay = 0.00>
ST_4 : Operation 143 [1/1] (1.63ns)   --->   "%add_ln212 = add i11 %mul_ln212, i11 %zext_ln212_13" [codes_lab5/HLS_sources_final/templatedFuncs.h:212]   --->   Operation 143 'add' 'add_ln212' <Predicate = true> <Delay = 1.63> <CoreInst = "Adder">   --->   Core 1 'Adder' <Latency = 0> <II = 1> <Delay = 1.63> <FuncUnit> <Opcode : 'add' 'sub'> <InPorts = 2> <OutPorts = 1>
ST_4 : Operation 144 [1/1] (0.00ns)   --->   "%zext_ln212_14 = zext i11 %add_ln212" [codes_lab5/HLS_sources_final/templatedFuncs.h:212]   --->   Operation 144 'zext' 'zext_ln212_14' <Predicate = true> <Delay = 0.00>
ST_4 : Operation 145 [1/1] (0.00ns)   --->   "%fc1_weight_addr = getelementptr i32 %fc1_weight, i64 0, i64 %zext_ln212_14" [codes_lab5/HLS_sources_final/templatedFuncs.h:212]   --->   Operation 145 'getelementptr' 'fc1_weight_addr' <Predicate = true> <Delay = 0.00>
ST_4 : Operation 146 [1/1] (1.63ns)   --->   "%add_ln212_5 = add i11 %mul_ln212_1, i11 %zext_ln212_13" [codes_lab5/HLS_sources_final/templatedFuncs.h:212]   --->   Operation 146 'add' 'add_ln212_5' <Predicate = true> <Delay = 1.63> <CoreInst = "Adder">   --->   Core 1 'Adder' <Latency = 0> <II = 1> <Delay = 1.63> <FuncUnit> <Opcode : 'add' 'sub'> <InPorts = 2> <OutPorts = 1>
ST_4 : Operation 147 [1/1] (0.00ns)   --->   "%zext_ln212_15 = zext i11 %add_ln212_5" [codes_lab5/HLS_sources_final/templatedFuncs.h:212]   --->   Operation 147 'zext' 'zext_ln212_15' <Predicate = true> <Delay = 0.00>
ST_4 : Operation 148 [1/1] (0.00ns)   --->   "%fc1_weight_addr_1 = getelementptr i32 %fc1_weight, i64 0, i64 %zext_ln212_15" [codes_lab5/HLS_sources_final/templatedFuncs.h:212]   --->   Operation 148 'getelementptr' 'fc1_weight_addr_1' <Predicate = true> <Delay = 0.00>
ST_4 : Operation 149 [1/1] (1.63ns)   --->   "%add_ln212_6 = add i11 %mul_ln212_2, i11 %zext_ln212_13" [codes_lab5/HLS_sources_final/templatedFuncs.h:212]   --->   Operation 149 'add' 'add_ln212_6' <Predicate = true> <Delay = 1.63> <CoreInst = "Adder">   --->   Core 1 'Adder' <Latency = 0> <II = 1> <Delay = 1.63> <FuncUnit> <Opcode : 'add' 'sub'> <InPorts = 2> <OutPorts = 1>
ST_4 : Operation 150 [1/1] (0.00ns)   --->   "%zext_ln212_16 = zext i11 %add_ln212_6" [codes_lab5/HLS_sources_final/templatedFuncs.h:212]   --->   Operation 150 'zext' 'zext_ln212_16' <Predicate = true> <Delay = 0.00>
ST_4 : Operation 151 [1/1] (0.00ns)   --->   "%fc1_weight_addr_2 = getelementptr i32 %fc1_weight, i64 0, i64 %zext_ln212_16" [codes_lab5/HLS_sources_final/templatedFuncs.h:212]   --->   Operation 151 'getelementptr' 'fc1_weight_addr_2' <Predicate = true> <Delay = 0.00>
ST_4 : Operation 152 [1/1] (1.63ns)   --->   "%add_ln212_7 = add i11 %mul_ln212_3, i11 %zext_ln212_13" [codes_lab5/HLS_sources_final/templatedFuncs.h:212]   --->   Operation 152 'add' 'add_ln212_7' <Predicate = true> <Delay = 1.63> <CoreInst = "Adder">   --->   Core 1 'Adder' <Latency = 0> <II = 1> <Delay = 1.63> <FuncUnit> <Opcode : 'add' 'sub'> <InPorts = 2> <OutPorts = 1>
ST_4 : Operation 153 [1/1] (0.00ns)   --->   "%zext_ln212_17 = zext i11 %add_ln212_7" [codes_lab5/HLS_sources_final/templatedFuncs.h:212]   --->   Operation 153 'zext' 'zext_ln212_17' <Predicate = true> <Delay = 0.00>
ST_4 : Operation 154 [1/1] (0.00ns)   --->   "%fc1_weight_addr_3 = getelementptr i32 %fc1_weight, i64 0, i64 %zext_ln212_17" [codes_lab5/HLS_sources_final/templatedFuncs.h:212]   --->   Operation 154 'getelementptr' 'fc1_weight_addr_3' <Predicate = true> <Delay = 0.00>
ST_4 : Operation 155 [1/1] (1.63ns)   --->   "%add_ln212_8 = add i11 %mul_ln212_4, i11 %zext_ln212_13" [codes_lab5/HLS_sources_final/templatedFuncs.h:212]   --->   Operation 155 'add' 'add_ln212_8' <Predicate = true> <Delay = 1.63> <CoreInst = "Adder">   --->   Core 1 'Adder' <Latency = 0> <II = 1> <Delay = 1.63> <FuncUnit> <Opcode : 'add' 'sub'> <InPorts = 2> <OutPorts = 1>
ST_4 : Operation 156 [1/1] (0.00ns)   --->   "%zext_ln212_18 = zext i11 %add_ln212_8" [codes_lab5/HLS_sources_final/templatedFuncs.h:212]   --->   Operation 156 'zext' 'zext_ln212_18' <Predicate = true> <Delay = 0.00>
ST_4 : Operation 157 [1/1] (0.00ns)   --->   "%fc1_weight_addr_4 = getelementptr i32 %fc1_weight, i64 0, i64 %zext_ln212_18" [codes_lab5/HLS_sources_final/templatedFuncs.h:212]   --->   Operation 157 'getelementptr' 'fc1_weight_addr_4' <Predicate = true> <Delay = 0.00>
ST_4 : Operation 158 [1/1] (1.63ns)   --->   "%add_ln212_9 = add i11 %mul_ln212_5, i11 %zext_ln212_13" [codes_lab5/HLS_sources_final/templatedFuncs.h:212]   --->   Operation 158 'add' 'add_ln212_9' <Predicate = true> <Delay = 1.63> <CoreInst = "Adder">   --->   Core 1 'Adder' <Latency = 0> <II = 1> <Delay = 1.63> <FuncUnit> <Opcode : 'add' 'sub'> <InPorts = 2> <OutPorts = 1>
ST_4 : Operation 159 [1/1] (0.00ns)   --->   "%zext_ln212_19 = zext i11 %add_ln212_9" [codes_lab5/HLS_sources_final/templatedFuncs.h:212]   --->   Operation 159 'zext' 'zext_ln212_19' <Predicate = true> <Delay = 0.00>
ST_4 : Operation 160 [1/1] (0.00ns)   --->   "%fc1_weight_addr_5 = getelementptr i32 %fc1_weight, i64 0, i64 %zext_ln212_19" [codes_lab5/HLS_sources_final/templatedFuncs.h:212]   --->   Operation 160 'getelementptr' 'fc1_weight_addr_5' <Predicate = true> <Delay = 0.00>
ST_4 : Operation 161 [1/1] (1.63ns)   --->   "%add_ln212_10 = add i11 %mul_ln212_6, i11 %zext_ln212_13" [codes_lab5/HLS_sources_final/templatedFuncs.h:212]   --->   Operation 161 'add' 'add_ln212_10' <Predicate = true> <Delay = 1.63> <CoreInst = "Adder">   --->   Core 1 'Adder' <Latency = 0> <II = 1> <Delay = 1.63> <FuncUnit> <Opcode : 'add' 'sub'> <InPorts = 2> <OutPorts = 1>
ST_4 : Operation 162 [1/1] (0.00ns)   --->   "%zext_ln212_20 = zext i11 %add_ln212_10" [codes_lab5/HLS_sources_final/templatedFuncs.h:212]   --->   Operation 162 'zext' 'zext_ln212_20' <Predicate = true> <Delay = 0.00>
ST_4 : Operation 163 [1/1] (0.00ns)   --->   "%fc1_weight_addr_6 = getelementptr i32 %fc1_weight, i64 0, i64 %zext_ln212_20" [codes_lab5/HLS_sources_final/templatedFuncs.h:212]   --->   Operation 163 'getelementptr' 'fc1_weight_addr_6' <Predicate = true> <Delay = 0.00>
ST_4 : Operation 164 [1/1] (1.63ns)   --->   "%add_ln212_11 = add i11 %mul_ln212_7, i11 %zext_ln212_13" [codes_lab5/HLS_sources_final/templatedFuncs.h:212]   --->   Operation 164 'add' 'add_ln212_11' <Predicate = true> <Delay = 1.63> <CoreInst = "Adder">   --->   Core 1 'Adder' <Latency = 0> <II = 1> <Delay = 1.63> <FuncUnit> <Opcode : 'add' 'sub'> <InPorts = 2> <OutPorts = 1>
ST_4 : Operation 165 [1/1] (0.00ns)   --->   "%zext_ln212_21 = zext i11 %add_ln212_11" [codes_lab5/HLS_sources_final/templatedFuncs.h:212]   --->   Operation 165 'zext' 'zext_ln212_21' <Predicate = true> <Delay = 0.00>
ST_4 : Operation 166 [1/1] (0.00ns)   --->   "%fc1_weight_addr_7 = getelementptr i32 %fc1_weight, i64 0, i64 %zext_ln212_21" [codes_lab5/HLS_sources_final/templatedFuncs.h:212]   --->   Operation 166 'getelementptr' 'fc1_weight_addr_7' <Predicate = true> <Delay = 0.00>
ST_4 : Operation 167 [1/1] (0.00ns)   --->   "%input_addr = getelementptr i32 %input_r, i64 0, i64 %zext_ln198" [codes_lab5/HLS_sources_final/templatedFuncs.h:199]   --->   Operation 167 'getelementptr' 'input_addr' <Predicate = true> <Delay = 0.00>
ST_4 : Operation 168 [1/1] (1.48ns)   --->   "%icmp_ln198 = icmp_eq  i7 %i_index, i7 100" [codes_lab5/HLS_sources_final/templatedFuncs.h:198]   --->   Operation 168 'icmp' 'icmp_ln198' <Predicate = true> <Delay = 1.48> <CoreInst = "Cmp">   --->   Core 9 'Cmp' <Latency = 0> <II = 1> <Delay = 1.48> <FuncUnit> <Opcode : 'icmp'> <InPorts = 2> <OutPorts = 1>
ST_4 : Operation 169 [1/1] (0.00ns)   --->   "%empty_140 = speclooptripcount i32 @_ssdm_op_SpecLoopTripCount, i64 100, i64 100, i64 100"   --->   Operation 169 'speclooptripcount' 'empty_140' <Predicate = true> <Delay = 0.00>
ST_4 : Operation 170 [1/1] (1.87ns)   --->   "%add_ln198 = add i7 %i_index, i7 1" [codes_lab5/HLS_sources_final/templatedFuncs.h:198]   --->   Operation 170 'add' 'add_ln198' <Predicate = true> <Delay = 1.87> <CoreInst = "Adder">   --->   Core 1 'Adder' <Latency = 0> <II = 1> <Delay = 1.87> <FuncUnit> <Opcode : 'add' 'sub'> <InPorts = 2> <OutPorts = 1>
ST_4 : Operation 171 [1/1] (0.00ns)   --->   "%br_ln198 = br i1 %icmp_ln198, void %for.body8.split, void %for.inc55" [codes_lab5/HLS_sources_final/templatedFuncs.h:198]   --->   Operation 171 'br' 'br_ln198' <Predicate = true> <Delay = 0.00>
ST_4 : Operation 172 [1/1] (0.00ns)   --->   "%add32_lcssa10_load_1 = load i32 %add32_lcssa10" [codes_lab5/HLS_sources_final/templatedFuncs.h:202]   --->   Operation 172 'load' 'add32_lcssa10_load_1' <Predicate = (!icmp_ln198)> <Delay = 0.00>
ST_4 : Operation 173 [1/1] (0.00ns)   --->   "%add32_1_lcssa12_load_1 = load i32 %add32_1_lcssa12" [codes_lab5/HLS_sources_final/templatedFuncs.h:202]   --->   Operation 173 'load' 'add32_1_lcssa12_load_1' <Predicate = (!icmp_ln198)> <Delay = 0.00>
ST_4 : Operation 174 [1/1] (0.00ns)   --->   "%add32_2_lcssa14_load_1 = load i32 %add32_2_lcssa14" [codes_lab5/HLS_sources_final/templatedFuncs.h:202]   --->   Operation 174 'load' 'add32_2_lcssa14_load_1' <Predicate = (!icmp_ln198)> <Delay = 0.00>
ST_4 : Operation 175 [1/1] (0.00ns)   --->   "%add32_3_lcssa16_load_1 = load i32 %add32_3_lcssa16" [codes_lab5/HLS_sources_final/templatedFuncs.h:202]   --->   Operation 175 'load' 'add32_3_lcssa16_load_1' <Predicate = (!icmp_ln198)> <Delay = 0.00>
ST_4 : Operation 176 [1/1] (0.00ns)   --->   "%add32_4_lcssa18_load_1 = load i32 %add32_4_lcssa18" [codes_lab5/HLS_sources_final/templatedFuncs.h:202]   --->   Operation 176 'load' 'add32_4_lcssa18_load_1' <Predicate = (!icmp_ln198)> <Delay = 0.00>
ST_4 : Operation 177 [1/1] (0.00ns)   --->   "%add32_5_lcssa20_load_1 = load i32 %add32_5_lcssa20" [codes_lab5/HLS_sources_final/templatedFuncs.h:202]   --->   Operation 177 'load' 'add32_5_lcssa20_load_1' <Predicate = (!icmp_ln198)> <Delay = 0.00>
ST_4 : Operation 178 [1/1] (0.00ns)   --->   "%add32_6_lcssa22_load_1 = load i32 %add32_6_lcssa22" [codes_lab5/HLS_sources_final/templatedFuncs.h:202]   --->   Operation 178 'load' 'add32_6_lcssa22_load_1' <Predicate = (!icmp_ln198)> <Delay = 0.00>
ST_4 : Operation 179 [1/1] (0.00ns)   --->   "%add32_7_lcssa24_load_1 = load i32 %add32_7_lcssa24" [codes_lab5/HLS_sources_final/templatedFuncs.h:202]   --->   Operation 179 'load' 'add32_7_lcssa24_load_1' <Predicate = (!icmp_ln198)> <Delay = 0.00>
ST_4 : Operation 180 [2/2] (3.25ns)   --->   "%ip = load i7 %input_addr" [codes_lab5/HLS_sources_final/templatedFuncs.h:199]   --->   Operation 180 'load' 'ip' <Predicate = (!icmp_ln198)> <Delay = 3.25> <CoreInst = "RAM">   --->   Core 82 'RAM' <Latency = 1> <II = 1> <Delay = 3.25> <Storage> <Opcode : 'load' 'store'> <Ports = 2> <Width = 32> <Depth = 100> <RAM>
ST_4 : Operation 181 [1/1] (1.48ns)   --->   "%cmp9 = icmp_eq  i7 %i_index, i7 0" [codes_lab5/HLS_sources_final/templatedFuncs.h:198]   --->   Operation 181 'icmp' 'cmp9' <Predicate = (!icmp_ln198)> <Delay = 1.48> <CoreInst = "Cmp">   --->   Core 9 'Cmp' <Latency = 0> <II = 1> <Delay = 1.48> <FuncUnit> <Opcode : 'icmp'> <InPorts = 2> <OutPorts = 1>
ST_4 : Operation 182 [1/1] (0.69ns)   --->   "%select_ln202 = select i1 %cmp9, i32 %fc1_bias_load_6, i32 %add32_6_lcssa22_load_1" [codes_lab5/HLS_sources_final/templatedFuncs.h:202]   --->   Operation 182 'select' 'select_ln202' <Predicate = (!icmp_ln198)> <Delay = 0.69> <CoreInst = "Sel">   --->   Core 73 'Sel' <Latency = 0> <II = 1> <Delay = 0.69> <FuncUnit> <Opcode : 'select'> <InPorts = 3> <OutPorts = 1>
ST_4 : Operation 183 [1/1] (0.69ns)   --->   "%select_ln202_5 = select i1 %cmp9, i32 %fc1_bias_load_4, i32 %add32_4_lcssa18_load_1" [codes_lab5/HLS_sources_final/templatedFuncs.h:202]   --->   Operation 183 'select' 'select_ln202_5' <Predicate = (!icmp_ln198)> <Delay = 0.69> <CoreInst = "Sel">   --->   Core 73 'Sel' <Latency = 0> <II = 1> <Delay = 0.69> <FuncUnit> <Opcode : 'select'> <InPorts = 3> <OutPorts = 1>
ST_4 : Operation 184 [1/1] (0.69ns)   --->   "%select_ln202_6 = select i1 %cmp9, i32 %fc1_bias_load_2, i32 %add32_2_lcssa14_load_1" [codes_lab5/HLS_sources_final/templatedFuncs.h:202]   --->   Operation 184 'select' 'select_ln202_6' <Predicate = (!icmp_ln198)> <Delay = 0.69> <CoreInst = "Sel">   --->   Core 73 'Sel' <Latency = 0> <II = 1> <Delay = 0.69> <FuncUnit> <Opcode : 'select'> <InPorts = 3> <OutPorts = 1>
ST_4 : Operation 185 [1/1] (0.69ns)   --->   "%select_ln202_7 = select i1 %cmp9, i32 %fc1_bias_load, i32 %add32_lcssa10_load_1" [codes_lab5/HLS_sources_final/templatedFuncs.h:202]   --->   Operation 185 'select' 'select_ln202_7' <Predicate = (!icmp_ln198)> <Delay = 0.69> <CoreInst = "Sel">   --->   Core 73 'Sel' <Latency = 0> <II = 1> <Delay = 0.69> <FuncUnit> <Opcode : 'select'> <InPorts = 3> <OutPorts = 1>
ST_4 : Operation 186 [1/1] (0.69ns)   --->   "%select_ln202_8 = select i1 %cmp9, i32 %fc1_bias_load_1, i32 %add32_1_lcssa12_load_1" [codes_lab5/HLS_sources_final/templatedFuncs.h:202]   --->   Operation 186 'select' 'select_ln202_8' <Predicate = (!icmp_ln198)> <Delay = 0.69> <CoreInst = "Sel">   --->   Core 73 'Sel' <Latency = 0> <II = 1> <Delay = 0.69> <FuncUnit> <Opcode : 'select'> <InPorts = 3> <OutPorts = 1>
ST_4 : Operation 187 [1/1] (0.69ns)   --->   "%select_ln202_9 = select i1 %cmp9, i32 %fc1_bias_load_3, i32 %add32_3_lcssa16_load_1" [codes_lab5/HLS_sources_final/templatedFuncs.h:202]   --->   Operation 187 'select' 'select_ln202_9' <Predicate = (!icmp_ln198)> <Delay = 0.69> <CoreInst = "Sel">   --->   Core 73 'Sel' <Latency = 0> <II = 1> <Delay = 0.69> <FuncUnit> <Opcode : 'select'> <InPorts = 3> <OutPorts = 1>
ST_4 : Operation 188 [1/1] (0.69ns)   --->   "%select_ln202_10 = select i1 %cmp9, i32 %fc1_bias_load_5, i32 %add32_5_lcssa20_load_1" [codes_lab5/HLS_sources_final/templatedFuncs.h:202]   --->   Operation 188 'select' 'select_ln202_10' <Predicate = (!icmp_ln198)> <Delay = 0.69> <CoreInst = "Sel">   --->   Core 73 'Sel' <Latency = 0> <II = 1> <Delay = 0.69> <FuncUnit> <Opcode : 'select'> <InPorts = 3> <OutPorts = 1>
ST_4 : Operation 189 [1/1] (0.69ns)   --->   "%select_ln202_11 = select i1 %cmp9, i32 %fc1_bias_load_7, i32 %add32_7_lcssa24_load_1" [codes_lab5/HLS_sources_final/templatedFuncs.h:202]   --->   Operation 189 'select' 'select_ln202_11' <Predicate = (!icmp_ln198)> <Delay = 0.69> <CoreInst = "Sel">   --->   Core 73 'Sel' <Latency = 0> <II = 1> <Delay = 0.69> <FuncUnit> <Opcode : 'select'> <InPorts = 3> <OutPorts = 1>
ST_4 : Operation 190 [2/2] (3.25ns)   --->   "%fc1_weight_load = load i11 %fc1_weight_addr" [codes_lab5/HLS_sources_final/templatedFuncs.h:212]   --->   Operation 190 'load' 'fc1_weight_load' <Predicate = (!icmp_ln198)> <Delay = 3.25> <CoreInst = "ROM">   --->   Core 95 'ROM' <Latency = 1> <II = 1> <Delay = 3.25> <Storage> <Opcode : 'load'> <Ports = 0> <Width = 32> <Depth = 1600> <ROM>
ST_4 : Operation 191 [2/2] (3.25ns)   --->   "%fc1_weight_load_1 = load i11 %fc1_weight_addr_1" [codes_lab5/HLS_sources_final/templatedFuncs.h:212]   --->   Operation 191 'load' 'fc1_weight_load_1' <Predicate = (!icmp_ln198)> <Delay = 3.25> <CoreInst = "ROM">   --->   Core 95 'ROM' <Latency = 1> <II = 1> <Delay = 3.25> <Storage> <Opcode : 'load'> <Ports = 0> <Width = 32> <Depth = 1600> <ROM>
ST_4 : Operation 192 [2/2] (3.25ns)   --->   "%fc1_weight_load_2 = load i11 %fc1_weight_addr_2" [codes_lab5/HLS_sources_final/templatedFuncs.h:212]   --->   Operation 192 'load' 'fc1_weight_load_2' <Predicate = (!icmp_ln198)> <Delay = 3.25> <CoreInst = "ROM">   --->   Core 95 'ROM' <Latency = 1> <II = 1> <Delay = 3.25> <Storage> <Opcode : 'load'> <Ports = 0> <Width = 32> <Depth = 1600> <ROM>
ST_4 : Operation 193 [2/2] (3.25ns)   --->   "%fc1_weight_load_3 = load i11 %fc1_weight_addr_3" [codes_lab5/HLS_sources_final/templatedFuncs.h:212]   --->   Operation 193 'load' 'fc1_weight_load_3' <Predicate = (!icmp_ln198)> <Delay = 3.25> <CoreInst = "ROM">   --->   Core 95 'ROM' <Latency = 1> <II = 1> <Delay = 3.25> <Storage> <Opcode : 'load'> <Ports = 0> <Width = 32> <Depth = 1600> <ROM>
ST_4 : Operation 194 [2/2] (3.25ns)   --->   "%fc1_weight_load_4 = load i11 %fc1_weight_addr_4" [codes_lab5/HLS_sources_final/templatedFuncs.h:212]   --->   Operation 194 'load' 'fc1_weight_load_4' <Predicate = (!icmp_ln198)> <Delay = 3.25> <CoreInst = "ROM">   --->   Core 95 'ROM' <Latency = 1> <II = 1> <Delay = 3.25> <Storage> <Opcode : 'load'> <Ports = 0> <Width = 32> <Depth = 1600> <ROM>
ST_4 : Operation 195 [2/2] (3.25ns)   --->   "%fc1_weight_load_5 = load i11 %fc1_weight_addr_5" [codes_lab5/HLS_sources_final/templatedFuncs.h:212]   --->   Operation 195 'load' 'fc1_weight_load_5' <Predicate = (!icmp_ln198)> <Delay = 3.25> <CoreInst = "ROM">   --->   Core 95 'ROM' <Latency = 1> <II = 1> <Delay = 3.25> <Storage> <Opcode : 'load'> <Ports = 0> <Width = 32> <Depth = 1600> <ROM>
ST_4 : Operation 196 [2/2] (3.25ns)   --->   "%fc1_weight_load_6 = load i11 %fc1_weight_addr_6" [codes_lab5/HLS_sources_final/templatedFuncs.h:212]   --->   Operation 196 'load' 'fc1_weight_load_6' <Predicate = (!icmp_ln198)> <Delay = 3.25> <CoreInst = "ROM">   --->   Core 95 'ROM' <Latency = 1> <II = 1> <Delay = 3.25> <Storage> <Opcode : 'load'> <Ports = 0> <Width = 32> <Depth = 1600> <ROM>
ST_4 : Operation 197 [2/2] (3.25ns)   --->   "%fc1_weight_load_7 = load i11 %fc1_weight_addr_7" [codes_lab5/HLS_sources_final/templatedFuncs.h:212]   --->   Operation 197 'load' 'fc1_weight_load_7' <Predicate = (!icmp_ln198)> <Delay = 3.25> <CoreInst = "ROM">   --->   Core 95 'ROM' <Latency = 1> <II = 1> <Delay = 3.25> <Storage> <Opcode : 'load'> <Ports = 0> <Width = 32> <Depth = 1600> <ROM>
ST_4 : Operation 198 [1/1] (0.00ns)   --->   "%add32_lcssa10_load = load i32 %add32_lcssa10" [codes_lab5/HLS_sources_final/templatedFuncs.h:73]   --->   Operation 198 'load' 'add32_lcssa10_load' <Predicate = (icmp_ln198)> <Delay = 0.00>
ST_4 : Operation 199 [1/1] (0.00ns)   --->   "%add32_1_lcssa12_load = load i32 %add32_1_lcssa12" [codes_lab5/HLS_sources_final/templatedFuncs.h:73]   --->   Operation 199 'load' 'add32_1_lcssa12_load' <Predicate = (icmp_ln198)> <Delay = 0.00>
ST_4 : Operation 200 [1/1] (0.00ns)   --->   "%add32_2_lcssa14_load = load i32 %add32_2_lcssa14" [codes_lab5/HLS_sources_final/templatedFuncs.h:73]   --->   Operation 200 'load' 'add32_2_lcssa14_load' <Predicate = (icmp_ln198)> <Delay = 0.00>
ST_4 : Operation 201 [1/1] (0.00ns)   --->   "%add32_3_lcssa16_load = load i32 %add32_3_lcssa16" [codes_lab5/HLS_sources_final/templatedFuncs.h:73]   --->   Operation 201 'load' 'add32_3_lcssa16_load' <Predicate = (icmp_ln198)> <Delay = 0.00>
ST_4 : Operation 202 [1/1] (0.00ns)   --->   "%add32_4_lcssa18_load = load i32 %add32_4_lcssa18" [codes_lab5/HLS_sources_final/templatedFuncs.h:73]   --->   Operation 202 'load' 'add32_4_lcssa18_load' <Predicate = (icmp_ln198)> <Delay = 0.00>
ST_4 : Operation 203 [1/1] (0.00ns)   --->   "%add32_5_lcssa20_load = load i32 %add32_5_lcssa20" [codes_lab5/HLS_sources_final/templatedFuncs.h:73]   --->   Operation 203 'load' 'add32_5_lcssa20_load' <Predicate = (icmp_ln198)> <Delay = 0.00>
ST_4 : Operation 204 [1/1] (0.00ns)   --->   "%add32_6_lcssa22_load = load i32 %add32_6_lcssa22" [codes_lab5/HLS_sources_final/templatedFuncs.h:73]   --->   Operation 204 'load' 'add32_6_lcssa22_load' <Predicate = (icmp_ln198)> <Delay = 0.00>
ST_4 : Operation 205 [1/1] (0.00ns)   --->   "%add32_7_lcssa24_load = load i32 %add32_7_lcssa24" [codes_lab5/HLS_sources_final/templatedFuncs.h:73]   --->   Operation 205 'load' 'add32_7_lcssa24_load' <Predicate = (icmp_ln198)> <Delay = 0.00>
ST_4 : Operation 206 [2/2] (5.43ns)   --->   "%tmp_s = fcmp_olt  i32 %add32_lcssa10_load, i32 0" [codes_lab5/HLS_sources_final/templatedFuncs.h:73]   --->   Operation 206 'fcmp' 'tmp_s' <Predicate = (icmp_ln198)> <Delay = 5.43> <CoreInst = "FCompare">   --->   Core 19 'FCompare' <Latency = 1> <II = 1> <Delay = 5.43> <FuncUnit> <Opcode : 'fcmp'> <InPorts = 2> <OutPorts = 1>
ST_4 : Operation 207 [2/2] (5.43ns)   --->   "%tmp_8 = fcmp_olt  i32 %add32_1_lcssa12_load, i32 0" [codes_lab5/HLS_sources_final/templatedFuncs.h:73]   --->   Operation 207 'fcmp' 'tmp_8' <Predicate = (icmp_ln198)> <Delay = 5.43> <CoreInst = "FCompare">   --->   Core 19 'FCompare' <Latency = 1> <II = 1> <Delay = 5.43> <FuncUnit> <Opcode : 'fcmp'> <InPorts = 2> <OutPorts = 1>
ST_4 : Operation 208 [2/2] (5.43ns)   --->   "%tmp_10 = fcmp_olt  i32 %add32_2_lcssa14_load, i32 0" [codes_lab5/HLS_sources_final/templatedFuncs.h:73]   --->   Operation 208 'fcmp' 'tmp_10' <Predicate = (icmp_ln198)> <Delay = 5.43> <CoreInst = "FCompare">   --->   Core 19 'FCompare' <Latency = 1> <II = 1> <Delay = 5.43> <FuncUnit> <Opcode : 'fcmp'> <InPorts = 2> <OutPorts = 1>
ST_4 : Operation 209 [2/2] (5.43ns)   --->   "%tmp_12 = fcmp_olt  i32 %add32_3_lcssa16_load, i32 0" [codes_lab5/HLS_sources_final/templatedFuncs.h:73]   --->   Operation 209 'fcmp' 'tmp_12' <Predicate = (icmp_ln198)> <Delay = 5.43> <CoreInst = "FCompare">   --->   Core 19 'FCompare' <Latency = 1> <II = 1> <Delay = 5.43> <FuncUnit> <Opcode : 'fcmp'> <InPorts = 2> <OutPorts = 1>
ST_4 : Operation 210 [2/2] (5.43ns)   --->   "%tmp_14 = fcmp_olt  i32 %add32_4_lcssa18_load, i32 0" [codes_lab5/HLS_sources_final/templatedFuncs.h:73]   --->   Operation 210 'fcmp' 'tmp_14' <Predicate = (icmp_ln198)> <Delay = 5.43> <CoreInst = "FCompare">   --->   Core 19 'FCompare' <Latency = 1> <II = 1> <Delay = 5.43> <FuncUnit> <Opcode : 'fcmp'> <InPorts = 2> <OutPorts = 1>
ST_4 : Operation 211 [2/2] (5.43ns)   --->   "%tmp_16 = fcmp_olt  i32 %add32_5_lcssa20_load, i32 0" [codes_lab5/HLS_sources_final/templatedFuncs.h:73]   --->   Operation 211 'fcmp' 'tmp_16' <Predicate = (icmp_ln198)> <Delay = 5.43> <CoreInst = "FCompare">   --->   Core 19 'FCompare' <Latency = 1> <II = 1> <Delay = 5.43> <FuncUnit> <Opcode : 'fcmp'> <InPorts = 2> <OutPorts = 1>
ST_4 : Operation 212 [2/2] (5.43ns)   --->   "%tmp_18 = fcmp_olt  i32 %add32_6_lcssa22_load, i32 0" [codes_lab5/HLS_sources_final/templatedFuncs.h:73]   --->   Operation 212 'fcmp' 'tmp_18' <Predicate = (icmp_ln198)> <Delay = 5.43> <CoreInst = "FCompare">   --->   Core 19 'FCompare' <Latency = 1> <II = 1> <Delay = 5.43> <FuncUnit> <Opcode : 'fcmp'> <InPorts = 2> <OutPorts = 1>
ST_4 : Operation 213 [2/2] (5.43ns)   --->   "%tmp_20 = fcmp_olt  i32 %add32_7_lcssa24_load, i32 0" [codes_lab5/HLS_sources_final/templatedFuncs.h:73]   --->   Operation 213 'fcmp' 'tmp_20' <Predicate = (icmp_ln198)> <Delay = 5.43> <CoreInst = "FCompare">   --->   Core 19 'FCompare' <Latency = 1> <II = 1> <Delay = 5.43> <FuncUnit> <Opcode : 'fcmp'> <InPorts = 2> <OutPorts = 1>
ST_4 : Operation 214 [1/1] (1.30ns)   --->   "%icmp_ln218 = icmp_eq  i4 %shl_ln, i4 0" [codes_lab5/HLS_sources_final/templatedFuncs.h:218]   --->   Operation 214 'icmp' 'icmp_ln218' <Predicate = (icmp_ln198)> <Delay = 1.30> <CoreInst = "Cmp">   --->   Core 9 'Cmp' <Latency = 0> <II = 1> <Delay = 1.30> <FuncUnit> <Opcode : 'icmp'> <InPorts = 2> <OutPorts = 1>
ST_4 : Operation 215 [1/1] (1.58ns)   --->   "%store_ln195 = store i2 %add_ln195, i2 %turn" [codes_lab5/HLS_sources_final/templatedFuncs.h:195]   --->   Operation 215 'store' 'store_ln195' <Predicate = (icmp_ln198)> <Delay = 1.58>

State 5 <SV = 4> <Delay = 3.25>
ST_5 : Operation 216 [1/2] (3.25ns)   --->   "%ip = load i7 %input_addr" [codes_lab5/HLS_sources_final/templatedFuncs.h:199]   --->   Operation 216 'load' 'ip' <Predicate = true> <Delay = 3.25> <CoreInst = "RAM">   --->   Core 82 'RAM' <Latency = 1> <II = 1> <Delay = 3.25> <Storage> <Opcode : 'load' 'store'> <Ports = 2> <Width = 32> <Depth = 100> <RAM>
ST_5 : Operation 217 [1/2] (3.25ns)   --->   "%fc1_weight_load = load i11 %fc1_weight_addr" [codes_lab5/HLS_sources_final/templatedFuncs.h:212]   --->   Operation 217 'load' 'fc1_weight_load' <Predicate = true> <Delay = 3.25> <CoreInst = "ROM">   --->   Core 95 'ROM' <Latency = 1> <II = 1> <Delay = 3.25> <Storage> <Opcode : 'load'> <Ports = 0> <Width = 32> <Depth = 1600> <ROM>
ST_5 : Operation 218 [1/2] (3.25ns)   --->   "%fc1_weight_load_1 = load i11 %fc1_weight_addr_1" [codes_lab5/HLS_sources_final/templatedFuncs.h:212]   --->   Operation 218 'load' 'fc1_weight_load_1' <Predicate = true> <Delay = 3.25> <CoreInst = "ROM">   --->   Core 95 'ROM' <Latency = 1> <II = 1> <Delay = 3.25> <Storage> <Opcode : 'load'> <Ports = 0> <Width = 32> <Depth = 1600> <ROM>
ST_5 : Operation 219 [1/2] (3.25ns)   --->   "%fc1_weight_load_2 = load i11 %fc1_weight_addr_2" [codes_lab5/HLS_sources_final/templatedFuncs.h:212]   --->   Operation 219 'load' 'fc1_weight_load_2' <Predicate = true> <Delay = 3.25> <CoreInst = "ROM">   --->   Core 95 'ROM' <Latency = 1> <II = 1> <Delay = 3.25> <Storage> <Opcode : 'load'> <Ports = 0> <Width = 32> <Depth = 1600> <ROM>
ST_5 : Operation 220 [1/2] (3.25ns)   --->   "%fc1_weight_load_3 = load i11 %fc1_weight_addr_3" [codes_lab5/HLS_sources_final/templatedFuncs.h:212]   --->   Operation 220 'load' 'fc1_weight_load_3' <Predicate = true> <Delay = 3.25> <CoreInst = "ROM">   --->   Core 95 'ROM' <Latency = 1> <II = 1> <Delay = 3.25> <Storage> <Opcode : 'load'> <Ports = 0> <Width = 32> <Depth = 1600> <ROM>
ST_5 : Operation 221 [1/2] (3.25ns)   --->   "%fc1_weight_load_4 = load i11 %fc1_weight_addr_4" [codes_lab5/HLS_sources_final/templatedFuncs.h:212]   --->   Operation 221 'load' 'fc1_weight_load_4' <Predicate = true> <Delay = 3.25> <CoreInst = "ROM">   --->   Core 95 'ROM' <Latency = 1> <II = 1> <Delay = 3.25> <Storage> <Opcode : 'load'> <Ports = 0> <Width = 32> <Depth = 1600> <ROM>
ST_5 : Operation 222 [1/2] (3.25ns)   --->   "%fc1_weight_load_5 = load i11 %fc1_weight_addr_5" [codes_lab5/HLS_sources_final/templatedFuncs.h:212]   --->   Operation 222 'load' 'fc1_weight_load_5' <Predicate = true> <Delay = 3.25> <CoreInst = "ROM">   --->   Core 95 'ROM' <Latency = 1> <II = 1> <Delay = 3.25> <Storage> <Opcode : 'load'> <Ports = 0> <Width = 32> <Depth = 1600> <ROM>
ST_5 : Operation 223 [1/2] (3.25ns)   --->   "%fc1_weight_load_6 = load i11 %fc1_weight_addr_6" [codes_lab5/HLS_sources_final/templatedFuncs.h:212]   --->   Operation 223 'load' 'fc1_weight_load_6' <Predicate = true> <Delay = 3.25> <CoreInst = "ROM">   --->   Core 95 'ROM' <Latency = 1> <II = 1> <Delay = 3.25> <Storage> <Opcode : 'load'> <Ports = 0> <Width = 32> <Depth = 1600> <ROM>
ST_5 : Operation 224 [1/2] (3.25ns)   --->   "%fc1_weight_load_7 = load i11 %fc1_weight_addr_7" [codes_lab5/HLS_sources_final/templatedFuncs.h:212]   --->   Operation 224 'load' 'fc1_weight_load_7' <Predicate = true> <Delay = 3.25> <CoreInst = "ROM">   --->   Core 95 'ROM' <Latency = 1> <II = 1> <Delay = 3.25> <Storage> <Opcode : 'load'> <Ports = 0> <Width = 32> <Depth = 1600> <ROM>

State 6 <SV = 5> <Delay = 5.70>
ST_6 : Operation 225 [4/4] (5.70ns)   --->   "%mul = fmul i32 %ip, i32 %fc1_weight_load" [codes_lab5/HLS_sources_final/templatedFuncs.h:212]   --->   Operation 225 'fmul' 'mul' <Predicate = true> <Delay = 5.70> <CoreInst = "FMul_maxdsp">   --->   Core 30 'FMul_maxdsp' <Latency = 3> <II = 1> <Delay = 5.70> <FuncUnit> <Opcode : 'fmul'> <InPorts = 2> <OutPorts = 1>
ST_6 : Operation 226 [4/4] (5.70ns)   --->   "%mul31_1 = fmul i32 %ip, i32 %fc1_weight_load_1" [codes_lab5/HLS_sources_final/templatedFuncs.h:212]   --->   Operation 226 'fmul' 'mul31_1' <Predicate = true> <Delay = 5.70> <CoreInst = "FMul_maxdsp">   --->   Core 30 'FMul_maxdsp' <Latency = 3> <II = 1> <Delay = 5.70> <FuncUnit> <Opcode : 'fmul'> <InPorts = 2> <OutPorts = 1>
ST_6 : Operation 227 [4/4] (5.70ns)   --->   "%mul31_2 = fmul i32 %ip, i32 %fc1_weight_load_2" [codes_lab5/HLS_sources_final/templatedFuncs.h:212]   --->   Operation 227 'fmul' 'mul31_2' <Predicate = true> <Delay = 5.70> <CoreInst = "FMul_maxdsp">   --->   Core 30 'FMul_maxdsp' <Latency = 3> <II = 1> <Delay = 5.70> <FuncUnit> <Opcode : 'fmul'> <InPorts = 2> <OutPorts = 1>
ST_6 : Operation 228 [4/4] (5.70ns)   --->   "%mul31_3 = fmul i32 %ip, i32 %fc1_weight_load_3" [codes_lab5/HLS_sources_final/templatedFuncs.h:212]   --->   Operation 228 'fmul' 'mul31_3' <Predicate = true> <Delay = 5.70> <CoreInst = "FMul_maxdsp">   --->   Core 30 'FMul_maxdsp' <Latency = 3> <II = 1> <Delay = 5.70> <FuncUnit> <Opcode : 'fmul'> <InPorts = 2> <OutPorts = 1>
ST_6 : Operation 229 [4/4] (5.70ns)   --->   "%mul31_4 = fmul i32 %ip, i32 %fc1_weight_load_4" [codes_lab5/HLS_sources_final/templatedFuncs.h:212]   --->   Operation 229 'fmul' 'mul31_4' <Predicate = true> <Delay = 5.70> <CoreInst = "FMul_maxdsp">   --->   Core 30 'FMul_maxdsp' <Latency = 3> <II = 1> <Delay = 5.70> <FuncUnit> <Opcode : 'fmul'> <InPorts = 2> <OutPorts = 1>
ST_6 : Operation 230 [4/4] (5.70ns)   --->   "%mul31_5 = fmul i32 %ip, i32 %fc1_weight_load_5" [codes_lab5/HLS_sources_final/templatedFuncs.h:212]   --->   Operation 230 'fmul' 'mul31_5' <Predicate = true> <Delay = 5.70> <CoreInst = "FMul_maxdsp">   --->   Core 30 'FMul_maxdsp' <Latency = 3> <II = 1> <Delay = 5.70> <FuncUnit> <Opcode : 'fmul'> <InPorts = 2> <OutPorts = 1>
ST_6 : Operation 231 [4/4] (5.70ns)   --->   "%mul31_6 = fmul i32 %ip, i32 %fc1_weight_load_6" [codes_lab5/HLS_sources_final/templatedFuncs.h:212]   --->   Operation 231 'fmul' 'mul31_6' <Predicate = true> <Delay = 5.70> <CoreInst = "FMul_maxdsp">   --->   Core 30 'FMul_maxdsp' <Latency = 3> <II = 1> <Delay = 5.70> <FuncUnit> <Opcode : 'fmul'> <InPorts = 2> <OutPorts = 1>
ST_6 : Operation 232 [4/4] (5.70ns)   --->   "%mul31_7 = fmul i32 %ip, i32 %fc1_weight_load_7" [codes_lab5/HLS_sources_final/templatedFuncs.h:212]   --->   Operation 232 'fmul' 'mul31_7' <Predicate = true> <Delay = 5.70> <CoreInst = "FMul_maxdsp">   --->   Core 30 'FMul_maxdsp' <Latency = 3> <II = 1> <Delay = 5.70> <FuncUnit> <Opcode : 'fmul'> <InPorts = 2> <OutPorts = 1>

State 7 <SV = 6> <Delay = 5.70>
ST_7 : Operation 233 [3/4] (5.70ns)   --->   "%mul = fmul i32 %ip, i32 %fc1_weight_load" [codes_lab5/HLS_sources_final/templatedFuncs.h:212]   --->   Operation 233 'fmul' 'mul' <Predicate = true> <Delay = 5.70> <CoreInst = "FMul_maxdsp">   --->   Core 30 'FMul_maxdsp' <Latency = 3> <II = 1> <Delay = 5.70> <FuncUnit> <Opcode : 'fmul'> <InPorts = 2> <OutPorts = 1>
ST_7 : Operation 234 [3/4] (5.70ns)   --->   "%mul31_1 = fmul i32 %ip, i32 %fc1_weight_load_1" [codes_lab5/HLS_sources_final/templatedFuncs.h:212]   --->   Operation 234 'fmul' 'mul31_1' <Predicate = true> <Delay = 5.70> <CoreInst = "FMul_maxdsp">   --->   Core 30 'FMul_maxdsp' <Latency = 3> <II = 1> <Delay = 5.70> <FuncUnit> <Opcode : 'fmul'> <InPorts = 2> <OutPorts = 1>
ST_7 : Operation 235 [3/4] (5.70ns)   --->   "%mul31_2 = fmul i32 %ip, i32 %fc1_weight_load_2" [codes_lab5/HLS_sources_final/templatedFuncs.h:212]   --->   Operation 235 'fmul' 'mul31_2' <Predicate = true> <Delay = 5.70> <CoreInst = "FMul_maxdsp">   --->   Core 30 'FMul_maxdsp' <Latency = 3> <II = 1> <Delay = 5.70> <FuncUnit> <Opcode : 'fmul'> <InPorts = 2> <OutPorts = 1>
ST_7 : Operation 236 [3/4] (5.70ns)   --->   "%mul31_3 = fmul i32 %ip, i32 %fc1_weight_load_3" [codes_lab5/HLS_sources_final/templatedFuncs.h:212]   --->   Operation 236 'fmul' 'mul31_3' <Predicate = true> <Delay = 5.70> <CoreInst = "FMul_maxdsp">   --->   Core 30 'FMul_maxdsp' <Latency = 3> <II = 1> <Delay = 5.70> <FuncUnit> <Opcode : 'fmul'> <InPorts = 2> <OutPorts = 1>
ST_7 : Operation 237 [3/4] (5.70ns)   --->   "%mul31_4 = fmul i32 %ip, i32 %fc1_weight_load_4" [codes_lab5/HLS_sources_final/templatedFuncs.h:212]   --->   Operation 237 'fmul' 'mul31_4' <Predicate = true> <Delay = 5.70> <CoreInst = "FMul_maxdsp">   --->   Core 30 'FMul_maxdsp' <Latency = 3> <II = 1> <Delay = 5.70> <FuncUnit> <Opcode : 'fmul'> <InPorts = 2> <OutPorts = 1>
ST_7 : Operation 238 [3/4] (5.70ns)   --->   "%mul31_5 = fmul i32 %ip, i32 %fc1_weight_load_5" [codes_lab5/HLS_sources_final/templatedFuncs.h:212]   --->   Operation 238 'fmul' 'mul31_5' <Predicate = true> <Delay = 5.70> <CoreInst = "FMul_maxdsp">   --->   Core 30 'FMul_maxdsp' <Latency = 3> <II = 1> <Delay = 5.70> <FuncUnit> <Opcode : 'fmul'> <InPorts = 2> <OutPorts = 1>
ST_7 : Operation 239 [3/4] (5.70ns)   --->   "%mul31_6 = fmul i32 %ip, i32 %fc1_weight_load_6" [codes_lab5/HLS_sources_final/templatedFuncs.h:212]   --->   Operation 239 'fmul' 'mul31_6' <Predicate = true> <Delay = 5.70> <CoreInst = "FMul_maxdsp">   --->   Core 30 'FMul_maxdsp' <Latency = 3> <II = 1> <Delay = 5.70> <FuncUnit> <Opcode : 'fmul'> <InPorts = 2> <OutPorts = 1>
ST_7 : Operation 240 [3/4] (5.70ns)   --->   "%mul31_7 = fmul i32 %ip, i32 %fc1_weight_load_7" [codes_lab5/HLS_sources_final/templatedFuncs.h:212]   --->   Operation 240 'fmul' 'mul31_7' <Predicate = true> <Delay = 5.70> <CoreInst = "FMul_maxdsp">   --->   Core 30 'FMul_maxdsp' <Latency = 3> <II = 1> <Delay = 5.70> <FuncUnit> <Opcode : 'fmul'> <InPorts = 2> <OutPorts = 1>

State 8 <SV = 7> <Delay = 5.70>
ST_8 : Operation 241 [2/4] (5.70ns)   --->   "%mul = fmul i32 %ip, i32 %fc1_weight_load" [codes_lab5/HLS_sources_final/templatedFuncs.h:212]   --->   Operation 241 'fmul' 'mul' <Predicate = true> <Delay = 5.70> <CoreInst = "FMul_maxdsp">   --->   Core 30 'FMul_maxdsp' <Latency = 3> <II = 1> <Delay = 5.70> <FuncUnit> <Opcode : 'fmul'> <InPorts = 2> <OutPorts = 1>
ST_8 : Operation 242 [2/4] (5.70ns)   --->   "%mul31_1 = fmul i32 %ip, i32 %fc1_weight_load_1" [codes_lab5/HLS_sources_final/templatedFuncs.h:212]   --->   Operation 242 'fmul' 'mul31_1' <Predicate = true> <Delay = 5.70> <CoreInst = "FMul_maxdsp">   --->   Core 30 'FMul_maxdsp' <Latency = 3> <II = 1> <Delay = 5.70> <FuncUnit> <Opcode : 'fmul'> <InPorts = 2> <OutPorts = 1>
ST_8 : Operation 243 [2/4] (5.70ns)   --->   "%mul31_2 = fmul i32 %ip, i32 %fc1_weight_load_2" [codes_lab5/HLS_sources_final/templatedFuncs.h:212]   --->   Operation 243 'fmul' 'mul31_2' <Predicate = true> <Delay = 5.70> <CoreInst = "FMul_maxdsp">   --->   Core 30 'FMul_maxdsp' <Latency = 3> <II = 1> <Delay = 5.70> <FuncUnit> <Opcode : 'fmul'> <InPorts = 2> <OutPorts = 1>
ST_8 : Operation 244 [2/4] (5.70ns)   --->   "%mul31_3 = fmul i32 %ip, i32 %fc1_weight_load_3" [codes_lab5/HLS_sources_final/templatedFuncs.h:212]   --->   Operation 244 'fmul' 'mul31_3' <Predicate = true> <Delay = 5.70> <CoreInst = "FMul_maxdsp">   --->   Core 30 'FMul_maxdsp' <Latency = 3> <II = 1> <Delay = 5.70> <FuncUnit> <Opcode : 'fmul'> <InPorts = 2> <OutPorts = 1>
ST_8 : Operation 245 [2/4] (5.70ns)   --->   "%mul31_4 = fmul i32 %ip, i32 %fc1_weight_load_4" [codes_lab5/HLS_sources_final/templatedFuncs.h:212]   --->   Operation 245 'fmul' 'mul31_4' <Predicate = true> <Delay = 5.70> <CoreInst = "FMul_maxdsp">   --->   Core 30 'FMul_maxdsp' <Latency = 3> <II = 1> <Delay = 5.70> <FuncUnit> <Opcode : 'fmul'> <InPorts = 2> <OutPorts = 1>
ST_8 : Operation 246 [2/4] (5.70ns)   --->   "%mul31_5 = fmul i32 %ip, i32 %fc1_weight_load_5" [codes_lab5/HLS_sources_final/templatedFuncs.h:212]   --->   Operation 246 'fmul' 'mul31_5' <Predicate = true> <Delay = 5.70> <CoreInst = "FMul_maxdsp">   --->   Core 30 'FMul_maxdsp' <Latency = 3> <II = 1> <Delay = 5.70> <FuncUnit> <Opcode : 'fmul'> <InPorts = 2> <OutPorts = 1>
ST_8 : Operation 247 [2/4] (5.70ns)   --->   "%mul31_6 = fmul i32 %ip, i32 %fc1_weight_load_6" [codes_lab5/HLS_sources_final/templatedFuncs.h:212]   --->   Operation 247 'fmul' 'mul31_6' <Predicate = true> <Delay = 5.70> <CoreInst = "FMul_maxdsp">   --->   Core 30 'FMul_maxdsp' <Latency = 3> <II = 1> <Delay = 5.70> <FuncUnit> <Opcode : 'fmul'> <InPorts = 2> <OutPorts = 1>
ST_8 : Operation 248 [2/4] (5.70ns)   --->   "%mul31_7 = fmul i32 %ip, i32 %fc1_weight_load_7" [codes_lab5/HLS_sources_final/templatedFuncs.h:212]   --->   Operation 248 'fmul' 'mul31_7' <Predicate = true> <Delay = 5.70> <CoreInst = "FMul_maxdsp">   --->   Core 30 'FMul_maxdsp' <Latency = 3> <II = 1> <Delay = 5.70> <FuncUnit> <Opcode : 'fmul'> <InPorts = 2> <OutPorts = 1>

State 9 <SV = 8> <Delay = 5.70>
ST_9 : Operation 249 [1/4] (5.70ns)   --->   "%mul = fmul i32 %ip, i32 %fc1_weight_load" [codes_lab5/HLS_sources_final/templatedFuncs.h:212]   --->   Operation 249 'fmul' 'mul' <Predicate = true> <Delay = 5.70> <CoreInst = "FMul_maxdsp">   --->   Core 30 'FMul_maxdsp' <Latency = 3> <II = 1> <Delay = 5.70> <FuncUnit> <Opcode : 'fmul'> <InPorts = 2> <OutPorts = 1>
ST_9 : Operation 250 [1/4] (5.70ns)   --->   "%mul31_1 = fmul i32 %ip, i32 %fc1_weight_load_1" [codes_lab5/HLS_sources_final/templatedFuncs.h:212]   --->   Operation 250 'fmul' 'mul31_1' <Predicate = true> <Delay = 5.70> <CoreInst = "FMul_maxdsp">   --->   Core 30 'FMul_maxdsp' <Latency = 3> <II = 1> <Delay = 5.70> <FuncUnit> <Opcode : 'fmul'> <InPorts = 2> <OutPorts = 1>
ST_9 : Operation 251 [1/4] (5.70ns)   --->   "%mul31_2 = fmul i32 %ip, i32 %fc1_weight_load_2" [codes_lab5/HLS_sources_final/templatedFuncs.h:212]   --->   Operation 251 'fmul' 'mul31_2' <Predicate = true> <Delay = 5.70> <CoreInst = "FMul_maxdsp">   --->   Core 30 'FMul_maxdsp' <Latency = 3> <II = 1> <Delay = 5.70> <FuncUnit> <Opcode : 'fmul'> <InPorts = 2> <OutPorts = 1>
ST_9 : Operation 252 [1/4] (5.70ns)   --->   "%mul31_3 = fmul i32 %ip, i32 %fc1_weight_load_3" [codes_lab5/HLS_sources_final/templatedFuncs.h:212]   --->   Operation 252 'fmul' 'mul31_3' <Predicate = true> <Delay = 5.70> <CoreInst = "FMul_maxdsp">   --->   Core 30 'FMul_maxdsp' <Latency = 3> <II = 1> <Delay = 5.70> <FuncUnit> <Opcode : 'fmul'> <InPorts = 2> <OutPorts = 1>
ST_9 : Operation 253 [1/4] (5.70ns)   --->   "%mul31_4 = fmul i32 %ip, i32 %fc1_weight_load_4" [codes_lab5/HLS_sources_final/templatedFuncs.h:212]   --->   Operation 253 'fmul' 'mul31_4' <Predicate = true> <Delay = 5.70> <CoreInst = "FMul_maxdsp">   --->   Core 30 'FMul_maxdsp' <Latency = 3> <II = 1> <Delay = 5.70> <FuncUnit> <Opcode : 'fmul'> <InPorts = 2> <OutPorts = 1>
ST_9 : Operation 254 [1/4] (5.70ns)   --->   "%mul31_5 = fmul i32 %ip, i32 %fc1_weight_load_5" [codes_lab5/HLS_sources_final/templatedFuncs.h:212]   --->   Operation 254 'fmul' 'mul31_5' <Predicate = true> <Delay = 5.70> <CoreInst = "FMul_maxdsp">   --->   Core 30 'FMul_maxdsp' <Latency = 3> <II = 1> <Delay = 5.70> <FuncUnit> <Opcode : 'fmul'> <InPorts = 2> <OutPorts = 1>
ST_9 : Operation 255 [1/4] (5.70ns)   --->   "%mul31_6 = fmul i32 %ip, i32 %fc1_weight_load_6" [codes_lab5/HLS_sources_final/templatedFuncs.h:212]   --->   Operation 255 'fmul' 'mul31_6' <Predicate = true> <Delay = 5.70> <CoreInst = "FMul_maxdsp">   --->   Core 30 'FMul_maxdsp' <Latency = 3> <II = 1> <Delay = 5.70> <FuncUnit> <Opcode : 'fmul'> <InPorts = 2> <OutPorts = 1>
ST_9 : Operation 256 [1/4] (5.70ns)   --->   "%mul31_7 = fmul i32 %ip, i32 %fc1_weight_load_7" [codes_lab5/HLS_sources_final/templatedFuncs.h:212]   --->   Operation 256 'fmul' 'mul31_7' <Predicate = true> <Delay = 5.70> <CoreInst = "FMul_maxdsp">   --->   Core 30 'FMul_maxdsp' <Latency = 3> <II = 1> <Delay = 5.70> <FuncUnit> <Opcode : 'fmul'> <InPorts = 2> <OutPorts = 1>

State 10 <SV = 9> <Delay = 7.25>
ST_10 : Operation 257 [5/5] (7.25ns)   --->   "%input_assign = fadd i32 %select_ln202_7, i32 %mul" [codes_lab5/HLS_sources_final/templatedFuncs.h:212]   --->   Operation 257 'fadd' 'input_assign' <Predicate = true> <Delay = 7.25> <CoreInst = "FAddSub_fulldsp">   --->   Core 18 'FAddSub_fulldsp' <Latency = 4> <II = 1> <Delay = 7.25> <FuncUnit> <Opcode : 'fadd' 'fsub'> <InPorts = 2> <OutPorts = 1>
ST_10 : Operation 258 [5/5] (7.25ns)   --->   "%input_assign_1 = fadd i32 %select_ln202_8, i32 %mul31_1" [codes_lab5/HLS_sources_final/templatedFuncs.h:212]   --->   Operation 258 'fadd' 'input_assign_1' <Predicate = true> <Delay = 7.25> <CoreInst = "FAddSub_fulldsp">   --->   Core 18 'FAddSub_fulldsp' <Latency = 4> <II = 1> <Delay = 7.25> <FuncUnit> <Opcode : 'fadd' 'fsub'> <InPorts = 2> <OutPorts = 1>
ST_10 : Operation 259 [5/5] (7.25ns)   --->   "%input_assign_2 = fadd i32 %select_ln202_6, i32 %mul31_2" [codes_lab5/HLS_sources_final/templatedFuncs.h:212]   --->   Operation 259 'fadd' 'input_assign_2' <Predicate = true> <Delay = 7.25> <CoreInst = "FAddSub_fulldsp">   --->   Core 18 'FAddSub_fulldsp' <Latency = 4> <II = 1> <Delay = 7.25> <FuncUnit> <Opcode : 'fadd' 'fsub'> <InPorts = 2> <OutPorts = 1>
ST_10 : Operation 260 [5/5] (7.25ns)   --->   "%input_assign_3 = fadd i32 %select_ln202_9, i32 %mul31_3" [codes_lab5/HLS_sources_final/templatedFuncs.h:212]   --->   Operation 260 'fadd' 'input_assign_3' <Predicate = true> <Delay = 7.25> <CoreInst = "FAddSub_fulldsp">   --->   Core 18 'FAddSub_fulldsp' <Latency = 4> <II = 1> <Delay = 7.25> <FuncUnit> <Opcode : 'fadd' 'fsub'> <InPorts = 2> <OutPorts = 1>
ST_10 : Operation 261 [5/5] (7.25ns)   --->   "%input_assign_4 = fadd i32 %select_ln202_5, i32 %mul31_4" [codes_lab5/HLS_sources_final/templatedFuncs.h:212]   --->   Operation 261 'fadd' 'input_assign_4' <Predicate = true> <Delay = 7.25> <CoreInst = "FAddSub_fulldsp">   --->   Core 18 'FAddSub_fulldsp' <Latency = 4> <II = 1> <Delay = 7.25> <FuncUnit> <Opcode : 'fadd' 'fsub'> <InPorts = 2> <OutPorts = 1>
ST_10 : Operation 262 [5/5] (7.25ns)   --->   "%input_assign_5 = fadd i32 %select_ln202_10, i32 %mul31_5" [codes_lab5/HLS_sources_final/templatedFuncs.h:212]   --->   Operation 262 'fadd' 'input_assign_5' <Predicate = true> <Delay = 7.25> <CoreInst = "FAddSub_fulldsp">   --->   Core 18 'FAddSub_fulldsp' <Latency = 4> <II = 1> <Delay = 7.25> <FuncUnit> <Opcode : 'fadd' 'fsub'> <InPorts = 2> <OutPorts = 1>
ST_10 : Operation 263 [5/5] (7.25ns)   --->   "%input_assign_6 = fadd i32 %select_ln202, i32 %mul31_6" [codes_lab5/HLS_sources_final/templatedFuncs.h:212]   --->   Operation 263 'fadd' 'input_assign_6' <Predicate = true> <Delay = 7.25> <CoreInst = "FAddSub_fulldsp">   --->   Core 18 'FAddSub_fulldsp' <Latency = 4> <II = 1> <Delay = 7.25> <FuncUnit> <Opcode : 'fadd' 'fsub'> <InPorts = 2> <OutPorts = 1>
ST_10 : Operation 264 [5/5] (7.25ns)   --->   "%input_assign_7 = fadd i32 %select_ln202_11, i32 %mul31_7" [codes_lab5/HLS_sources_final/templatedFuncs.h:212]   --->   Operation 264 'fadd' 'input_assign_7' <Predicate = true> <Delay = 7.25> <CoreInst = "FAddSub_fulldsp">   --->   Core 18 'FAddSub_fulldsp' <Latency = 4> <II = 1> <Delay = 7.25> <FuncUnit> <Opcode : 'fadd' 'fsub'> <InPorts = 2> <OutPorts = 1>

State 11 <SV = 10> <Delay = 7.25>
ST_11 : Operation 265 [4/5] (7.25ns)   --->   "%input_assign = fadd i32 %select_ln202_7, i32 %mul" [codes_lab5/HLS_sources_final/templatedFuncs.h:212]   --->   Operation 265 'fadd' 'input_assign' <Predicate = true> <Delay = 7.25> <CoreInst = "FAddSub_fulldsp">   --->   Core 18 'FAddSub_fulldsp' <Latency = 4> <II = 1> <Delay = 7.25> <FuncUnit> <Opcode : 'fadd' 'fsub'> <InPorts = 2> <OutPorts = 1>
ST_11 : Operation 266 [4/5] (7.25ns)   --->   "%input_assign_1 = fadd i32 %select_ln202_8, i32 %mul31_1" [codes_lab5/HLS_sources_final/templatedFuncs.h:212]   --->   Operation 266 'fadd' 'input_assign_1' <Predicate = true> <Delay = 7.25> <CoreInst = "FAddSub_fulldsp">   --->   Core 18 'FAddSub_fulldsp' <Latency = 4> <II = 1> <Delay = 7.25> <FuncUnit> <Opcode : 'fadd' 'fsub'> <InPorts = 2> <OutPorts = 1>
ST_11 : Operation 267 [4/5] (7.25ns)   --->   "%input_assign_2 = fadd i32 %select_ln202_6, i32 %mul31_2" [codes_lab5/HLS_sources_final/templatedFuncs.h:212]   --->   Operation 267 'fadd' 'input_assign_2' <Predicate = true> <Delay = 7.25> <CoreInst = "FAddSub_fulldsp">   --->   Core 18 'FAddSub_fulldsp' <Latency = 4> <II = 1> <Delay = 7.25> <FuncUnit> <Opcode : 'fadd' 'fsub'> <InPorts = 2> <OutPorts = 1>
ST_11 : Operation 268 [4/5] (7.25ns)   --->   "%input_assign_3 = fadd i32 %select_ln202_9, i32 %mul31_3" [codes_lab5/HLS_sources_final/templatedFuncs.h:212]   --->   Operation 268 'fadd' 'input_assign_3' <Predicate = true> <Delay = 7.25> <CoreInst = "FAddSub_fulldsp">   --->   Core 18 'FAddSub_fulldsp' <Latency = 4> <II = 1> <Delay = 7.25> <FuncUnit> <Opcode : 'fadd' 'fsub'> <InPorts = 2> <OutPorts = 1>
ST_11 : Operation 269 [4/5] (7.25ns)   --->   "%input_assign_4 = fadd i32 %select_ln202_5, i32 %mul31_4" [codes_lab5/HLS_sources_final/templatedFuncs.h:212]   --->   Operation 269 'fadd' 'input_assign_4' <Predicate = true> <Delay = 7.25> <CoreInst = "FAddSub_fulldsp">   --->   Core 18 'FAddSub_fulldsp' <Latency = 4> <II = 1> <Delay = 7.25> <FuncUnit> <Opcode : 'fadd' 'fsub'> <InPorts = 2> <OutPorts = 1>
ST_11 : Operation 270 [4/5] (7.25ns)   --->   "%input_assign_5 = fadd i32 %select_ln202_10, i32 %mul31_5" [codes_lab5/HLS_sources_final/templatedFuncs.h:212]   --->   Operation 270 'fadd' 'input_assign_5' <Predicate = true> <Delay = 7.25> <CoreInst = "FAddSub_fulldsp">   --->   Core 18 'FAddSub_fulldsp' <Latency = 4> <II = 1> <Delay = 7.25> <FuncUnit> <Opcode : 'fadd' 'fsub'> <InPorts = 2> <OutPorts = 1>
ST_11 : Operation 271 [4/5] (7.25ns)   --->   "%input_assign_6 = fadd i32 %select_ln202, i32 %mul31_6" [codes_lab5/HLS_sources_final/templatedFuncs.h:212]   --->   Operation 271 'fadd' 'input_assign_6' <Predicate = true> <Delay = 7.25> <CoreInst = "FAddSub_fulldsp">   --->   Core 18 'FAddSub_fulldsp' <Latency = 4> <II = 1> <Delay = 7.25> <FuncUnit> <Opcode : 'fadd' 'fsub'> <InPorts = 2> <OutPorts = 1>
ST_11 : Operation 272 [4/5] (7.25ns)   --->   "%input_assign_7 = fadd i32 %select_ln202_11, i32 %mul31_7" [codes_lab5/HLS_sources_final/templatedFuncs.h:212]   --->   Operation 272 'fadd' 'input_assign_7' <Predicate = true> <Delay = 7.25> <CoreInst = "FAddSub_fulldsp">   --->   Core 18 'FAddSub_fulldsp' <Latency = 4> <II = 1> <Delay = 7.25> <FuncUnit> <Opcode : 'fadd' 'fsub'> <InPorts = 2> <OutPorts = 1>

State 12 <SV = 11> <Delay = 7.25>
ST_12 : Operation 273 [3/5] (7.25ns)   --->   "%input_assign = fadd i32 %select_ln202_7, i32 %mul" [codes_lab5/HLS_sources_final/templatedFuncs.h:212]   --->   Operation 273 'fadd' 'input_assign' <Predicate = true> <Delay = 7.25> <CoreInst = "FAddSub_fulldsp">   --->   Core 18 'FAddSub_fulldsp' <Latency = 4> <II = 1> <Delay = 7.25> <FuncUnit> <Opcode : 'fadd' 'fsub'> <InPorts = 2> <OutPorts = 1>
ST_12 : Operation 274 [3/5] (7.25ns)   --->   "%input_assign_1 = fadd i32 %select_ln202_8, i32 %mul31_1" [codes_lab5/HLS_sources_final/templatedFuncs.h:212]   --->   Operation 274 'fadd' 'input_assign_1' <Predicate = true> <Delay = 7.25> <CoreInst = "FAddSub_fulldsp">   --->   Core 18 'FAddSub_fulldsp' <Latency = 4> <II = 1> <Delay = 7.25> <FuncUnit> <Opcode : 'fadd' 'fsub'> <InPorts = 2> <OutPorts = 1>
ST_12 : Operation 275 [3/5] (7.25ns)   --->   "%input_assign_2 = fadd i32 %select_ln202_6, i32 %mul31_2" [codes_lab5/HLS_sources_final/templatedFuncs.h:212]   --->   Operation 275 'fadd' 'input_assign_2' <Predicate = true> <Delay = 7.25> <CoreInst = "FAddSub_fulldsp">   --->   Core 18 'FAddSub_fulldsp' <Latency = 4> <II = 1> <Delay = 7.25> <FuncUnit> <Opcode : 'fadd' 'fsub'> <InPorts = 2> <OutPorts = 1>
ST_12 : Operation 276 [3/5] (7.25ns)   --->   "%input_assign_3 = fadd i32 %select_ln202_9, i32 %mul31_3" [codes_lab5/HLS_sources_final/templatedFuncs.h:212]   --->   Operation 276 'fadd' 'input_assign_3' <Predicate = true> <Delay = 7.25> <CoreInst = "FAddSub_fulldsp">   --->   Core 18 'FAddSub_fulldsp' <Latency = 4> <II = 1> <Delay = 7.25> <FuncUnit> <Opcode : 'fadd' 'fsub'> <InPorts = 2> <OutPorts = 1>
ST_12 : Operation 277 [3/5] (7.25ns)   --->   "%input_assign_4 = fadd i32 %select_ln202_5, i32 %mul31_4" [codes_lab5/HLS_sources_final/templatedFuncs.h:212]   --->   Operation 277 'fadd' 'input_assign_4' <Predicate = true> <Delay = 7.25> <CoreInst = "FAddSub_fulldsp">   --->   Core 18 'FAddSub_fulldsp' <Latency = 4> <II = 1> <Delay = 7.25> <FuncUnit> <Opcode : 'fadd' 'fsub'> <InPorts = 2> <OutPorts = 1>
ST_12 : Operation 278 [3/5] (7.25ns)   --->   "%input_assign_5 = fadd i32 %select_ln202_10, i32 %mul31_5" [codes_lab5/HLS_sources_final/templatedFuncs.h:212]   --->   Operation 278 'fadd' 'input_assign_5' <Predicate = true> <Delay = 7.25> <CoreInst = "FAddSub_fulldsp">   --->   Core 18 'FAddSub_fulldsp' <Latency = 4> <II = 1> <Delay = 7.25> <FuncUnit> <Opcode : 'fadd' 'fsub'> <InPorts = 2> <OutPorts = 1>
ST_12 : Operation 279 [3/5] (7.25ns)   --->   "%input_assign_6 = fadd i32 %select_ln202, i32 %mul31_6" [codes_lab5/HLS_sources_final/templatedFuncs.h:212]   --->   Operation 279 'fadd' 'input_assign_6' <Predicate = true> <Delay = 7.25> <CoreInst = "FAddSub_fulldsp">   --->   Core 18 'FAddSub_fulldsp' <Latency = 4> <II = 1> <Delay = 7.25> <FuncUnit> <Opcode : 'fadd' 'fsub'> <InPorts = 2> <OutPorts = 1>
ST_12 : Operation 280 [3/5] (7.25ns)   --->   "%input_assign_7 = fadd i32 %select_ln202_11, i32 %mul31_7" [codes_lab5/HLS_sources_final/templatedFuncs.h:212]   --->   Operation 280 'fadd' 'input_assign_7' <Predicate = true> <Delay = 7.25> <CoreInst = "FAddSub_fulldsp">   --->   Core 18 'FAddSub_fulldsp' <Latency = 4> <II = 1> <Delay = 7.25> <FuncUnit> <Opcode : 'fadd' 'fsub'> <InPorts = 2> <OutPorts = 1>

State 13 <SV = 12> <Delay = 7.25>
ST_13 : Operation 281 [2/5] (7.25ns)   --->   "%input_assign = fadd i32 %select_ln202_7, i32 %mul" [codes_lab5/HLS_sources_final/templatedFuncs.h:212]   --->   Operation 281 'fadd' 'input_assign' <Predicate = true> <Delay = 7.25> <CoreInst = "FAddSub_fulldsp">   --->   Core 18 'FAddSub_fulldsp' <Latency = 4> <II = 1> <Delay = 7.25> <FuncUnit> <Opcode : 'fadd' 'fsub'> <InPorts = 2> <OutPorts = 1>
ST_13 : Operation 282 [2/5] (7.25ns)   --->   "%input_assign_1 = fadd i32 %select_ln202_8, i32 %mul31_1" [codes_lab5/HLS_sources_final/templatedFuncs.h:212]   --->   Operation 282 'fadd' 'input_assign_1' <Predicate = true> <Delay = 7.25> <CoreInst = "FAddSub_fulldsp">   --->   Core 18 'FAddSub_fulldsp' <Latency = 4> <II = 1> <Delay = 7.25> <FuncUnit> <Opcode : 'fadd' 'fsub'> <InPorts = 2> <OutPorts = 1>
ST_13 : Operation 283 [2/5] (7.25ns)   --->   "%input_assign_2 = fadd i32 %select_ln202_6, i32 %mul31_2" [codes_lab5/HLS_sources_final/templatedFuncs.h:212]   --->   Operation 283 'fadd' 'input_assign_2' <Predicate = true> <Delay = 7.25> <CoreInst = "FAddSub_fulldsp">   --->   Core 18 'FAddSub_fulldsp' <Latency = 4> <II = 1> <Delay = 7.25> <FuncUnit> <Opcode : 'fadd' 'fsub'> <InPorts = 2> <OutPorts = 1>
ST_13 : Operation 284 [2/5] (7.25ns)   --->   "%input_assign_3 = fadd i32 %select_ln202_9, i32 %mul31_3" [codes_lab5/HLS_sources_final/templatedFuncs.h:212]   --->   Operation 284 'fadd' 'input_assign_3' <Predicate = true> <Delay = 7.25> <CoreInst = "FAddSub_fulldsp">   --->   Core 18 'FAddSub_fulldsp' <Latency = 4> <II = 1> <Delay = 7.25> <FuncUnit> <Opcode : 'fadd' 'fsub'> <InPorts = 2> <OutPorts = 1>
ST_13 : Operation 285 [2/5] (7.25ns)   --->   "%input_assign_4 = fadd i32 %select_ln202_5, i32 %mul31_4" [codes_lab5/HLS_sources_final/templatedFuncs.h:212]   --->   Operation 285 'fadd' 'input_assign_4' <Predicate = true> <Delay = 7.25> <CoreInst = "FAddSub_fulldsp">   --->   Core 18 'FAddSub_fulldsp' <Latency = 4> <II = 1> <Delay = 7.25> <FuncUnit> <Opcode : 'fadd' 'fsub'> <InPorts = 2> <OutPorts = 1>
ST_13 : Operation 286 [2/5] (7.25ns)   --->   "%input_assign_5 = fadd i32 %select_ln202_10, i32 %mul31_5" [codes_lab5/HLS_sources_final/templatedFuncs.h:212]   --->   Operation 286 'fadd' 'input_assign_5' <Predicate = true> <Delay = 7.25> <CoreInst = "FAddSub_fulldsp">   --->   Core 18 'FAddSub_fulldsp' <Latency = 4> <II = 1> <Delay = 7.25> <FuncUnit> <Opcode : 'fadd' 'fsub'> <InPorts = 2> <OutPorts = 1>
ST_13 : Operation 287 [2/5] (7.25ns)   --->   "%input_assign_6 = fadd i32 %select_ln202, i32 %mul31_6" [codes_lab5/HLS_sources_final/templatedFuncs.h:212]   --->   Operation 287 'fadd' 'input_assign_6' <Predicate = true> <Delay = 7.25> <CoreInst = "FAddSub_fulldsp">   --->   Core 18 'FAddSub_fulldsp' <Latency = 4> <II = 1> <Delay = 7.25> <FuncUnit> <Opcode : 'fadd' 'fsub'> <InPorts = 2> <OutPorts = 1>
ST_13 : Operation 288 [2/5] (7.25ns)   --->   "%input_assign_7 = fadd i32 %select_ln202_11, i32 %mul31_7" [codes_lab5/HLS_sources_final/templatedFuncs.h:212]   --->   Operation 288 'fadd' 'input_assign_7' <Predicate = true> <Delay = 7.25> <CoreInst = "FAddSub_fulldsp">   --->   Core 18 'FAddSub_fulldsp' <Latency = 4> <II = 1> <Delay = 7.25> <FuncUnit> <Opcode : 'fadd' 'fsub'> <InPorts = 2> <OutPorts = 1>

State 14 <SV = 13> <Delay = 7.25>
ST_14 : Operation 289 [1/1] (0.00ns)   --->   "%specloopname_ln198 = specloopname void @_ssdm_op_SpecLoopName, void @empty_4" [codes_lab5/HLS_sources_final/templatedFuncs.h:198]   --->   Operation 289 'specloopname' 'specloopname_ln198' <Predicate = true> <Delay = 0.00>
ST_14 : Operation 290 [1/5] (7.25ns)   --->   "%input_assign = fadd i32 %select_ln202_7, i32 %mul" [codes_lab5/HLS_sources_final/templatedFuncs.h:212]   --->   Operation 290 'fadd' 'input_assign' <Predicate = true> <Delay = 7.25> <CoreInst = "FAddSub_fulldsp">   --->   Core 18 'FAddSub_fulldsp' <Latency = 4> <II = 1> <Delay = 7.25> <FuncUnit> <Opcode : 'fadd' 'fsub'> <InPorts = 2> <OutPorts = 1>
ST_14 : Operation 291 [1/5] (7.25ns)   --->   "%input_assign_1 = fadd i32 %select_ln202_8, i32 %mul31_1" [codes_lab5/HLS_sources_final/templatedFuncs.h:212]   --->   Operation 291 'fadd' 'input_assign_1' <Predicate = true> <Delay = 7.25> <CoreInst = "FAddSub_fulldsp">   --->   Core 18 'FAddSub_fulldsp' <Latency = 4> <II = 1> <Delay = 7.25> <FuncUnit> <Opcode : 'fadd' 'fsub'> <InPorts = 2> <OutPorts = 1>
ST_14 : Operation 292 [1/5] (7.25ns)   --->   "%input_assign_2 = fadd i32 %select_ln202_6, i32 %mul31_2" [codes_lab5/HLS_sources_final/templatedFuncs.h:212]   --->   Operation 292 'fadd' 'input_assign_2' <Predicate = true> <Delay = 7.25> <CoreInst = "FAddSub_fulldsp">   --->   Core 18 'FAddSub_fulldsp' <Latency = 4> <II = 1> <Delay = 7.25> <FuncUnit> <Opcode : 'fadd' 'fsub'> <InPorts = 2> <OutPorts = 1>
ST_14 : Operation 293 [1/5] (7.25ns)   --->   "%input_assign_3 = fadd i32 %select_ln202_9, i32 %mul31_3" [codes_lab5/HLS_sources_final/templatedFuncs.h:212]   --->   Operation 293 'fadd' 'input_assign_3' <Predicate = true> <Delay = 7.25> <CoreInst = "FAddSub_fulldsp">   --->   Core 18 'FAddSub_fulldsp' <Latency = 4> <II = 1> <Delay = 7.25> <FuncUnit> <Opcode : 'fadd' 'fsub'> <InPorts = 2> <OutPorts = 1>
ST_14 : Operation 294 [1/5] (7.25ns)   --->   "%input_assign_4 = fadd i32 %select_ln202_5, i32 %mul31_4" [codes_lab5/HLS_sources_final/templatedFuncs.h:212]   --->   Operation 294 'fadd' 'input_assign_4' <Predicate = true> <Delay = 7.25> <CoreInst = "FAddSub_fulldsp">   --->   Core 18 'FAddSub_fulldsp' <Latency = 4> <II = 1> <Delay = 7.25> <FuncUnit> <Opcode : 'fadd' 'fsub'> <InPorts = 2> <OutPorts = 1>
ST_14 : Operation 295 [1/5] (7.25ns)   --->   "%input_assign_5 = fadd i32 %select_ln202_10, i32 %mul31_5" [codes_lab5/HLS_sources_final/templatedFuncs.h:212]   --->   Operation 295 'fadd' 'input_assign_5' <Predicate = true> <Delay = 7.25> <CoreInst = "FAddSub_fulldsp">   --->   Core 18 'FAddSub_fulldsp' <Latency = 4> <II = 1> <Delay = 7.25> <FuncUnit> <Opcode : 'fadd' 'fsub'> <InPorts = 2> <OutPorts = 1>
ST_14 : Operation 296 [1/5] (7.25ns)   --->   "%input_assign_6 = fadd i32 %select_ln202, i32 %mul31_6" [codes_lab5/HLS_sources_final/templatedFuncs.h:212]   --->   Operation 296 'fadd' 'input_assign_6' <Predicate = true> <Delay = 7.25> <CoreInst = "FAddSub_fulldsp">   --->   Core 18 'FAddSub_fulldsp' <Latency = 4> <II = 1> <Delay = 7.25> <FuncUnit> <Opcode : 'fadd' 'fsub'> <InPorts = 2> <OutPorts = 1>
ST_14 : Operation 297 [1/5] (7.25ns)   --->   "%input_assign_7 = fadd i32 %select_ln202_11, i32 %mul31_7" [codes_lab5/HLS_sources_final/templatedFuncs.h:212]   --->   Operation 297 'fadd' 'input_assign_7' <Predicate = true> <Delay = 7.25> <CoreInst = "FAddSub_fulldsp">   --->   Core 18 'FAddSub_fulldsp' <Latency = 4> <II = 1> <Delay = 7.25> <FuncUnit> <Opcode : 'fadd' 'fsub'> <InPorts = 2> <OutPorts = 1>
ST_14 : Operation 298 [1/1] (0.00ns)   --->   "%store_ln198 = store i32 %input_assign_7, i32 %add32_7_lcssa24" [codes_lab5/HLS_sources_final/templatedFuncs.h:198]   --->   Operation 298 'store' 'store_ln198' <Predicate = true> <Delay = 0.00>
ST_14 : Operation 299 [1/1] (0.00ns)   --->   "%store_ln198 = store i32 %input_assign_6, i32 %add32_6_lcssa22" [codes_lab5/HLS_sources_final/templatedFuncs.h:198]   --->   Operation 299 'store' 'store_ln198' <Predicate = true> <Delay = 0.00>
ST_14 : Operation 300 [1/1] (0.00ns)   --->   "%store_ln198 = store i32 %input_assign_5, i32 %add32_5_lcssa20" [codes_lab5/HLS_sources_final/templatedFuncs.h:198]   --->   Operation 300 'store' 'store_ln198' <Predicate = true> <Delay = 0.00>
ST_14 : Operation 301 [1/1] (0.00ns)   --->   "%store_ln198 = store i32 %input_assign_4, i32 %add32_4_lcssa18" [codes_lab5/HLS_sources_final/templatedFuncs.h:198]   --->   Operation 301 'store' 'store_ln198' <Predicate = true> <Delay = 0.00>
ST_14 : Operation 302 [1/1] (0.00ns)   --->   "%store_ln198 = store i32 %input_assign_3, i32 %add32_3_lcssa16" [codes_lab5/HLS_sources_final/templatedFuncs.h:198]   --->   Operation 302 'store' 'store_ln198' <Predicate = true> <Delay = 0.00>
ST_14 : Operation 303 [1/1] (0.00ns)   --->   "%store_ln198 = store i32 %input_assign_2, i32 %add32_2_lcssa14" [codes_lab5/HLS_sources_final/templatedFuncs.h:198]   --->   Operation 303 'store' 'store_ln198' <Predicate = true> <Delay = 0.00>
ST_14 : Operation 304 [1/1] (0.00ns)   --->   "%store_ln198 = store i32 %input_assign_1, i32 %add32_1_lcssa12" [codes_lab5/HLS_sources_final/templatedFuncs.h:198]   --->   Operation 304 'store' 'store_ln198' <Predicate = true> <Delay = 0.00>
ST_14 : Operation 305 [1/1] (0.00ns)   --->   "%store_ln198 = store i32 %input_assign, i32 %add32_lcssa10" [codes_lab5/HLS_sources_final/templatedFuncs.h:198]   --->   Operation 305 'store' 'store_ln198' <Predicate = true> <Delay = 0.00>
ST_14 : Operation 306 [1/1] (0.00ns)   --->   "%br_ln198 = br void %for.body8" [codes_lab5/HLS_sources_final/templatedFuncs.h:198]   --->   Operation 306 'br' 'br_ln198' <Predicate = true> <Delay = 0.00>

State 15 <SV = 4> <Delay = 7.10>
ST_15 : Operation 307 [1/1] (0.00ns)   --->   "%output_15_016_load_1 = load i32 %output_15_016" [codes_lab5/HLS_sources_final/templatedFuncs.h:218]   --->   Operation 307 'load' 'output_15_016_load_1' <Predicate = (icmp_ln218)> <Delay = 0.00>
ST_15 : Operation 308 [1/1] (0.00ns)   --->   "%output_1445_017_load_1 = load i32 %output_1445_017" [codes_lab5/HLS_sources_final/templatedFuncs.h:218]   --->   Operation 308 'load' 'output_1445_017_load_1' <Predicate = (icmp_ln218)> <Delay = 0.00>
ST_15 : Operation 309 [1/1] (0.00ns)   --->   "%output_0_018_load_1 = load i32 %output_0_018" [codes_lab5/HLS_sources_final/templatedFuncs.h:218]   --->   Operation 309 'load' 'output_0_018_load_1' <Predicate = (!icmp_ln218)> <Delay = 0.00>
ST_15 : Operation 310 [1/1] (0.00ns)   --->   "%output_13_019_load_1 = load i32 %output_13_019" [codes_lab5/HLS_sources_final/templatedFuncs.h:218]   --->   Operation 310 'load' 'output_13_019_load_1' <Predicate = (icmp_ln218)> <Delay = 0.00>
ST_15 : Operation 311 [1/1] (0.00ns)   --->   "%output_12_020_load_1 = load i32 %output_12_020" [codes_lab5/HLS_sources_final/templatedFuncs.h:218]   --->   Operation 311 'load' 'output_12_020_load_1' <Predicate = (icmp_ln218)> <Delay = 0.00>
ST_15 : Operation 312 [1/1] (0.00ns)   --->   "%output_1_021_load_1 = load i32 %output_1_021" [codes_lab5/HLS_sources_final/templatedFuncs.h:218]   --->   Operation 312 'load' 'output_1_021_load_1' <Predicate = (!icmp_ln218)> <Delay = 0.00>
ST_15 : Operation 313 [1/1] (0.00ns)   --->   "%output_11_022_load_1 = load i32 %output_11_022" [codes_lab5/HLS_sources_final/templatedFuncs.h:218]   --->   Operation 313 'load' 'output_11_022_load_1' <Predicate = (icmp_ln218)> <Delay = 0.00>
ST_15 : Operation 314 [1/1] (0.00ns)   --->   "%output_10_023_load_1 = load i32 %output_10_023" [codes_lab5/HLS_sources_final/templatedFuncs.h:218]   --->   Operation 314 'load' 'output_10_023_load_1' <Predicate = (icmp_ln218)> <Delay = 0.00>
ST_15 : Operation 315 [1/1] (0.00ns)   --->   "%output_2_024_load_1 = load i32 %output_2_024" [codes_lab5/HLS_sources_final/templatedFuncs.h:218]   --->   Operation 315 'load' 'output_2_024_load_1' <Predicate = (!icmp_ln218)> <Delay = 0.00>
ST_15 : Operation 316 [1/1] (0.00ns)   --->   "%output_9_025_load_1 = load i32 %output_9_025" [codes_lab5/HLS_sources_final/templatedFuncs.h:218]   --->   Operation 316 'load' 'output_9_025_load_1' <Predicate = (icmp_ln218)> <Delay = 0.00>
ST_15 : Operation 317 [1/1] (0.00ns)   --->   "%output_8_026_load_1 = load i32 %output_8_026" [codes_lab5/HLS_sources_final/templatedFuncs.h:218]   --->   Operation 317 'load' 'output_8_026_load_1' <Predicate = (icmp_ln218)> <Delay = 0.00>
ST_15 : Operation 318 [1/1] (0.00ns)   --->   "%output_3_027_load_1 = load i32 %output_3_027" [codes_lab5/HLS_sources_final/templatedFuncs.h:218]   --->   Operation 318 'load' 'output_3_027_load_1' <Predicate = (!icmp_ln218)> <Delay = 0.00>
ST_15 : Operation 319 [1/1] (0.00ns)   --->   "%output_7_028_load_1 = load i32 %output_7_028" [codes_lab5/HLS_sources_final/templatedFuncs.h:218]   --->   Operation 319 'load' 'output_7_028_load_1' <Predicate = (!icmp_ln218)> <Delay = 0.00>
ST_15 : Operation 320 [1/1] (0.00ns)   --->   "%output_6_029_load_1 = load i32 %output_6_029" [codes_lab5/HLS_sources_final/templatedFuncs.h:218]   --->   Operation 320 'load' 'output_6_029_load_1' <Predicate = (!icmp_ln218)> <Delay = 0.00>
ST_15 : Operation 321 [1/1] (0.00ns)   --->   "%output_4_030_load_1 = load i32 %output_4_030" [codes_lab5/HLS_sources_final/templatedFuncs.h:218]   --->   Operation 321 'load' 'output_4_030_load_1' <Predicate = (!icmp_ln218)> <Delay = 0.00>
ST_15 : Operation 322 [1/1] (0.00ns)   --->   "%output_5_031_load_1 = load i32 %output_5_031" [codes_lab5/HLS_sources_final/templatedFuncs.h:218]   --->   Operation 322 'load' 'output_5_031_load_1' <Predicate = (!icmp_ln218)> <Delay = 0.00>
ST_15 : Operation 323 [1/1] (0.00ns)   --->   "%bitcast_ln73 = bitcast i32 %add32_lcssa10_load" [codes_lab5/HLS_sources_final/templatedFuncs.h:73]   --->   Operation 323 'bitcast' 'bitcast_ln73' <Predicate = true> <Delay = 0.00>
ST_15 : Operation 324 [1/1] (0.00ns)   --->   "%tmp = partselect i8 @_ssdm_op_PartSelect.i8.i32.i32.i32, i32 %bitcast_ln73, i32 23, i32 30" [codes_lab5/HLS_sources_final/templatedFuncs.h:73]   --->   Operation 324 'partselect' 'tmp' <Predicate = true> <Delay = 0.00>
ST_15 : Operation 325 [1/1] (0.00ns)   --->   "%trunc_ln73 = trunc i32 %bitcast_ln73" [codes_lab5/HLS_sources_final/templatedFuncs.h:73]   --->   Operation 325 'trunc' 'trunc_ln73' <Predicate = true> <Delay = 0.00>
ST_15 : Operation 326 [1/1] (1.55ns)   --->   "%icmp_ln73 = icmp_ne  i8 %tmp, i8 255" [codes_lab5/HLS_sources_final/templatedFuncs.h:73]   --->   Operation 326 'icmp' 'icmp_ln73' <Predicate = true> <Delay = 1.55> <CoreInst = "Cmp">   --->   Core 9 'Cmp' <Latency = 0> <II = 1> <Delay = 1.55> <FuncUnit> <Opcode : 'icmp'> <InPorts = 2> <OutPorts = 1>
ST_15 : Operation 327 [1/1] (2.44ns)   --->   "%icmp_ln73_2 = icmp_eq  i23 %trunc_ln73, i23 0" [codes_lab5/HLS_sources_final/templatedFuncs.h:73]   --->   Operation 327 'icmp' 'icmp_ln73_2' <Predicate = true> <Delay = 2.44> <CoreInst = "Cmp">   --->   Core 9 'Cmp' <Latency = 0> <II = 1> <Delay = 2.44> <FuncUnit> <Opcode : 'icmp'> <InPorts = 2> <OutPorts = 1>
ST_15 : Operation 328 [1/1] (0.00ns) (grouped into LUT with out node select_ln73)   --->   "%or_ln73 = or i1 %icmp_ln73_2, i1 %icmp_ln73" [codes_lab5/HLS_sources_final/templatedFuncs.h:73]   --->   Operation 328 'or' 'or_ln73' <Predicate = true> <Delay = 0.00> <CoreInst = "LogicGate">   --->   Core 74 'LogicGate' <Latency = 0> <II = 1> <Delay = 0.97> <FuncUnit> <Opcode : 'and' 'or' 'xor'> <InPorts = 2> <OutPorts = 1>
ST_15 : Operation 329 [1/2] (5.43ns)   --->   "%tmp_s = fcmp_olt  i32 %add32_lcssa10_load, i32 0" [codes_lab5/HLS_sources_final/templatedFuncs.h:73]   --->   Operation 329 'fcmp' 'tmp_s' <Predicate = true> <Delay = 5.43> <CoreInst = "FCompare">   --->   Core 19 'FCompare' <Latency = 1> <II = 1> <Delay = 5.43> <FuncUnit> <Opcode : 'fcmp'> <InPorts = 2> <OutPorts = 1>
ST_15 : Operation 330 [1/1] (0.00ns) (grouped into LUT with out node select_ln73)   --->   "%and_ln73 = and i1 %or_ln73, i1 %tmp_s" [codes_lab5/HLS_sources_final/templatedFuncs.h:73]   --->   Operation 330 'and' 'and_ln73' <Predicate = true> <Delay = 0.00> <CoreInst = "LogicGate">   --->   Core 74 'LogicGate' <Latency = 0> <II = 1> <Delay = 0.97> <FuncUnit> <Opcode : 'and' 'or' 'xor'> <InPorts = 2> <OutPorts = 1>
ST_15 : Operation 331 [1/1] (0.97ns) (out node of the LUT)   --->   "%select_ln73 = select i1 %and_ln73, i32 0, i32 %add32_lcssa10_load" [codes_lab5/HLS_sources_final/templatedFuncs.h:73]   --->   Operation 331 'select' 'select_ln73' <Predicate = true> <Delay = 0.97> <CoreInst = "Sel">   --->   Core 73 'Sel' <Latency = 0> <II = 1> <Delay = 0.69> <FuncUnit> <Opcode : 'select'> <InPorts = 3> <OutPorts = 1>
ST_15 : Operation 332 [1/1] (0.00ns)   --->   "%bitcast_ln73_1 = bitcast i32 %add32_1_lcssa12_load" [codes_lab5/HLS_sources_final/templatedFuncs.h:73]   --->   Operation 332 'bitcast' 'bitcast_ln73_1' <Predicate = true> <Delay = 0.00>
ST_15 : Operation 333 [1/1] (0.00ns)   --->   "%tmp_7 = partselect i8 @_ssdm_op_PartSelect.i8.i32.i32.i32, i32 %bitcast_ln73_1, i32 23, i32 30" [codes_lab5/HLS_sources_final/templatedFuncs.h:73]   --->   Operation 333 'partselect' 'tmp_7' <Predicate = true> <Delay = 0.00>
ST_15 : Operation 334 [1/1] (0.00ns)   --->   "%trunc_ln73_1 = trunc i32 %bitcast_ln73_1" [codes_lab5/HLS_sources_final/templatedFuncs.h:73]   --->   Operation 334 'trunc' 'trunc_ln73_1' <Predicate = true> <Delay = 0.00>
ST_15 : Operation 335 [1/1] (1.55ns)   --->   "%icmp_ln73_3 = icmp_ne  i8 %tmp_7, i8 255" [codes_lab5/HLS_sources_final/templatedFuncs.h:73]   --->   Operation 335 'icmp' 'icmp_ln73_3' <Predicate = true> <Delay = 1.55> <CoreInst = "Cmp">   --->   Core 9 'Cmp' <Latency = 0> <II = 1> <Delay = 1.55> <FuncUnit> <Opcode : 'icmp'> <InPorts = 2> <OutPorts = 1>
ST_15 : Operation 336 [1/1] (2.44ns)   --->   "%icmp_ln73_4 = icmp_eq  i23 %trunc_ln73_1, i23 0" [codes_lab5/HLS_sources_final/templatedFuncs.h:73]   --->   Operation 336 'icmp' 'icmp_ln73_4' <Predicate = true> <Delay = 2.44> <CoreInst = "Cmp">   --->   Core 9 'Cmp' <Latency = 0> <II = 1> <Delay = 2.44> <FuncUnit> <Opcode : 'icmp'> <InPorts = 2> <OutPorts = 1>
ST_15 : Operation 337 [1/1] (0.00ns) (grouped into LUT with out node select_ln73_1)   --->   "%or_ln73_1 = or i1 %icmp_ln73_4, i1 %icmp_ln73_3" [codes_lab5/HLS_sources_final/templatedFuncs.h:73]   --->   Operation 337 'or' 'or_ln73_1' <Predicate = true> <Delay = 0.00> <CoreInst = "LogicGate">   --->   Core 74 'LogicGate' <Latency = 0> <II = 1> <Delay = 0.97> <FuncUnit> <Opcode : 'and' 'or' 'xor'> <InPorts = 2> <OutPorts = 1>
ST_15 : Operation 338 [1/2] (5.43ns)   --->   "%tmp_8 = fcmp_olt  i32 %add32_1_lcssa12_load, i32 0" [codes_lab5/HLS_sources_final/templatedFuncs.h:73]   --->   Operation 338 'fcmp' 'tmp_8' <Predicate = true> <Delay = 5.43> <CoreInst = "FCompare">   --->   Core 19 'FCompare' <Latency = 1> <II = 1> <Delay = 5.43> <FuncUnit> <Opcode : 'fcmp'> <InPorts = 2> <OutPorts = 1>
ST_15 : Operation 339 [1/1] (0.00ns) (grouped into LUT with out node select_ln73_1)   --->   "%and_ln73_1 = and i1 %or_ln73_1, i1 %tmp_8" [codes_lab5/HLS_sources_final/templatedFuncs.h:73]   --->   Operation 339 'and' 'and_ln73_1' <Predicate = true> <Delay = 0.00> <CoreInst = "LogicGate">   --->   Core 74 'LogicGate' <Latency = 0> <II = 1> <Delay = 0.97> <FuncUnit> <Opcode : 'and' 'or' 'xor'> <InPorts = 2> <OutPorts = 1>
ST_15 : Operation 340 [1/1] (0.97ns) (out node of the LUT)   --->   "%select_ln73_1 = select i1 %and_ln73_1, i32 0, i32 %add32_1_lcssa12_load" [codes_lab5/HLS_sources_final/templatedFuncs.h:73]   --->   Operation 340 'select' 'select_ln73_1' <Predicate = true> <Delay = 0.97> <CoreInst = "Sel">   --->   Core 73 'Sel' <Latency = 0> <II = 1> <Delay = 0.69> <FuncUnit> <Opcode : 'select'> <InPorts = 3> <OutPorts = 1>
ST_15 : Operation 341 [1/1] (0.00ns)   --->   "%bitcast_ln73_2 = bitcast i32 %add32_2_lcssa14_load" [codes_lab5/HLS_sources_final/templatedFuncs.h:73]   --->   Operation 341 'bitcast' 'bitcast_ln73_2' <Predicate = true> <Delay = 0.00>
ST_15 : Operation 342 [1/1] (0.00ns)   --->   "%tmp_9 = partselect i8 @_ssdm_op_PartSelect.i8.i32.i32.i32, i32 %bitcast_ln73_2, i32 23, i32 30" [codes_lab5/HLS_sources_final/templatedFuncs.h:73]   --->   Operation 342 'partselect' 'tmp_9' <Predicate = true> <Delay = 0.00>
ST_15 : Operation 343 [1/1] (0.00ns)   --->   "%trunc_ln73_2 = trunc i32 %bitcast_ln73_2" [codes_lab5/HLS_sources_final/templatedFuncs.h:73]   --->   Operation 343 'trunc' 'trunc_ln73_2' <Predicate = true> <Delay = 0.00>
ST_15 : Operation 344 [1/1] (1.55ns)   --->   "%icmp_ln73_5 = icmp_ne  i8 %tmp_9, i8 255" [codes_lab5/HLS_sources_final/templatedFuncs.h:73]   --->   Operation 344 'icmp' 'icmp_ln73_5' <Predicate = true> <Delay = 1.55> <CoreInst = "Cmp">   --->   Core 9 'Cmp' <Latency = 0> <II = 1> <Delay = 1.55> <FuncUnit> <Opcode : 'icmp'> <InPorts = 2> <OutPorts = 1>
ST_15 : Operation 345 [1/1] (2.44ns)   --->   "%icmp_ln73_6 = icmp_eq  i23 %trunc_ln73_2, i23 0" [codes_lab5/HLS_sources_final/templatedFuncs.h:73]   --->   Operation 345 'icmp' 'icmp_ln73_6' <Predicate = true> <Delay = 2.44> <CoreInst = "Cmp">   --->   Core 9 'Cmp' <Latency = 0> <II = 1> <Delay = 2.44> <FuncUnit> <Opcode : 'icmp'> <InPorts = 2> <OutPorts = 1>
ST_15 : Operation 346 [1/1] (0.00ns) (grouped into LUT with out node select_ln73_2)   --->   "%or_ln73_2 = or i1 %icmp_ln73_6, i1 %icmp_ln73_5" [codes_lab5/HLS_sources_final/templatedFuncs.h:73]   --->   Operation 346 'or' 'or_ln73_2' <Predicate = true> <Delay = 0.00> <CoreInst = "LogicGate">   --->   Core 74 'LogicGate' <Latency = 0> <II = 1> <Delay = 0.97> <FuncUnit> <Opcode : 'and' 'or' 'xor'> <InPorts = 2> <OutPorts = 1>
ST_15 : Operation 347 [1/2] (5.43ns)   --->   "%tmp_10 = fcmp_olt  i32 %add32_2_lcssa14_load, i32 0" [codes_lab5/HLS_sources_final/templatedFuncs.h:73]   --->   Operation 347 'fcmp' 'tmp_10' <Predicate = true> <Delay = 5.43> <CoreInst = "FCompare">   --->   Core 19 'FCompare' <Latency = 1> <II = 1> <Delay = 5.43> <FuncUnit> <Opcode : 'fcmp'> <InPorts = 2> <OutPorts = 1>
ST_15 : Operation 348 [1/1] (0.00ns) (grouped into LUT with out node select_ln73_2)   --->   "%and_ln73_2 = and i1 %or_ln73_2, i1 %tmp_10" [codes_lab5/HLS_sources_final/templatedFuncs.h:73]   --->   Operation 348 'and' 'and_ln73_2' <Predicate = true> <Delay = 0.00> <CoreInst = "LogicGate">   --->   Core 74 'LogicGate' <Latency = 0> <II = 1> <Delay = 0.97> <FuncUnit> <Opcode : 'and' 'or' 'xor'> <InPorts = 2> <OutPorts = 1>
ST_15 : Operation 349 [1/1] (0.97ns) (out node of the LUT)   --->   "%select_ln73_2 = select i1 %and_ln73_2, i32 0, i32 %add32_2_lcssa14_load" [codes_lab5/HLS_sources_final/templatedFuncs.h:73]   --->   Operation 349 'select' 'select_ln73_2' <Predicate = true> <Delay = 0.97> <CoreInst = "Sel">   --->   Core 73 'Sel' <Latency = 0> <II = 1> <Delay = 0.69> <FuncUnit> <Opcode : 'select'> <InPorts = 3> <OutPorts = 1>
ST_15 : Operation 350 [1/1] (0.00ns)   --->   "%bitcast_ln73_3 = bitcast i32 %add32_3_lcssa16_load" [codes_lab5/HLS_sources_final/templatedFuncs.h:73]   --->   Operation 350 'bitcast' 'bitcast_ln73_3' <Predicate = true> <Delay = 0.00>
ST_15 : Operation 351 [1/1] (0.00ns)   --->   "%tmp_11 = partselect i8 @_ssdm_op_PartSelect.i8.i32.i32.i32, i32 %bitcast_ln73_3, i32 23, i32 30" [codes_lab5/HLS_sources_final/templatedFuncs.h:73]   --->   Operation 351 'partselect' 'tmp_11' <Predicate = true> <Delay = 0.00>
ST_15 : Operation 352 [1/1] (0.00ns)   --->   "%trunc_ln73_3 = trunc i32 %bitcast_ln73_3" [codes_lab5/HLS_sources_final/templatedFuncs.h:73]   --->   Operation 352 'trunc' 'trunc_ln73_3' <Predicate = true> <Delay = 0.00>
ST_15 : Operation 353 [1/1] (1.55ns)   --->   "%icmp_ln73_7 = icmp_ne  i8 %tmp_11, i8 255" [codes_lab5/HLS_sources_final/templatedFuncs.h:73]   --->   Operation 353 'icmp' 'icmp_ln73_7' <Predicate = true> <Delay = 1.55> <CoreInst = "Cmp">   --->   Core 9 'Cmp' <Latency = 0> <II = 1> <Delay = 1.55> <FuncUnit> <Opcode : 'icmp'> <InPorts = 2> <OutPorts = 1>
ST_15 : Operation 354 [1/1] (2.44ns)   --->   "%icmp_ln73_8 = icmp_eq  i23 %trunc_ln73_3, i23 0" [codes_lab5/HLS_sources_final/templatedFuncs.h:73]   --->   Operation 354 'icmp' 'icmp_ln73_8' <Predicate = true> <Delay = 2.44> <CoreInst = "Cmp">   --->   Core 9 'Cmp' <Latency = 0> <II = 1> <Delay = 2.44> <FuncUnit> <Opcode : 'icmp'> <InPorts = 2> <OutPorts = 1>
ST_15 : Operation 355 [1/1] (0.00ns) (grouped into LUT with out node select_ln73_3)   --->   "%or_ln73_3 = or i1 %icmp_ln73_8, i1 %icmp_ln73_7" [codes_lab5/HLS_sources_final/templatedFuncs.h:73]   --->   Operation 355 'or' 'or_ln73_3' <Predicate = true> <Delay = 0.00> <CoreInst = "LogicGate">   --->   Core 74 'LogicGate' <Latency = 0> <II = 1> <Delay = 0.97> <FuncUnit> <Opcode : 'and' 'or' 'xor'> <InPorts = 2> <OutPorts = 1>
ST_15 : Operation 356 [1/2] (5.43ns)   --->   "%tmp_12 = fcmp_olt  i32 %add32_3_lcssa16_load, i32 0" [codes_lab5/HLS_sources_final/templatedFuncs.h:73]   --->   Operation 356 'fcmp' 'tmp_12' <Predicate = true> <Delay = 5.43> <CoreInst = "FCompare">   --->   Core 19 'FCompare' <Latency = 1> <II = 1> <Delay = 5.43> <FuncUnit> <Opcode : 'fcmp'> <InPorts = 2> <OutPorts = 1>
ST_15 : Operation 357 [1/1] (0.00ns) (grouped into LUT with out node select_ln73_3)   --->   "%and_ln73_3 = and i1 %or_ln73_3, i1 %tmp_12" [codes_lab5/HLS_sources_final/templatedFuncs.h:73]   --->   Operation 357 'and' 'and_ln73_3' <Predicate = true> <Delay = 0.00> <CoreInst = "LogicGate">   --->   Core 74 'LogicGate' <Latency = 0> <II = 1> <Delay = 0.97> <FuncUnit> <Opcode : 'and' 'or' 'xor'> <InPorts = 2> <OutPorts = 1>
ST_15 : Operation 358 [1/1] (0.97ns) (out node of the LUT)   --->   "%select_ln73_3 = select i1 %and_ln73_3, i32 0, i32 %add32_3_lcssa16_load" [codes_lab5/HLS_sources_final/templatedFuncs.h:73]   --->   Operation 358 'select' 'select_ln73_3' <Predicate = true> <Delay = 0.97> <CoreInst = "Sel">   --->   Core 73 'Sel' <Latency = 0> <II = 1> <Delay = 0.69> <FuncUnit> <Opcode : 'select'> <InPorts = 3> <OutPorts = 1>
ST_15 : Operation 359 [1/1] (0.00ns)   --->   "%bitcast_ln73_4 = bitcast i32 %add32_4_lcssa18_load" [codes_lab5/HLS_sources_final/templatedFuncs.h:73]   --->   Operation 359 'bitcast' 'bitcast_ln73_4' <Predicate = true> <Delay = 0.00>
ST_15 : Operation 360 [1/1] (0.00ns)   --->   "%tmp_13 = partselect i8 @_ssdm_op_PartSelect.i8.i32.i32.i32, i32 %bitcast_ln73_4, i32 23, i32 30" [codes_lab5/HLS_sources_final/templatedFuncs.h:73]   --->   Operation 360 'partselect' 'tmp_13' <Predicate = true> <Delay = 0.00>
ST_15 : Operation 361 [1/1] (0.00ns)   --->   "%trunc_ln73_4 = trunc i32 %bitcast_ln73_4" [codes_lab5/HLS_sources_final/templatedFuncs.h:73]   --->   Operation 361 'trunc' 'trunc_ln73_4' <Predicate = true> <Delay = 0.00>
ST_15 : Operation 362 [1/1] (1.55ns)   --->   "%icmp_ln73_9 = icmp_ne  i8 %tmp_13, i8 255" [codes_lab5/HLS_sources_final/templatedFuncs.h:73]   --->   Operation 362 'icmp' 'icmp_ln73_9' <Predicate = true> <Delay = 1.55> <CoreInst = "Cmp">   --->   Core 9 'Cmp' <Latency = 0> <II = 1> <Delay = 1.55> <FuncUnit> <Opcode : 'icmp'> <InPorts = 2> <OutPorts = 1>
ST_15 : Operation 363 [1/1] (2.44ns)   --->   "%icmp_ln73_10 = icmp_eq  i23 %trunc_ln73_4, i23 0" [codes_lab5/HLS_sources_final/templatedFuncs.h:73]   --->   Operation 363 'icmp' 'icmp_ln73_10' <Predicate = true> <Delay = 2.44> <CoreInst = "Cmp">   --->   Core 9 'Cmp' <Latency = 0> <II = 1> <Delay = 2.44> <FuncUnit> <Opcode : 'icmp'> <InPorts = 2> <OutPorts = 1>
ST_15 : Operation 364 [1/1] (0.00ns) (grouped into LUT with out node select_ln73_4)   --->   "%or_ln73_4 = or i1 %icmp_ln73_10, i1 %icmp_ln73_9" [codes_lab5/HLS_sources_final/templatedFuncs.h:73]   --->   Operation 364 'or' 'or_ln73_4' <Predicate = true> <Delay = 0.00> <CoreInst = "LogicGate">   --->   Core 74 'LogicGate' <Latency = 0> <II = 1> <Delay = 0.97> <FuncUnit> <Opcode : 'and' 'or' 'xor'> <InPorts = 2> <OutPorts = 1>
ST_15 : Operation 365 [1/2] (5.43ns)   --->   "%tmp_14 = fcmp_olt  i32 %add32_4_lcssa18_load, i32 0" [codes_lab5/HLS_sources_final/templatedFuncs.h:73]   --->   Operation 365 'fcmp' 'tmp_14' <Predicate = true> <Delay = 5.43> <CoreInst = "FCompare">   --->   Core 19 'FCompare' <Latency = 1> <II = 1> <Delay = 5.43> <FuncUnit> <Opcode : 'fcmp'> <InPorts = 2> <OutPorts = 1>
ST_15 : Operation 366 [1/1] (0.00ns) (grouped into LUT with out node select_ln73_4)   --->   "%and_ln73_4 = and i1 %or_ln73_4, i1 %tmp_14" [codes_lab5/HLS_sources_final/templatedFuncs.h:73]   --->   Operation 366 'and' 'and_ln73_4' <Predicate = true> <Delay = 0.00> <CoreInst = "LogicGate">   --->   Core 74 'LogicGate' <Latency = 0> <II = 1> <Delay = 0.97> <FuncUnit> <Opcode : 'and' 'or' 'xor'> <InPorts = 2> <OutPorts = 1>
ST_15 : Operation 367 [1/1] (0.97ns) (out node of the LUT)   --->   "%select_ln73_4 = select i1 %and_ln73_4, i32 0, i32 %add32_4_lcssa18_load" [codes_lab5/HLS_sources_final/templatedFuncs.h:73]   --->   Operation 367 'select' 'select_ln73_4' <Predicate = true> <Delay = 0.97> <CoreInst = "Sel">   --->   Core 73 'Sel' <Latency = 0> <II = 1> <Delay = 0.69> <FuncUnit> <Opcode : 'select'> <InPorts = 3> <OutPorts = 1>
ST_15 : Operation 368 [1/1] (0.00ns)   --->   "%bitcast_ln73_5 = bitcast i32 %add32_5_lcssa20_load" [codes_lab5/HLS_sources_final/templatedFuncs.h:73]   --->   Operation 368 'bitcast' 'bitcast_ln73_5' <Predicate = true> <Delay = 0.00>
ST_15 : Operation 369 [1/1] (0.00ns)   --->   "%tmp_15 = partselect i8 @_ssdm_op_PartSelect.i8.i32.i32.i32, i32 %bitcast_ln73_5, i32 23, i32 30" [codes_lab5/HLS_sources_final/templatedFuncs.h:73]   --->   Operation 369 'partselect' 'tmp_15' <Predicate = true> <Delay = 0.00>
ST_15 : Operation 370 [1/1] (0.00ns)   --->   "%trunc_ln73_5 = trunc i32 %bitcast_ln73_5" [codes_lab5/HLS_sources_final/templatedFuncs.h:73]   --->   Operation 370 'trunc' 'trunc_ln73_5' <Predicate = true> <Delay = 0.00>
ST_15 : Operation 371 [1/1] (1.55ns)   --->   "%icmp_ln73_11 = icmp_ne  i8 %tmp_15, i8 255" [codes_lab5/HLS_sources_final/templatedFuncs.h:73]   --->   Operation 371 'icmp' 'icmp_ln73_11' <Predicate = true> <Delay = 1.55> <CoreInst = "Cmp">   --->   Core 9 'Cmp' <Latency = 0> <II = 1> <Delay = 1.55> <FuncUnit> <Opcode : 'icmp'> <InPorts = 2> <OutPorts = 1>
ST_15 : Operation 372 [1/1] (2.44ns)   --->   "%icmp_ln73_12 = icmp_eq  i23 %trunc_ln73_5, i23 0" [codes_lab5/HLS_sources_final/templatedFuncs.h:73]   --->   Operation 372 'icmp' 'icmp_ln73_12' <Predicate = true> <Delay = 2.44> <CoreInst = "Cmp">   --->   Core 9 'Cmp' <Latency = 0> <II = 1> <Delay = 2.44> <FuncUnit> <Opcode : 'icmp'> <InPorts = 2> <OutPorts = 1>
ST_15 : Operation 373 [1/1] (0.00ns) (grouped into LUT with out node select_ln73_5)   --->   "%or_ln73_5 = or i1 %icmp_ln73_12, i1 %icmp_ln73_11" [codes_lab5/HLS_sources_final/templatedFuncs.h:73]   --->   Operation 373 'or' 'or_ln73_5' <Predicate = true> <Delay = 0.00> <CoreInst = "LogicGate">   --->   Core 74 'LogicGate' <Latency = 0> <II = 1> <Delay = 0.97> <FuncUnit> <Opcode : 'and' 'or' 'xor'> <InPorts = 2> <OutPorts = 1>
ST_15 : Operation 374 [1/2] (5.43ns)   --->   "%tmp_16 = fcmp_olt  i32 %add32_5_lcssa20_load, i32 0" [codes_lab5/HLS_sources_final/templatedFuncs.h:73]   --->   Operation 374 'fcmp' 'tmp_16' <Predicate = true> <Delay = 5.43> <CoreInst = "FCompare">   --->   Core 19 'FCompare' <Latency = 1> <II = 1> <Delay = 5.43> <FuncUnit> <Opcode : 'fcmp'> <InPorts = 2> <OutPorts = 1>
ST_15 : Operation 375 [1/1] (0.00ns) (grouped into LUT with out node select_ln73_5)   --->   "%and_ln73_5 = and i1 %or_ln73_5, i1 %tmp_16" [codes_lab5/HLS_sources_final/templatedFuncs.h:73]   --->   Operation 375 'and' 'and_ln73_5' <Predicate = true> <Delay = 0.00> <CoreInst = "LogicGate">   --->   Core 74 'LogicGate' <Latency = 0> <II = 1> <Delay = 0.97> <FuncUnit> <Opcode : 'and' 'or' 'xor'> <InPorts = 2> <OutPorts = 1>
ST_15 : Operation 376 [1/1] (0.97ns) (out node of the LUT)   --->   "%select_ln73_5 = select i1 %and_ln73_5, i32 0, i32 %add32_5_lcssa20_load" [codes_lab5/HLS_sources_final/templatedFuncs.h:73]   --->   Operation 376 'select' 'select_ln73_5' <Predicate = true> <Delay = 0.97> <CoreInst = "Sel">   --->   Core 73 'Sel' <Latency = 0> <II = 1> <Delay = 0.69> <FuncUnit> <Opcode : 'select'> <InPorts = 3> <OutPorts = 1>
ST_15 : Operation 377 [1/1] (0.00ns)   --->   "%bitcast_ln73_6 = bitcast i32 %add32_6_lcssa22_load" [codes_lab5/HLS_sources_final/templatedFuncs.h:73]   --->   Operation 377 'bitcast' 'bitcast_ln73_6' <Predicate = true> <Delay = 0.00>
ST_15 : Operation 378 [1/1] (0.00ns)   --->   "%tmp_17 = partselect i8 @_ssdm_op_PartSelect.i8.i32.i32.i32, i32 %bitcast_ln73_6, i32 23, i32 30" [codes_lab5/HLS_sources_final/templatedFuncs.h:73]   --->   Operation 378 'partselect' 'tmp_17' <Predicate = true> <Delay = 0.00>
ST_15 : Operation 379 [1/1] (0.00ns)   --->   "%trunc_ln73_6 = trunc i32 %bitcast_ln73_6" [codes_lab5/HLS_sources_final/templatedFuncs.h:73]   --->   Operation 379 'trunc' 'trunc_ln73_6' <Predicate = true> <Delay = 0.00>
ST_15 : Operation 380 [1/1] (1.55ns)   --->   "%icmp_ln73_13 = icmp_ne  i8 %tmp_17, i8 255" [codes_lab5/HLS_sources_final/templatedFuncs.h:73]   --->   Operation 380 'icmp' 'icmp_ln73_13' <Predicate = true> <Delay = 1.55> <CoreInst = "Cmp">   --->   Core 9 'Cmp' <Latency = 0> <II = 1> <Delay = 1.55> <FuncUnit> <Opcode : 'icmp'> <InPorts = 2> <OutPorts = 1>
ST_15 : Operation 381 [1/1] (2.44ns)   --->   "%icmp_ln73_14 = icmp_eq  i23 %trunc_ln73_6, i23 0" [codes_lab5/HLS_sources_final/templatedFuncs.h:73]   --->   Operation 381 'icmp' 'icmp_ln73_14' <Predicate = true> <Delay = 2.44> <CoreInst = "Cmp">   --->   Core 9 'Cmp' <Latency = 0> <II = 1> <Delay = 2.44> <FuncUnit> <Opcode : 'icmp'> <InPorts = 2> <OutPorts = 1>
ST_15 : Operation 382 [1/1] (0.00ns) (grouped into LUT with out node select_ln73_6)   --->   "%or_ln73_6 = or i1 %icmp_ln73_14, i1 %icmp_ln73_13" [codes_lab5/HLS_sources_final/templatedFuncs.h:73]   --->   Operation 382 'or' 'or_ln73_6' <Predicate = true> <Delay = 0.00> <CoreInst = "LogicGate">   --->   Core 74 'LogicGate' <Latency = 0> <II = 1> <Delay = 0.97> <FuncUnit> <Opcode : 'and' 'or' 'xor'> <InPorts = 2> <OutPorts = 1>
ST_15 : Operation 383 [1/2] (5.43ns)   --->   "%tmp_18 = fcmp_olt  i32 %add32_6_lcssa22_load, i32 0" [codes_lab5/HLS_sources_final/templatedFuncs.h:73]   --->   Operation 383 'fcmp' 'tmp_18' <Predicate = true> <Delay = 5.43> <CoreInst = "FCompare">   --->   Core 19 'FCompare' <Latency = 1> <II = 1> <Delay = 5.43> <FuncUnit> <Opcode : 'fcmp'> <InPorts = 2> <OutPorts = 1>
ST_15 : Operation 384 [1/1] (0.00ns) (grouped into LUT with out node select_ln73_6)   --->   "%and_ln73_6 = and i1 %or_ln73_6, i1 %tmp_18" [codes_lab5/HLS_sources_final/templatedFuncs.h:73]   --->   Operation 384 'and' 'and_ln73_6' <Predicate = true> <Delay = 0.00> <CoreInst = "LogicGate">   --->   Core 74 'LogicGate' <Latency = 0> <II = 1> <Delay = 0.97> <FuncUnit> <Opcode : 'and' 'or' 'xor'> <InPorts = 2> <OutPorts = 1>
ST_15 : Operation 385 [1/1] (0.97ns) (out node of the LUT)   --->   "%select_ln73_6 = select i1 %and_ln73_6, i32 0, i32 %add32_6_lcssa22_load" [codes_lab5/HLS_sources_final/templatedFuncs.h:73]   --->   Operation 385 'select' 'select_ln73_6' <Predicate = true> <Delay = 0.97> <CoreInst = "Sel">   --->   Core 73 'Sel' <Latency = 0> <II = 1> <Delay = 0.69> <FuncUnit> <Opcode : 'select'> <InPorts = 3> <OutPorts = 1>
ST_15 : Operation 386 [1/1] (0.00ns)   --->   "%bitcast_ln73_7 = bitcast i32 %add32_7_lcssa24_load" [codes_lab5/HLS_sources_final/templatedFuncs.h:73]   --->   Operation 386 'bitcast' 'bitcast_ln73_7' <Predicate = true> <Delay = 0.00>
ST_15 : Operation 387 [1/1] (0.00ns)   --->   "%tmp_19 = partselect i8 @_ssdm_op_PartSelect.i8.i32.i32.i32, i32 %bitcast_ln73_7, i32 23, i32 30" [codes_lab5/HLS_sources_final/templatedFuncs.h:73]   --->   Operation 387 'partselect' 'tmp_19' <Predicate = true> <Delay = 0.00>
ST_15 : Operation 388 [1/1] (0.00ns)   --->   "%trunc_ln73_7 = trunc i32 %bitcast_ln73_7" [codes_lab5/HLS_sources_final/templatedFuncs.h:73]   --->   Operation 388 'trunc' 'trunc_ln73_7' <Predicate = true> <Delay = 0.00>
ST_15 : Operation 389 [1/1] (1.55ns)   --->   "%icmp_ln73_15 = icmp_ne  i8 %tmp_19, i8 255" [codes_lab5/HLS_sources_final/templatedFuncs.h:73]   --->   Operation 389 'icmp' 'icmp_ln73_15' <Predicate = true> <Delay = 1.55> <CoreInst = "Cmp">   --->   Core 9 'Cmp' <Latency = 0> <II = 1> <Delay = 1.55> <FuncUnit> <Opcode : 'icmp'> <InPorts = 2> <OutPorts = 1>
ST_15 : Operation 390 [1/1] (2.44ns)   --->   "%icmp_ln73_16 = icmp_eq  i23 %trunc_ln73_7, i23 0" [codes_lab5/HLS_sources_final/templatedFuncs.h:73]   --->   Operation 390 'icmp' 'icmp_ln73_16' <Predicate = true> <Delay = 2.44> <CoreInst = "Cmp">   --->   Core 9 'Cmp' <Latency = 0> <II = 1> <Delay = 2.44> <FuncUnit> <Opcode : 'icmp'> <InPorts = 2> <OutPorts = 1>
ST_15 : Operation 391 [1/1] (0.00ns) (grouped into LUT with out node select_ln73_7)   --->   "%or_ln73_7 = or i1 %icmp_ln73_16, i1 %icmp_ln73_15" [codes_lab5/HLS_sources_final/templatedFuncs.h:73]   --->   Operation 391 'or' 'or_ln73_7' <Predicate = true> <Delay = 0.00> <CoreInst = "LogicGate">   --->   Core 74 'LogicGate' <Latency = 0> <II = 1> <Delay = 0.97> <FuncUnit> <Opcode : 'and' 'or' 'xor'> <InPorts = 2> <OutPorts = 1>
ST_15 : Operation 392 [1/2] (5.43ns)   --->   "%tmp_20 = fcmp_olt  i32 %add32_7_lcssa24_load, i32 0" [codes_lab5/HLS_sources_final/templatedFuncs.h:73]   --->   Operation 392 'fcmp' 'tmp_20' <Predicate = true> <Delay = 5.43> <CoreInst = "FCompare">   --->   Core 19 'FCompare' <Latency = 1> <II = 1> <Delay = 5.43> <FuncUnit> <Opcode : 'fcmp'> <InPorts = 2> <OutPorts = 1>
ST_15 : Operation 393 [1/1] (0.00ns) (grouped into LUT with out node select_ln73_7)   --->   "%and_ln73_7 = and i1 %or_ln73_7, i1 %tmp_20" [codes_lab5/HLS_sources_final/templatedFuncs.h:73]   --->   Operation 393 'and' 'and_ln73_7' <Predicate = true> <Delay = 0.00> <CoreInst = "LogicGate">   --->   Core 74 'LogicGate' <Latency = 0> <II = 1> <Delay = 0.97> <FuncUnit> <Opcode : 'and' 'or' 'xor'> <InPorts = 2> <OutPorts = 1>
ST_15 : Operation 394 [1/1] (0.97ns) (out node of the LUT)   --->   "%select_ln73_7 = select i1 %and_ln73_7, i32 0, i32 %add32_7_lcssa24_load" [codes_lab5/HLS_sources_final/templatedFuncs.h:73]   --->   Operation 394 'select' 'select_ln73_7' <Predicate = true> <Delay = 0.97> <CoreInst = "Sel">   --->   Core 73 'Sel' <Latency = 0> <II = 1> <Delay = 0.69> <FuncUnit> <Opcode : 'select'> <InPorts = 3> <OutPorts = 1>
ST_15 : Operation 395 [1/1] (0.69ns)   --->   "%select_ln218 = select i1 %icmp_ln218, i32 %select_ln73_5, i32 %output_5_031_load_1" [codes_lab5/HLS_sources_final/templatedFuncs.h:218]   --->   Operation 395 'select' 'select_ln218' <Predicate = true> <Delay = 0.69> <CoreInst = "Sel">   --->   Core 73 'Sel' <Latency = 0> <II = 1> <Delay = 0.69> <FuncUnit> <Opcode : 'select'> <InPorts = 3> <OutPorts = 1>
ST_15 : Operation 396 [1/1] (0.69ns)   --->   "%select_ln218_1 = select i1 %icmp_ln218, i32 %select_ln73_4, i32 %output_4_030_load_1" [codes_lab5/HLS_sources_final/templatedFuncs.h:218]   --->   Operation 396 'select' 'select_ln218_1' <Predicate = true> <Delay = 0.69> <CoreInst = "Sel">   --->   Core 73 'Sel' <Latency = 0> <II = 1> <Delay = 0.69> <FuncUnit> <Opcode : 'select'> <InPorts = 3> <OutPorts = 1>
ST_15 : Operation 397 [1/1] (0.69ns)   --->   "%select_ln218_2 = select i1 %icmp_ln218, i32 %select_ln73_6, i32 %output_6_029_load_1" [codes_lab5/HLS_sources_final/templatedFuncs.h:218]   --->   Operation 397 'select' 'select_ln218_2' <Predicate = true> <Delay = 0.69> <CoreInst = "Sel">   --->   Core 73 'Sel' <Latency = 0> <II = 1> <Delay = 0.69> <FuncUnit> <Opcode : 'select'> <InPorts = 3> <OutPorts = 1>
ST_15 : Operation 398 [1/1] (0.69ns)   --->   "%select_ln218_3 = select i1 %icmp_ln218, i32 %select_ln73_7, i32 %output_7_028_load_1" [codes_lab5/HLS_sources_final/templatedFuncs.h:218]   --->   Operation 398 'select' 'select_ln218_3' <Predicate = true> <Delay = 0.69> <CoreInst = "Sel">   --->   Core 73 'Sel' <Latency = 0> <II = 1> <Delay = 0.69> <FuncUnit> <Opcode : 'select'> <InPorts = 3> <OutPorts = 1>
ST_15 : Operation 399 [1/1] (0.69ns)   --->   "%select_ln218_4 = select i1 %icmp_ln218, i32 %select_ln73_3, i32 %output_3_027_load_1" [codes_lab5/HLS_sources_final/templatedFuncs.h:218]   --->   Operation 399 'select' 'select_ln218_4' <Predicate = true> <Delay = 0.69> <CoreInst = "Sel">   --->   Core 73 'Sel' <Latency = 0> <II = 1> <Delay = 0.69> <FuncUnit> <Opcode : 'select'> <InPorts = 3> <OutPorts = 1>
ST_15 : Operation 400 [1/1] (0.69ns)   --->   "%select_ln218_5 = select i1 %icmp_ln218, i32 %output_8_026_load_1, i32 %select_ln73" [codes_lab5/HLS_sources_final/templatedFuncs.h:218]   --->   Operation 400 'select' 'select_ln218_5' <Predicate = true> <Delay = 0.69> <CoreInst = "Sel">   --->   Core 73 'Sel' <Latency = 0> <II = 1> <Delay = 0.69> <FuncUnit> <Opcode : 'select'> <InPorts = 3> <OutPorts = 1>
ST_15 : Operation 401 [1/1] (0.69ns)   --->   "%select_ln218_6 = select i1 %icmp_ln218, i32 %output_9_025_load_1, i32 %select_ln73_1" [codes_lab5/HLS_sources_final/templatedFuncs.h:218]   --->   Operation 401 'select' 'select_ln218_6' <Predicate = true> <Delay = 0.69> <CoreInst = "Sel">   --->   Core 73 'Sel' <Latency = 0> <II = 1> <Delay = 0.69> <FuncUnit> <Opcode : 'select'> <InPorts = 3> <OutPorts = 1>
ST_15 : Operation 402 [1/1] (0.69ns)   --->   "%select_ln218_7 = select i1 %icmp_ln218, i32 %select_ln73_2, i32 %output_2_024_load_1" [codes_lab5/HLS_sources_final/templatedFuncs.h:218]   --->   Operation 402 'select' 'select_ln218_7' <Predicate = true> <Delay = 0.69> <CoreInst = "Sel">   --->   Core 73 'Sel' <Latency = 0> <II = 1> <Delay = 0.69> <FuncUnit> <Opcode : 'select'> <InPorts = 3> <OutPorts = 1>
ST_15 : Operation 403 [1/1] (0.69ns)   --->   "%select_ln218_8 = select i1 %icmp_ln218, i32 %output_10_023_load_1, i32 %select_ln73_2" [codes_lab5/HLS_sources_final/templatedFuncs.h:218]   --->   Operation 403 'select' 'select_ln218_8' <Predicate = true> <Delay = 0.69> <CoreInst = "Sel">   --->   Core 73 'Sel' <Latency = 0> <II = 1> <Delay = 0.69> <FuncUnit> <Opcode : 'select'> <InPorts = 3> <OutPorts = 1>
ST_15 : Operation 404 [1/1] (0.69ns)   --->   "%select_ln218_9 = select i1 %icmp_ln218, i32 %output_11_022_load_1, i32 %select_ln73_3" [codes_lab5/HLS_sources_final/templatedFuncs.h:218]   --->   Operation 404 'select' 'select_ln218_9' <Predicate = true> <Delay = 0.69> <CoreInst = "Sel">   --->   Core 73 'Sel' <Latency = 0> <II = 1> <Delay = 0.69> <FuncUnit> <Opcode : 'select'> <InPorts = 3> <OutPorts = 1>
ST_15 : Operation 405 [1/1] (0.69ns)   --->   "%select_ln218_10 = select i1 %icmp_ln218, i32 %select_ln73_1, i32 %output_1_021_load_1" [codes_lab5/HLS_sources_final/templatedFuncs.h:218]   --->   Operation 405 'select' 'select_ln218_10' <Predicate = true> <Delay = 0.69> <CoreInst = "Sel">   --->   Core 73 'Sel' <Latency = 0> <II = 1> <Delay = 0.69> <FuncUnit> <Opcode : 'select'> <InPorts = 3> <OutPorts = 1>
ST_15 : Operation 406 [1/1] (0.69ns)   --->   "%select_ln218_11 = select i1 %icmp_ln218, i32 %output_12_020_load_1, i32 %select_ln73_4" [codes_lab5/HLS_sources_final/templatedFuncs.h:218]   --->   Operation 406 'select' 'select_ln218_11' <Predicate = true> <Delay = 0.69> <CoreInst = "Sel">   --->   Core 73 'Sel' <Latency = 0> <II = 1> <Delay = 0.69> <FuncUnit> <Opcode : 'select'> <InPorts = 3> <OutPorts = 1>
ST_15 : Operation 407 [1/1] (0.69ns)   --->   "%select_ln218_12 = select i1 %icmp_ln218, i32 %output_13_019_load_1, i32 %select_ln73_5" [codes_lab5/HLS_sources_final/templatedFuncs.h:218]   --->   Operation 407 'select' 'select_ln218_12' <Predicate = true> <Delay = 0.69> <CoreInst = "Sel">   --->   Core 73 'Sel' <Latency = 0> <II = 1> <Delay = 0.69> <FuncUnit> <Opcode : 'select'> <InPorts = 3> <OutPorts = 1>
ST_15 : Operation 408 [1/1] (0.69ns)   --->   "%select_ln218_13 = select i1 %icmp_ln218, i32 %select_ln73, i32 %output_0_018_load_1" [codes_lab5/HLS_sources_final/templatedFuncs.h:218]   --->   Operation 408 'select' 'select_ln218_13' <Predicate = true> <Delay = 0.69> <CoreInst = "Sel">   --->   Core 73 'Sel' <Latency = 0> <II = 1> <Delay = 0.69> <FuncUnit> <Opcode : 'select'> <InPorts = 3> <OutPorts = 1>
ST_15 : Operation 409 [1/1] (0.69ns)   --->   "%select_ln218_14 = select i1 %icmp_ln218, i32 %output_1445_017_load_1, i32 %select_ln73_6" [codes_lab5/HLS_sources_final/templatedFuncs.h:218]   --->   Operation 409 'select' 'select_ln218_14' <Predicate = true> <Delay = 0.69> <CoreInst = "Sel">   --->   Core 73 'Sel' <Latency = 0> <II = 1> <Delay = 0.69> <FuncUnit> <Opcode : 'select'> <InPorts = 3> <OutPorts = 1>
ST_15 : Operation 410 [1/1] (0.69ns)   --->   "%select_ln218_15 = select i1 %icmp_ln218, i32 %output_15_016_load_1, i32 %select_ln73_7" [codes_lab5/HLS_sources_final/templatedFuncs.h:218]   --->   Operation 410 'select' 'select_ln218_15' <Predicate = true> <Delay = 0.69> <CoreInst = "Sel">   --->   Core 73 'Sel' <Latency = 0> <II = 1> <Delay = 0.69> <FuncUnit> <Opcode : 'select'> <InPorts = 3> <OutPorts = 1>
ST_15 : Operation 411 [1/1] (0.00ns)   --->   "%store_ln195 = store i32 %select_ln218, i32 %output_5_031" [codes_lab5/HLS_sources_final/templatedFuncs.h:195]   --->   Operation 411 'store' 'store_ln195' <Predicate = true> <Delay = 0.00>
ST_15 : Operation 412 [1/1] (0.00ns)   --->   "%store_ln195 = store i32 %select_ln218_1, i32 %output_4_030" [codes_lab5/HLS_sources_final/templatedFuncs.h:195]   --->   Operation 412 'store' 'store_ln195' <Predicate = true> <Delay = 0.00>
ST_15 : Operation 413 [1/1] (0.00ns)   --->   "%store_ln195 = store i32 %select_ln218_2, i32 %output_6_029" [codes_lab5/HLS_sources_final/templatedFuncs.h:195]   --->   Operation 413 'store' 'store_ln195' <Predicate = true> <Delay = 0.00>
ST_15 : Operation 414 [1/1] (0.00ns)   --->   "%store_ln195 = store i32 %select_ln218_3, i32 %output_7_028" [codes_lab5/HLS_sources_final/templatedFuncs.h:195]   --->   Operation 414 'store' 'store_ln195' <Predicate = true> <Delay = 0.00>
ST_15 : Operation 415 [1/1] (0.00ns)   --->   "%store_ln195 = store i32 %select_ln218_4, i32 %output_3_027" [codes_lab5/HLS_sources_final/templatedFuncs.h:195]   --->   Operation 415 'store' 'store_ln195' <Predicate = true> <Delay = 0.00>
ST_15 : Operation 416 [1/1] (0.00ns)   --->   "%store_ln195 = store i32 %select_ln218_5, i32 %output_8_026" [codes_lab5/HLS_sources_final/templatedFuncs.h:195]   --->   Operation 416 'store' 'store_ln195' <Predicate = true> <Delay = 0.00>
ST_15 : Operation 417 [1/1] (0.00ns)   --->   "%store_ln195 = store i32 %select_ln218_6, i32 %output_9_025" [codes_lab5/HLS_sources_final/templatedFuncs.h:195]   --->   Operation 417 'store' 'store_ln195' <Predicate = true> <Delay = 0.00>
ST_15 : Operation 418 [1/1] (0.00ns)   --->   "%store_ln195 = store i32 %select_ln218_7, i32 %output_2_024" [codes_lab5/HLS_sources_final/templatedFuncs.h:195]   --->   Operation 418 'store' 'store_ln195' <Predicate = true> <Delay = 0.00>
ST_15 : Operation 419 [1/1] (0.00ns)   --->   "%store_ln195 = store i32 %select_ln218_8, i32 %output_10_023" [codes_lab5/HLS_sources_final/templatedFuncs.h:195]   --->   Operation 419 'store' 'store_ln195' <Predicate = true> <Delay = 0.00>
ST_15 : Operation 420 [1/1] (0.00ns)   --->   "%store_ln195 = store i32 %select_ln218_9, i32 %output_11_022" [codes_lab5/HLS_sources_final/templatedFuncs.h:195]   --->   Operation 420 'store' 'store_ln195' <Predicate = true> <Delay = 0.00>
ST_15 : Operation 421 [1/1] (0.00ns)   --->   "%store_ln195 = store i32 %select_ln218_10, i32 %output_1_021" [codes_lab5/HLS_sources_final/templatedFuncs.h:195]   --->   Operation 421 'store' 'store_ln195' <Predicate = true> <Delay = 0.00>
ST_15 : Operation 422 [1/1] (0.00ns)   --->   "%store_ln195 = store i32 %select_ln218_11, i32 %output_12_020" [codes_lab5/HLS_sources_final/templatedFuncs.h:195]   --->   Operation 422 'store' 'store_ln195' <Predicate = true> <Delay = 0.00>
ST_15 : Operation 423 [1/1] (0.00ns)   --->   "%store_ln195 = store i32 %select_ln218_12, i32 %output_13_019" [codes_lab5/HLS_sources_final/templatedFuncs.h:195]   --->   Operation 423 'store' 'store_ln195' <Predicate = true> <Delay = 0.00>
ST_15 : Operation 424 [1/1] (0.00ns)   --->   "%store_ln195 = store i32 %select_ln218_13, i32 %output_0_018" [codes_lab5/HLS_sources_final/templatedFuncs.h:195]   --->   Operation 424 'store' 'store_ln195' <Predicate = true> <Delay = 0.00>
ST_15 : Operation 425 [1/1] (0.00ns)   --->   "%store_ln195 = store i32 %select_ln218_14, i32 %output_1445_017" [codes_lab5/HLS_sources_final/templatedFuncs.h:195]   --->   Operation 425 'store' 'store_ln195' <Predicate = true> <Delay = 0.00>
ST_15 : Operation 426 [1/1] (0.00ns)   --->   "%store_ln195 = store i32 %select_ln218_15, i32 %output_15_016" [codes_lab5/HLS_sources_final/templatedFuncs.h:195]   --->   Operation 426 'store' 'store_ln195' <Predicate = true> <Delay = 0.00>
ST_15 : Operation 427 [1/1] (0.00ns)   --->   "%br_ln195 = br void %VITIS_LOOP_198_1" [codes_lab5/HLS_sources_final/templatedFuncs.h:195]   --->   Operation 427 'br' 'br_ln195' <Predicate = true> <Delay = 0.00>


============================================================
+ Verbose Summary: Binding
============================================================
STG Binding: 
---------------- STG Properties BEGIN ----------------
- Is combinational: 0
- Is one-state seq: 0
- Is datapath-only: 0
- Is pipelined: 0
- Is top level: 0
Port [ Return ] is wired: 1; IO mode=ap_ctrl_hs:ce=0
Port [ input_r]:  wired=1; compound=1; hidden=0; nouse=0; global=0; static=0; extern=0; dir=0; type=1; pingpong=1; private_global=0; MemPort=[13]; IO mode=ap_memory:ce=0
Port [ fc1_bias]:  wired=0; compound=1; hidden=1; nouse=0; global=1; static=1; extern=0; dir=0; type=1; pingpong=0; private_global=1; MemPort=[11111111]; IO mode=ap_memory:ce=0
Port [ fc1_weight]:  wired=0; compound=1; hidden=1; nouse=0; global=1; static=1; extern=0; dir=0; type=1; pingpong=0; private_global=1; MemPort=[11111111]; IO mode=ap_memory:ce=0
---------------- STG Properties END ------------------

---------------- Datapath Model BEGIN ----------------

<LifeTime>
<method=bitvector/>
turn                   (alloca           ) [ 0111111111111111]
output_15_016          (alloca           ) [ 0011111111111111]
output_1445_017        (alloca           ) [ 0011111111111111]
output_0_018           (alloca           ) [ 0011111111111111]
output_13_019          (alloca           ) [ 0011111111111111]
output_12_020          (alloca           ) [ 0011111111111111]
output_1_021           (alloca           ) [ 0011111111111111]
output_11_022          (alloca           ) [ 0011111111111111]
output_10_023          (alloca           ) [ 0011111111111111]
output_2_024           (alloca           ) [ 0011111111111111]
output_9_025           (alloca           ) [ 0011111111111111]
output_8_026           (alloca           ) [ 0011111111111111]
output_3_027           (alloca           ) [ 0011111111111111]
output_7_028           (alloca           ) [ 0011111111111111]
output_6_029           (alloca           ) [ 0011111111111111]
output_4_030           (alloca           ) [ 0011111111111111]
output_5_031           (alloca           ) [ 0011111111111111]
add32_lcssa10          (alloca           ) [ 0011111111111111]
add32_1_lcssa12        (alloca           ) [ 0011111111111111]
add32_2_lcssa14        (alloca           ) [ 0011111111111111]
add32_3_lcssa16        (alloca           ) [ 0011111111111111]
add32_4_lcssa18        (alloca           ) [ 0011111111111111]
add32_5_lcssa20        (alloca           ) [ 0011111111111111]
add32_6_lcssa22        (alloca           ) [ 0011111111111111]
add32_7_lcssa24        (alloca           ) [ 0011111111111111]
store_ln195            (store            ) [ 0000000000000000]
br_ln195               (br               ) [ 0000000000000000]
turn_2                 (load             ) [ 0000000000000000]
icmp_ln195             (icmp             ) [ 0011111111111111]
empty                  (speclooptripcount) [ 0000000000000000]
add_ln195              (add              ) [ 0001111111111110]
br_ln195               (br               ) [ 0000000000000000]
trunc_ln218            (trunc            ) [ 0000000000000000]
shl_ln                 (bitconcatenate   ) [ 0001111111111110]
trunc_ln218_cast       (zext             ) [ 0000000000000000]
fc1_bias_addr          (getelementptr    ) [ 0001000000000000]
empty_133              (or               ) [ 0001000000000000]
p_cast                 (zext             ) [ 0000000000000000]
fc1_bias_addr_1        (getelementptr    ) [ 0001000000000000]
empty_134              (or               ) [ 0001000000000000]
p_cast1                (zext             ) [ 0000000000000000]
fc1_bias_addr_2        (getelementptr    ) [ 0001000000000000]
empty_135              (or               ) [ 0001000000000000]
p_cast2                (zext             ) [ 0000000000000000]
fc1_bias_addr_3        (getelementptr    ) [ 0001000000000000]
empty_136              (or               ) [ 0001000000000000]
p_cast3                (zext             ) [ 0000000000000000]
fc1_bias_addr_4        (getelementptr    ) [ 0001000000000000]
empty_137              (or               ) [ 0001000000000000]
p_cast4                (zext             ) [ 0000000000000000]
fc1_bias_addr_5        (getelementptr    ) [ 0001000000000000]
empty_138              (or               ) [ 0001000000000000]
p_cast5                (zext             ) [ 0000000000000000]
fc1_bias_addr_6        (getelementptr    ) [ 0001000000000000]
empty_139              (or               ) [ 0001000000000000]
p_cast6                (zext             ) [ 0000000000000000]
fc1_bias_addr_7        (getelementptr    ) [ 0001000000000000]
output_15_016_load     (load             ) [ 0000000000000000]
output_1445_017_load   (load             ) [ 0000000000000000]
output_0_018_load      (load             ) [ 0000000000000000]
output_13_019_load     (load             ) [ 0000000000000000]
output_12_020_load     (load             ) [ 0000000000000000]
output_1_021_load      (load             ) [ 0000000000000000]
output_11_022_load     (load             ) [ 0000000000000000]
output_10_023_load     (load             ) [ 0000000000000000]
output_2_024_load      (load             ) [ 0000000000000000]
output_9_025_load      (load             ) [ 0000000000000000]
output_8_026_load      (load             ) [ 0000000000000000]
output_3_027_load      (load             ) [ 0000000000000000]
output_7_028_load      (load             ) [ 0000000000000000]
output_6_029_load      (load             ) [ 0000000000000000]
output_4_030_load      (load             ) [ 0000000000000000]
output_5_031_load      (load             ) [ 0000000000000000]
mrv                    (insertvalue      ) [ 0000000000000000]
mrv_1                  (insertvalue      ) [ 0000000000000000]
mrv_2                  (insertvalue      ) [ 0000000000000000]
mrv_3                  (insertvalue      ) [ 0000000000000000]
mrv_4                  (insertvalue      ) [ 0000000000000000]
mrv_5                  (insertvalue      ) [ 0000000000000000]
mrv_6                  (insertvalue      ) [ 0000000000000000]
mrv_7                  (insertvalue      ) [ 0000000000000000]
mrv_8                  (insertvalue      ) [ 0000000000000000]
mrv_9                  (insertvalue      ) [ 0000000000000000]
mrv_s                  (insertvalue      ) [ 0000000000000000]
mrv_10                 (insertvalue      ) [ 0000000000000000]
mrv_11                 (insertvalue      ) [ 0000000000000000]
mrv_12                 (insertvalue      ) [ 0000000000000000]
mrv_13                 (insertvalue      ) [ 0000000000000000]
mrv_14                 (insertvalue      ) [ 0000000000000000]
ret_ln226              (ret              ) [ 0000000000000000]
specloopname_ln195     (specloopname     ) [ 0000000000000000]
zext_ln212             (zext             ) [ 0000000000000000]
mul_ln212              (mul              ) [ 0000111111111110]
zext_ln212_6           (zext             ) [ 0000000000000000]
mul_ln212_1            (mul              ) [ 0000111111111110]
zext_ln212_7           (zext             ) [ 0000000000000000]
mul_ln212_2            (mul              ) [ 0000111111111110]
zext_ln212_8           (zext             ) [ 0000000000000000]
mul_ln212_3            (mul              ) [ 0000111111111110]
zext_ln212_9           (zext             ) [ 0000000000000000]
mul_ln212_4            (mul              ) [ 0000111111111110]
zext_ln212_10          (zext             ) [ 0000000000000000]
mul_ln212_5            (mul              ) [ 0000111111111110]
zext_ln212_11          (zext             ) [ 0000000000000000]
mul_ln212_6            (mul              ) [ 0000111111111110]
zext_ln212_12          (zext             ) [ 0000000000000000]
mul_ln212_7            (mul              ) [ 0000111111111110]
fc1_bias_load          (load             ) [ 0000111111111110]
fc1_bias_load_1        (load             ) [ 0000111111111110]
fc1_bias_load_2        (load             ) [ 0000111111111110]
fc1_bias_load_3        (load             ) [ 0000111111111110]
fc1_bias_load_4        (load             ) [ 0000111111111110]
fc1_bias_load_5        (load             ) [ 0000111111111110]
fc1_bias_load_6        (load             ) [ 0000111111111110]
fc1_bias_load_7        (load             ) [ 0000111111111110]
br_ln198               (br               ) [ 0011111111111111]
i_index                (phi              ) [ 0000100000000000]
zext_ln198             (zext             ) [ 0000000000000000]
zext_ln212_13          (zext             ) [ 0000000000000000]
add_ln212              (add              ) [ 0000000000000000]
zext_ln212_14          (zext             ) [ 0000000000000000]
fc1_weight_addr        (getelementptr    ) [ 0000010000000000]
add_ln212_5            (add              ) [ 0000000000000000]
zext_ln212_15          (zext             ) [ 0000000000000000]
fc1_weight_addr_1      (getelementptr    ) [ 0000010000000000]
add_ln212_6            (add              ) [ 0000000000000000]
zext_ln212_16          (zext             ) [ 0000000000000000]
fc1_weight_addr_2      (getelementptr    ) [ 0000010000000000]
add_ln212_7            (add              ) [ 0000000000000000]
zext_ln212_17          (zext             ) [ 0000000000000000]
fc1_weight_addr_3      (getelementptr    ) [ 0000010000000000]
add_ln212_8            (add              ) [ 0000000000000000]
zext_ln212_18          (zext             ) [ 0000000000000000]
fc1_weight_addr_4      (getelementptr    ) [ 0000010000000000]
add_ln212_9            (add              ) [ 0000000000000000]
zext_ln212_19          (zext             ) [ 0000000000000000]
fc1_weight_addr_5      (getelementptr    ) [ 0000010000000000]
add_ln212_10           (add              ) [ 0000000000000000]
zext_ln212_20          (zext             ) [ 0000000000000000]
fc1_weight_addr_6      (getelementptr    ) [ 0000010000000000]
add_ln212_11           (add              ) [ 0000000000000000]
zext_ln212_21          (zext             ) [ 0000000000000000]
fc1_weight_addr_7      (getelementptr    ) [ 0000010000000000]
input_addr             (getelementptr    ) [ 0000010000000000]
icmp_ln198             (icmp             ) [ 0011111111111111]
empty_140              (speclooptripcount) [ 0000000000000000]
add_ln198              (add              ) [ 0011111111111111]
br_ln198               (br               ) [ 0000000000000000]
add32_lcssa10_load_1   (load             ) [ 0000000000000000]
add32_1_lcssa12_load_1 (load             ) [ 0000000000000000]
add32_2_lcssa14_load_1 (load             ) [ 0000000000000000]
add32_3_lcssa16_load_1 (load             ) [ 0000000000000000]
add32_4_lcssa18_load_1 (load             ) [ 0000000000000000]
add32_5_lcssa20_load_1 (load             ) [ 0000000000000000]
add32_6_lcssa22_load_1 (load             ) [ 0000000000000000]
add32_7_lcssa24_load_1 (load             ) [ 0000000000000000]
cmp9                   (icmp             ) [ 0000000000000000]
select_ln202           (select           ) [ 0000011111111110]
select_ln202_5         (select           ) [ 0000011111111110]
select_ln202_6         (select           ) [ 0000011111111110]
select_ln202_7         (select           ) [ 0000011111111110]
select_ln202_8         (select           ) [ 0000011111111110]
select_ln202_9         (select           ) [ 0000011111111110]
select_ln202_10        (select           ) [ 0000011111111110]
select_ln202_11        (select           ) [ 0000011111111110]
add32_lcssa10_load     (load             ) [ 0000000000000001]
add32_1_lcssa12_load   (load             ) [ 0000000000000001]
add32_2_lcssa14_load   (load             ) [ 0000000000000001]
add32_3_lcssa16_load   (load             ) [ 0000000000000001]
add32_4_lcssa18_load   (load             ) [ 0000000000000001]
add32_5_lcssa20_load   (load             ) [ 0000000000000001]
add32_6_lcssa22_load   (load             ) [ 0000000000000001]
add32_7_lcssa24_load   (load             ) [ 0000000000000001]
icmp_ln218             (icmp             ) [ 0000000000000001]
store_ln195            (store            ) [ 0000000000000000]
ip                     (load             ) [ 0000001111000000]
fc1_weight_load        (load             ) [ 0000001111000000]
fc1_weight_load_1      (load             ) [ 0000001111000000]
fc1_weight_load_2      (load             ) [ 0000001111000000]
fc1_weight_load_3      (load             ) [ 0000001111000000]
fc1_weight_load_4      (load             ) [ 0000001111000000]
fc1_weight_load_5      (load             ) [ 0000001111000000]
fc1_weight_load_6      (load             ) [ 0000001111000000]
fc1_weight_load_7      (load             ) [ 0000001111000000]
mul                    (fmul             ) [ 0000000000111110]
mul31_1                (fmul             ) [ 0000000000111110]
mul31_2                (fmul             ) [ 0000000000111110]
mul31_3                (fmul             ) [ 0000000000111110]
mul31_4                (fmul             ) [ 0000000000111110]
mul31_5                (fmul             ) [ 0000000000111110]
mul31_6                (fmul             ) [ 0000000000111110]
mul31_7                (fmul             ) [ 0000000000111110]
specloopname_ln198     (specloopname     ) [ 0000000000000000]
input_assign           (fadd             ) [ 0000000000000000]
input_assign_1         (fadd             ) [ 0000000000000000]
input_assign_2         (fadd             ) [ 0000000000000000]
input_assign_3         (fadd             ) [ 0000000000000000]
input_assign_4         (fadd             ) [ 0000000000000000]
input_assign_5         (fadd             ) [ 0000000000000000]
input_assign_6         (fadd             ) [ 0000000000000000]
input_assign_7         (fadd             ) [ 0000000000000000]
store_ln198            (store            ) [ 0000000000000000]
store_ln198            (store            ) [ 0000000000000000]
store_ln198            (store            ) [ 0000000000000000]
store_ln198            (store            ) [ 0000000000000000]
store_ln198            (store            ) [ 0000000000000000]
store_ln198            (store            ) [ 0000000000000000]
store_ln198            (store            ) [ 0000000000000000]
store_ln198            (store            ) [ 0000000000000000]
br_ln198               (br               ) [ 0011111111111111]
output_15_016_load_1   (load             ) [ 0000000000000000]
output_1445_017_load_1 (load             ) [ 0000000000000000]
output_0_018_load_1    (load             ) [ 0000000000000000]
output_13_019_load_1   (load             ) [ 0000000000000000]
output_12_020_load_1   (load             ) [ 0000000000000000]
output_1_021_load_1    (load             ) [ 0000000000000000]
output_11_022_load_1   (load             ) [ 0000000000000000]
output_10_023_load_1   (load             ) [ 0000000000000000]
output_2_024_load_1    (load             ) [ 0000000000000000]
output_9_025_load_1    (load             ) [ 0000000000000000]
output_8_026_load_1    (load             ) [ 0000000000000000]
output_3_027_load_1    (load             ) [ 0000000000000000]
output_7_028_load_1    (load             ) [ 0000000000000000]
output_6_029_load_1    (load             ) [ 0000000000000000]
output_4_030_load_1    (load             ) [ 0000000000000000]
output_5_031_load_1    (load             ) [ 0000000000000000]
bitcast_ln73           (bitcast          ) [ 0000000000000000]
tmp                    (partselect       ) [ 0000000000000000]
trunc_ln73             (trunc            ) [ 0000000000000000]
icmp_ln73              (icmp             ) [ 0000000000000000]
icmp_ln73_2            (icmp             ) [ 0000000000000000]
or_ln73                (or               ) [ 0000000000000000]
tmp_s                  (fcmp             ) [ 0000000000000000]
and_ln73               (and              ) [ 0000000000000000]
select_ln73            (select           ) [ 0000000000000000]
bitcast_ln73_1         (bitcast          ) [ 0000000000000000]
tmp_7                  (partselect       ) [ 0000000000000000]
trunc_ln73_1           (trunc            ) [ 0000000000000000]
icmp_ln73_3            (icmp             ) [ 0000000000000000]
icmp_ln73_4            (icmp             ) [ 0000000000000000]
or_ln73_1              (or               ) [ 0000000000000000]
tmp_8                  (fcmp             ) [ 0000000000000000]
and_ln73_1             (and              ) [ 0000000000000000]
select_ln73_1          (select           ) [ 0000000000000000]
bitcast_ln73_2         (bitcast          ) [ 0000000000000000]
tmp_9                  (partselect       ) [ 0000000000000000]
trunc_ln73_2           (trunc            ) [ 0000000000000000]
icmp_ln73_5            (icmp             ) [ 0000000000000000]
icmp_ln73_6            (icmp             ) [ 0000000000000000]
or_ln73_2              (or               ) [ 0000000000000000]
tmp_10                 (fcmp             ) [ 0000000000000000]
and_ln73_2             (and              ) [ 0000000000000000]
select_ln73_2          (select           ) [ 0000000000000000]
bitcast_ln73_3         (bitcast          ) [ 0000000000000000]
tmp_11                 (partselect       ) [ 0000000000000000]
trunc_ln73_3           (trunc            ) [ 0000000000000000]
icmp_ln73_7            (icmp             ) [ 0000000000000000]
icmp_ln73_8            (icmp             ) [ 0000000000000000]
or_ln73_3              (or               ) [ 0000000000000000]
tmp_12                 (fcmp             ) [ 0000000000000000]
and_ln73_3             (and              ) [ 0000000000000000]
select_ln73_3          (select           ) [ 0000000000000000]
bitcast_ln73_4         (bitcast          ) [ 0000000000000000]
tmp_13                 (partselect       ) [ 0000000000000000]
trunc_ln73_4           (trunc            ) [ 0000000000000000]
icmp_ln73_9            (icmp             ) [ 0000000000000000]
icmp_ln73_10           (icmp             ) [ 0000000000000000]
or_ln73_4              (or               ) [ 0000000000000000]
tmp_14                 (fcmp             ) [ 0000000000000000]
and_ln73_4             (and              ) [ 0000000000000000]
select_ln73_4          (select           ) [ 0000000000000000]
bitcast_ln73_5         (bitcast          ) [ 0000000000000000]
tmp_15                 (partselect       ) [ 0000000000000000]
trunc_ln73_5           (trunc            ) [ 0000000000000000]
icmp_ln73_11           (icmp             ) [ 0000000000000000]
icmp_ln73_12           (icmp             ) [ 0000000000000000]
or_ln73_5              (or               ) [ 0000000000000000]
tmp_16                 (fcmp             ) [ 0000000000000000]
and_ln73_5             (and              ) [ 0000000000000000]
select_ln73_5          (select           ) [ 0000000000000000]
bitcast_ln73_6         (bitcast          ) [ 0000000000000000]
tmp_17                 (partselect       ) [ 0000000000000000]
trunc_ln73_6           (trunc            ) [ 0000000000000000]
icmp_ln73_13           (icmp             ) [ 0000000000000000]
icmp_ln73_14           (icmp             ) [ 0000000000000000]
or_ln73_6              (or               ) [ 0000000000000000]
tmp_18                 (fcmp             ) [ 0000000000000000]
and_ln73_6             (and              ) [ 0000000000000000]
select_ln73_6          (select           ) [ 0000000000000000]
bitcast_ln73_7         (bitcast          ) [ 0000000000000000]
tmp_19                 (partselect       ) [ 0000000000000000]
trunc_ln73_7           (trunc            ) [ 0000000000000000]
icmp_ln73_15           (icmp             ) [ 0000000000000000]
icmp_ln73_16           (icmp             ) [ 0000000000000000]
or_ln73_7              (or               ) [ 0000000000000000]
tmp_20                 (fcmp             ) [ 0000000000000000]
and_ln73_7             (and              ) [ 0000000000000000]
select_ln73_7          (select           ) [ 0000000000000000]
select_ln218           (select           ) [ 0000000000000000]
select_ln218_1         (select           ) [ 0000000000000000]
select_ln218_2         (select           ) [ 0000000000000000]
select_ln218_3         (select           ) [ 0000000000000000]
select_ln218_4         (select           ) [ 0000000000000000]
select_ln218_5         (select           ) [ 0000000000000000]
select_ln218_6         (select           ) [ 0000000000000000]
select_ln218_7         (select           ) [ 0000000000000000]
select_ln218_8         (select           ) [ 0000000000000000]
select_ln218_9         (select           ) [ 0000000000000000]
select_ln218_10        (select           ) [ 0000000000000000]
select_ln218_11        (select           ) [ 0000000000000000]
select_ln218_12        (select           ) [ 0000000000000000]
select_ln218_13        (select           ) [ 0000000000000000]
select_ln218_14        (select           ) [ 0000000000000000]
select_ln218_15        (select           ) [ 0000000000000000]
store_ln195            (store            ) [ 0000000000000000]
store_ln195            (store            ) [ 0000000000000000]
store_ln195            (store            ) [ 0000000000000000]
store_ln195            (store            ) [ 0000000000000000]
store_ln195            (store            ) [ 0000000000000000]
store_ln195            (store            ) [ 0000000000000000]
store_ln195            (store            ) [ 0000000000000000]
store_ln195            (store            ) [ 0000000000000000]
store_ln195            (store            ) [ 0000000000000000]
store_ln195            (store            ) [ 0000000000000000]
store_ln195            (store            ) [ 0000000000000000]
store_ln195            (store            ) [ 0000000000000000]
store_ln195            (store            ) [ 0000000000000000]
store_ln195            (store            ) [ 0000000000000000]
store_ln195            (store            ) [ 0000000000000000]
store_ln195            (store            ) [ 0000000000000000]
br_ln195               (br               ) [ 0000000000000000]
</LifeTime>

<model>

<comp_list>
<comp id="0" class="1000" name="input_r">
<pin_list>
<pin id="1" dir="1" index="0" bw="1" slack="0"/>
</pin_list>
<bind>
<StgValue><ssdm name="input_r"/><MemPortTyVec>1 3 </MemPortTyVec>
</StgValue>
</bind>
</comp>

<comp id="2" class="1000" name="fc1_bias">
<pin_list>
<pin id="3" dir="1" index="0" bw="1" slack="0"/>
</pin_list>
<bind>
<StgValue><ssdm name="fc1_bias"/><MemPortTyVec>1 1 1 1 1 1 1 1 </MemPortTyVec>
</StgValue>
</bind>
</comp>

<comp id="4" class="1000" name="fc1_weight">
<pin_list>
<pin id="5" dir="1" index="0" bw="1" slack="0"/>
</pin_list>
<bind>
<StgValue><ssdm name="fc1_weight"/><MemPortTyVec>1 1 1 1 1 1 1 1 </MemPortTyVec>
</StgValue>
</bind>
</comp>

<comp id="6" class="1001" name="const_6">
<pin_list>
<pin id="7" dir="1" index="0" bw="1" slack="0"/>
</pin_list>
<bind>
<StgValue><ssdm name=""/></StgValue>
</bind>
</comp>

<comp id="8" class="1001" name="const_8">
<pin_list>
<pin id="9" dir="1" index="0" bw="1" slack="0"/>
</pin_list>
<bind>
<StgValue><ssdm name=""/></StgValue>
</bind>
</comp>

<comp id="10" class="1001" name="const_10">
<pin_list>
<pin id="11" dir="1" index="0" bw="1" slack="0"/>
</pin_list>
<bind>
<StgValue><ssdm name=""/></StgValue>
</bind>
</comp>

<comp id="12" class="1001" name="const_12">
<pin_list>
<pin id="13" dir="1" index="0" bw="1" slack="2147483647"/>
</pin_list>
<bind>
<StgValue><ssdm name="_ssdm_op_SpecLoopTripCount"/></StgValue>
</bind>
</comp>

<comp id="14" class="1001" name="const_14">
<pin_list>
<pin id="15" dir="1" index="0" bw="1" slack="2147483647"/>
</pin_list>
<bind>
<StgValue><ssdm name=""/></StgValue>
</bind>
</comp>

<comp id="16" class="1001" name="const_16">
<pin_list>
<pin id="17" dir="1" index="0" bw="1" slack="0"/>
</pin_list>
<bind>
<StgValue><ssdm name=""/></StgValue>
</bind>
</comp>

<comp id="18" class="1001" name="const_18">
<pin_list>
<pin id="19" dir="1" index="0" bw="1" slack="0"/>
</pin_list>
<bind>
<StgValue><ssdm name="_ssdm_op_BitConcatenate.i4.i1.i3"/></StgValue>
</bind>
</comp>

<comp id="20" class="1001" name="const_20">
<pin_list>
<pin id="21" dir="1" index="0" bw="1" slack="0"/>
</pin_list>
<bind>
<StgValue><ssdm name=""/></StgValue>
</bind>
</comp>

<comp id="22" class="1001" name="const_22">
<pin_list>
<pin id="23" dir="1" index="0" bw="1" slack="0"/>
</pin_list>
<bind>
<StgValue><ssdm name=""/></StgValue>
</bind>
</comp>

<comp id="24" class="1001" name="const_24">
<pin_list>
<pin id="25" dir="1" index="0" bw="1" slack="0"/>
</pin_list>
<bind>
<StgValue><ssdm name=""/></StgValue>
</bind>
</comp>

<comp id="26" class="1001" name="const_26">
<pin_list>
<pin id="27" dir="1" index="0" bw="1" slack="0"/>
</pin_list>
<bind>
<StgValue><ssdm name=""/></StgValue>
</bind>
</comp>

<comp id="28" class="1001" name="const_28">
<pin_list>
<pin id="29" dir="1" index="0" bw="1" slack="0"/>
</pin_list>
<bind>
<StgValue><ssdm name=""/></StgValue>
</bind>
</comp>

<comp id="30" class="1001" name="const_30">
<pin_list>
<pin id="31" dir="1" index="0" bw="1" slack="0"/>
</pin_list>
<bind>
<StgValue><ssdm name=""/></StgValue>
</bind>
</comp>

<comp id="32" class="1001" name="const_32">
<pin_list>
<pin id="33" dir="1" index="0" bw="1" slack="0"/>
</pin_list>
<bind>
<StgValue><ssdm name=""/></StgValue>
</bind>
</comp>

<comp id="34" class="1001" name="const_34">
<pin_list>
<pin id="35" dir="1" index="0" bw="1" slack="0"/>
</pin_list>
<bind>
<StgValue><ssdm name=""/></StgValue>
</bind>
</comp>

<comp id="36" class="1001" name="const_36">
<pin_list>
<pin id="37" dir="1" index="0" bw="1" slack="0"/>
</pin_list>
<bind>
<StgValue><ssdm name=""/></StgValue>
</bind>
</comp>

<comp id="38" class="1001" name="const_38">
<pin_list>
<pin id="39" dir="1" index="0" bw="1" slack="0"/>
</pin_list>
<bind>
<StgValue><ssdm name=""/></StgValue>
</bind>
</comp>

<comp id="40" class="1001" name="const_40">
<pin_list>
<pin id="41" dir="1" index="0" bw="1" slack="2147483647"/>
</pin_list>
<bind>
<StgValue><ssdm name="_ssdm_op_SpecLoopName"/></StgValue>
</bind>
</comp>

<comp id="42" class="1001" name="const_42">
<pin_list>
<pin id="43" dir="1" index="0" bw="1" slack="2147483647"/>
</pin_list>
<bind>
<StgValue><ssdm name="empty_7"/></StgValue>
</bind>
</comp>

<comp id="44" class="1001" name="const_44">
<pin_list>
<pin id="45" dir="1" index="0" bw="1" slack="0"/>
</pin_list>
<bind>
<StgValue><ssdm name=""/></StgValue>
</bind>
</comp>

<comp id="46" class="1001" name="const_46">
<pin_list>
<pin id="47" dir="1" index="0" bw="1" slack="0"/>
</pin_list>
<bind>
<StgValue><ssdm name=""/></StgValue>
</bind>
</comp>

<comp id="48" class="1001" name="const_48">
<pin_list>
<pin id="49" dir="1" index="0" bw="1" slack="0"/>
</pin_list>
<bind>
<StgValue><ssdm name=""/></StgValue>
</bind>
</comp>

<comp id="50" class="1001" name="const_50">
<pin_list>
<pin id="51" dir="1" index="0" bw="1" slack="2147483647"/>
</pin_list>
<bind>
<StgValue><ssdm name=""/></StgValue>
</bind>
</comp>

<comp id="52" class="1001" name="const_52">
<pin_list>
<pin id="53" dir="1" index="0" bw="1" slack="0"/>
</pin_list>
<bind>
<StgValue><ssdm name=""/></StgValue>
</bind>
</comp>

<comp id="54" class="1001" name="const_54">
<pin_list>
<pin id="55" dir="1" index="0" bw="1" slack="0"/>
</pin_list>
<bind>
<StgValue><ssdm name=""/></StgValue>
</bind>
</comp>

<comp id="56" class="1001" name="const_56">
<pin_list>
<pin id="57" dir="1" index="0" bw="1" slack="0"/>
</pin_list>
<bind>
<StgValue><ssdm name=""/></StgValue>
</bind>
</comp>

<comp id="58" class="1001" name="const_58">
<pin_list>
<pin id="59" dir="1" index="0" bw="1" slack="2147483647"/>
</pin_list>
<bind>
<StgValue><ssdm name="empty_4"/></StgValue>
</bind>
</comp>

<comp id="60" class="1001" name="const_60">
<pin_list>
<pin id="61" dir="1" index="0" bw="1" slack="0"/>
</pin_list>
<bind>
<StgValue><ssdm name="_ssdm_op_PartSelect.i8.i32.i32.i32"/></StgValue>
</bind>
</comp>

<comp id="62" class="1001" name="const_62">
<pin_list>
<pin id="63" dir="1" index="0" bw="1" slack="0"/>
</pin_list>
<bind>
<StgValue><ssdm name=""/></StgValue>
</bind>
</comp>

<comp id="64" class="1001" name="const_64">
<pin_list>
<pin id="65" dir="1" index="0" bw="1" slack="0"/>
</pin_list>
<bind>
<StgValue><ssdm name=""/></StgValue>
</bind>
</comp>

<comp id="66" class="1001" name="const_66">
<pin_list>
<pin id="67" dir="1" index="0" bw="1" slack="0"/>
</pin_list>
<bind>
<StgValue><ssdm name=""/></StgValue>
</bind>
</comp>

<comp id="68" class="1001" name="const_68">
<pin_list>
<pin id="69" dir="1" index="0" bw="1" slack="0"/>
</pin_list>
<bind>
<StgValue><ssdm name=""/></StgValue>
</bind>
</comp>

<comp id="70" class="1004" name="turn_fu_70">
<pin_list>
<pin id="71" dir="0" index="0" bw="1" slack="0"/>
<pin id="72" dir="1" index="1" bw="2" slack="0"/>
</pin_list>
<bind>
<opcode="alloca(26) " fcode="alloca"/>
<opset="turn/1 "/>
</bind>
</comp>

<comp id="74" class="1004" name="output_15_016_fu_74">
<pin_list>
<pin id="75" dir="0" index="0" bw="1" slack="0"/>
<pin id="76" dir="1" index="1" bw="32" slack="1"/>
</pin_list>
<bind>
<opcode="alloca(26) " fcode="alloca"/>
<opset="output_15_016/1 "/>
</bind>
</comp>

<comp id="78" class="1004" name="output_1445_017_fu_78">
<pin_list>
<pin id="79" dir="0" index="0" bw="1" slack="0"/>
<pin id="80" dir="1" index="1" bw="32" slack="1"/>
</pin_list>
<bind>
<opcode="alloca(26) " fcode="alloca"/>
<opset="output_1445_017/1 "/>
</bind>
</comp>

<comp id="82" class="1004" name="output_0_018_fu_82">
<pin_list>
<pin id="83" dir="0" index="0" bw="1" slack="0"/>
<pin id="84" dir="1" index="1" bw="32" slack="1"/>
</pin_list>
<bind>
<opcode="alloca(26) " fcode="alloca"/>
<opset="output_0_018/1 "/>
</bind>
</comp>

<comp id="86" class="1004" name="output_13_019_fu_86">
<pin_list>
<pin id="87" dir="0" index="0" bw="1" slack="0"/>
<pin id="88" dir="1" index="1" bw="32" slack="1"/>
</pin_list>
<bind>
<opcode="alloca(26) " fcode="alloca"/>
<opset="output_13_019/1 "/>
</bind>
</comp>

<comp id="90" class="1004" name="output_12_020_fu_90">
<pin_list>
<pin id="91" dir="0" index="0" bw="1" slack="0"/>
<pin id="92" dir="1" index="1" bw="32" slack="1"/>
</pin_list>
<bind>
<opcode="alloca(26) " fcode="alloca"/>
<opset="output_12_020/1 "/>
</bind>
</comp>

<comp id="94" class="1004" name="output_1_021_fu_94">
<pin_list>
<pin id="95" dir="0" index="0" bw="1" slack="0"/>
<pin id="96" dir="1" index="1" bw="32" slack="1"/>
</pin_list>
<bind>
<opcode="alloca(26) " fcode="alloca"/>
<opset="output_1_021/1 "/>
</bind>
</comp>

<comp id="98" class="1004" name="output_11_022_fu_98">
<pin_list>
<pin id="99" dir="0" index="0" bw="1" slack="0"/>
<pin id="100" dir="1" index="1" bw="32" slack="1"/>
</pin_list>
<bind>
<opcode="alloca(26) " fcode="alloca"/>
<opset="output_11_022/1 "/>
</bind>
</comp>

<comp id="102" class="1004" name="output_10_023_fu_102">
<pin_list>
<pin id="103" dir="0" index="0" bw="1" slack="0"/>
<pin id="104" dir="1" index="1" bw="32" slack="1"/>
</pin_list>
<bind>
<opcode="alloca(26) " fcode="alloca"/>
<opset="output_10_023/1 "/>
</bind>
</comp>

<comp id="106" class="1004" name="output_2_024_fu_106">
<pin_list>
<pin id="107" dir="0" index="0" bw="1" slack="0"/>
<pin id="108" dir="1" index="1" bw="32" slack="1"/>
</pin_list>
<bind>
<opcode="alloca(26) " fcode="alloca"/>
<opset="output_2_024/1 "/>
</bind>
</comp>

<comp id="110" class="1004" name="output_9_025_fu_110">
<pin_list>
<pin id="111" dir="0" index="0" bw="1" slack="0"/>
<pin id="112" dir="1" index="1" bw="32" slack="1"/>
</pin_list>
<bind>
<opcode="alloca(26) " fcode="alloca"/>
<opset="output_9_025/1 "/>
</bind>
</comp>

<comp id="114" class="1004" name="output_8_026_fu_114">
<pin_list>
<pin id="115" dir="0" index="0" bw="1" slack="0"/>
<pin id="116" dir="1" index="1" bw="32" slack="1"/>
</pin_list>
<bind>
<opcode="alloca(26) " fcode="alloca"/>
<opset="output_8_026/1 "/>
</bind>
</comp>

<comp id="118" class="1004" name="output_3_027_fu_118">
<pin_list>
<pin id="119" dir="0" index="0" bw="1" slack="0"/>
<pin id="120" dir="1" index="1" bw="32" slack="1"/>
</pin_list>
<bind>
<opcode="alloca(26) " fcode="alloca"/>
<opset="output_3_027/1 "/>
</bind>
</comp>

<comp id="122" class="1004" name="output_7_028_fu_122">
<pin_list>
<pin id="123" dir="0" index="0" bw="1" slack="0"/>
<pin id="124" dir="1" index="1" bw="32" slack="1"/>
</pin_list>
<bind>
<opcode="alloca(26) " fcode="alloca"/>
<opset="output_7_028/1 "/>
</bind>
</comp>

<comp id="126" class="1004" name="output_6_029_fu_126">
<pin_list>
<pin id="127" dir="0" index="0" bw="1" slack="0"/>
<pin id="128" dir="1" index="1" bw="32" slack="1"/>
</pin_list>
<bind>
<opcode="alloca(26) " fcode="alloca"/>
<opset="output_6_029/1 "/>
</bind>
</comp>

<comp id="130" class="1004" name="output_4_030_fu_130">
<pin_list>
<pin id="131" dir="0" index="0" bw="1" slack="0"/>
<pin id="132" dir="1" index="1" bw="32" slack="1"/>
</pin_list>
<bind>
<opcode="alloca(26) " fcode="alloca"/>
<opset="output_4_030/1 "/>
</bind>
</comp>

<comp id="134" class="1004" name="output_5_031_fu_134">
<pin_list>
<pin id="135" dir="0" index="0" bw="1" slack="0"/>
<pin id="136" dir="1" index="1" bw="32" slack="1"/>
</pin_list>
<bind>
<opcode="alloca(26) " fcode="alloca"/>
<opset="output_5_031/1 "/>
</bind>
</comp>

<comp id="138" class="1004" name="add32_lcssa10_fu_138">
<pin_list>
<pin id="139" dir="0" index="0" bw="1" slack="0"/>
<pin id="140" dir="1" index="1" bw="32" slack="3"/>
</pin_list>
<bind>
<opcode="alloca(26) " fcode="alloca"/>
<opset="add32_lcssa10/1 "/>
</bind>
</comp>

<comp id="142" class="1004" name="add32_1_lcssa12_fu_142">
<pin_list>
<pin id="143" dir="0" index="0" bw="1" slack="0"/>
<pin id="144" dir="1" index="1" bw="32" slack="3"/>
</pin_list>
<bind>
<opcode="alloca(26) " fcode="alloca"/>
<opset="add32_1_lcssa12/1 "/>
</bind>
</comp>

<comp id="146" class="1004" name="add32_2_lcssa14_fu_146">
<pin_list>
<pin id="147" dir="0" index="0" bw="1" slack="0"/>
<pin id="148" dir="1" index="1" bw="32" slack="3"/>
</pin_list>
<bind>
<opcode="alloca(26) " fcode="alloca"/>
<opset="add32_2_lcssa14/1 "/>
</bind>
</comp>

<comp id="150" class="1004" name="add32_3_lcssa16_fu_150">
<pin_list>
<pin id="151" dir="0" index="0" bw="1" slack="0"/>
<pin id="152" dir="1" index="1" bw="32" slack="3"/>
</pin_list>
<bind>
<opcode="alloca(26) " fcode="alloca"/>
<opset="add32_3_lcssa16/1 "/>
</bind>
</comp>

<comp id="154" class="1004" name="add32_4_lcssa18_fu_154">
<pin_list>
<pin id="155" dir="0" index="0" bw="1" slack="0"/>
<pin id="156" dir="1" index="1" bw="32" slack="3"/>
</pin_list>
<bind>
<opcode="alloca(26) " fcode="alloca"/>
<opset="add32_4_lcssa18/1 "/>
</bind>
</comp>

<comp id="158" class="1004" name="add32_5_lcssa20_fu_158">
<pin_list>
<pin id="159" dir="0" index="0" bw="1" slack="0"/>
<pin id="160" dir="1" index="1" bw="32" slack="3"/>
</pin_list>
<bind>
<opcode="alloca(26) " fcode="alloca"/>
<opset="add32_5_lcssa20/1 "/>
</bind>
</comp>

<comp id="162" class="1004" name="add32_6_lcssa22_fu_162">
<pin_list>
<pin id="163" dir="0" index="0" bw="1" slack="0"/>
<pin id="164" dir="1" index="1" bw="32" slack="3"/>
</pin_list>
<bind>
<opcode="alloca(26) " fcode="alloca"/>
<opset="add32_6_lcssa22/1 "/>
</bind>
</comp>

<comp id="166" class="1004" name="add32_7_lcssa24_fu_166">
<pin_list>
<pin id="167" dir="0" index="0" bw="1" slack="0"/>
<pin id="168" dir="1" index="1" bw="32" slack="3"/>
</pin_list>
<bind>
<opcode="alloca(26) " fcode="alloca"/>
<opset="add32_7_lcssa24/1 "/>
</bind>
</comp>

<comp id="170" class="1004" name="fc1_bias_addr_gep_fu_170">
<pin_list>
<pin id="171" dir="0" index="0" bw="32" slack="0"/>
<pin id="172" dir="0" index="1" bw="1" slack="0"/>
<pin id="173" dir="0" index="2" bw="4" slack="0"/>
<pin id="174" dir="1" index="3" bw="4" slack="0"/>
</pin_list>
<bind>
<opcode="getelementptr(29) " fcode="getelementptr"/>
<opset="fc1_bias_addr/2 "/>
</bind>
</comp>

<comp id="177" class="1004" name="fc1_bias_addr_1_gep_fu_177">
<pin_list>
<pin id="178" dir="0" index="0" bw="32" slack="0"/>
<pin id="179" dir="0" index="1" bw="1" slack="0"/>
<pin id="180" dir="0" index="2" bw="4" slack="0"/>
<pin id="181" dir="1" index="3" bw="4" slack="0"/>
</pin_list>
<bind>
<opcode="getelementptr(29) " fcode="getelementptr"/>
<opset="fc1_bias_addr_1/2 "/>
</bind>
</comp>

<comp id="184" class="1004" name="fc1_bias_addr_2_gep_fu_184">
<pin_list>
<pin id="185" dir="0" index="0" bw="32" slack="0"/>
<pin id="186" dir="0" index="1" bw="1" slack="0"/>
<pin id="187" dir="0" index="2" bw="4" slack="0"/>
<pin id="188" dir="1" index="3" bw="4" slack="0"/>
</pin_list>
<bind>
<opcode="getelementptr(29) " fcode="getelementptr"/>
<opset="fc1_bias_addr_2/2 "/>
</bind>
</comp>

<comp id="191" class="1004" name="fc1_bias_addr_3_gep_fu_191">
<pin_list>
<pin id="192" dir="0" index="0" bw="32" slack="0"/>
<pin id="193" dir="0" index="1" bw="1" slack="0"/>
<pin id="194" dir="0" index="2" bw="4" slack="0"/>
<pin id="195" dir="1" index="3" bw="4" slack="0"/>
</pin_list>
<bind>
<opcode="getelementptr(29) " fcode="getelementptr"/>
<opset="fc1_bias_addr_3/2 "/>
</bind>
</comp>

<comp id="198" class="1004" name="fc1_bias_addr_4_gep_fu_198">
<pin_list>
<pin id="199" dir="0" index="0" bw="32" slack="0"/>
<pin id="200" dir="0" index="1" bw="1" slack="0"/>
<pin id="201" dir="0" index="2" bw="4" slack="0"/>
<pin id="202" dir="1" index="3" bw="4" slack="0"/>
</pin_list>
<bind>
<opcode="getelementptr(29) " fcode="getelementptr"/>
<opset="fc1_bias_addr_4/2 "/>
</bind>
</comp>

<comp id="205" class="1004" name="fc1_bias_addr_5_gep_fu_205">
<pin_list>
<pin id="206" dir="0" index="0" bw="32" slack="0"/>
<pin id="207" dir="0" index="1" bw="1" slack="0"/>
<pin id="208" dir="0" index="2" bw="4" slack="0"/>
<pin id="209" dir="1" index="3" bw="4" slack="0"/>
</pin_list>
<bind>
<opcode="getelementptr(29) " fcode="getelementptr"/>
<opset="fc1_bias_addr_5/2 "/>
</bind>
</comp>

<comp id="212" class="1004" name="fc1_bias_addr_6_gep_fu_212">
<pin_list>
<pin id="213" dir="0" index="0" bw="32" slack="0"/>
<pin id="214" dir="0" index="1" bw="1" slack="0"/>
<pin id="215" dir="0" index="2" bw="4" slack="0"/>
<pin id="216" dir="1" index="3" bw="4" slack="0"/>
</pin_list>
<bind>
<opcode="getelementptr(29) " fcode="getelementptr"/>
<opset="fc1_bias_addr_6/2 "/>
</bind>
</comp>

<comp id="219" class="1004" name="fc1_bias_addr_7_gep_fu_219">
<pin_list>
<pin id="220" dir="0" index="0" bw="32" slack="0"/>
<pin id="221" dir="0" index="1" bw="1" slack="0"/>
<pin id="222" dir="0" index="2" bw="4" slack="0"/>
<pin id="223" dir="1" index="3" bw="4" slack="0"/>
</pin_list>
<bind>
<opcode="getelementptr(29) " fcode="getelementptr"/>
<opset="fc1_bias_addr_7/2 "/>
</bind>
</comp>

<comp id="226" class="1004" name="grp_access_fu_226">
<pin_list>
<pin id="227" dir="0" index="0" bw="4" slack="0"/>
<pin id="228" dir="0" index="1" bw="32" slack="2147483647"/>
<pin id="229" dir="0" index="2" bw="0" slack="0"/>
<pin id="231" dir="0" index="4" bw="4" slack="2147483647"/>
<pin id="232" dir="0" index="5" bw="32" slack="0"/>
<pin id="233" dir="0" index="6" bw="0" slack="2147483647"/>
<pin id="235" dir="0" index="8" bw="4" slack="0"/>
<pin id="236" dir="0" index="9" bw="32" slack="2147483647"/>
<pin id="237" dir="0" index="10" bw="0" slack="0"/>
<pin id="239" dir="0" index="12" bw="4" slack="2147483647"/>
<pin id="240" dir="0" index="13" bw="32" slack="0"/>
<pin id="241" dir="0" index="14" bw="0" slack="2147483647"/>
<pin id="243" dir="0" index="16" bw="4" slack="0"/>
<pin id="244" dir="0" index="17" bw="32" slack="2147483647"/>
<pin id="245" dir="0" index="18" bw="0" slack="0"/>
<pin id="247" dir="0" index="20" bw="4" slack="2147483647"/>
<pin id="248" dir="0" index="21" bw="32" slack="2147483647"/>
<pin id="249" dir="0" index="22" bw="0" slack="2147483647"/>
<pin id="251" dir="0" index="24" bw="4" slack="2147483647"/>
<pin id="252" dir="0" index="25" bw="32" slack="2147483647"/>
<pin id="253" dir="0" index="26" bw="0" slack="2147483647"/>
<pin id="255" dir="0" index="28" bw="4" slack="2147483647"/>
<pin id="256" dir="0" index="29" bw="32" slack="2147483647"/>
<pin id="257" dir="0" index="30" bw="0" slack="2147483647"/>
<pin id="230" dir="1" index="3" bw="32" slack="1"/>
<pin id="234" dir="1" index="7" bw="32" slack="1"/>
<pin id="238" dir="1" index="11" bw="32" slack="1"/>
<pin id="242" dir="1" index="15" bw="32" slack="1"/>
<pin id="246" dir="1" index="19" bw="32" slack="1"/>
<pin id="250" dir="1" index="23" bw="32" slack="1"/>
<pin id="254" dir="1" index="27" bw="32" slack="1"/>
<pin id="258" dir="1" index="31" bw="32" slack="1"/>
</pin_list>
<bind>
<opcode="load(27) " fcode="load"/>
<opset="fc1_bias_load/2 fc1_bias_load_1/2 fc1_bias_load_2/2 fc1_bias_load_3/2 fc1_bias_load_4/2 fc1_bias_load_5/2 fc1_bias_load_6/2 fc1_bias_load_7/2 "/>
</bind>
</comp>

<comp id="267" class="1004" name="fc1_weight_addr_gep_fu_267">
<pin_list>
<pin id="268" dir="0" index="0" bw="32" slack="0"/>
<pin id="269" dir="0" index="1" bw="1" slack="0"/>
<pin id="270" dir="0" index="2" bw="11" slack="0"/>
<pin id="271" dir="1" index="3" bw="11" slack="0"/>
</pin_list>
<bind>
<opcode="getelementptr(29) " fcode="getelementptr"/>
<opset="fc1_weight_addr/4 "/>
</bind>
</comp>

<comp id="274" class="1004" name="fc1_weight_addr_1_gep_fu_274">
<pin_list>
<pin id="275" dir="0" index="0" bw="32" slack="0"/>
<pin id="276" dir="0" index="1" bw="1" slack="0"/>
<pin id="277" dir="0" index="2" bw="11" slack="0"/>
<pin id="278" dir="1" index="3" bw="11" slack="0"/>
</pin_list>
<bind>
<opcode="getelementptr(29) " fcode="getelementptr"/>
<opset="fc1_weight_addr_1/4 "/>
</bind>
</comp>

<comp id="281" class="1004" name="fc1_weight_addr_2_gep_fu_281">
<pin_list>
<pin id="282" dir="0" index="0" bw="32" slack="0"/>
<pin id="283" dir="0" index="1" bw="1" slack="0"/>
<pin id="284" dir="0" index="2" bw="11" slack="0"/>
<pin id="285" dir="1" index="3" bw="11" slack="0"/>
</pin_list>
<bind>
<opcode="getelementptr(29) " fcode="getelementptr"/>
<opset="fc1_weight_addr_2/4 "/>
</bind>
</comp>

<comp id="288" class="1004" name="fc1_weight_addr_3_gep_fu_288">
<pin_list>
<pin id="289" dir="0" index="0" bw="32" slack="0"/>
<pin id="290" dir="0" index="1" bw="1" slack="0"/>
<pin id="291" dir="0" index="2" bw="11" slack="0"/>
<pin id="292" dir="1" index="3" bw="11" slack="0"/>
</pin_list>
<bind>
<opcode="getelementptr(29) " fcode="getelementptr"/>
<opset="fc1_weight_addr_3/4 "/>
</bind>
</comp>

<comp id="295" class="1004" name="fc1_weight_addr_4_gep_fu_295">
<pin_list>
<pin id="296" dir="0" index="0" bw="32" slack="0"/>
<pin id="297" dir="0" index="1" bw="1" slack="0"/>
<pin id="298" dir="0" index="2" bw="11" slack="0"/>
<pin id="299" dir="1" index="3" bw="11" slack="0"/>
</pin_list>
<bind>
<opcode="getelementptr(29) " fcode="getelementptr"/>
<opset="fc1_weight_addr_4/4 "/>
</bind>
</comp>

<comp id="302" class="1004" name="fc1_weight_addr_5_gep_fu_302">
<pin_list>
<pin id="303" dir="0" index="0" bw="32" slack="0"/>
<pin id="304" dir="0" index="1" bw="1" slack="0"/>
<pin id="305" dir="0" index="2" bw="11" slack="0"/>
<pin id="306" dir="1" index="3" bw="11" slack="0"/>
</pin_list>
<bind>
<opcode="getelementptr(29) " fcode="getelementptr"/>
<opset="fc1_weight_addr_5/4 "/>
</bind>
</comp>

<comp id="309" class="1004" name="fc1_weight_addr_6_gep_fu_309">
<pin_list>
<pin id="310" dir="0" index="0" bw="32" slack="0"/>
<pin id="311" dir="0" index="1" bw="1" slack="0"/>
<pin id="312" dir="0" index="2" bw="11" slack="0"/>
<pin id="313" dir="1" index="3" bw="11" slack="0"/>
</pin_list>
<bind>
<opcode="getelementptr(29) " fcode="getelementptr"/>
<opset="fc1_weight_addr_6/4 "/>
</bind>
</comp>

<comp id="316" class="1004" name="fc1_weight_addr_7_gep_fu_316">
<pin_list>
<pin id="317" dir="0" index="0" bw="32" slack="0"/>
<pin id="318" dir="0" index="1" bw="1" slack="0"/>
<pin id="319" dir="0" index="2" bw="11" slack="0"/>
<pin id="320" dir="1" index="3" bw="11" slack="0"/>
</pin_list>
<bind>
<opcode="getelementptr(29) " fcode="getelementptr"/>
<opset="fc1_weight_addr_7/4 "/>
</bind>
</comp>

<comp id="323" class="1004" name="input_addr_gep_fu_323">
<pin_list>
<pin id="324" dir="0" index="0" bw="32" slack="0"/>
<pin id="325" dir="0" index="1" bw="1" slack="0"/>
<pin id="326" dir="0" index="2" bw="7" slack="0"/>
<pin id="327" dir="1" index="3" bw="7" slack="0"/>
</pin_list>
<bind>
<opcode="getelementptr(29) " fcode="getelementptr"/>
<opset="input_addr/4 "/>
</bind>
</comp>

<comp id="330" class="1004" name="grp_access_fu_330">
<pin_list>
<pin id="331" dir="0" index="0" bw="7" slack="0"/>
<pin id="332" dir="0" index="1" bw="32" slack="2147483647"/>
<pin id="333" dir="0" index="2" bw="0" slack="2147483647"/>
<pin id="334" dir="1" index="3" bw="32" slack="1"/>
</pin_list>
<bind>
<opcode="load(27) " fcode="load"/>
<opset="ip/4 "/>
</bind>
</comp>

<comp id="336" class="1004" name="grp_access_fu_336">
<pin_list>
<pin id="337" dir="0" index="0" bw="11" slack="0"/>
<pin id="338" dir="0" index="1" bw="32" slack="2147483647"/>
<pin id="339" dir="0" index="2" bw="0" slack="0"/>
<pin id="341" dir="0" index="4" bw="11" slack="2147483647"/>
<pin id="342" dir="0" index="5" bw="32" slack="0"/>
<pin id="343" dir="0" index="6" bw="0" slack="2147483647"/>
<pin id="345" dir="0" index="8" bw="11" slack="0"/>
<pin id="346" dir="0" index="9" bw="32" slack="2147483647"/>
<pin id="347" dir="0" index="10" bw="0" slack="0"/>
<pin id="349" dir="0" index="12" bw="11" slack="2147483647"/>
<pin id="350" dir="0" index="13" bw="32" slack="0"/>
<pin id="351" dir="0" index="14" bw="0" slack="2147483647"/>
<pin id="353" dir="0" index="16" bw="11" slack="0"/>
<pin id="354" dir="0" index="17" bw="32" slack="2147483647"/>
<pin id="355" dir="0" index="18" bw="0" slack="0"/>
<pin id="357" dir="0" index="20" bw="11" slack="2147483647"/>
<pin id="358" dir="0" index="21" bw="32" slack="2147483647"/>
<pin id="359" dir="0" index="22" bw="0" slack="2147483647"/>
<pin id="361" dir="0" index="24" bw="11" slack="2147483647"/>
<pin id="362" dir="0" index="25" bw="32" slack="2147483647"/>
<pin id="363" dir="0" index="26" bw="0" slack="2147483647"/>
<pin id="365" dir="0" index="28" bw="11" slack="2147483647"/>
<pin id="366" dir="0" index="29" bw="32" slack="2147483647"/>
<pin id="367" dir="0" index="30" bw="0" slack="2147483647"/>
<pin id="340" dir="1" index="3" bw="32" slack="1"/>
<pin id="344" dir="1" index="7" bw="32" slack="1"/>
<pin id="348" dir="1" index="11" bw="32" slack="1"/>
<pin id="352" dir="1" index="15" bw="32" slack="1"/>
<pin id="356" dir="1" index="19" bw="32" slack="1"/>
<pin id="360" dir="1" index="23" bw="32" slack="1"/>
<pin id="364" dir="1" index="27" bw="32" slack="1"/>
<pin id="368" dir="1" index="31" bw="32" slack="1"/>
</pin_list>
<bind>
<opcode="load(27) " fcode="load"/>
<opset="fc1_weight_load/4 fc1_weight_load_1/4 fc1_weight_load_2/4 fc1_weight_load_3/4 fc1_weight_load_4/4 fc1_weight_load_5/4 fc1_weight_load_6/4 fc1_weight_load_7/4 "/>
</bind>
</comp>

<comp id="377" class="1005" name="i_index_reg_377">
<pin_list>
<pin id="378" dir="0" index="0" bw="7" slack="1"/>
<pin id="379" dir="1" index="1" bw="7" slack="1"/>
</pin_list>
<bind>
<opset="i_index (phireg) "/>
</bind>
</comp>

<comp id="381" class="1004" name="i_index_phi_fu_381">
<pin_list>
<pin id="382" dir="0" index="0" bw="1" slack="1"/>
<pin id="383" dir="0" index="1" bw="0" slack="2147483647"/>
<pin id="384" dir="0" index="2" bw="7" slack="0"/>
<pin id="385" dir="0" index="3" bw="0" slack="2147483647"/>
<pin id="386" dir="1" index="4" bw="7" slack="0"/>
</pin_list>
<bind>
<opcode="phi(47) " fcode="phi"/>
<opset="i_index/4 "/>
</bind>
</comp>

<comp id="388" class="1004" name="grp_fu_388">
<pin_list>
<pin id="389" dir="0" index="0" bw="32" slack="6"/>
<pin id="390" dir="0" index="1" bw="32" slack="1"/>
<pin id="391" dir="1" index="2" bw="32" slack="0"/>
</pin_list>
<bind>
<opcode="fadd(9) " fcode="fadd"/>
<opset="input_assign/10 "/>
</bind>
</comp>

<comp id="392" class="1004" name="grp_fu_392">
<pin_list>
<pin id="393" dir="0" index="0" bw="32" slack="6"/>
<pin id="394" dir="0" index="1" bw="32" slack="1"/>
<pin id="395" dir="1" index="2" bw="32" slack="0"/>
</pin_list>
<bind>
<opcode="fadd(9) " fcode="fadd"/>
<opset="input_assign_1/10 "/>
</bind>
</comp>

<comp id="396" class="1004" name="grp_fu_396">
<pin_list>
<pin id="397" dir="0" index="0" bw="32" slack="6"/>
<pin id="398" dir="0" index="1" bw="32" slack="1"/>
<pin id="399" dir="1" index="2" bw="32" slack="0"/>
</pin_list>
<bind>
<opcode="fadd(9) " fcode="fadd"/>
<opset="input_assign_2/10 "/>
</bind>
</comp>

<comp id="400" class="1004" name="grp_fu_400">
<pin_list>
<pin id="401" dir="0" index="0" bw="32" slack="6"/>
<pin id="402" dir="0" index="1" bw="32" slack="1"/>
<pin id="403" dir="1" index="2" bw="32" slack="0"/>
</pin_list>
<bind>
<opcode="fadd(9) " fcode="fadd"/>
<opset="input_assign_3/10 "/>
</bind>
</comp>

<comp id="404" class="1004" name="grp_fu_404">
<pin_list>
<pin id="405" dir="0" index="0" bw="32" slack="6"/>
<pin id="406" dir="0" index="1" bw="32" slack="1"/>
<pin id="407" dir="1" index="2" bw="32" slack="0"/>
</pin_list>
<bind>
<opcode="fadd(9) " fcode="fadd"/>
<opset="input_assign_4/10 "/>
</bind>
</comp>

<comp id="408" class="1004" name="grp_fu_408">
<pin_list>
<pin id="409" dir="0" index="0" bw="32" slack="6"/>
<pin id="410" dir="0" index="1" bw="32" slack="1"/>
<pin id="411" dir="1" index="2" bw="32" slack="0"/>
</pin_list>
<bind>
<opcode="fadd(9) " fcode="fadd"/>
<opset="input_assign_5/10 "/>
</bind>
</comp>

<comp id="412" class="1004" name="grp_fu_412">
<pin_list>
<pin id="413" dir="0" index="0" bw="32" slack="6"/>
<pin id="414" dir="0" index="1" bw="32" slack="1"/>
<pin id="415" dir="1" index="2" bw="32" slack="0"/>
</pin_list>
<bind>
<opcode="fadd(9) " fcode="fadd"/>
<opset="input_assign_6/10 "/>
</bind>
</comp>

<comp id="416" class="1004" name="grp_fu_416">
<pin_list>
<pin id="417" dir="0" index="0" bw="32" slack="6"/>
<pin id="418" dir="0" index="1" bw="32" slack="1"/>
<pin id="419" dir="1" index="2" bw="32" slack="0"/>
</pin_list>
<bind>
<opcode="fadd(9) " fcode="fadd"/>
<opset="input_assign_7/10 "/>
</bind>
</comp>

<comp id="420" class="1004" name="grp_fu_420">
<pin_list>
<pin id="421" dir="0" index="0" bw="32" slack="1"/>
<pin id="422" dir="0" index="1" bw="32" slack="1"/>
<pin id="423" dir="1" index="2" bw="32" slack="1"/>
</pin_list>
<bind>
<opcode="fmul(13) " fcode="fmul"/>
<opset="mul/6 "/>
</bind>
</comp>

<comp id="424" class="1004" name="grp_fu_424">
<pin_list>
<pin id="425" dir="0" index="0" bw="32" slack="1"/>
<pin id="426" dir="0" index="1" bw="32" slack="1"/>
<pin id="427" dir="1" index="2" bw="32" slack="1"/>
</pin_list>
<bind>
<opcode="fmul(13) " fcode="fmul"/>
<opset="mul31_1/6 "/>
</bind>
</comp>

<comp id="428" class="1004" name="grp_fu_428">
<pin_list>
<pin id="429" dir="0" index="0" bw="32" slack="1"/>
<pin id="430" dir="0" index="1" bw="32" slack="1"/>
<pin id="431" dir="1" index="2" bw="32" slack="1"/>
</pin_list>
<bind>
<opcode="fmul(13) " fcode="fmul"/>
<opset="mul31_2/6 "/>
</bind>
</comp>

<comp id="432" class="1004" name="grp_fu_432">
<pin_list>
<pin id="433" dir="0" index="0" bw="32" slack="1"/>
<pin id="434" dir="0" index="1" bw="32" slack="1"/>
<pin id="435" dir="1" index="2" bw="32" slack="1"/>
</pin_list>
<bind>
<opcode="fmul(13) " fcode="fmul"/>
<opset="mul31_3/6 "/>
</bind>
</comp>

<comp id="436" class="1004" name="grp_fu_436">
<pin_list>
<pin id="437" dir="0" index="0" bw="32" slack="1"/>
<pin id="438" dir="0" index="1" bw="32" slack="1"/>
<pin id="439" dir="1" index="2" bw="32" slack="1"/>
</pin_list>
<bind>
<opcode="fmul(13) " fcode="fmul"/>
<opset="mul31_4/6 "/>
</bind>
</comp>

<comp id="440" class="1004" name="grp_fu_440">
<pin_list>
<pin id="441" dir="0" index="0" bw="32" slack="1"/>
<pin id="442" dir="0" index="1" bw="32" slack="1"/>
<pin id="443" dir="1" index="2" bw="32" slack="1"/>
</pin_list>
<bind>
<opcode="fmul(13) " fcode="fmul"/>
<opset="mul31_5/6 "/>
</bind>
</comp>

<comp id="444" class="1004" name="grp_fu_444">
<pin_list>
<pin id="445" dir="0" index="0" bw="32" slack="1"/>
<pin id="446" dir="0" index="1" bw="32" slack="1"/>
<pin id="447" dir="1" index="2" bw="32" slack="1"/>
</pin_list>
<bind>
<opcode="fmul(13) " fcode="fmul"/>
<opset="mul31_6/6 "/>
</bind>
</comp>

<comp id="448" class="1004" name="grp_fu_448">
<pin_list>
<pin id="449" dir="0" index="0" bw="32" slack="1"/>
<pin id="450" dir="0" index="1" bw="32" slack="1"/>
<pin id="451" dir="1" index="2" bw="32" slack="1"/>
</pin_list>
<bind>
<opcode="fmul(13) " fcode="fmul"/>
<opset="mul31_7/6 "/>
</bind>
</comp>

<comp id="452" class="1004" name="grp_fu_452">
<pin_list>
<pin id="453" dir="0" index="0" bw="32" slack="0"/>
<pin id="454" dir="0" index="1" bw="32" slack="0"/>
<pin id="455" dir="1" index="2" bw="1" slack="0"/>
</pin_list>
<bind>
<opcode="fcmp(46) " fcode="fcmp"/>
<opset="tmp_s/4 "/>
</bind>
</comp>

<comp id="457" class="1004" name="grp_fu_457">
<pin_list>
<pin id="458" dir="0" index="0" bw="32" slack="0"/>
<pin id="459" dir="0" index="1" bw="32" slack="0"/>
<pin id="460" dir="1" index="2" bw="1" slack="0"/>
</pin_list>
<bind>
<opcode="fcmp(46) " fcode="fcmp"/>
<opset="tmp_8/4 "/>
</bind>
</comp>

<comp id="462" class="1004" name="grp_fu_462">
<pin_list>
<pin id="463" dir="0" index="0" bw="32" slack="0"/>
<pin id="464" dir="0" index="1" bw="32" slack="0"/>
<pin id="465" dir="1" index="2" bw="1" slack="0"/>
</pin_list>
<bind>
<opcode="fcmp(46) " fcode="fcmp"/>
<opset="tmp_10/4 "/>
</bind>
</comp>

<comp id="467" class="1004" name="grp_fu_467">
<pin_list>
<pin id="468" dir="0" index="0" bw="32" slack="0"/>
<pin id="469" dir="0" index="1" bw="32" slack="0"/>
<pin id="470" dir="1" index="2" bw="1" slack="0"/>
</pin_list>
<bind>
<opcode="fcmp(46) " fcode="fcmp"/>
<opset="tmp_12/4 "/>
</bind>
</comp>

<comp id="472" class="1004" name="grp_fu_472">
<pin_list>
<pin id="473" dir="0" index="0" bw="32" slack="0"/>
<pin id="474" dir="0" index="1" bw="32" slack="0"/>
<pin id="475" dir="1" index="2" bw="1" slack="0"/>
</pin_list>
<bind>
<opcode="fcmp(46) " fcode="fcmp"/>
<opset="tmp_14/4 "/>
</bind>
</comp>

<comp id="477" class="1004" name="grp_fu_477">
<pin_list>
<pin id="478" dir="0" index="0" bw="32" slack="0"/>
<pin id="479" dir="0" index="1" bw="32" slack="0"/>
<pin id="480" dir="1" index="2" bw="1" slack="0"/>
</pin_list>
<bind>
<opcode="fcmp(46) " fcode="fcmp"/>
<opset="tmp_16/4 "/>
</bind>
</comp>

<comp id="482" class="1004" name="grp_fu_482">
<pin_list>
<pin id="483" dir="0" index="0" bw="32" slack="0"/>
<pin id="484" dir="0" index="1" bw="32" slack="0"/>
<pin id="485" dir="1" index="2" bw="1" slack="0"/>
</pin_list>
<bind>
<opcode="fcmp(46) " fcode="fcmp"/>
<opset="tmp_18/4 "/>
</bind>
</comp>

<comp id="487" class="1004" name="grp_fu_487">
<pin_list>
<pin id="488" dir="0" index="0" bw="32" slack="0"/>
<pin id="489" dir="0" index="1" bw="32" slack="0"/>
<pin id="490" dir="1" index="2" bw="1" slack="0"/>
</pin_list>
<bind>
<opcode="fcmp(46) " fcode="fcmp"/>
<opset="tmp_20/4 "/>
</bind>
</comp>

<comp id="492" class="1004" name="grp_load_fu_492">
<pin_list>
<pin id="493" dir="0" index="0" bw="32" slack="1"/>
<pin id="494" dir="1" index="1" bw="32" slack="0"/>
</pin_list>
<bind>
<opcode="load(27) " fcode="load"/>
<opset="output_15_016_load/2 output_15_016_load_1/15 "/>
</bind>
</comp>

<comp id="495" class="1004" name="grp_load_fu_495">
<pin_list>
<pin id="496" dir="0" index="0" bw="32" slack="1"/>
<pin id="497" dir="1" index="1" bw="32" slack="0"/>
</pin_list>
<bind>
<opcode="load(27) " fcode="load"/>
<opset="output_1445_017_load/2 output_1445_017_load_1/15 "/>
</bind>
</comp>

<comp id="498" class="1004" name="grp_load_fu_498">
<pin_list>
<pin id="499" dir="0" index="0" bw="32" slack="1"/>
<pin id="500" dir="1" index="1" bw="32" slack="0"/>
</pin_list>
<bind>
<opcode="load(27) " fcode="load"/>
<opset="output_0_018_load/2 output_0_018_load_1/15 "/>
</bind>
</comp>

<comp id="501" class="1004" name="grp_load_fu_501">
<pin_list>
<pin id="502" dir="0" index="0" bw="32" slack="1"/>
<pin id="503" dir="1" index="1" bw="32" slack="0"/>
</pin_list>
<bind>
<opcode="load(27) " fcode="load"/>
<opset="output_13_019_load/2 output_13_019_load_1/15 "/>
</bind>
</comp>

<comp id="504" class="1004" name="grp_load_fu_504">
<pin_list>
<pin id="505" dir="0" index="0" bw="32" slack="1"/>
<pin id="506" dir="1" index="1" bw="32" slack="0"/>
</pin_list>
<bind>
<opcode="load(27) " fcode="load"/>
<opset="output_12_020_load/2 output_12_020_load_1/15 "/>
</bind>
</comp>

<comp id="507" class="1004" name="grp_load_fu_507">
<pin_list>
<pin id="508" dir="0" index="0" bw="32" slack="1"/>
<pin id="509" dir="1" index="1" bw="32" slack="0"/>
</pin_list>
<bind>
<opcode="load(27) " fcode="load"/>
<opset="output_1_021_load/2 output_1_021_load_1/15 "/>
</bind>
</comp>

<comp id="510" class="1004" name="grp_load_fu_510">
<pin_list>
<pin id="511" dir="0" index="0" bw="32" slack="1"/>
<pin id="512" dir="1" index="1" bw="32" slack="0"/>
</pin_list>
<bind>
<opcode="load(27) " fcode="load"/>
<opset="output_11_022_load/2 output_11_022_load_1/15 "/>
</bind>
</comp>

<comp id="513" class="1004" name="grp_load_fu_513">
<pin_list>
<pin id="514" dir="0" index="0" bw="32" slack="1"/>
<pin id="515" dir="1" index="1" bw="32" slack="0"/>
</pin_list>
<bind>
<opcode="load(27) " fcode="load"/>
<opset="output_10_023_load/2 output_10_023_load_1/15 "/>
</bind>
</comp>

<comp id="516" class="1004" name="grp_load_fu_516">
<pin_list>
<pin id="517" dir="0" index="0" bw="32" slack="1"/>
<pin id="518" dir="1" index="1" bw="32" slack="0"/>
</pin_list>
<bind>
<opcode="load(27) " fcode="load"/>
<opset="output_2_024_load/2 output_2_024_load_1/15 "/>
</bind>
</comp>

<comp id="519" class="1004" name="grp_load_fu_519">
<pin_list>
<pin id="520" dir="0" index="0" bw="32" slack="1"/>
<pin id="521" dir="1" index="1" bw="32" slack="0"/>
</pin_list>
<bind>
<opcode="load(27) " fcode="load"/>
<opset="output_9_025_load/2 output_9_025_load_1/15 "/>
</bind>
</comp>

<comp id="522" class="1004" name="grp_load_fu_522">
<pin_list>
<pin id="523" dir="0" index="0" bw="32" slack="1"/>
<pin id="524" dir="1" index="1" bw="32" slack="0"/>
</pin_list>
<bind>
<opcode="load(27) " fcode="load"/>
<opset="output_8_026_load/2 output_8_026_load_1/15 "/>
</bind>
</comp>

<comp id="525" class="1004" name="grp_load_fu_525">
<pin_list>
<pin id="526" dir="0" index="0" bw="32" slack="1"/>
<pin id="527" dir="1" index="1" bw="32" slack="0"/>
</pin_list>
<bind>
<opcode="load(27) " fcode="load"/>
<opset="output_3_027_load/2 output_3_027_load_1/15 "/>
</bind>
</comp>

<comp id="528" class="1004" name="grp_load_fu_528">
<pin_list>
<pin id="529" dir="0" index="0" bw="32" slack="1"/>
<pin id="530" dir="1" index="1" bw="32" slack="0"/>
</pin_list>
<bind>
<opcode="load(27) " fcode="load"/>
<opset="output_7_028_load/2 output_7_028_load_1/15 "/>
</bind>
</comp>

<comp id="531" class="1004" name="grp_load_fu_531">
<pin_list>
<pin id="532" dir="0" index="0" bw="32" slack="1"/>
<pin id="533" dir="1" index="1" bw="32" slack="0"/>
</pin_list>
<bind>
<opcode="load(27) " fcode="load"/>
<opset="output_6_029_load/2 output_6_029_load_1/15 "/>
</bind>
</comp>

<comp id="534" class="1004" name="grp_load_fu_534">
<pin_list>
<pin id="535" dir="0" index="0" bw="32" slack="1"/>
<pin id="536" dir="1" index="1" bw="32" slack="0"/>
</pin_list>
<bind>
<opcode="load(27) " fcode="load"/>
<opset="output_4_030_load/2 output_4_030_load_1/15 "/>
</bind>
</comp>

<comp id="537" class="1004" name="grp_load_fu_537">
<pin_list>
<pin id="538" dir="0" index="0" bw="32" slack="1"/>
<pin id="539" dir="1" index="1" bw="32" slack="0"/>
</pin_list>
<bind>
<opcode="load(27) " fcode="load"/>
<opset="output_5_031_load/2 output_5_031_load_1/15 "/>
</bind>
</comp>

<comp id="540" class="1004" name="grp_load_fu_540">
<pin_list>
<pin id="541" dir="0" index="0" bw="32" slack="3"/>
<pin id="542" dir="1" index="1" bw="32" slack="0"/>
</pin_list>
<bind>
<opcode="load(27) " fcode="load"/>
<opset="add32_lcssa10_load_1/4 add32_lcssa10_load/4 "/>
</bind>
</comp>

<comp id="544" class="1004" name="grp_load_fu_544">
<pin_list>
<pin id="545" dir="0" index="0" bw="32" slack="3"/>
<pin id="546" dir="1" index="1" bw="32" slack="0"/>
</pin_list>
<bind>
<opcode="load(27) " fcode="load"/>
<opset="add32_1_lcssa12_load_1/4 add32_1_lcssa12_load/4 "/>
</bind>
</comp>

<comp id="548" class="1004" name="grp_load_fu_548">
<pin_list>
<pin id="549" dir="0" index="0" bw="32" slack="3"/>
<pin id="550" dir="1" index="1" bw="32" slack="0"/>
</pin_list>
<bind>
<opcode="load(27) " fcode="load"/>
<opset="add32_2_lcssa14_load_1/4 add32_2_lcssa14_load/4 "/>
</bind>
</comp>

<comp id="552" class="1004" name="grp_load_fu_552">
<pin_list>
<pin id="553" dir="0" index="0" bw="32" slack="3"/>
<pin id="554" dir="1" index="1" bw="32" slack="0"/>
</pin_list>
<bind>
<opcode="load(27) " fcode="load"/>
<opset="add32_3_lcssa16_load_1/4 add32_3_lcssa16_load/4 "/>
</bind>
</comp>

<comp id="556" class="1004" name="grp_load_fu_556">
<pin_list>
<pin id="557" dir="0" index="0" bw="32" slack="3"/>
<pin id="558" dir="1" index="1" bw="32" slack="0"/>
</pin_list>
<bind>
<opcode="load(27) " fcode="load"/>
<opset="add32_4_lcssa18_load_1/4 add32_4_lcssa18_load/4 "/>
</bind>
</comp>

<comp id="560" class="1004" name="grp_load_fu_560">
<pin_list>
<pin id="561" dir="0" index="0" bw="32" slack="3"/>
<pin id="562" dir="1" index="1" bw="32" slack="0"/>
</pin_list>
<bind>
<opcode="load(27) " fcode="load"/>
<opset="add32_5_lcssa20_load_1/4 add32_5_lcssa20_load/4 "/>
</bind>
</comp>

<comp id="564" class="1004" name="grp_load_fu_564">
<pin_list>
<pin id="565" dir="0" index="0" bw="32" slack="3"/>
<pin id="566" dir="1" index="1" bw="32" slack="0"/>
</pin_list>
<bind>
<opcode="load(27) " fcode="load"/>
<opset="add32_6_lcssa22_load_1/4 add32_6_lcssa22_load/4 "/>
</bind>
</comp>

<comp id="568" class="1004" name="grp_load_fu_568">
<pin_list>
<pin id="569" dir="0" index="0" bw="32" slack="3"/>
<pin id="570" dir="1" index="1" bw="32" slack="0"/>
</pin_list>
<bind>
<opcode="load(27) " fcode="load"/>
<opset="add32_7_lcssa24_load_1/4 add32_7_lcssa24_load/4 "/>
</bind>
</comp>

<comp id="572" class="1004" name="store_ln195_store_fu_572">
<pin_list>
<pin id="573" dir="0" index="0" bw="1" slack="0"/>
<pin id="574" dir="0" index="1" bw="2" slack="0"/>
<pin id="575" dir="1" index="2" bw="0" slack="2147483647"/>
</pin_list>
<bind>
<opcode="store(28) " fcode="store"/>
<opset="store_ln195/1 "/>
</bind>
</comp>

<comp id="577" class="1004" name="turn_2_load_fu_577">
<pin_list>
<pin id="578" dir="0" index="0" bw="2" slack="1"/>
<pin id="579" dir="1" index="1" bw="2" slack="0"/>
</pin_list>
<bind>
<opcode="load(27) " fcode="load"/>
<opset="turn_2/2 "/>
</bind>
</comp>

<comp id="580" class="1004" name="icmp_ln195_fu_580">
<pin_list>
<pin id="581" dir="0" index="0" bw="2" slack="0"/>
<pin id="582" dir="0" index="1" bw="2" slack="0"/>
<pin id="583" dir="1" index="2" bw="1" slack="2147483647"/>
</pin_list>
<bind>
<opcode="icmp(45) " fcode="icmp"/>
<opset="icmp_ln195/2 "/>
</bind>
</comp>

<comp id="586" class="1004" name="add_ln195_fu_586">
<pin_list>
<pin id="587" dir="0" index="0" bw="2" slack="0"/>
<pin id="588" dir="0" index="1" bw="1" slack="0"/>
<pin id="589" dir="1" index="2" bw="2" slack="2"/>
</pin_list>
<bind>
<opcode="add(8) " fcode="add"/>
<opset="add_ln195/2 "/>
</bind>
</comp>

<comp id="592" class="1004" name="trunc_ln218_fu_592">
<pin_list>
<pin id="593" dir="0" index="0" bw="2" slack="0"/>
<pin id="594" dir="1" index="1" bw="1" slack="0"/>
</pin_list>
<bind>
<opcode="trunc(33) " fcode="trunc"/>
<opset="trunc_ln218/2 "/>
</bind>
</comp>

<comp id="596" class="1004" name="shl_ln_fu_596">
<pin_list>
<pin id="597" dir="0" index="0" bw="4" slack="0"/>
<pin id="598" dir="0" index="1" bw="1" slack="0"/>
<pin id="599" dir="0" index="2" bw="1" slack="0"/>
<pin id="600" dir="1" index="3" bw="4" slack="0"/>
</pin_list>
<bind>
<opcode="bitconcatenate(1004) " fcode="bitconcatenate"/>
<opset="shl_ln/2 "/>
</bind>
</comp>

<comp id="604" class="1004" name="trunc_ln218_cast_fu_604">
<pin_list>
<pin id="605" dir="0" index="0" bw="4" slack="0"/>
<pin id="606" dir="1" index="1" bw="64" slack="0"/>
</pin_list>
<bind>
<opcode="zext(34) " fcode="zext"/>
<opset="trunc_ln218_cast/2 "/>
</bind>
</comp>

<comp id="609" class="1004" name="empty_133_fu_609">
<pin_list>
<pin id="610" dir="0" index="0" bw="4" slack="0"/>
<pin id="611" dir="0" index="1" bw="1" slack="0"/>
<pin id="612" dir="1" index="2" bw="4" slack="0"/>
</pin_list>
<bind>
<opcode="or(24) " fcode="or"/>
<opset="empty_133/2 "/>
</bind>
</comp>

<comp id="615" class="1004" name="p_cast_fu_615">
<pin_list>
<pin id="616" dir="0" index="0" bw="4" slack="0"/>
<pin id="617" dir="1" index="1" bw="64" slack="0"/>
</pin_list>
<bind>
<opcode="zext(34) " fcode="zext"/>
<opset="p_cast/2 "/>
</bind>
</comp>

<comp id="620" class="1004" name="empty_134_fu_620">
<pin_list>
<pin id="621" dir="0" index="0" bw="4" slack="0"/>
<pin id="622" dir="0" index="1" bw="3" slack="0"/>
<pin id="623" dir="1" index="2" bw="4" slack="0"/>
</pin_list>
<bind>
<opcode="or(24) " fcode="or"/>
<opset="empty_134/2 "/>
</bind>
</comp>

<comp id="626" class="1004" name="p_cast1_fu_626">
<pin_list>
<pin id="627" dir="0" index="0" bw="4" slack="0"/>
<pin id="628" dir="1" index="1" bw="64" slack="0"/>
</pin_list>
<bind>
<opcode="zext(34) " fcode="zext"/>
<opset="p_cast1/2 "/>
</bind>
</comp>

<comp id="631" class="1004" name="empty_135_fu_631">
<pin_list>
<pin id="632" dir="0" index="0" bw="4" slack="0"/>
<pin id="633" dir="0" index="1" bw="3" slack="0"/>
<pin id="634" dir="1" index="2" bw="4" slack="0"/>
</pin_list>
<bind>
<opcode="or(24) " fcode="or"/>
<opset="empty_135/2 "/>
</bind>
</comp>

<comp id="637" class="1004" name="p_cast2_fu_637">
<pin_list>
<pin id="638" dir="0" index="0" bw="4" slack="0"/>
<pin id="639" dir="1" index="1" bw="64" slack="0"/>
</pin_list>
<bind>
<opcode="zext(34) " fcode="zext"/>
<opset="p_cast2/2 "/>
</bind>
</comp>

<comp id="642" class="1004" name="empty_136_fu_642">
<pin_list>
<pin id="643" dir="0" index="0" bw="4" slack="0"/>
<pin id="644" dir="0" index="1" bw="4" slack="0"/>
<pin id="645" dir="1" index="2" bw="4" slack="0"/>
</pin_list>
<bind>
<opcode="or(24) " fcode="or"/>
<opset="empty_136/2 "/>
</bind>
</comp>

<comp id="648" class="1004" name="p_cast3_fu_648">
<pin_list>
<pin id="649" dir="0" index="0" bw="4" slack="0"/>
<pin id="650" dir="1" index="1" bw="64" slack="0"/>
</pin_list>
<bind>
<opcode="zext(34) " fcode="zext"/>
<opset="p_cast3/2 "/>
</bind>
</comp>

<comp id="653" class="1004" name="empty_137_fu_653">
<pin_list>
<pin id="654" dir="0" index="0" bw="4" slack="0"/>
<pin id="655" dir="0" index="1" bw="4" slack="0"/>
<pin id="656" dir="1" index="2" bw="4" slack="0"/>
</pin_list>
<bind>
<opcode="or(24) " fcode="or"/>
<opset="empty_137/2 "/>
</bind>
</comp>

<comp id="659" class="1004" name="p_cast4_fu_659">
<pin_list>
<pin id="660" dir="0" index="0" bw="4" slack="0"/>
<pin id="661" dir="1" index="1" bw="64" slack="0"/>
</pin_list>
<bind>
<opcode="zext(34) " fcode="zext"/>
<opset="p_cast4/2 "/>
</bind>
</comp>

<comp id="664" class="1004" name="empty_138_fu_664">
<pin_list>
<pin id="665" dir="0" index="0" bw="4" slack="0"/>
<pin id="666" dir="0" index="1" bw="4" slack="0"/>
<pin id="667" dir="1" index="2" bw="4" slack="0"/>
</pin_list>
<bind>
<opcode="or(24) " fcode="or"/>
<opset="empty_138/2 "/>
</bind>
</comp>

<comp id="670" class="1004" name="p_cast5_fu_670">
<pin_list>
<pin id="671" dir="0" index="0" bw="4" slack="0"/>
<pin id="672" dir="1" index="1" bw="64" slack="0"/>
</pin_list>
<bind>
<opcode="zext(34) " fcode="zext"/>
<opset="p_cast5/2 "/>
</bind>
</comp>

<comp id="675" class="1004" name="empty_139_fu_675">
<pin_list>
<pin id="676" dir="0" index="0" bw="4" slack="0"/>
<pin id="677" dir="0" index="1" bw="4" slack="0"/>
<pin id="678" dir="1" index="2" bw="4" slack="0"/>
</pin_list>
<bind>
<opcode="or(24) " fcode="or"/>
<opset="empty_139/2 "/>
</bind>
</comp>

<comp id="681" class="1004" name="p_cast6_fu_681">
<pin_list>
<pin id="682" dir="0" index="0" bw="4" slack="0"/>
<pin id="683" dir="1" index="1" bw="64" slack="0"/>
</pin_list>
<bind>
<opcode="zext(34) " fcode="zext"/>
<opset="p_cast6/2 "/>
</bind>
</comp>

<comp id="686" class="1004" name="mrv_fu_686">
<pin_list>
<pin id="687" dir="0" index="0" bw="512" slack="0"/>
<pin id="688" dir="0" index="1" bw="32" slack="0"/>
<pin id="689" dir="1" index="2" bw="512" slack="0"/>
</pin_list>
<bind>
<opcode="insertvalue(57) " fcode="insertvalue"/>
<opset="mrv/2 "/>
</bind>
</comp>

<comp id="692" class="1004" name="mrv_1_fu_692">
<pin_list>
<pin id="693" dir="0" index="0" bw="512" slack="0"/>
<pin id="694" dir="0" index="1" bw="32" slack="0"/>
<pin id="695" dir="1" index="2" bw="512" slack="0"/>
</pin_list>
<bind>
<opcode="insertvalue(57) " fcode="insertvalue"/>
<opset="mrv_1/2 "/>
</bind>
</comp>

<comp id="698" class="1004" name="mrv_2_fu_698">
<pin_list>
<pin id="699" dir="0" index="0" bw="512" slack="0"/>
<pin id="700" dir="0" index="1" bw="32" slack="0"/>
<pin id="701" dir="1" index="2" bw="512" slack="0"/>
</pin_list>
<bind>
<opcode="insertvalue(57) " fcode="insertvalue"/>
<opset="mrv_2/2 "/>
</bind>
</comp>

<comp id="704" class="1004" name="mrv_3_fu_704">
<pin_list>
<pin id="705" dir="0" index="0" bw="512" slack="0"/>
<pin id="706" dir="0" index="1" bw="32" slack="0"/>
<pin id="707" dir="1" index="2" bw="512" slack="0"/>
</pin_list>
<bind>
<opcode="insertvalue(57) " fcode="insertvalue"/>
<opset="mrv_3/2 "/>
</bind>
</comp>

<comp id="710" class="1004" name="mrv_4_fu_710">
<pin_list>
<pin id="711" dir="0" index="0" bw="512" slack="0"/>
<pin id="712" dir="0" index="1" bw="32" slack="0"/>
<pin id="713" dir="1" index="2" bw="512" slack="0"/>
</pin_list>
<bind>
<opcode="insertvalue(57) " fcode="insertvalue"/>
<opset="mrv_4/2 "/>
</bind>
</comp>

<comp id="716" class="1004" name="mrv_5_fu_716">
<pin_list>
<pin id="717" dir="0" index="0" bw="512" slack="0"/>
<pin id="718" dir="0" index="1" bw="32" slack="0"/>
<pin id="719" dir="1" index="2" bw="512" slack="0"/>
</pin_list>
<bind>
<opcode="insertvalue(57) " fcode="insertvalue"/>
<opset="mrv_5/2 "/>
</bind>
</comp>

<comp id="722" class="1004" name="mrv_6_fu_722">
<pin_list>
<pin id="723" dir="0" index="0" bw="512" slack="0"/>
<pin id="724" dir="0" index="1" bw="32" slack="0"/>
<pin id="725" dir="1" index="2" bw="512" slack="0"/>
</pin_list>
<bind>
<opcode="insertvalue(57) " fcode="insertvalue"/>
<opset="mrv_6/2 "/>
</bind>
</comp>

<comp id="728" class="1004" name="mrv_7_fu_728">
<pin_list>
<pin id="729" dir="0" index="0" bw="512" slack="0"/>
<pin id="730" dir="0" index="1" bw="32" slack="0"/>
<pin id="731" dir="1" index="2" bw="512" slack="0"/>
</pin_list>
<bind>
<opcode="insertvalue(57) " fcode="insertvalue"/>
<opset="mrv_7/2 "/>
</bind>
</comp>

<comp id="734" class="1004" name="mrv_8_fu_734">
<pin_list>
<pin id="735" dir="0" index="0" bw="512" slack="0"/>
<pin id="736" dir="0" index="1" bw="32" slack="0"/>
<pin id="737" dir="1" index="2" bw="512" slack="0"/>
</pin_list>
<bind>
<opcode="insertvalue(57) " fcode="insertvalue"/>
<opset="mrv_8/2 "/>
</bind>
</comp>

<comp id="740" class="1004" name="mrv_9_fu_740">
<pin_list>
<pin id="741" dir="0" index="0" bw="512" slack="0"/>
<pin id="742" dir="0" index="1" bw="32" slack="0"/>
<pin id="743" dir="1" index="2" bw="512" slack="0"/>
</pin_list>
<bind>
<opcode="insertvalue(57) " fcode="insertvalue"/>
<opset="mrv_9/2 "/>
</bind>
</comp>

<comp id="746" class="1004" name="mrv_s_fu_746">
<pin_list>
<pin id="747" dir="0" index="0" bw="512" slack="0"/>
<pin id="748" dir="0" index="1" bw="32" slack="0"/>
<pin id="749" dir="1" index="2" bw="512" slack="0"/>
</pin_list>
<bind>
<opcode="insertvalue(57) " fcode="insertvalue"/>
<opset="mrv_s/2 "/>
</bind>
</comp>

<comp id="752" class="1004" name="mrv_10_fu_752">
<pin_list>
<pin id="753" dir="0" index="0" bw="512" slack="0"/>
<pin id="754" dir="0" index="1" bw="32" slack="0"/>
<pin id="755" dir="1" index="2" bw="512" slack="0"/>
</pin_list>
<bind>
<opcode="insertvalue(57) " fcode="insertvalue"/>
<opset="mrv_10/2 "/>
</bind>
</comp>

<comp id="758" class="1004" name="mrv_11_fu_758">
<pin_list>
<pin id="759" dir="0" index="0" bw="512" slack="0"/>
<pin id="760" dir="0" index="1" bw="32" slack="0"/>
<pin id="761" dir="1" index="2" bw="512" slack="0"/>
</pin_list>
<bind>
<opcode="insertvalue(57) " fcode="insertvalue"/>
<opset="mrv_11/2 "/>
</bind>
</comp>

<comp id="764" class="1004" name="mrv_12_fu_764">
<pin_list>
<pin id="765" dir="0" index="0" bw="512" slack="0"/>
<pin id="766" dir="0" index="1" bw="32" slack="0"/>
<pin id="767" dir="1" index="2" bw="512" slack="0"/>
</pin_list>
<bind>
<opcode="insertvalue(57) " fcode="insertvalue"/>
<opset="mrv_12/2 "/>
</bind>
</comp>

<comp id="770" class="1004" name="mrv_13_fu_770">
<pin_list>
<pin id="771" dir="0" index="0" bw="512" slack="0"/>
<pin id="772" dir="0" index="1" bw="32" slack="0"/>
<pin id="773" dir="1" index="2" bw="512" slack="0"/>
</pin_list>
<bind>
<opcode="insertvalue(57) " fcode="insertvalue"/>
<opset="mrv_13/2 "/>
</bind>
</comp>

<comp id="776" class="1004" name="mrv_14_fu_776">
<pin_list>
<pin id="777" dir="0" index="0" bw="512" slack="0"/>
<pin id="778" dir="0" index="1" bw="32" slack="0"/>
<pin id="779" dir="1" index="2" bw="512" slack="2147483647"/>
</pin_list>
<bind>
<opcode="insertvalue(57) " fcode="insertvalue"/>
<opset="mrv_14/2 "/>
</bind>
</comp>

<comp id="782" class="1004" name="zext_ln212_fu_782">
<pin_list>
<pin id="783" dir="0" index="0" bw="4" slack="1"/>
<pin id="784" dir="1" index="1" bw="11" slack="0"/>
</pin_list>
<bind>
<opcode="zext(34) " fcode="zext"/>
<opset="zext_ln212/3 "/>
</bind>
</comp>

<comp id="785" class="1004" name="mul_ln212_fu_785">
<pin_list>
<pin id="786" dir="0" index="0" bw="4" slack="0"/>
<pin id="787" dir="0" index="1" bw="8" slack="0"/>
<pin id="788" dir="1" index="2" bw="11" slack="1"/>
</pin_list>
<bind>
<opcode="mul(12) " fcode="mul"/>
<opset="mul_ln212/3 "/>
</bind>
</comp>

<comp id="791" class="1004" name="zext_ln212_6_fu_791">
<pin_list>
<pin id="792" dir="0" index="0" bw="4" slack="1"/>
<pin id="793" dir="1" index="1" bw="11" slack="0"/>
</pin_list>
<bind>
<opcode="zext(34) " fcode="zext"/>
<opset="zext_ln212_6/3 "/>
</bind>
</comp>

<comp id="794" class="1004" name="mul_ln212_1_fu_794">
<pin_list>
<pin id="795" dir="0" index="0" bw="4" slack="0"/>
<pin id="796" dir="0" index="1" bw="8" slack="0"/>
<pin id="797" dir="1" index="2" bw="11" slack="1"/>
</pin_list>
<bind>
<opcode="mul(12) " fcode="mul"/>
<opset="mul_ln212_1/3 "/>
</bind>
</comp>

<comp id="800" class="1004" name="zext_ln212_7_fu_800">
<pin_list>
<pin id="801" dir="0" index="0" bw="4" slack="1"/>
<pin id="802" dir="1" index="1" bw="11" slack="0"/>
</pin_list>
<bind>
<opcode="zext(34) " fcode="zext"/>
<opset="zext_ln212_7/3 "/>
</bind>
</comp>

<comp id="803" class="1004" name="mul_ln212_2_fu_803">
<pin_list>
<pin id="804" dir="0" index="0" bw="4" slack="0"/>
<pin id="805" dir="0" index="1" bw="8" slack="0"/>
<pin id="806" dir="1" index="2" bw="11" slack="1"/>
</pin_list>
<bind>
<opcode="mul(12) " fcode="mul"/>
<opset="mul_ln212_2/3 "/>
</bind>
</comp>

<comp id="809" class="1004" name="zext_ln212_8_fu_809">
<pin_list>
<pin id="810" dir="0" index="0" bw="4" slack="1"/>
<pin id="811" dir="1" index="1" bw="11" slack="0"/>
</pin_list>
<bind>
<opcode="zext(34) " fcode="zext"/>
<opset="zext_ln212_8/3 "/>
</bind>
</comp>

<comp id="812" class="1004" name="mul_ln212_3_fu_812">
<pin_list>
<pin id="813" dir="0" index="0" bw="4" slack="0"/>
<pin id="814" dir="0" index="1" bw="8" slack="0"/>
<pin id="815" dir="1" index="2" bw="11" slack="1"/>
</pin_list>
<bind>
<opcode="mul(12) " fcode="mul"/>
<opset="mul_ln212_3/3 "/>
</bind>
</comp>

<comp id="818" class="1004" name="zext_ln212_9_fu_818">
<pin_list>
<pin id="819" dir="0" index="0" bw="4" slack="1"/>
<pin id="820" dir="1" index="1" bw="11" slack="0"/>
</pin_list>
<bind>
<opcode="zext(34) " fcode="zext"/>
<opset="zext_ln212_9/3 "/>
</bind>
</comp>

<comp id="821" class="1004" name="mul_ln212_4_fu_821">
<pin_list>
<pin id="822" dir="0" index="0" bw="4" slack="0"/>
<pin id="823" dir="0" index="1" bw="8" slack="0"/>
<pin id="824" dir="1" index="2" bw="11" slack="1"/>
</pin_list>
<bind>
<opcode="mul(12) " fcode="mul"/>
<opset="mul_ln212_4/3 "/>
</bind>
</comp>

<comp id="827" class="1004" name="zext_ln212_10_fu_827">
<pin_list>
<pin id="828" dir="0" index="0" bw="4" slack="1"/>
<pin id="829" dir="1" index="1" bw="11" slack="0"/>
</pin_list>
<bind>
<opcode="zext(34) " fcode="zext"/>
<opset="zext_ln212_10/3 "/>
</bind>
</comp>

<comp id="830" class="1004" name="mul_ln212_5_fu_830">
<pin_list>
<pin id="831" dir="0" index="0" bw="4" slack="0"/>
<pin id="832" dir="0" index="1" bw="8" slack="0"/>
<pin id="833" dir="1" index="2" bw="11" slack="1"/>
</pin_list>
<bind>
<opcode="mul(12) " fcode="mul"/>
<opset="mul_ln212_5/3 "/>
</bind>
</comp>

<comp id="836" class="1004" name="zext_ln212_11_fu_836">
<pin_list>
<pin id="837" dir="0" index="0" bw="4" slack="1"/>
<pin id="838" dir="1" index="1" bw="11" slack="0"/>
</pin_list>
<bind>
<opcode="zext(34) " fcode="zext"/>
<opset="zext_ln212_11/3 "/>
</bind>
</comp>

<comp id="839" class="1004" name="mul_ln212_6_fu_839">
<pin_list>
<pin id="840" dir="0" index="0" bw="4" slack="0"/>
<pin id="841" dir="0" index="1" bw="8" slack="0"/>
<pin id="842" dir="1" index="2" bw="11" slack="1"/>
</pin_list>
<bind>
<opcode="mul(12) " fcode="mul"/>
<opset="mul_ln212_6/3 "/>
</bind>
</comp>

<comp id="845" class="1004" name="zext_ln212_12_fu_845">
<pin_list>
<pin id="846" dir="0" index="0" bw="4" slack="1"/>
<pin id="847" dir="1" index="1" bw="11" slack="0"/>
</pin_list>
<bind>
<opcode="zext(34) " fcode="zext"/>
<opset="zext_ln212_12/3 "/>
</bind>
</comp>

<comp id="848" class="1004" name="mul_ln212_7_fu_848">
<pin_list>
<pin id="849" dir="0" index="0" bw="4" slack="0"/>
<pin id="850" dir="0" index="1" bw="8" slack="0"/>
<pin id="851" dir="1" index="2" bw="11" slack="1"/>
</pin_list>
<bind>
<opcode="mul(12) " fcode="mul"/>
<opset="mul_ln212_7/3 "/>
</bind>
</comp>

<comp id="854" class="1004" name="zext_ln198_fu_854">
<pin_list>
<pin id="855" dir="0" index="0" bw="7" slack="0"/>
<pin id="856" dir="1" index="1" bw="64" slack="0"/>
</pin_list>
<bind>
<opcode="zext(34) " fcode="zext"/>
<opset="zext_ln198/4 "/>
</bind>
</comp>

<comp id="859" class="1004" name="zext_ln212_13_fu_859">
<pin_list>
<pin id="860" dir="0" index="0" bw="7" slack="0"/>
<pin id="861" dir="1" index="1" bw="11" slack="0"/>
</pin_list>
<bind>
<opcode="zext(34) " fcode="zext"/>
<opset="zext_ln212_13/4 "/>
</bind>
</comp>

<comp id="863" class="1004" name="add_ln212_fu_863">
<pin_list>
<pin id="864" dir="0" index="0" bw="11" slack="1"/>
<pin id="865" dir="0" index="1" bw="7" slack="0"/>
<pin id="866" dir="1" index="2" bw="11" slack="0"/>
</pin_list>
<bind>
<opcode="add(8) " fcode="add"/>
<opset="add_ln212/4 "/>
</bind>
</comp>

<comp id="868" class="1004" name="zext_ln212_14_fu_868">
<pin_list>
<pin id="869" dir="0" index="0" bw="11" slack="0"/>
<pin id="870" dir="1" index="1" bw="64" slack="0"/>
</pin_list>
<bind>
<opcode="zext(34) " fcode="zext"/>
<opset="zext_ln212_14/4 "/>
</bind>
</comp>

<comp id="873" class="1004" name="add_ln212_5_fu_873">
<pin_list>
<pin id="874" dir="0" index="0" bw="11" slack="1"/>
<pin id="875" dir="0" index="1" bw="7" slack="0"/>
<pin id="876" dir="1" index="2" bw="11" slack="0"/>
</pin_list>
<bind>
<opcode="add(8) " fcode="add"/>
<opset="add_ln212_5/4 "/>
</bind>
</comp>

<comp id="878" class="1004" name="zext_ln212_15_fu_878">
<pin_list>
<pin id="879" dir="0" index="0" bw="11" slack="0"/>
<pin id="880" dir="1" index="1" bw="64" slack="0"/>
</pin_list>
<bind>
<opcode="zext(34) " fcode="zext"/>
<opset="zext_ln212_15/4 "/>
</bind>
</comp>

<comp id="883" class="1004" name="add_ln212_6_fu_883">
<pin_list>
<pin id="884" dir="0" index="0" bw="11" slack="1"/>
<pin id="885" dir="0" index="1" bw="7" slack="0"/>
<pin id="886" dir="1" index="2" bw="11" slack="0"/>
</pin_list>
<bind>
<opcode="add(8) " fcode="add"/>
<opset="add_ln212_6/4 "/>
</bind>
</comp>

<comp id="888" class="1004" name="zext_ln212_16_fu_888">
<pin_list>
<pin id="889" dir="0" index="0" bw="11" slack="0"/>
<pin id="890" dir="1" index="1" bw="64" slack="0"/>
</pin_list>
<bind>
<opcode="zext(34) " fcode="zext"/>
<opset="zext_ln212_16/4 "/>
</bind>
</comp>

<comp id="893" class="1004" name="add_ln212_7_fu_893">
<pin_list>
<pin id="894" dir="0" index="0" bw="11" slack="1"/>
<pin id="895" dir="0" index="1" bw="7" slack="0"/>
<pin id="896" dir="1" index="2" bw="11" slack="0"/>
</pin_list>
<bind>
<opcode="add(8) " fcode="add"/>
<opset="add_ln212_7/4 "/>
</bind>
</comp>

<comp id="898" class="1004" name="zext_ln212_17_fu_898">
<pin_list>
<pin id="899" dir="0" index="0" bw="11" slack="0"/>
<pin id="900" dir="1" index="1" bw="64" slack="0"/>
</pin_list>
<bind>
<opcode="zext(34) " fcode="zext"/>
<opset="zext_ln212_17/4 "/>
</bind>
</comp>

<comp id="903" class="1004" name="add_ln212_8_fu_903">
<pin_list>
<pin id="904" dir="0" index="0" bw="11" slack="1"/>
<pin id="905" dir="0" index="1" bw="7" slack="0"/>
<pin id="906" dir="1" index="2" bw="11" slack="0"/>
</pin_list>
<bind>
<opcode="add(8) " fcode="add"/>
<opset="add_ln212_8/4 "/>
</bind>
</comp>

<comp id="908" class="1004" name="zext_ln212_18_fu_908">
<pin_list>
<pin id="909" dir="0" index="0" bw="11" slack="0"/>
<pin id="910" dir="1" index="1" bw="64" slack="0"/>
</pin_list>
<bind>
<opcode="zext(34) " fcode="zext"/>
<opset="zext_ln212_18/4 "/>
</bind>
</comp>

<comp id="913" class="1004" name="add_ln212_9_fu_913">
<pin_list>
<pin id="914" dir="0" index="0" bw="11" slack="1"/>
<pin id="915" dir="0" index="1" bw="7" slack="0"/>
<pin id="916" dir="1" index="2" bw="11" slack="0"/>
</pin_list>
<bind>
<opcode="add(8) " fcode="add"/>
<opset="add_ln212_9/4 "/>
</bind>
</comp>

<comp id="918" class="1004" name="zext_ln212_19_fu_918">
<pin_list>
<pin id="919" dir="0" index="0" bw="11" slack="0"/>
<pin id="920" dir="1" index="1" bw="64" slack="0"/>
</pin_list>
<bind>
<opcode="zext(34) " fcode="zext"/>
<opset="zext_ln212_19/4 "/>
</bind>
</comp>

<comp id="923" class="1004" name="add_ln212_10_fu_923">
<pin_list>
<pin id="924" dir="0" index="0" bw="11" slack="1"/>
<pin id="925" dir="0" index="1" bw="7" slack="0"/>
<pin id="926" dir="1" index="2" bw="11" slack="0"/>
</pin_list>
<bind>
<opcode="add(8) " fcode="add"/>
<opset="add_ln212_10/4 "/>
</bind>
</comp>

<comp id="928" class="1004" name="zext_ln212_20_fu_928">
<pin_list>
<pin id="929" dir="0" index="0" bw="11" slack="0"/>
<pin id="930" dir="1" index="1" bw="64" slack="0"/>
</pin_list>
<bind>
<opcode="zext(34) " fcode="zext"/>
<opset="zext_ln212_20/4 "/>
</bind>
</comp>

<comp id="933" class="1004" name="add_ln212_11_fu_933">
<pin_list>
<pin id="934" dir="0" index="0" bw="11" slack="1"/>
<pin id="935" dir="0" index="1" bw="7" slack="0"/>
<pin id="936" dir="1" index="2" bw="11" slack="0"/>
</pin_list>
<bind>
<opcode="add(8) " fcode="add"/>
<opset="add_ln212_11/4 "/>
</bind>
</comp>

<comp id="938" class="1004" name="zext_ln212_21_fu_938">
<pin_list>
<pin id="939" dir="0" index="0" bw="11" slack="0"/>
<pin id="940" dir="1" index="1" bw="64" slack="0"/>
</pin_list>
<bind>
<opcode="zext(34) " fcode="zext"/>
<opset="zext_ln212_21/4 "/>
</bind>
</comp>

<comp id="943" class="1004" name="icmp_ln198_fu_943">
<pin_list>
<pin id="944" dir="0" index="0" bw="7" slack="0"/>
<pin id="945" dir="0" index="1" bw="6" slack="0"/>
<pin id="946" dir="1" index="2" bw="1" slack="2147483647"/>
</pin_list>
<bind>
<opcode="icmp(45) " fcode="icmp"/>
<opset="icmp_ln198/4 "/>
</bind>
</comp>

<comp id="949" class="1004" name="add_ln198_fu_949">
<pin_list>
<pin id="950" dir="0" index="0" bw="7" slack="0"/>
<pin id="951" dir="0" index="1" bw="1" slack="0"/>
<pin id="952" dir="1" index="2" bw="7" slack="0"/>
</pin_list>
<bind>
<opcode="add(8) " fcode="add"/>
<opset="add_ln198/4 "/>
</bind>
</comp>

<comp id="955" class="1004" name="cmp9_fu_955">
<pin_list>
<pin id="956" dir="0" index="0" bw="7" slack="0"/>
<pin id="957" dir="0" index="1" bw="1" slack="0"/>
<pin id="958" dir="1" index="2" bw="1" slack="0"/>
</pin_list>
<bind>
<opcode="icmp(45) " fcode="icmp"/>
<opset="cmp9/4 "/>
</bind>
</comp>

<comp id="961" class="1004" name="select_ln202_fu_961">
<pin_list>
<pin id="962" dir="0" index="0" bw="1" slack="0"/>
<pin id="963" dir="0" index="1" bw="32" slack="1"/>
<pin id="964" dir="0" index="2" bw="32" slack="0"/>
<pin id="965" dir="1" index="3" bw="32" slack="6"/>
</pin_list>
<bind>
<opcode="select(49) " fcode="select"/>
<opset="select_ln202/4 "/>
</bind>
</comp>

<comp id="968" class="1004" name="select_ln202_5_fu_968">
<pin_list>
<pin id="969" dir="0" index="0" bw="1" slack="0"/>
<pin id="970" dir="0" index="1" bw="32" slack="1"/>
<pin id="971" dir="0" index="2" bw="32" slack="0"/>
<pin id="972" dir="1" index="3" bw="32" slack="6"/>
</pin_list>
<bind>
<opcode="select(49) " fcode="select"/>
<opset="select_ln202_5/4 "/>
</bind>
</comp>

<comp id="975" class="1004" name="select_ln202_6_fu_975">
<pin_list>
<pin id="976" dir="0" index="0" bw="1" slack="0"/>
<pin id="977" dir="0" index="1" bw="32" slack="1"/>
<pin id="978" dir="0" index="2" bw="32" slack="0"/>
<pin id="979" dir="1" index="3" bw="32" slack="6"/>
</pin_list>
<bind>
<opcode="select(49) " fcode="select"/>
<opset="select_ln202_6/4 "/>
</bind>
</comp>

<comp id="982" class="1004" name="select_ln202_7_fu_982">
<pin_list>
<pin id="983" dir="0" index="0" bw="1" slack="0"/>
<pin id="984" dir="0" index="1" bw="32" slack="1"/>
<pin id="985" dir="0" index="2" bw="32" slack="0"/>
<pin id="986" dir="1" index="3" bw="32" slack="6"/>
</pin_list>
<bind>
<opcode="select(49) " fcode="select"/>
<opset="select_ln202_7/4 "/>
</bind>
</comp>

<comp id="989" class="1004" name="select_ln202_8_fu_989">
<pin_list>
<pin id="990" dir="0" index="0" bw="1" slack="0"/>
<pin id="991" dir="0" index="1" bw="32" slack="1"/>
<pin id="992" dir="0" index="2" bw="32" slack="0"/>
<pin id="993" dir="1" index="3" bw="32" slack="6"/>
</pin_list>
<bind>
<opcode="select(49) " fcode="select"/>
<opset="select_ln202_8/4 "/>
</bind>
</comp>

<comp id="996" class="1004" name="select_ln202_9_fu_996">
<pin_list>
<pin id="997" dir="0" index="0" bw="1" slack="0"/>
<pin id="998" dir="0" index="1" bw="32" slack="1"/>
<pin id="999" dir="0" index="2" bw="32" slack="0"/>
<pin id="1000" dir="1" index="3" bw="32" slack="6"/>
</pin_list>
<bind>
<opcode="select(49) " fcode="select"/>
<opset="select_ln202_9/4 "/>
</bind>
</comp>

<comp id="1003" class="1004" name="select_ln202_10_fu_1003">
<pin_list>
<pin id="1004" dir="0" index="0" bw="1" slack="0"/>
<pin id="1005" dir="0" index="1" bw="32" slack="1"/>
<pin id="1006" dir="0" index="2" bw="32" slack="0"/>
<pin id="1007" dir="1" index="3" bw="32" slack="6"/>
</pin_list>
<bind>
<opcode="select(49) " fcode="select"/>
<opset="select_ln202_10/4 "/>
</bind>
</comp>

<comp id="1010" class="1004" name="select_ln202_11_fu_1010">
<pin_list>
<pin id="1011" dir="0" index="0" bw="1" slack="0"/>
<pin id="1012" dir="0" index="1" bw="32" slack="1"/>
<pin id="1013" dir="0" index="2" bw="32" slack="0"/>
<pin id="1014" dir="1" index="3" bw="32" slack="6"/>
</pin_list>
<bind>
<opcode="select(49) " fcode="select"/>
<opset="select_ln202_11/4 "/>
</bind>
</comp>

<comp id="1017" class="1004" name="icmp_ln218_fu_1017">
<pin_list>
<pin id="1018" dir="0" index="0" bw="4" slack="2"/>
<pin id="1019" dir="0" index="1" bw="1" slack="0"/>
<pin id="1020" dir="1" index="2" bw="1" slack="1"/>
</pin_list>
<bind>
<opcode="icmp(45) " fcode="icmp"/>
<opset="icmp_ln218/4 "/>
</bind>
</comp>

<comp id="1022" class="1004" name="store_ln195_store_fu_1022">
<pin_list>
<pin id="1023" dir="0" index="0" bw="2" slack="2"/>
<pin id="1024" dir="0" index="1" bw="2" slack="3"/>
<pin id="1025" dir="1" index="2" bw="0" slack="2147483647"/>
</pin_list>
<bind>
<opcode="store(28) " fcode="store"/>
<opset="store_ln195/4 "/>
</bind>
</comp>

<comp id="1026" class="1004" name="store_ln198_store_fu_1026">
<pin_list>
<pin id="1027" dir="0" index="0" bw="32" slack="0"/>
<pin id="1028" dir="0" index="1" bw="32" slack="13"/>
<pin id="1029" dir="1" index="2" bw="0" slack="2147483647"/>
</pin_list>
<bind>
<opcode="store(28) " fcode="store"/>
<opset="store_ln198/14 "/>
</bind>
</comp>

<comp id="1031" class="1004" name="store_ln198_store_fu_1031">
<pin_list>
<pin id="1032" dir="0" index="0" bw="32" slack="0"/>
<pin id="1033" dir="0" index="1" bw="32" slack="13"/>
<pin id="1034" dir="1" index="2" bw="0" slack="2147483647"/>
</pin_list>
<bind>
<opcode="store(28) " fcode="store"/>
<opset="store_ln198/14 "/>
</bind>
</comp>

<comp id="1036" class="1004" name="store_ln198_store_fu_1036">
<pin_list>
<pin id="1037" dir="0" index="0" bw="32" slack="0"/>
<pin id="1038" dir="0" index="1" bw="32" slack="13"/>
<pin id="1039" dir="1" index="2" bw="0" slack="2147483647"/>
</pin_list>
<bind>
<opcode="store(28) " fcode="store"/>
<opset="store_ln198/14 "/>
</bind>
</comp>

<comp id="1041" class="1004" name="store_ln198_store_fu_1041">
<pin_list>
<pin id="1042" dir="0" index="0" bw="32" slack="0"/>
<pin id="1043" dir="0" index="1" bw="32" slack="13"/>
<pin id="1044" dir="1" index="2" bw="0" slack="2147483647"/>
</pin_list>
<bind>
<opcode="store(28) " fcode="store"/>
<opset="store_ln198/14 "/>
</bind>
</comp>

<comp id="1046" class="1004" name="store_ln198_store_fu_1046">
<pin_list>
<pin id="1047" dir="0" index="0" bw="32" slack="0"/>
<pin id="1048" dir="0" index="1" bw="32" slack="13"/>
<pin id="1049" dir="1" index="2" bw="0" slack="2147483647"/>
</pin_list>
<bind>
<opcode="store(28) " fcode="store"/>
<opset="store_ln198/14 "/>
</bind>
</comp>

<comp id="1051" class="1004" name="store_ln198_store_fu_1051">
<pin_list>
<pin id="1052" dir="0" index="0" bw="32" slack="0"/>
<pin id="1053" dir="0" index="1" bw="32" slack="13"/>
<pin id="1054" dir="1" index="2" bw="0" slack="2147483647"/>
</pin_list>
<bind>
<opcode="store(28) " fcode="store"/>
<opset="store_ln198/14 "/>
</bind>
</comp>

<comp id="1056" class="1004" name="store_ln198_store_fu_1056">
<pin_list>
<pin id="1057" dir="0" index="0" bw="32" slack="0"/>
<pin id="1058" dir="0" index="1" bw="32" slack="13"/>
<pin id="1059" dir="1" index="2" bw="0" slack="2147483647"/>
</pin_list>
<bind>
<opcode="store(28) " fcode="store"/>
<opset="store_ln198/14 "/>
</bind>
</comp>

<comp id="1061" class="1004" name="store_ln198_store_fu_1061">
<pin_list>
<pin id="1062" dir="0" index="0" bw="32" slack="0"/>
<pin id="1063" dir="0" index="1" bw="32" slack="13"/>
<pin id="1064" dir="1" index="2" bw="0" slack="2147483647"/>
</pin_list>
<bind>
<opcode="store(28) " fcode="store"/>
<opset="store_ln198/14 "/>
</bind>
</comp>

<comp id="1066" class="1004" name="bitcast_ln73_fu_1066">
<pin_list>
<pin id="1067" dir="0" index="0" bw="32" slack="1"/>
<pin id="1068" dir="1" index="1" bw="32" slack="0"/>
</pin_list>
<bind>
<opcode="bitcast(44) " fcode="bitcast"/>
<opset="bitcast_ln73/15 "/>
</bind>
</comp>

<comp id="1069" class="1004" name="tmp_fu_1069">
<pin_list>
<pin id="1070" dir="0" index="0" bw="8" slack="0"/>
<pin id="1071" dir="0" index="1" bw="32" slack="0"/>
<pin id="1072" dir="0" index="2" bw="6" slack="0"/>
<pin id="1073" dir="0" index="3" bw="6" slack="0"/>
<pin id="1074" dir="1" index="4" bw="8" slack="0"/>
</pin_list>
<bind>
<opcode="partselect(1002) " fcode="partselect"/>
<opset="tmp/15 "/>
</bind>
</comp>

<comp id="1079" class="1004" name="trunc_ln73_fu_1079">
<pin_list>
<pin id="1080" dir="0" index="0" bw="32" slack="0"/>
<pin id="1081" dir="1" index="1" bw="23" slack="0"/>
</pin_list>
<bind>
<opcode="trunc(33) " fcode="trunc"/>
<opset="trunc_ln73/15 "/>
</bind>
</comp>

<comp id="1083" class="1004" name="icmp_ln73_fu_1083">
<pin_list>
<pin id="1084" dir="0" index="0" bw="8" slack="0"/>
<pin id="1085" dir="0" index="1" bw="1" slack="0"/>
<pin id="1086" dir="1" index="2" bw="1" slack="0"/>
</pin_list>
<bind>
<opcode="icmp(45) " fcode="icmp"/>
<opset="icmp_ln73/15 "/>
</bind>
</comp>

<comp id="1089" class="1004" name="icmp_ln73_2_fu_1089">
<pin_list>
<pin id="1090" dir="0" index="0" bw="23" slack="0"/>
<pin id="1091" dir="0" index="1" bw="1" slack="0"/>
<pin id="1092" dir="1" index="2" bw="1" slack="0"/>
</pin_list>
<bind>
<opcode="icmp(45) " fcode="icmp"/>
<opset="icmp_ln73_2/15 "/>
</bind>
</comp>

<comp id="1095" class="1004" name="or_ln73_fu_1095">
<pin_list>
<pin id="1096" dir="0" index="0" bw="1" slack="0"/>
<pin id="1097" dir="0" index="1" bw="1" slack="0"/>
<pin id="1098" dir="1" index="2" bw="1" slack="0"/>
</pin_list>
<bind>
<opcode="or(24) " fcode="or"/>
<opset="or_ln73/15 "/>
</bind>
</comp>

<comp id="1101" class="1004" name="and_ln73_fu_1101">
<pin_list>
<pin id="1102" dir="0" index="0" bw="1" slack="0"/>
<pin id="1103" dir="0" index="1" bw="1" slack="0"/>
<pin id="1104" dir="1" index="2" bw="1" slack="0"/>
</pin_list>
<bind>
<opcode="and(23) " fcode="and"/>
<opset="and_ln73/15 "/>
</bind>
</comp>

<comp id="1107" class="1004" name="select_ln73_fu_1107">
<pin_list>
<pin id="1108" dir="0" index="0" bw="1" slack="0"/>
<pin id="1109" dir="0" index="1" bw="32" slack="0"/>
<pin id="1110" dir="0" index="2" bw="32" slack="1"/>
<pin id="1111" dir="1" index="3" bw="32" slack="0"/>
</pin_list>
<bind>
<opcode="select(49) " fcode="select"/>
<opset="select_ln73/15 "/>
</bind>
</comp>

<comp id="1114" class="1004" name="bitcast_ln73_1_fu_1114">
<pin_list>
<pin id="1115" dir="0" index="0" bw="32" slack="1"/>
<pin id="1116" dir="1" index="1" bw="32" slack="0"/>
</pin_list>
<bind>
<opcode="bitcast(44) " fcode="bitcast"/>
<opset="bitcast_ln73_1/15 "/>
</bind>
</comp>

<comp id="1117" class="1004" name="tmp_7_fu_1117">
<pin_list>
<pin id="1118" dir="0" index="0" bw="8" slack="0"/>
<pin id="1119" dir="0" index="1" bw="32" slack="0"/>
<pin id="1120" dir="0" index="2" bw="6" slack="0"/>
<pin id="1121" dir="0" index="3" bw="6" slack="0"/>
<pin id="1122" dir="1" index="4" bw="8" slack="0"/>
</pin_list>
<bind>
<opcode="partselect(1002) " fcode="partselect"/>
<opset="tmp_7/15 "/>
</bind>
</comp>

<comp id="1127" class="1004" name="trunc_ln73_1_fu_1127">
<pin_list>
<pin id="1128" dir="0" index="0" bw="32" slack="0"/>
<pin id="1129" dir="1" index="1" bw="23" slack="0"/>
</pin_list>
<bind>
<opcode="trunc(33) " fcode="trunc"/>
<opset="trunc_ln73_1/15 "/>
</bind>
</comp>

<comp id="1131" class="1004" name="icmp_ln73_3_fu_1131">
<pin_list>
<pin id="1132" dir="0" index="0" bw="8" slack="0"/>
<pin id="1133" dir="0" index="1" bw="1" slack="0"/>
<pin id="1134" dir="1" index="2" bw="1" slack="0"/>
</pin_list>
<bind>
<opcode="icmp(45) " fcode="icmp"/>
<opset="icmp_ln73_3/15 "/>
</bind>
</comp>

<comp id="1137" class="1004" name="icmp_ln73_4_fu_1137">
<pin_list>
<pin id="1138" dir="0" index="0" bw="23" slack="0"/>
<pin id="1139" dir="0" index="1" bw="1" slack="0"/>
<pin id="1140" dir="1" index="2" bw="1" slack="0"/>
</pin_list>
<bind>
<opcode="icmp(45) " fcode="icmp"/>
<opset="icmp_ln73_4/15 "/>
</bind>
</comp>

<comp id="1143" class="1004" name="or_ln73_1_fu_1143">
<pin_list>
<pin id="1144" dir="0" index="0" bw="1" slack="0"/>
<pin id="1145" dir="0" index="1" bw="1" slack="0"/>
<pin id="1146" dir="1" index="2" bw="1" slack="0"/>
</pin_list>
<bind>
<opcode="or(24) " fcode="or"/>
<opset="or_ln73_1/15 "/>
</bind>
</comp>

<comp id="1149" class="1004" name="and_ln73_1_fu_1149">
<pin_list>
<pin id="1150" dir="0" index="0" bw="1" slack="0"/>
<pin id="1151" dir="0" index="1" bw="1" slack="0"/>
<pin id="1152" dir="1" index="2" bw="1" slack="0"/>
</pin_list>
<bind>
<opcode="and(23) " fcode="and"/>
<opset="and_ln73_1/15 "/>
</bind>
</comp>

<comp id="1155" class="1004" name="select_ln73_1_fu_1155">
<pin_list>
<pin id="1156" dir="0" index="0" bw="1" slack="0"/>
<pin id="1157" dir="0" index="1" bw="32" slack="0"/>
<pin id="1158" dir="0" index="2" bw="32" slack="1"/>
<pin id="1159" dir="1" index="3" bw="32" slack="0"/>
</pin_list>
<bind>
<opcode="select(49) " fcode="select"/>
<opset="select_ln73_1/15 "/>
</bind>
</comp>

<comp id="1162" class="1004" name="bitcast_ln73_2_fu_1162">
<pin_list>
<pin id="1163" dir="0" index="0" bw="32" slack="1"/>
<pin id="1164" dir="1" index="1" bw="32" slack="0"/>
</pin_list>
<bind>
<opcode="bitcast(44) " fcode="bitcast"/>
<opset="bitcast_ln73_2/15 "/>
</bind>
</comp>

<comp id="1165" class="1004" name="tmp_9_fu_1165">
<pin_list>
<pin id="1166" dir="0" index="0" bw="8" slack="0"/>
<pin id="1167" dir="0" index="1" bw="32" slack="0"/>
<pin id="1168" dir="0" index="2" bw="6" slack="0"/>
<pin id="1169" dir="0" index="3" bw="6" slack="0"/>
<pin id="1170" dir="1" index="4" bw="8" slack="0"/>
</pin_list>
<bind>
<opcode="partselect(1002) " fcode="partselect"/>
<opset="tmp_9/15 "/>
</bind>
</comp>

<comp id="1175" class="1004" name="trunc_ln73_2_fu_1175">
<pin_list>
<pin id="1176" dir="0" index="0" bw="32" slack="0"/>
<pin id="1177" dir="1" index="1" bw="23" slack="0"/>
</pin_list>
<bind>
<opcode="trunc(33) " fcode="trunc"/>
<opset="trunc_ln73_2/15 "/>
</bind>
</comp>

<comp id="1179" class="1004" name="icmp_ln73_5_fu_1179">
<pin_list>
<pin id="1180" dir="0" index="0" bw="8" slack="0"/>
<pin id="1181" dir="0" index="1" bw="1" slack="0"/>
<pin id="1182" dir="1" index="2" bw="1" slack="0"/>
</pin_list>
<bind>
<opcode="icmp(45) " fcode="icmp"/>
<opset="icmp_ln73_5/15 "/>
</bind>
</comp>

<comp id="1185" class="1004" name="icmp_ln73_6_fu_1185">
<pin_list>
<pin id="1186" dir="0" index="0" bw="23" slack="0"/>
<pin id="1187" dir="0" index="1" bw="1" slack="0"/>
<pin id="1188" dir="1" index="2" bw="1" slack="0"/>
</pin_list>
<bind>
<opcode="icmp(45) " fcode="icmp"/>
<opset="icmp_ln73_6/15 "/>
</bind>
</comp>

<comp id="1191" class="1004" name="or_ln73_2_fu_1191">
<pin_list>
<pin id="1192" dir="0" index="0" bw="1" slack="0"/>
<pin id="1193" dir="0" index="1" bw="1" slack="0"/>
<pin id="1194" dir="1" index="2" bw="1" slack="0"/>
</pin_list>
<bind>
<opcode="or(24) " fcode="or"/>
<opset="or_ln73_2/15 "/>
</bind>
</comp>

<comp id="1197" class="1004" name="and_ln73_2_fu_1197">
<pin_list>
<pin id="1198" dir="0" index="0" bw="1" slack="0"/>
<pin id="1199" dir="0" index="1" bw="1" slack="0"/>
<pin id="1200" dir="1" index="2" bw="1" slack="0"/>
</pin_list>
<bind>
<opcode="and(23) " fcode="and"/>
<opset="and_ln73_2/15 "/>
</bind>
</comp>

<comp id="1203" class="1004" name="select_ln73_2_fu_1203">
<pin_list>
<pin id="1204" dir="0" index="0" bw="1" slack="0"/>
<pin id="1205" dir="0" index="1" bw="32" slack="0"/>
<pin id="1206" dir="0" index="2" bw="32" slack="1"/>
<pin id="1207" dir="1" index="3" bw="32" slack="0"/>
</pin_list>
<bind>
<opcode="select(49) " fcode="select"/>
<opset="select_ln73_2/15 "/>
</bind>
</comp>

<comp id="1210" class="1004" name="bitcast_ln73_3_fu_1210">
<pin_list>
<pin id="1211" dir="0" index="0" bw="32" slack="1"/>
<pin id="1212" dir="1" index="1" bw="32" slack="0"/>
</pin_list>
<bind>
<opcode="bitcast(44) " fcode="bitcast"/>
<opset="bitcast_ln73_3/15 "/>
</bind>
</comp>

<comp id="1213" class="1004" name="tmp_11_fu_1213">
<pin_list>
<pin id="1214" dir="0" index="0" bw="8" slack="0"/>
<pin id="1215" dir="0" index="1" bw="32" slack="0"/>
<pin id="1216" dir="0" index="2" bw="6" slack="0"/>
<pin id="1217" dir="0" index="3" bw="6" slack="0"/>
<pin id="1218" dir="1" index="4" bw="8" slack="0"/>
</pin_list>
<bind>
<opcode="partselect(1002) " fcode="partselect"/>
<opset="tmp_11/15 "/>
</bind>
</comp>

<comp id="1223" class="1004" name="trunc_ln73_3_fu_1223">
<pin_list>
<pin id="1224" dir="0" index="0" bw="32" slack="0"/>
<pin id="1225" dir="1" index="1" bw="23" slack="0"/>
</pin_list>
<bind>
<opcode="trunc(33) " fcode="trunc"/>
<opset="trunc_ln73_3/15 "/>
</bind>
</comp>

<comp id="1227" class="1004" name="icmp_ln73_7_fu_1227">
<pin_list>
<pin id="1228" dir="0" index="0" bw="8" slack="0"/>
<pin id="1229" dir="0" index="1" bw="1" slack="0"/>
<pin id="1230" dir="1" index="2" bw="1" slack="0"/>
</pin_list>
<bind>
<opcode="icmp(45) " fcode="icmp"/>
<opset="icmp_ln73_7/15 "/>
</bind>
</comp>

<comp id="1233" class="1004" name="icmp_ln73_8_fu_1233">
<pin_list>
<pin id="1234" dir="0" index="0" bw="23" slack="0"/>
<pin id="1235" dir="0" index="1" bw="1" slack="0"/>
<pin id="1236" dir="1" index="2" bw="1" slack="0"/>
</pin_list>
<bind>
<opcode="icmp(45) " fcode="icmp"/>
<opset="icmp_ln73_8/15 "/>
</bind>
</comp>

<comp id="1239" class="1004" name="or_ln73_3_fu_1239">
<pin_list>
<pin id="1240" dir="0" index="0" bw="1" slack="0"/>
<pin id="1241" dir="0" index="1" bw="1" slack="0"/>
<pin id="1242" dir="1" index="2" bw="1" slack="0"/>
</pin_list>
<bind>
<opcode="or(24) " fcode="or"/>
<opset="or_ln73_3/15 "/>
</bind>
</comp>

<comp id="1245" class="1004" name="and_ln73_3_fu_1245">
<pin_list>
<pin id="1246" dir="0" index="0" bw="1" slack="0"/>
<pin id="1247" dir="0" index="1" bw="1" slack="0"/>
<pin id="1248" dir="1" index="2" bw="1" slack="0"/>
</pin_list>
<bind>
<opcode="and(23) " fcode="and"/>
<opset="and_ln73_3/15 "/>
</bind>
</comp>

<comp id="1251" class="1004" name="select_ln73_3_fu_1251">
<pin_list>
<pin id="1252" dir="0" index="0" bw="1" slack="0"/>
<pin id="1253" dir="0" index="1" bw="32" slack="0"/>
<pin id="1254" dir="0" index="2" bw="32" slack="1"/>
<pin id="1255" dir="1" index="3" bw="32" slack="0"/>
</pin_list>
<bind>
<opcode="select(49) " fcode="select"/>
<opset="select_ln73_3/15 "/>
</bind>
</comp>

<comp id="1258" class="1004" name="bitcast_ln73_4_fu_1258">
<pin_list>
<pin id="1259" dir="0" index="0" bw="32" slack="1"/>
<pin id="1260" dir="1" index="1" bw="32" slack="0"/>
</pin_list>
<bind>
<opcode="bitcast(44) " fcode="bitcast"/>
<opset="bitcast_ln73_4/15 "/>
</bind>
</comp>

<comp id="1261" class="1004" name="tmp_13_fu_1261">
<pin_list>
<pin id="1262" dir="0" index="0" bw="8" slack="0"/>
<pin id="1263" dir="0" index="1" bw="32" slack="0"/>
<pin id="1264" dir="0" index="2" bw="6" slack="0"/>
<pin id="1265" dir="0" index="3" bw="6" slack="0"/>
<pin id="1266" dir="1" index="4" bw="8" slack="0"/>
</pin_list>
<bind>
<opcode="partselect(1002) " fcode="partselect"/>
<opset="tmp_13/15 "/>
</bind>
</comp>

<comp id="1271" class="1004" name="trunc_ln73_4_fu_1271">
<pin_list>
<pin id="1272" dir="0" index="0" bw="32" slack="0"/>
<pin id="1273" dir="1" index="1" bw="23" slack="0"/>
</pin_list>
<bind>
<opcode="trunc(33) " fcode="trunc"/>
<opset="trunc_ln73_4/15 "/>
</bind>
</comp>

<comp id="1275" class="1004" name="icmp_ln73_9_fu_1275">
<pin_list>
<pin id="1276" dir="0" index="0" bw="8" slack="0"/>
<pin id="1277" dir="0" index="1" bw="1" slack="0"/>
<pin id="1278" dir="1" index="2" bw="1" slack="0"/>
</pin_list>
<bind>
<opcode="icmp(45) " fcode="icmp"/>
<opset="icmp_ln73_9/15 "/>
</bind>
</comp>

<comp id="1281" class="1004" name="icmp_ln73_10_fu_1281">
<pin_list>
<pin id="1282" dir="0" index="0" bw="23" slack="0"/>
<pin id="1283" dir="0" index="1" bw="1" slack="0"/>
<pin id="1284" dir="1" index="2" bw="1" slack="0"/>
</pin_list>
<bind>
<opcode="icmp(45) " fcode="icmp"/>
<opset="icmp_ln73_10/15 "/>
</bind>
</comp>

<comp id="1287" class="1004" name="or_ln73_4_fu_1287">
<pin_list>
<pin id="1288" dir="0" index="0" bw="1" slack="0"/>
<pin id="1289" dir="0" index="1" bw="1" slack="0"/>
<pin id="1290" dir="1" index="2" bw="1" slack="0"/>
</pin_list>
<bind>
<opcode="or(24) " fcode="or"/>
<opset="or_ln73_4/15 "/>
</bind>
</comp>

<comp id="1293" class="1004" name="and_ln73_4_fu_1293">
<pin_list>
<pin id="1294" dir="0" index="0" bw="1" slack="0"/>
<pin id="1295" dir="0" index="1" bw="1" slack="0"/>
<pin id="1296" dir="1" index="2" bw="1" slack="0"/>
</pin_list>
<bind>
<opcode="and(23) " fcode="and"/>
<opset="and_ln73_4/15 "/>
</bind>
</comp>

<comp id="1299" class="1004" name="select_ln73_4_fu_1299">
<pin_list>
<pin id="1300" dir="0" index="0" bw="1" slack="0"/>
<pin id="1301" dir="0" index="1" bw="32" slack="0"/>
<pin id="1302" dir="0" index="2" bw="32" slack="1"/>
<pin id="1303" dir="1" index="3" bw="32" slack="0"/>
</pin_list>
<bind>
<opcode="select(49) " fcode="select"/>
<opset="select_ln73_4/15 "/>
</bind>
</comp>

<comp id="1306" class="1004" name="bitcast_ln73_5_fu_1306">
<pin_list>
<pin id="1307" dir="0" index="0" bw="32" slack="1"/>
<pin id="1308" dir="1" index="1" bw="32" slack="0"/>
</pin_list>
<bind>
<opcode="bitcast(44) " fcode="bitcast"/>
<opset="bitcast_ln73_5/15 "/>
</bind>
</comp>

<comp id="1309" class="1004" name="tmp_15_fu_1309">
<pin_list>
<pin id="1310" dir="0" index="0" bw="8" slack="0"/>
<pin id="1311" dir="0" index="1" bw="32" slack="0"/>
<pin id="1312" dir="0" index="2" bw="6" slack="0"/>
<pin id="1313" dir="0" index="3" bw="6" slack="0"/>
<pin id="1314" dir="1" index="4" bw="8" slack="0"/>
</pin_list>
<bind>
<opcode="partselect(1002) " fcode="partselect"/>
<opset="tmp_15/15 "/>
</bind>
</comp>

<comp id="1319" class="1004" name="trunc_ln73_5_fu_1319">
<pin_list>
<pin id="1320" dir="0" index="0" bw="32" slack="0"/>
<pin id="1321" dir="1" index="1" bw="23" slack="0"/>
</pin_list>
<bind>
<opcode="trunc(33) " fcode="trunc"/>
<opset="trunc_ln73_5/15 "/>
</bind>
</comp>

<comp id="1323" class="1004" name="icmp_ln73_11_fu_1323">
<pin_list>
<pin id="1324" dir="0" index="0" bw="8" slack="0"/>
<pin id="1325" dir="0" index="1" bw="1" slack="0"/>
<pin id="1326" dir="1" index="2" bw="1" slack="0"/>
</pin_list>
<bind>
<opcode="icmp(45) " fcode="icmp"/>
<opset="icmp_ln73_11/15 "/>
</bind>
</comp>

<comp id="1329" class="1004" name="icmp_ln73_12_fu_1329">
<pin_list>
<pin id="1330" dir="0" index="0" bw="23" slack="0"/>
<pin id="1331" dir="0" index="1" bw="1" slack="0"/>
<pin id="1332" dir="1" index="2" bw="1" slack="0"/>
</pin_list>
<bind>
<opcode="icmp(45) " fcode="icmp"/>
<opset="icmp_ln73_12/15 "/>
</bind>
</comp>

<comp id="1335" class="1004" name="or_ln73_5_fu_1335">
<pin_list>
<pin id="1336" dir="0" index="0" bw="1" slack="0"/>
<pin id="1337" dir="0" index="1" bw="1" slack="0"/>
<pin id="1338" dir="1" index="2" bw="1" slack="0"/>
</pin_list>
<bind>
<opcode="or(24) " fcode="or"/>
<opset="or_ln73_5/15 "/>
</bind>
</comp>

<comp id="1341" class="1004" name="and_ln73_5_fu_1341">
<pin_list>
<pin id="1342" dir="0" index="0" bw="1" slack="0"/>
<pin id="1343" dir="0" index="1" bw="1" slack="0"/>
<pin id="1344" dir="1" index="2" bw="1" slack="0"/>
</pin_list>
<bind>
<opcode="and(23) " fcode="and"/>
<opset="and_ln73_5/15 "/>
</bind>
</comp>

<comp id="1347" class="1004" name="select_ln73_5_fu_1347">
<pin_list>
<pin id="1348" dir="0" index="0" bw="1" slack="0"/>
<pin id="1349" dir="0" index="1" bw="32" slack="0"/>
<pin id="1350" dir="0" index="2" bw="32" slack="1"/>
<pin id="1351" dir="1" index="3" bw="32" slack="0"/>
</pin_list>
<bind>
<opcode="select(49) " fcode="select"/>
<opset="select_ln73_5/15 "/>
</bind>
</comp>

<comp id="1354" class="1004" name="bitcast_ln73_6_fu_1354">
<pin_list>
<pin id="1355" dir="0" index="0" bw="32" slack="1"/>
<pin id="1356" dir="1" index="1" bw="32" slack="0"/>
</pin_list>
<bind>
<opcode="bitcast(44) " fcode="bitcast"/>
<opset="bitcast_ln73_6/15 "/>
</bind>
</comp>

<comp id="1357" class="1004" name="tmp_17_fu_1357">
<pin_list>
<pin id="1358" dir="0" index="0" bw="8" slack="0"/>
<pin id="1359" dir="0" index="1" bw="32" slack="0"/>
<pin id="1360" dir="0" index="2" bw="6" slack="0"/>
<pin id="1361" dir="0" index="3" bw="6" slack="0"/>
<pin id="1362" dir="1" index="4" bw="8" slack="0"/>
</pin_list>
<bind>
<opcode="partselect(1002) " fcode="partselect"/>
<opset="tmp_17/15 "/>
</bind>
</comp>

<comp id="1367" class="1004" name="trunc_ln73_6_fu_1367">
<pin_list>
<pin id="1368" dir="0" index="0" bw="32" slack="0"/>
<pin id="1369" dir="1" index="1" bw="23" slack="0"/>
</pin_list>
<bind>
<opcode="trunc(33) " fcode="trunc"/>
<opset="trunc_ln73_6/15 "/>
</bind>
</comp>

<comp id="1371" class="1004" name="icmp_ln73_13_fu_1371">
<pin_list>
<pin id="1372" dir="0" index="0" bw="8" slack="0"/>
<pin id="1373" dir="0" index="1" bw="1" slack="0"/>
<pin id="1374" dir="1" index="2" bw="1" slack="0"/>
</pin_list>
<bind>
<opcode="icmp(45) " fcode="icmp"/>
<opset="icmp_ln73_13/15 "/>
</bind>
</comp>

<comp id="1377" class="1004" name="icmp_ln73_14_fu_1377">
<pin_list>
<pin id="1378" dir="0" index="0" bw="23" slack="0"/>
<pin id="1379" dir="0" index="1" bw="1" slack="0"/>
<pin id="1380" dir="1" index="2" bw="1" slack="0"/>
</pin_list>
<bind>
<opcode="icmp(45) " fcode="icmp"/>
<opset="icmp_ln73_14/15 "/>
</bind>
</comp>

<comp id="1383" class="1004" name="or_ln73_6_fu_1383">
<pin_list>
<pin id="1384" dir="0" index="0" bw="1" slack="0"/>
<pin id="1385" dir="0" index="1" bw="1" slack="0"/>
<pin id="1386" dir="1" index="2" bw="1" slack="0"/>
</pin_list>
<bind>
<opcode="or(24) " fcode="or"/>
<opset="or_ln73_6/15 "/>
</bind>
</comp>

<comp id="1389" class="1004" name="and_ln73_6_fu_1389">
<pin_list>
<pin id="1390" dir="0" index="0" bw="1" slack="0"/>
<pin id="1391" dir="0" index="1" bw="1" slack="0"/>
<pin id="1392" dir="1" index="2" bw="1" slack="0"/>
</pin_list>
<bind>
<opcode="and(23) " fcode="and"/>
<opset="and_ln73_6/15 "/>
</bind>
</comp>

<comp id="1395" class="1004" name="select_ln73_6_fu_1395">
<pin_list>
<pin id="1396" dir="0" index="0" bw="1" slack="0"/>
<pin id="1397" dir="0" index="1" bw="32" slack="0"/>
<pin id="1398" dir="0" index="2" bw="32" slack="1"/>
<pin id="1399" dir="1" index="3" bw="32" slack="0"/>
</pin_list>
<bind>
<opcode="select(49) " fcode="select"/>
<opset="select_ln73_6/15 "/>
</bind>
</comp>

<comp id="1402" class="1004" name="bitcast_ln73_7_fu_1402">
<pin_list>
<pin id="1403" dir="0" index="0" bw="32" slack="1"/>
<pin id="1404" dir="1" index="1" bw="32" slack="0"/>
</pin_list>
<bind>
<opcode="bitcast(44) " fcode="bitcast"/>
<opset="bitcast_ln73_7/15 "/>
</bind>
</comp>

<comp id="1405" class="1004" name="tmp_19_fu_1405">
<pin_list>
<pin id="1406" dir="0" index="0" bw="8" slack="0"/>
<pin id="1407" dir="0" index="1" bw="32" slack="0"/>
<pin id="1408" dir="0" index="2" bw="6" slack="0"/>
<pin id="1409" dir="0" index="3" bw="6" slack="0"/>
<pin id="1410" dir="1" index="4" bw="8" slack="0"/>
</pin_list>
<bind>
<opcode="partselect(1002) " fcode="partselect"/>
<opset="tmp_19/15 "/>
</bind>
</comp>

<comp id="1415" class="1004" name="trunc_ln73_7_fu_1415">
<pin_list>
<pin id="1416" dir="0" index="0" bw="32" slack="0"/>
<pin id="1417" dir="1" index="1" bw="23" slack="0"/>
</pin_list>
<bind>
<opcode="trunc(33) " fcode="trunc"/>
<opset="trunc_ln73_7/15 "/>
</bind>
</comp>

<comp id="1419" class="1004" name="icmp_ln73_15_fu_1419">
<pin_list>
<pin id="1420" dir="0" index="0" bw="8" slack="0"/>
<pin id="1421" dir="0" index="1" bw="1" slack="0"/>
<pin id="1422" dir="1" index="2" bw="1" slack="0"/>
</pin_list>
<bind>
<opcode="icmp(45) " fcode="icmp"/>
<opset="icmp_ln73_15/15 "/>
</bind>
</comp>

<comp id="1425" class="1004" name="icmp_ln73_16_fu_1425">
<pin_list>
<pin id="1426" dir="0" index="0" bw="23" slack="0"/>
<pin id="1427" dir="0" index="1" bw="1" slack="0"/>
<pin id="1428" dir="1" index="2" bw="1" slack="0"/>
</pin_list>
<bind>
<opcode="icmp(45) " fcode="icmp"/>
<opset="icmp_ln73_16/15 "/>
</bind>
</comp>

<comp id="1431" class="1004" name="or_ln73_7_fu_1431">
<pin_list>
<pin id="1432" dir="0" index="0" bw="1" slack="0"/>
<pin id="1433" dir="0" index="1" bw="1" slack="0"/>
<pin id="1434" dir="1" index="2" bw="1" slack="0"/>
</pin_list>
<bind>
<opcode="or(24) " fcode="or"/>
<opset="or_ln73_7/15 "/>
</bind>
</comp>

<comp id="1437" class="1004" name="and_ln73_7_fu_1437">
<pin_list>
<pin id="1438" dir="0" index="0" bw="1" slack="0"/>
<pin id="1439" dir="0" index="1" bw="1" slack="0"/>
<pin id="1440" dir="1" index="2" bw="1" slack="0"/>
</pin_list>
<bind>
<opcode="and(23) " fcode="and"/>
<opset="and_ln73_7/15 "/>
</bind>
</comp>

<comp id="1443" class="1004" name="select_ln73_7_fu_1443">
<pin_list>
<pin id="1444" dir="0" index="0" bw="1" slack="0"/>
<pin id="1445" dir="0" index="1" bw="32" slack="0"/>
<pin id="1446" dir="0" index="2" bw="32" slack="1"/>
<pin id="1447" dir="1" index="3" bw="32" slack="0"/>
</pin_list>
<bind>
<opcode="select(49) " fcode="select"/>
<opset="select_ln73_7/15 "/>
</bind>
</comp>

<comp id="1450" class="1004" name="select_ln218_fu_1450">
<pin_list>
<pin id="1451" dir="0" index="0" bw="1" slack="1"/>
<pin id="1452" dir="0" index="1" bw="32" slack="0"/>
<pin id="1453" dir="0" index="2" bw="32" slack="0"/>
<pin id="1454" dir="1" index="3" bw="32" slack="0"/>
</pin_list>
<bind>
<opcode="select(49) " fcode="select"/>
<opset="select_ln218/15 "/>
</bind>
</comp>

<comp id="1457" class="1004" name="select_ln218_1_fu_1457">
<pin_list>
<pin id="1458" dir="0" index="0" bw="1" slack="1"/>
<pin id="1459" dir="0" index="1" bw="32" slack="0"/>
<pin id="1460" dir="0" index="2" bw="32" slack="0"/>
<pin id="1461" dir="1" index="3" bw="32" slack="0"/>
</pin_list>
<bind>
<opcode="select(49) " fcode="select"/>
<opset="select_ln218_1/15 "/>
</bind>
</comp>

<comp id="1464" class="1004" name="select_ln218_2_fu_1464">
<pin_list>
<pin id="1465" dir="0" index="0" bw="1" slack="1"/>
<pin id="1466" dir="0" index="1" bw="32" slack="0"/>
<pin id="1467" dir="0" index="2" bw="32" slack="0"/>
<pin id="1468" dir="1" index="3" bw="32" slack="0"/>
</pin_list>
<bind>
<opcode="select(49) " fcode="select"/>
<opset="select_ln218_2/15 "/>
</bind>
</comp>

<comp id="1471" class="1004" name="select_ln218_3_fu_1471">
<pin_list>
<pin id="1472" dir="0" index="0" bw="1" slack="1"/>
<pin id="1473" dir="0" index="1" bw="32" slack="0"/>
<pin id="1474" dir="0" index="2" bw="32" slack="0"/>
<pin id="1475" dir="1" index="3" bw="32" slack="0"/>
</pin_list>
<bind>
<opcode="select(49) " fcode="select"/>
<opset="select_ln218_3/15 "/>
</bind>
</comp>

<comp id="1478" class="1004" name="select_ln218_4_fu_1478">
<pin_list>
<pin id="1479" dir="0" index="0" bw="1" slack="1"/>
<pin id="1480" dir="0" index="1" bw="32" slack="0"/>
<pin id="1481" dir="0" index="2" bw="32" slack="0"/>
<pin id="1482" dir="1" index="3" bw="32" slack="0"/>
</pin_list>
<bind>
<opcode="select(49) " fcode="select"/>
<opset="select_ln218_4/15 "/>
</bind>
</comp>

<comp id="1485" class="1004" name="select_ln218_5_fu_1485">
<pin_list>
<pin id="1486" dir="0" index="0" bw="1" slack="1"/>
<pin id="1487" dir="0" index="1" bw="32" slack="0"/>
<pin id="1488" dir="0" index="2" bw="32" slack="0"/>
<pin id="1489" dir="1" index="3" bw="32" slack="0"/>
</pin_list>
<bind>
<opcode="select(49) " fcode="select"/>
<opset="select_ln218_5/15 "/>
</bind>
</comp>

<comp id="1492" class="1004" name="select_ln218_6_fu_1492">
<pin_list>
<pin id="1493" dir="0" index="0" bw="1" slack="1"/>
<pin id="1494" dir="0" index="1" bw="32" slack="0"/>
<pin id="1495" dir="0" index="2" bw="32" slack="0"/>
<pin id="1496" dir="1" index="3" bw="32" slack="0"/>
</pin_list>
<bind>
<opcode="select(49) " fcode="select"/>
<opset="select_ln218_6/15 "/>
</bind>
</comp>

<comp id="1499" class="1004" name="select_ln218_7_fu_1499">
<pin_list>
<pin id="1500" dir="0" index="0" bw="1" slack="1"/>
<pin id="1501" dir="0" index="1" bw="32" slack="0"/>
<pin id="1502" dir="0" index="2" bw="32" slack="0"/>
<pin id="1503" dir="1" index="3" bw="32" slack="0"/>
</pin_list>
<bind>
<opcode="select(49) " fcode="select"/>
<opset="select_ln218_7/15 "/>
</bind>
</comp>

<comp id="1506" class="1004" name="select_ln218_8_fu_1506">
<pin_list>
<pin id="1507" dir="0" index="0" bw="1" slack="1"/>
<pin id="1508" dir="0" index="1" bw="32" slack="0"/>
<pin id="1509" dir="0" index="2" bw="32" slack="0"/>
<pin id="1510" dir="1" index="3" bw="32" slack="0"/>
</pin_list>
<bind>
<opcode="select(49) " fcode="select"/>
<opset="select_ln218_8/15 "/>
</bind>
</comp>

<comp id="1513" class="1004" name="select_ln218_9_fu_1513">
<pin_list>
<pin id="1514" dir="0" index="0" bw="1" slack="1"/>
<pin id="1515" dir="0" index="1" bw="32" slack="0"/>
<pin id="1516" dir="0" index="2" bw="32" slack="0"/>
<pin id="1517" dir="1" index="3" bw="32" slack="0"/>
</pin_list>
<bind>
<opcode="select(49) " fcode="select"/>
<opset="select_ln218_9/15 "/>
</bind>
</comp>

<comp id="1520" class="1004" name="select_ln218_10_fu_1520">
<pin_list>
<pin id="1521" dir="0" index="0" bw="1" slack="1"/>
<pin id="1522" dir="0" index="1" bw="32" slack="0"/>
<pin id="1523" dir="0" index="2" bw="32" slack="0"/>
<pin id="1524" dir="1" index="3" bw="32" slack="0"/>
</pin_list>
<bind>
<opcode="select(49) " fcode="select"/>
<opset="select_ln218_10/15 "/>
</bind>
</comp>

<comp id="1527" class="1004" name="select_ln218_11_fu_1527">
<pin_list>
<pin id="1528" dir="0" index="0" bw="1" slack="1"/>
<pin id="1529" dir="0" index="1" bw="32" slack="0"/>
<pin id="1530" dir="0" index="2" bw="32" slack="0"/>
<pin id="1531" dir="1" index="3" bw="32" slack="0"/>
</pin_list>
<bind>
<opcode="select(49) " fcode="select"/>
<opset="select_ln218_11/15 "/>
</bind>
</comp>

<comp id="1534" class="1004" name="select_ln218_12_fu_1534">
<pin_list>
<pin id="1535" dir="0" index="0" bw="1" slack="1"/>
<pin id="1536" dir="0" index="1" bw="32" slack="0"/>
<pin id="1537" dir="0" index="2" bw="32" slack="0"/>
<pin id="1538" dir="1" index="3" bw="32" slack="0"/>
</pin_list>
<bind>
<opcode="select(49) " fcode="select"/>
<opset="select_ln218_12/15 "/>
</bind>
</comp>

<comp id="1541" class="1004" name="select_ln218_13_fu_1541">
<pin_list>
<pin id="1542" dir="0" index="0" bw="1" slack="1"/>
<pin id="1543" dir="0" index="1" bw="32" slack="0"/>
<pin id="1544" dir="0" index="2" bw="32" slack="0"/>
<pin id="1545" dir="1" index="3" bw="32" slack="0"/>
</pin_list>
<bind>
<opcode="select(49) " fcode="select"/>
<opset="select_ln218_13/15 "/>
</bind>
</comp>

<comp id="1548" class="1004" name="select_ln218_14_fu_1548">
<pin_list>
<pin id="1549" dir="0" index="0" bw="1" slack="1"/>
<pin id="1550" dir="0" index="1" bw="32" slack="0"/>
<pin id="1551" dir="0" index="2" bw="32" slack="0"/>
<pin id="1552" dir="1" index="3" bw="32" slack="0"/>
</pin_list>
<bind>
<opcode="select(49) " fcode="select"/>
<opset="select_ln218_14/15 "/>
</bind>
</comp>

<comp id="1555" class="1004" name="select_ln218_15_fu_1555">
<pin_list>
<pin id="1556" dir="0" index="0" bw="1" slack="1"/>
<pin id="1557" dir="0" index="1" bw="32" slack="0"/>
<pin id="1558" dir="0" index="2" bw="32" slack="0"/>
<pin id="1559" dir="1" index="3" bw="32" slack="0"/>
</pin_list>
<bind>
<opcode="select(49) " fcode="select"/>
<opset="select_ln218_15/15 "/>
</bind>
</comp>

<comp id="1562" class="1004" name="store_ln195_store_fu_1562">
<pin_list>
<pin id="1563" dir="0" index="0" bw="32" slack="0"/>
<pin id="1564" dir="0" index="1" bw="32" slack="4"/>
<pin id="1565" dir="1" index="2" bw="0" slack="2147483647"/>
</pin_list>
<bind>
<opcode="store(28) " fcode="store"/>
<opset="store_ln195/15 "/>
</bind>
</comp>

<comp id="1567" class="1004" name="store_ln195_store_fu_1567">
<pin_list>
<pin id="1568" dir="0" index="0" bw="32" slack="0"/>
<pin id="1569" dir="0" index="1" bw="32" slack="4"/>
<pin id="1570" dir="1" index="2" bw="0" slack="2147483647"/>
</pin_list>
<bind>
<opcode="store(28) " fcode="store"/>
<opset="store_ln195/15 "/>
</bind>
</comp>

<comp id="1572" class="1004" name="store_ln195_store_fu_1572">
<pin_list>
<pin id="1573" dir="0" index="0" bw="32" slack="0"/>
<pin id="1574" dir="0" index="1" bw="32" slack="4"/>
<pin id="1575" dir="1" index="2" bw="0" slack="2147483647"/>
</pin_list>
<bind>
<opcode="store(28) " fcode="store"/>
<opset="store_ln195/15 "/>
</bind>
</comp>

<comp id="1577" class="1004" name="store_ln195_store_fu_1577">
<pin_list>
<pin id="1578" dir="0" index="0" bw="32" slack="0"/>
<pin id="1579" dir="0" index="1" bw="32" slack="4"/>
<pin id="1580" dir="1" index="2" bw="0" slack="2147483647"/>
</pin_list>
<bind>
<opcode="store(28) " fcode="store"/>
<opset="store_ln195/15 "/>
</bind>
</comp>

<comp id="1582" class="1004" name="store_ln195_store_fu_1582">
<pin_list>
<pin id="1583" dir="0" index="0" bw="32" slack="0"/>
<pin id="1584" dir="0" index="1" bw="32" slack="4"/>
<pin id="1585" dir="1" index="2" bw="0" slack="2147483647"/>
</pin_list>
<bind>
<opcode="store(28) " fcode="store"/>
<opset="store_ln195/15 "/>
</bind>
</comp>

<comp id="1587" class="1004" name="store_ln195_store_fu_1587">
<pin_list>
<pin id="1588" dir="0" index="0" bw="32" slack="0"/>
<pin id="1589" dir="0" index="1" bw="32" slack="4"/>
<pin id="1590" dir="1" index="2" bw="0" slack="2147483647"/>
</pin_list>
<bind>
<opcode="store(28) " fcode="store"/>
<opset="store_ln195/15 "/>
</bind>
</comp>

<comp id="1592" class="1004" name="store_ln195_store_fu_1592">
<pin_list>
<pin id="1593" dir="0" index="0" bw="32" slack="0"/>
<pin id="1594" dir="0" index="1" bw="32" slack="4"/>
<pin id="1595" dir="1" index="2" bw="0" slack="2147483647"/>
</pin_list>
<bind>
<opcode="store(28) " fcode="store"/>
<opset="store_ln195/15 "/>
</bind>
</comp>

<comp id="1597" class="1004" name="store_ln195_store_fu_1597">
<pin_list>
<pin id="1598" dir="0" index="0" bw="32" slack="0"/>
<pin id="1599" dir="0" index="1" bw="32" slack="4"/>
<pin id="1600" dir="1" index="2" bw="0" slack="2147483647"/>
</pin_list>
<bind>
<opcode="store(28) " fcode="store"/>
<opset="store_ln195/15 "/>
</bind>
</comp>

<comp id="1602" class="1004" name="store_ln195_store_fu_1602">
<pin_list>
<pin id="1603" dir="0" index="0" bw="32" slack="0"/>
<pin id="1604" dir="0" index="1" bw="32" slack="4"/>
<pin id="1605" dir="1" index="2" bw="0" slack="2147483647"/>
</pin_list>
<bind>
<opcode="store(28) " fcode="store"/>
<opset="store_ln195/15 "/>
</bind>
</comp>

<comp id="1607" class="1004" name="store_ln195_store_fu_1607">
<pin_list>
<pin id="1608" dir="0" index="0" bw="32" slack="0"/>
<pin id="1609" dir="0" index="1" bw="32" slack="4"/>
<pin id="1610" dir="1" index="2" bw="0" slack="2147483647"/>
</pin_list>
<bind>
<opcode="store(28) " fcode="store"/>
<opset="store_ln195/15 "/>
</bind>
</comp>

<comp id="1612" class="1004" name="store_ln195_store_fu_1612">
<pin_list>
<pin id="1613" dir="0" index="0" bw="32" slack="0"/>
<pin id="1614" dir="0" index="1" bw="32" slack="4"/>
<pin id="1615" dir="1" index="2" bw="0" slack="2147483647"/>
</pin_list>
<bind>
<opcode="store(28) " fcode="store"/>
<opset="store_ln195/15 "/>
</bind>
</comp>

<comp id="1617" class="1004" name="store_ln195_store_fu_1617">
<pin_list>
<pin id="1618" dir="0" index="0" bw="32" slack="0"/>
<pin id="1619" dir="0" index="1" bw="32" slack="4"/>
<pin id="1620" dir="1" index="2" bw="0" slack="2147483647"/>
</pin_list>
<bind>
<opcode="store(28) " fcode="store"/>
<opset="store_ln195/15 "/>
</bind>
</comp>

<comp id="1622" class="1004" name="store_ln195_store_fu_1622">
<pin_list>
<pin id="1623" dir="0" index="0" bw="32" slack="0"/>
<pin id="1624" dir="0" index="1" bw="32" slack="4"/>
<pin id="1625" dir="1" index="2" bw="0" slack="2147483647"/>
</pin_list>
<bind>
<opcode="store(28) " fcode="store"/>
<opset="store_ln195/15 "/>
</bind>
</comp>

<comp id="1627" class="1004" name="store_ln195_store_fu_1627">
<pin_list>
<pin id="1628" dir="0" index="0" bw="32" slack="0"/>
<pin id="1629" dir="0" index="1" bw="32" slack="4"/>
<pin id="1630" dir="1" index="2" bw="0" slack="2147483647"/>
</pin_list>
<bind>
<opcode="store(28) " fcode="store"/>
<opset="store_ln195/15 "/>
</bind>
</comp>

<comp id="1632" class="1004" name="store_ln195_store_fu_1632">
<pin_list>
<pin id="1633" dir="0" index="0" bw="32" slack="0"/>
<pin id="1634" dir="0" index="1" bw="32" slack="4"/>
<pin id="1635" dir="1" index="2" bw="0" slack="2147483647"/>
</pin_list>
<bind>
<opcode="store(28) " fcode="store"/>
<opset="store_ln195/15 "/>
</bind>
</comp>

<comp id="1637" class="1004" name="store_ln195_store_fu_1637">
<pin_list>
<pin id="1638" dir="0" index="0" bw="32" slack="0"/>
<pin id="1639" dir="0" index="1" bw="32" slack="4"/>
<pin id="1640" dir="1" index="2" bw="0" slack="2147483647"/>
</pin_list>
<bind>
<opcode="store(28) " fcode="store"/>
<opset="store_ln195/15 "/>
</bind>
</comp>

<comp id="1642" class="1005" name="turn_reg_1642">
<pin_list>
<pin id="1643" dir="0" index="0" bw="2" slack="0"/>
<pin id="1644" dir="1" index="1" bw="2" slack="0"/>
</pin_list>
<bind>
<opset="turn "/>
</bind>
</comp>

<comp id="1649" class="1005" name="output_15_016_reg_1649">
<pin_list>
<pin id="1650" dir="0" index="0" bw="32" slack="1"/>
<pin id="1651" dir="1" index="1" bw="32" slack="1"/>
</pin_list>
<bind>
<opset="output_15_016 "/>
</bind>
</comp>

<comp id="1655" class="1005" name="output_1445_017_reg_1655">
<pin_list>
<pin id="1656" dir="0" index="0" bw="32" slack="1"/>
<pin id="1657" dir="1" index="1" bw="32" slack="1"/>
</pin_list>
<bind>
<opset="output_1445_017 "/>
</bind>
</comp>

<comp id="1661" class="1005" name="output_0_018_reg_1661">
<pin_list>
<pin id="1662" dir="0" index="0" bw="32" slack="1"/>
<pin id="1663" dir="1" index="1" bw="32" slack="1"/>
</pin_list>
<bind>
<opset="output_0_018 "/>
</bind>
</comp>

<comp id="1667" class="1005" name="output_13_019_reg_1667">
<pin_list>
<pin id="1668" dir="0" index="0" bw="32" slack="1"/>
<pin id="1669" dir="1" index="1" bw="32" slack="1"/>
</pin_list>
<bind>
<opset="output_13_019 "/>
</bind>
</comp>

<comp id="1673" class="1005" name="output_12_020_reg_1673">
<pin_list>
<pin id="1674" dir="0" index="0" bw="32" slack="1"/>
<pin id="1675" dir="1" index="1" bw="32" slack="1"/>
</pin_list>
<bind>
<opset="output_12_020 "/>
</bind>
</comp>

<comp id="1679" class="1005" name="output_1_021_reg_1679">
<pin_list>
<pin id="1680" dir="0" index="0" bw="32" slack="1"/>
<pin id="1681" dir="1" index="1" bw="32" slack="1"/>
</pin_list>
<bind>
<opset="output_1_021 "/>
</bind>
</comp>

<comp id="1685" class="1005" name="output_11_022_reg_1685">
<pin_list>
<pin id="1686" dir="0" index="0" bw="32" slack="1"/>
<pin id="1687" dir="1" index="1" bw="32" slack="1"/>
</pin_list>
<bind>
<opset="output_11_022 "/>
</bind>
</comp>

<comp id="1691" class="1005" name="output_10_023_reg_1691">
<pin_list>
<pin id="1692" dir="0" index="0" bw="32" slack="1"/>
<pin id="1693" dir="1" index="1" bw="32" slack="1"/>
</pin_list>
<bind>
<opset="output_10_023 "/>
</bind>
</comp>

<comp id="1697" class="1005" name="output_2_024_reg_1697">
<pin_list>
<pin id="1698" dir="0" index="0" bw="32" slack="1"/>
<pin id="1699" dir="1" index="1" bw="32" slack="1"/>
</pin_list>
<bind>
<opset="output_2_024 "/>
</bind>
</comp>

<comp id="1703" class="1005" name="output_9_025_reg_1703">
<pin_list>
<pin id="1704" dir="0" index="0" bw="32" slack="1"/>
<pin id="1705" dir="1" index="1" bw="32" slack="1"/>
</pin_list>
<bind>
<opset="output_9_025 "/>
</bind>
</comp>

<comp id="1709" class="1005" name="output_8_026_reg_1709">
<pin_list>
<pin id="1710" dir="0" index="0" bw="32" slack="1"/>
<pin id="1711" dir="1" index="1" bw="32" slack="1"/>
</pin_list>
<bind>
<opset="output_8_026 "/>
</bind>
</comp>

<comp id="1715" class="1005" name="output_3_027_reg_1715">
<pin_list>
<pin id="1716" dir="0" index="0" bw="32" slack="1"/>
<pin id="1717" dir="1" index="1" bw="32" slack="1"/>
</pin_list>
<bind>
<opset="output_3_027 "/>
</bind>
</comp>

<comp id="1721" class="1005" name="output_7_028_reg_1721">
<pin_list>
<pin id="1722" dir="0" index="0" bw="32" slack="1"/>
<pin id="1723" dir="1" index="1" bw="32" slack="1"/>
</pin_list>
<bind>
<opset="output_7_028 "/>
</bind>
</comp>

<comp id="1727" class="1005" name="output_6_029_reg_1727">
<pin_list>
<pin id="1728" dir="0" index="0" bw="32" slack="1"/>
<pin id="1729" dir="1" index="1" bw="32" slack="1"/>
</pin_list>
<bind>
<opset="output_6_029 "/>
</bind>
</comp>

<comp id="1733" class="1005" name="output_4_030_reg_1733">
<pin_list>
<pin id="1734" dir="0" index="0" bw="32" slack="1"/>
<pin id="1735" dir="1" index="1" bw="32" slack="1"/>
</pin_list>
<bind>
<opset="output_4_030 "/>
</bind>
</comp>

<comp id="1739" class="1005" name="output_5_031_reg_1739">
<pin_list>
<pin id="1740" dir="0" index="0" bw="32" slack="1"/>
<pin id="1741" dir="1" index="1" bw="32" slack="1"/>
</pin_list>
<bind>
<opset="output_5_031 "/>
</bind>
</comp>

<comp id="1745" class="1005" name="add32_lcssa10_reg_1745">
<pin_list>
<pin id="1746" dir="0" index="0" bw="32" slack="3"/>
<pin id="1747" dir="1" index="1" bw="32" slack="3"/>
</pin_list>
<bind>
<opset="add32_lcssa10 "/>
</bind>
</comp>

<comp id="1751" class="1005" name="add32_1_lcssa12_reg_1751">
<pin_list>
<pin id="1752" dir="0" index="0" bw="32" slack="3"/>
<pin id="1753" dir="1" index="1" bw="32" slack="3"/>
</pin_list>
<bind>
<opset="add32_1_lcssa12 "/>
</bind>
</comp>

<comp id="1757" class="1005" name="add32_2_lcssa14_reg_1757">
<pin_list>
<pin id="1758" dir="0" index="0" bw="32" slack="3"/>
<pin id="1759" dir="1" index="1" bw="32" slack="3"/>
</pin_list>
<bind>
<opset="add32_2_lcssa14 "/>
</bind>
</comp>

<comp id="1763" class="1005" name="add32_3_lcssa16_reg_1763">
<pin_list>
<pin id="1764" dir="0" index="0" bw="32" slack="3"/>
<pin id="1765" dir="1" index="1" bw="32" slack="3"/>
</pin_list>
<bind>
<opset="add32_3_lcssa16 "/>
</bind>
</comp>

<comp id="1769" class="1005" name="add32_4_lcssa18_reg_1769">
<pin_list>
<pin id="1770" dir="0" index="0" bw="32" slack="3"/>
<pin id="1771" dir="1" index="1" bw="32" slack="3"/>
</pin_list>
<bind>
<opset="add32_4_lcssa18 "/>
</bind>
</comp>

<comp id="1775" class="1005" name="add32_5_lcssa20_reg_1775">
<pin_list>
<pin id="1776" dir="0" index="0" bw="32" slack="3"/>
<pin id="1777" dir="1" index="1" bw="32" slack="3"/>
</pin_list>
<bind>
<opset="add32_5_lcssa20 "/>
</bind>
</comp>

<comp id="1781" class="1005" name="add32_6_lcssa22_reg_1781">
<pin_list>
<pin id="1782" dir="0" index="0" bw="32" slack="3"/>
<pin id="1783" dir="1" index="1" bw="32" slack="3"/>
</pin_list>
<bind>
<opset="add32_6_lcssa22 "/>
</bind>
</comp>

<comp id="1787" class="1005" name="add32_7_lcssa24_reg_1787">
<pin_list>
<pin id="1788" dir="0" index="0" bw="32" slack="3"/>
<pin id="1789" dir="1" index="1" bw="32" slack="3"/>
</pin_list>
<bind>
<opset="add32_7_lcssa24 "/>
</bind>
</comp>

<comp id="1796" class="1005" name="add_ln195_reg_1796">
<pin_list>
<pin id="1797" dir="0" index="0" bw="2" slack="2"/>
<pin id="1798" dir="1" index="1" bw="2" slack="2"/>
</pin_list>
<bind>
<opset="add_ln195 "/>
</bind>
</comp>

<comp id="1801" class="1005" name="shl_ln_reg_1801">
<pin_list>
<pin id="1802" dir="0" index="0" bw="4" slack="1"/>
<pin id="1803" dir="1" index="1" bw="4" slack="1"/>
</pin_list>
<bind>
<opset="shl_ln "/>
</bind>
</comp>

<comp id="1807" class="1005" name="fc1_bias_addr_reg_1807">
<pin_list>
<pin id="1808" dir="0" index="0" bw="4" slack="1"/>
<pin id="1809" dir="1" index="1" bw="4" slack="1"/>
</pin_list>
<bind>
<opset="fc1_bias_addr "/>
</bind>
</comp>

<comp id="1812" class="1005" name="empty_133_reg_1812">
<pin_list>
<pin id="1813" dir="0" index="0" bw="4" slack="1"/>
<pin id="1814" dir="1" index="1" bw="4" slack="1"/>
</pin_list>
<bind>
<opset="empty_133 "/>
</bind>
</comp>

<comp id="1817" class="1005" name="fc1_bias_addr_1_reg_1817">
<pin_list>
<pin id="1818" dir="0" index="0" bw="4" slack="1"/>
<pin id="1819" dir="1" index="1" bw="4" slack="1"/>
</pin_list>
<bind>
<opset="fc1_bias_addr_1 "/>
</bind>
</comp>

<comp id="1822" class="1005" name="empty_134_reg_1822">
<pin_list>
<pin id="1823" dir="0" index="0" bw="4" slack="1"/>
<pin id="1824" dir="1" index="1" bw="4" slack="1"/>
</pin_list>
<bind>
<opset="empty_134 "/>
</bind>
</comp>

<comp id="1827" class="1005" name="fc1_bias_addr_2_reg_1827">
<pin_list>
<pin id="1828" dir="0" index="0" bw="4" slack="1"/>
<pin id="1829" dir="1" index="1" bw="4" slack="1"/>
</pin_list>
<bind>
<opset="fc1_bias_addr_2 "/>
</bind>
</comp>

<comp id="1832" class="1005" name="empty_135_reg_1832">
<pin_list>
<pin id="1833" dir="0" index="0" bw="4" slack="1"/>
<pin id="1834" dir="1" index="1" bw="4" slack="1"/>
</pin_list>
<bind>
<opset="empty_135 "/>
</bind>
</comp>

<comp id="1837" class="1005" name="fc1_bias_addr_3_reg_1837">
<pin_list>
<pin id="1838" dir="0" index="0" bw="4" slack="1"/>
<pin id="1839" dir="1" index="1" bw="4" slack="1"/>
</pin_list>
<bind>
<opset="fc1_bias_addr_3 "/>
</bind>
</comp>

<comp id="1842" class="1005" name="empty_136_reg_1842">
<pin_list>
<pin id="1843" dir="0" index="0" bw="4" slack="1"/>
<pin id="1844" dir="1" index="1" bw="4" slack="1"/>
</pin_list>
<bind>
<opset="empty_136 "/>
</bind>
</comp>

<comp id="1847" class="1005" name="fc1_bias_addr_4_reg_1847">
<pin_list>
<pin id="1848" dir="0" index="0" bw="4" slack="1"/>
<pin id="1849" dir="1" index="1" bw="4" slack="1"/>
</pin_list>
<bind>
<opset="fc1_bias_addr_4 "/>
</bind>
</comp>

<comp id="1852" class="1005" name="empty_137_reg_1852">
<pin_list>
<pin id="1853" dir="0" index="0" bw="4" slack="1"/>
<pin id="1854" dir="1" index="1" bw="4" slack="1"/>
</pin_list>
<bind>
<opset="empty_137 "/>
</bind>
</comp>

<comp id="1857" class="1005" name="fc1_bias_addr_5_reg_1857">
<pin_list>
<pin id="1858" dir="0" index="0" bw="4" slack="1"/>
<pin id="1859" dir="1" index="1" bw="4" slack="1"/>
</pin_list>
<bind>
<opset="fc1_bias_addr_5 "/>
</bind>
</comp>

<comp id="1862" class="1005" name="empty_138_reg_1862">
<pin_list>
<pin id="1863" dir="0" index="0" bw="4" slack="1"/>
<pin id="1864" dir="1" index="1" bw="4" slack="1"/>
</pin_list>
<bind>
<opset="empty_138 "/>
</bind>
</comp>

<comp id="1867" class="1005" name="fc1_bias_addr_6_reg_1867">
<pin_list>
<pin id="1868" dir="0" index="0" bw="4" slack="1"/>
<pin id="1869" dir="1" index="1" bw="4" slack="1"/>
</pin_list>
<bind>
<opset="fc1_bias_addr_6 "/>
</bind>
</comp>

<comp id="1872" class="1005" name="empty_139_reg_1872">
<pin_list>
<pin id="1873" dir="0" index="0" bw="4" slack="1"/>
<pin id="1874" dir="1" index="1" bw="4" slack="1"/>
</pin_list>
<bind>
<opset="empty_139 "/>
</bind>
</comp>

<comp id="1877" class="1005" name="fc1_bias_addr_7_reg_1877">
<pin_list>
<pin id="1878" dir="0" index="0" bw="4" slack="1"/>
<pin id="1879" dir="1" index="1" bw="4" slack="1"/>
</pin_list>
<bind>
<opset="fc1_bias_addr_7 "/>
</bind>
</comp>

<comp id="1882" class="1005" name="mul_ln212_reg_1882">
<pin_list>
<pin id="1883" dir="0" index="0" bw="11" slack="1"/>
<pin id="1884" dir="1" index="1" bw="11" slack="1"/>
</pin_list>
<bind>
<opset="mul_ln212 "/>
</bind>
</comp>

<comp id="1887" class="1005" name="mul_ln212_1_reg_1887">
<pin_list>
<pin id="1888" dir="0" index="0" bw="11" slack="1"/>
<pin id="1889" dir="1" index="1" bw="11" slack="1"/>
</pin_list>
<bind>
<opset="mul_ln212_1 "/>
</bind>
</comp>

<comp id="1892" class="1005" name="mul_ln212_2_reg_1892">
<pin_list>
<pin id="1893" dir="0" index="0" bw="11" slack="1"/>
<pin id="1894" dir="1" index="1" bw="11" slack="1"/>
</pin_list>
<bind>
<opset="mul_ln212_2 "/>
</bind>
</comp>

<comp id="1897" class="1005" name="mul_ln212_3_reg_1897">
<pin_list>
<pin id="1898" dir="0" index="0" bw="11" slack="1"/>
<pin id="1899" dir="1" index="1" bw="11" slack="1"/>
</pin_list>
<bind>
<opset="mul_ln212_3 "/>
</bind>
</comp>

<comp id="1902" class="1005" name="mul_ln212_4_reg_1902">
<pin_list>
<pin id="1903" dir="0" index="0" bw="11" slack="1"/>
<pin id="1904" dir="1" index="1" bw="11" slack="1"/>
</pin_list>
<bind>
<opset="mul_ln212_4 "/>
</bind>
</comp>

<comp id="1907" class="1005" name="mul_ln212_5_reg_1907">
<pin_list>
<pin id="1908" dir="0" index="0" bw="11" slack="1"/>
<pin id="1909" dir="1" index="1" bw="11" slack="1"/>
</pin_list>
<bind>
<opset="mul_ln212_5 "/>
</bind>
</comp>

<comp id="1912" class="1005" name="mul_ln212_6_reg_1912">
<pin_list>
<pin id="1913" dir="0" index="0" bw="11" slack="1"/>
<pin id="1914" dir="1" index="1" bw="11" slack="1"/>
</pin_list>
<bind>
<opset="mul_ln212_6 "/>
</bind>
</comp>

<comp id="1917" class="1005" name="mul_ln212_7_reg_1917">
<pin_list>
<pin id="1918" dir="0" index="0" bw="11" slack="1"/>
<pin id="1919" dir="1" index="1" bw="11" slack="1"/>
</pin_list>
<bind>
<opset="mul_ln212_7 "/>
</bind>
</comp>

<comp id="1922" class="1005" name="fc1_bias_load_reg_1922">
<pin_list>
<pin id="1923" dir="0" index="0" bw="32" slack="1"/>
<pin id="1924" dir="1" index="1" bw="32" slack="1"/>
</pin_list>
<bind>
<opset="fc1_bias_load "/>
</bind>
</comp>

<comp id="1927" class="1005" name="fc1_bias_load_1_reg_1927">
<pin_list>
<pin id="1928" dir="0" index="0" bw="32" slack="1"/>
<pin id="1929" dir="1" index="1" bw="32" slack="1"/>
</pin_list>
<bind>
<opset="fc1_bias_load_1 "/>
</bind>
</comp>

<comp id="1932" class="1005" name="fc1_bias_load_2_reg_1932">
<pin_list>
<pin id="1933" dir="0" index="0" bw="32" slack="1"/>
<pin id="1934" dir="1" index="1" bw="32" slack="1"/>
</pin_list>
<bind>
<opset="fc1_bias_load_2 "/>
</bind>
</comp>

<comp id="1937" class="1005" name="fc1_bias_load_3_reg_1937">
<pin_list>
<pin id="1938" dir="0" index="0" bw="32" slack="1"/>
<pin id="1939" dir="1" index="1" bw="32" slack="1"/>
</pin_list>
<bind>
<opset="fc1_bias_load_3 "/>
</bind>
</comp>

<comp id="1942" class="1005" name="fc1_bias_load_4_reg_1942">
<pin_list>
<pin id="1943" dir="0" index="0" bw="32" slack="1"/>
<pin id="1944" dir="1" index="1" bw="32" slack="1"/>
</pin_list>
<bind>
<opset="fc1_bias_load_4 "/>
</bind>
</comp>

<comp id="1947" class="1005" name="fc1_bias_load_5_reg_1947">
<pin_list>
<pin id="1948" dir="0" index="0" bw="32" slack="1"/>
<pin id="1949" dir="1" index="1" bw="32" slack="1"/>
</pin_list>
<bind>
<opset="fc1_bias_load_5 "/>
</bind>
</comp>

<comp id="1952" class="1005" name="fc1_bias_load_6_reg_1952">
<pin_list>
<pin id="1953" dir="0" index="0" bw="32" slack="1"/>
<pin id="1954" dir="1" index="1" bw="32" slack="1"/>
</pin_list>
<bind>
<opset="fc1_bias_load_6 "/>
</bind>
</comp>

<comp id="1957" class="1005" name="fc1_bias_load_7_reg_1957">
<pin_list>
<pin id="1958" dir="0" index="0" bw="32" slack="1"/>
<pin id="1959" dir="1" index="1" bw="32" slack="1"/>
</pin_list>
<bind>
<opset="fc1_bias_load_7 "/>
</bind>
</comp>

<comp id="1962" class="1005" name="fc1_weight_addr_reg_1962">
<pin_list>
<pin id="1963" dir="0" index="0" bw="11" slack="1"/>
<pin id="1964" dir="1" index="1" bw="11" slack="1"/>
</pin_list>
<bind>
<opset="fc1_weight_addr "/>
</bind>
</comp>

<comp id="1967" class="1005" name="fc1_weight_addr_1_reg_1967">
<pin_list>
<pin id="1968" dir="0" index="0" bw="11" slack="1"/>
<pin id="1969" dir="1" index="1" bw="11" slack="1"/>
</pin_list>
<bind>
<opset="fc1_weight_addr_1 "/>
</bind>
</comp>

<comp id="1972" class="1005" name="fc1_weight_addr_2_reg_1972">
<pin_list>
<pin id="1973" dir="0" index="0" bw="11" slack="1"/>
<pin id="1974" dir="1" index="1" bw="11" slack="1"/>
</pin_list>
<bind>
<opset="fc1_weight_addr_2 "/>
</bind>
</comp>

<comp id="1977" class="1005" name="fc1_weight_addr_3_reg_1977">
<pin_list>
<pin id="1978" dir="0" index="0" bw="11" slack="1"/>
<pin id="1979" dir="1" index="1" bw="11" slack="1"/>
</pin_list>
<bind>
<opset="fc1_weight_addr_3 "/>
</bind>
</comp>

<comp id="1982" class="1005" name="fc1_weight_addr_4_reg_1982">
<pin_list>
<pin id="1983" dir="0" index="0" bw="11" slack="1"/>
<pin id="1984" dir="1" index="1" bw="11" slack="1"/>
</pin_list>
<bind>
<opset="fc1_weight_addr_4 "/>
</bind>
</comp>

<comp id="1987" class="1005" name="fc1_weight_addr_5_reg_1987">
<pin_list>
<pin id="1988" dir="0" index="0" bw="11" slack="1"/>
<pin id="1989" dir="1" index="1" bw="11" slack="1"/>
</pin_list>
<bind>
<opset="fc1_weight_addr_5 "/>
</bind>
</comp>

<comp id="1992" class="1005" name="fc1_weight_addr_6_reg_1992">
<pin_list>
<pin id="1993" dir="0" index="0" bw="11" slack="1"/>
<pin id="1994" dir="1" index="1" bw="11" slack="1"/>
</pin_list>
<bind>
<opset="fc1_weight_addr_6 "/>
</bind>
</comp>

<comp id="1997" class="1005" name="fc1_weight_addr_7_reg_1997">
<pin_list>
<pin id="1998" dir="0" index="0" bw="11" slack="1"/>
<pin id="1999" dir="1" index="1" bw="11" slack="1"/>
</pin_list>
<bind>
<opset="fc1_weight_addr_7 "/>
</bind>
</comp>

<comp id="2002" class="1005" name="input_addr_reg_2002">
<pin_list>
<pin id="2003" dir="0" index="0" bw="7" slack="1"/>
<pin id="2004" dir="1" index="1" bw="7" slack="1"/>
</pin_list>
<bind>
<opset="input_addr "/>
</bind>
</comp>

<comp id="2010" class="1005" name="add_ln198_reg_2010">
<pin_list>
<pin id="2011" dir="0" index="0" bw="7" slack="0"/>
<pin id="2012" dir="1" index="1" bw="7" slack="0"/>
</pin_list>
<bind>
<opset="add_ln198 "/>
</bind>
</comp>

<comp id="2015" class="1005" name="select_ln202_reg_2015">
<pin_list>
<pin id="2016" dir="0" index="0" bw="32" slack="6"/>
<pin id="2017" dir="1" index="1" bw="32" slack="6"/>
</pin_list>
<bind>
<opset="select_ln202 "/>
</bind>
</comp>

<comp id="2020" class="1005" name="select_ln202_5_reg_2020">
<pin_list>
<pin id="2021" dir="0" index="0" bw="32" slack="6"/>
<pin id="2022" dir="1" index="1" bw="32" slack="6"/>
</pin_list>
<bind>
<opset="select_ln202_5 "/>
</bind>
</comp>

<comp id="2025" class="1005" name="select_ln202_6_reg_2025">
<pin_list>
<pin id="2026" dir="0" index="0" bw="32" slack="6"/>
<pin id="2027" dir="1" index="1" bw="32" slack="6"/>
</pin_list>
<bind>
<opset="select_ln202_6 "/>
</bind>
</comp>

<comp id="2030" class="1005" name="select_ln202_7_reg_2030">
<pin_list>
<pin id="2031" dir="0" index="0" bw="32" slack="6"/>
<pin id="2032" dir="1" index="1" bw="32" slack="6"/>
</pin_list>
<bind>
<opset="select_ln202_7 "/>
</bind>
</comp>

<comp id="2035" class="1005" name="select_ln202_8_reg_2035">
<pin_list>
<pin id="2036" dir="0" index="0" bw="32" slack="6"/>
<pin id="2037" dir="1" index="1" bw="32" slack="6"/>
</pin_list>
<bind>
<opset="select_ln202_8 "/>
</bind>
</comp>

<comp id="2040" class="1005" name="select_ln202_9_reg_2040">
<pin_list>
<pin id="2041" dir="0" index="0" bw="32" slack="6"/>
<pin id="2042" dir="1" index="1" bw="32" slack="6"/>
</pin_list>
<bind>
<opset="select_ln202_9 "/>
</bind>
</comp>

<comp id="2045" class="1005" name="select_ln202_10_reg_2045">
<pin_list>
<pin id="2046" dir="0" index="0" bw="32" slack="6"/>
<pin id="2047" dir="1" index="1" bw="32" slack="6"/>
</pin_list>
<bind>
<opset="select_ln202_10 "/>
</bind>
</comp>

<comp id="2050" class="1005" name="select_ln202_11_reg_2050">
<pin_list>
<pin id="2051" dir="0" index="0" bw="32" slack="6"/>
<pin id="2052" dir="1" index="1" bw="32" slack="6"/>
</pin_list>
<bind>
<opset="select_ln202_11 "/>
</bind>
</comp>

<comp id="2055" class="1005" name="add32_lcssa10_load_reg_2055">
<pin_list>
<pin id="2056" dir="0" index="0" bw="32" slack="1"/>
<pin id="2057" dir="1" index="1" bw="32" slack="1"/>
</pin_list>
<bind>
<opset="add32_lcssa10_load "/>
</bind>
</comp>

<comp id="2062" class="1005" name="add32_1_lcssa12_load_reg_2062">
<pin_list>
<pin id="2063" dir="0" index="0" bw="32" slack="1"/>
<pin id="2064" dir="1" index="1" bw="32" slack="1"/>
</pin_list>
<bind>
<opset="add32_1_lcssa12_load "/>
</bind>
</comp>

<comp id="2069" class="1005" name="add32_2_lcssa14_load_reg_2069">
<pin_list>
<pin id="2070" dir="0" index="0" bw="32" slack="1"/>
<pin id="2071" dir="1" index="1" bw="32" slack="1"/>
</pin_list>
<bind>
<opset="add32_2_lcssa14_load "/>
</bind>
</comp>

<comp id="2076" class="1005" name="add32_3_lcssa16_load_reg_2076">
<pin_list>
<pin id="2077" dir="0" index="0" bw="32" slack="1"/>
<pin id="2078" dir="1" index="1" bw="32" slack="1"/>
</pin_list>
<bind>
<opset="add32_3_lcssa16_load "/>
</bind>
</comp>

<comp id="2083" class="1005" name="add32_4_lcssa18_load_reg_2083">
<pin_list>
<pin id="2084" dir="0" index="0" bw="32" slack="1"/>
<pin id="2085" dir="1" index="1" bw="32" slack="1"/>
</pin_list>
<bind>
<opset="add32_4_lcssa18_load "/>
</bind>
</comp>

<comp id="2090" class="1005" name="add32_5_lcssa20_load_reg_2090">
<pin_list>
<pin id="2091" dir="0" index="0" bw="32" slack="1"/>
<pin id="2092" dir="1" index="1" bw="32" slack="1"/>
</pin_list>
<bind>
<opset="add32_5_lcssa20_load "/>
</bind>
</comp>

<comp id="2097" class="1005" name="add32_6_lcssa22_load_reg_2097">
<pin_list>
<pin id="2098" dir="0" index="0" bw="32" slack="1"/>
<pin id="2099" dir="1" index="1" bw="32" slack="1"/>
</pin_list>
<bind>
<opset="add32_6_lcssa22_load "/>
</bind>
</comp>

<comp id="2104" class="1005" name="add32_7_lcssa24_load_reg_2104">
<pin_list>
<pin id="2105" dir="0" index="0" bw="32" slack="1"/>
<pin id="2106" dir="1" index="1" bw="32" slack="1"/>
</pin_list>
<bind>
<opset="add32_7_lcssa24_load "/>
</bind>
</comp>

<comp id="2111" class="1005" name="icmp_ln218_reg_2111">
<pin_list>
<pin id="2112" dir="0" index="0" bw="1" slack="1"/>
<pin id="2113" dir="1" index="1" bw="1" slack="1"/>
</pin_list>
<bind>
<opset="icmp_ln218 "/>
</bind>
</comp>

<comp id="2131" class="1005" name="ip_reg_2131">
<pin_list>
<pin id="2132" dir="0" index="0" bw="32" slack="1"/>
<pin id="2133" dir="1" index="1" bw="32" slack="1"/>
</pin_list>
<bind>
<opset="ip "/>
</bind>
</comp>

<comp id="2143" class="1005" name="fc1_weight_load_reg_2143">
<pin_list>
<pin id="2144" dir="0" index="0" bw="32" slack="1"/>
<pin id="2145" dir="1" index="1" bw="32" slack="1"/>
</pin_list>
<bind>
<opset="fc1_weight_load "/>
</bind>
</comp>

<comp id="2148" class="1005" name="fc1_weight_load_1_reg_2148">
<pin_list>
<pin id="2149" dir="0" index="0" bw="32" slack="1"/>
<pin id="2150" dir="1" index="1" bw="32" slack="1"/>
</pin_list>
<bind>
<opset="fc1_weight_load_1 "/>
</bind>
</comp>

<comp id="2153" class="1005" name="fc1_weight_load_2_reg_2153">
<pin_list>
<pin id="2154" dir="0" index="0" bw="32" slack="1"/>
<pin id="2155" dir="1" index="1" bw="32" slack="1"/>
</pin_list>
<bind>
<opset="fc1_weight_load_2 "/>
</bind>
</comp>

<comp id="2158" class="1005" name="fc1_weight_load_3_reg_2158">
<pin_list>
<pin id="2159" dir="0" index="0" bw="32" slack="1"/>
<pin id="2160" dir="1" index="1" bw="32" slack="1"/>
</pin_list>
<bind>
<opset="fc1_weight_load_3 "/>
</bind>
</comp>

<comp id="2163" class="1005" name="fc1_weight_load_4_reg_2163">
<pin_list>
<pin id="2164" dir="0" index="0" bw="32" slack="1"/>
<pin id="2165" dir="1" index="1" bw="32" slack="1"/>
</pin_list>
<bind>
<opset="fc1_weight_load_4 "/>
</bind>
</comp>

<comp id="2168" class="1005" name="fc1_weight_load_5_reg_2168">
<pin_list>
<pin id="2169" dir="0" index="0" bw="32" slack="1"/>
<pin id="2170" dir="1" index="1" bw="32" slack="1"/>
</pin_list>
<bind>
<opset="fc1_weight_load_5 "/>
</bind>
</comp>

<comp id="2173" class="1005" name="fc1_weight_load_6_reg_2173">
<pin_list>
<pin id="2174" dir="0" index="0" bw="32" slack="1"/>
<pin id="2175" dir="1" index="1" bw="32" slack="1"/>
</pin_list>
<bind>
<opset="fc1_weight_load_6 "/>
</bind>
</comp>

<comp id="2178" class="1005" name="fc1_weight_load_7_reg_2178">
<pin_list>
<pin id="2179" dir="0" index="0" bw="32" slack="1"/>
<pin id="2180" dir="1" index="1" bw="32" slack="1"/>
</pin_list>
<bind>
<opset="fc1_weight_load_7 "/>
</bind>
</comp>

<comp id="2183" class="1005" name="mul_reg_2183">
<pin_list>
<pin id="2184" dir="0" index="0" bw="32" slack="1"/>
<pin id="2185" dir="1" index="1" bw="32" slack="1"/>
</pin_list>
<bind>
<opset="mul "/>
</bind>
</comp>

<comp id="2188" class="1005" name="mul31_1_reg_2188">
<pin_list>
<pin id="2189" dir="0" index="0" bw="32" slack="1"/>
<pin id="2190" dir="1" index="1" bw="32" slack="1"/>
</pin_list>
<bind>
<opset="mul31_1 "/>
</bind>
</comp>

<comp id="2193" class="1005" name="mul31_2_reg_2193">
<pin_list>
<pin id="2194" dir="0" index="0" bw="32" slack="1"/>
<pin id="2195" dir="1" index="1" bw="32" slack="1"/>
</pin_list>
<bind>
<opset="mul31_2 "/>
</bind>
</comp>

<comp id="2198" class="1005" name="mul31_3_reg_2198">
<pin_list>
<pin id="2199" dir="0" index="0" bw="32" slack="1"/>
<pin id="2200" dir="1" index="1" bw="32" slack="1"/>
</pin_list>
<bind>
<opset="mul31_3 "/>
</bind>
</comp>

<comp id="2203" class="1005" name="mul31_4_reg_2203">
<pin_list>
<pin id="2204" dir="0" index="0" bw="32" slack="1"/>
<pin id="2205" dir="1" index="1" bw="32" slack="1"/>
</pin_list>
<bind>
<opset="mul31_4 "/>
</bind>
</comp>

<comp id="2208" class="1005" name="mul31_5_reg_2208">
<pin_list>
<pin id="2209" dir="0" index="0" bw="32" slack="1"/>
<pin id="2210" dir="1" index="1" bw="32" slack="1"/>
</pin_list>
<bind>
<opset="mul31_5 "/>
</bind>
</comp>

<comp id="2213" class="1005" name="mul31_6_reg_2213">
<pin_list>
<pin id="2214" dir="0" index="0" bw="32" slack="1"/>
<pin id="2215" dir="1" index="1" bw="32" slack="1"/>
</pin_list>
<bind>
<opset="mul31_6 "/>
</bind>
</comp>

<comp id="2218" class="1005" name="mul31_7_reg_2218">
<pin_list>
<pin id="2219" dir="0" index="0" bw="32" slack="1"/>
<pin id="2220" dir="1" index="1" bw="32" slack="1"/>
</pin_list>
<bind>
<opset="mul31_7 "/>
</bind>
</comp>

</comp_list>

<net_list>
<net id="73"><net_src comp="6" pin="0"/><net_sink comp="70" pin=0"/></net>

<net id="77"><net_src comp="6" pin="0"/><net_sink comp="74" pin=0"/></net>

<net id="81"><net_src comp="6" pin="0"/><net_sink comp="78" pin=0"/></net>

<net id="85"><net_src comp="6" pin="0"/><net_sink comp="82" pin=0"/></net>

<net id="89"><net_src comp="6" pin="0"/><net_sink comp="86" pin=0"/></net>

<net id="93"><net_src comp="6" pin="0"/><net_sink comp="90" pin=0"/></net>

<net id="97"><net_src comp="6" pin="0"/><net_sink comp="94" pin=0"/></net>

<net id="101"><net_src comp="6" pin="0"/><net_sink comp="98" pin=0"/></net>

<net id="105"><net_src comp="6" pin="0"/><net_sink comp="102" pin=0"/></net>

<net id="109"><net_src comp="6" pin="0"/><net_sink comp="106" pin=0"/></net>

<net id="113"><net_src comp="6" pin="0"/><net_sink comp="110" pin=0"/></net>

<net id="117"><net_src comp="6" pin="0"/><net_sink comp="114" pin=0"/></net>

<net id="121"><net_src comp="6" pin="0"/><net_sink comp="118" pin=0"/></net>

<net id="125"><net_src comp="6" pin="0"/><net_sink comp="122" pin=0"/></net>

<net id="129"><net_src comp="6" pin="0"/><net_sink comp="126" pin=0"/></net>

<net id="133"><net_src comp="6" pin="0"/><net_sink comp="130" pin=0"/></net>

<net id="137"><net_src comp="6" pin="0"/><net_sink comp="134" pin=0"/></net>

<net id="141"><net_src comp="6" pin="0"/><net_sink comp="138" pin=0"/></net>

<net id="145"><net_src comp="6" pin="0"/><net_sink comp="142" pin=0"/></net>

<net id="149"><net_src comp="6" pin="0"/><net_sink comp="146" pin=0"/></net>

<net id="153"><net_src comp="6" pin="0"/><net_sink comp="150" pin=0"/></net>

<net id="157"><net_src comp="6" pin="0"/><net_sink comp="154" pin=0"/></net>

<net id="161"><net_src comp="6" pin="0"/><net_sink comp="158" pin=0"/></net>

<net id="165"><net_src comp="6" pin="0"/><net_sink comp="162" pin=0"/></net>

<net id="169"><net_src comp="6" pin="0"/><net_sink comp="166" pin=0"/></net>

<net id="175"><net_src comp="2" pin="0"/><net_sink comp="170" pin=0"/></net>

<net id="176"><net_src comp="22" pin="0"/><net_sink comp="170" pin=1"/></net>

<net id="182"><net_src comp="2" pin="0"/><net_sink comp="177" pin=0"/></net>

<net id="183"><net_src comp="22" pin="0"/><net_sink comp="177" pin=1"/></net>

<net id="189"><net_src comp="2" pin="0"/><net_sink comp="184" pin=0"/></net>

<net id="190"><net_src comp="22" pin="0"/><net_sink comp="184" pin=1"/></net>

<net id="196"><net_src comp="2" pin="0"/><net_sink comp="191" pin=0"/></net>

<net id="197"><net_src comp="22" pin="0"/><net_sink comp="191" pin=1"/></net>

<net id="203"><net_src comp="2" pin="0"/><net_sink comp="198" pin=0"/></net>

<net id="204"><net_src comp="22" pin="0"/><net_sink comp="198" pin=1"/></net>

<net id="210"><net_src comp="2" pin="0"/><net_sink comp="205" pin=0"/></net>

<net id="211"><net_src comp="22" pin="0"/><net_sink comp="205" pin=1"/></net>

<net id="217"><net_src comp="2" pin="0"/><net_sink comp="212" pin=0"/></net>

<net id="218"><net_src comp="22" pin="0"/><net_sink comp="212" pin=1"/></net>

<net id="224"><net_src comp="2" pin="0"/><net_sink comp="219" pin=0"/></net>

<net id="225"><net_src comp="22" pin="0"/><net_sink comp="219" pin=1"/></net>

<net id="259"><net_src comp="170" pin="3"/><net_sink comp="226" pin=18"/></net>

<net id="260"><net_src comp="177" pin="3"/><net_sink comp="226" pin=16"/></net>

<net id="261"><net_src comp="184" pin="3"/><net_sink comp="226" pin=13"/></net>

<net id="262"><net_src comp="191" pin="3"/><net_sink comp="226" pin=10"/></net>

<net id="263"><net_src comp="198" pin="3"/><net_sink comp="226" pin=8"/></net>

<net id="264"><net_src comp="205" pin="3"/><net_sink comp="226" pin=5"/></net>

<net id="265"><net_src comp="212" pin="3"/><net_sink comp="226" pin=2"/></net>

<net id="266"><net_src comp="219" pin="3"/><net_sink comp="226" pin=0"/></net>

<net id="272"><net_src comp="4" pin="0"/><net_sink comp="267" pin=0"/></net>

<net id="273"><net_src comp="22" pin="0"/><net_sink comp="267" pin=1"/></net>

<net id="279"><net_src comp="4" pin="0"/><net_sink comp="274" pin=0"/></net>

<net id="280"><net_src comp="22" pin="0"/><net_sink comp="274" pin=1"/></net>

<net id="286"><net_src comp="4" pin="0"/><net_sink comp="281" pin=0"/></net>

<net id="287"><net_src comp="22" pin="0"/><net_sink comp="281" pin=1"/></net>

<net id="293"><net_src comp="4" pin="0"/><net_sink comp="288" pin=0"/></net>

<net id="294"><net_src comp="22" pin="0"/><net_sink comp="288" pin=1"/></net>

<net id="300"><net_src comp="4" pin="0"/><net_sink comp="295" pin=0"/></net>

<net id="301"><net_src comp="22" pin="0"/><net_sink comp="295" pin=1"/></net>

<net id="307"><net_src comp="4" pin="0"/><net_sink comp="302" pin=0"/></net>

<net id="308"><net_src comp="22" pin="0"/><net_sink comp="302" pin=1"/></net>

<net id="314"><net_src comp="4" pin="0"/><net_sink comp="309" pin=0"/></net>

<net id="315"><net_src comp="22" pin="0"/><net_sink comp="309" pin=1"/></net>

<net id="321"><net_src comp="4" pin="0"/><net_sink comp="316" pin=0"/></net>

<net id="322"><net_src comp="22" pin="0"/><net_sink comp="316" pin=1"/></net>

<net id="328"><net_src comp="0" pin="0"/><net_sink comp="323" pin=0"/></net>

<net id="329"><net_src comp="22" pin="0"/><net_sink comp="323" pin=1"/></net>

<net id="335"><net_src comp="323" pin="3"/><net_sink comp="330" pin=0"/></net>

<net id="369"><net_src comp="267" pin="3"/><net_sink comp="336" pin=18"/></net>

<net id="370"><net_src comp="274" pin="3"/><net_sink comp="336" pin=16"/></net>

<net id="371"><net_src comp="281" pin="3"/><net_sink comp="336" pin=13"/></net>

<net id="372"><net_src comp="288" pin="3"/><net_sink comp="336" pin=10"/></net>

<net id="373"><net_src comp="295" pin="3"/><net_sink comp="336" pin=8"/></net>

<net id="374"><net_src comp="302" pin="3"/><net_sink comp="336" pin=5"/></net>

<net id="375"><net_src comp="309" pin="3"/><net_sink comp="336" pin=2"/></net>

<net id="376"><net_src comp="316" pin="3"/><net_sink comp="336" pin=0"/></net>

<net id="380"><net_src comp="46" pin="0"/><net_sink comp="377" pin=0"/></net>

<net id="387"><net_src comp="377" pin="1"/><net_sink comp="381" pin=0"/></net>

<net id="456"><net_src comp="54" pin="0"/><net_sink comp="452" pin=1"/></net>

<net id="461"><net_src comp="54" pin="0"/><net_sink comp="457" pin=1"/></net>

<net id="466"><net_src comp="54" pin="0"/><net_sink comp="462" pin=1"/></net>

<net id="471"><net_src comp="54" pin="0"/><net_sink comp="467" pin=1"/></net>

<net id="476"><net_src comp="54" pin="0"/><net_sink comp="472" pin=1"/></net>

<net id="481"><net_src comp="54" pin="0"/><net_sink comp="477" pin=1"/></net>

<net id="486"><net_src comp="54" pin="0"/><net_sink comp="482" pin=1"/></net>

<net id="491"><net_src comp="54" pin="0"/><net_sink comp="487" pin=1"/></net>

<net id="543"><net_src comp="540" pin="1"/><net_sink comp="452" pin=0"/></net>

<net id="547"><net_src comp="544" pin="1"/><net_sink comp="457" pin=0"/></net>

<net id="551"><net_src comp="548" pin="1"/><net_sink comp="462" pin=0"/></net>

<net id="555"><net_src comp="552" pin="1"/><net_sink comp="467" pin=0"/></net>

<net id="559"><net_src comp="556" pin="1"/><net_sink comp="472" pin=0"/></net>

<net id="563"><net_src comp="560" pin="1"/><net_sink comp="477" pin=0"/></net>

<net id="567"><net_src comp="564" pin="1"/><net_sink comp="482" pin=0"/></net>

<net id="571"><net_src comp="568" pin="1"/><net_sink comp="487" pin=0"/></net>

<net id="576"><net_src comp="8" pin="0"/><net_sink comp="572" pin=0"/></net>

<net id="584"><net_src comp="577" pin="1"/><net_sink comp="580" pin=0"/></net>

<net id="585"><net_src comp="10" pin="0"/><net_sink comp="580" pin=1"/></net>

<net id="590"><net_src comp="577" pin="1"/><net_sink comp="586" pin=0"/></net>

<net id="591"><net_src comp="16" pin="0"/><net_sink comp="586" pin=1"/></net>

<net id="595"><net_src comp="577" pin="1"/><net_sink comp="592" pin=0"/></net>

<net id="601"><net_src comp="18" pin="0"/><net_sink comp="596" pin=0"/></net>

<net id="602"><net_src comp="592" pin="1"/><net_sink comp="596" pin=1"/></net>

<net id="603"><net_src comp="20" pin="0"/><net_sink comp="596" pin=2"/></net>

<net id="607"><net_src comp="596" pin="3"/><net_sink comp="604" pin=0"/></net>

<net id="608"><net_src comp="604" pin="1"/><net_sink comp="170" pin=2"/></net>

<net id="613"><net_src comp="596" pin="3"/><net_sink comp="609" pin=0"/></net>

<net id="614"><net_src comp="24" pin="0"/><net_sink comp="609" pin=1"/></net>

<net id="618"><net_src comp="609" pin="2"/><net_sink comp="615" pin=0"/></net>

<net id="619"><net_src comp="615" pin="1"/><net_sink comp="177" pin=2"/></net>

<net id="624"><net_src comp="596" pin="3"/><net_sink comp="620" pin=0"/></net>

<net id="625"><net_src comp="26" pin="0"/><net_sink comp="620" pin=1"/></net>

<net id="629"><net_src comp="620" pin="2"/><net_sink comp="626" pin=0"/></net>

<net id="630"><net_src comp="626" pin="1"/><net_sink comp="184" pin=2"/></net>

<net id="635"><net_src comp="596" pin="3"/><net_sink comp="631" pin=0"/></net>

<net id="636"><net_src comp="28" pin="0"/><net_sink comp="631" pin=1"/></net>

<net id="640"><net_src comp="631" pin="2"/><net_sink comp="637" pin=0"/></net>

<net id="641"><net_src comp="637" pin="1"/><net_sink comp="191" pin=2"/></net>

<net id="646"><net_src comp="596" pin="3"/><net_sink comp="642" pin=0"/></net>

<net id="647"><net_src comp="30" pin="0"/><net_sink comp="642" pin=1"/></net>

<net id="651"><net_src comp="642" pin="2"/><net_sink comp="648" pin=0"/></net>

<net id="652"><net_src comp="648" pin="1"/><net_sink comp="198" pin=2"/></net>

<net id="657"><net_src comp="596" pin="3"/><net_sink comp="653" pin=0"/></net>

<net id="658"><net_src comp="32" pin="0"/><net_sink comp="653" pin=1"/></net>

<net id="662"><net_src comp="653" pin="2"/><net_sink comp="659" pin=0"/></net>

<net id="663"><net_src comp="659" pin="1"/><net_sink comp="205" pin=2"/></net>

<net id="668"><net_src comp="596" pin="3"/><net_sink comp="664" pin=0"/></net>

<net id="669"><net_src comp="34" pin="0"/><net_sink comp="664" pin=1"/></net>

<net id="673"><net_src comp="664" pin="2"/><net_sink comp="670" pin=0"/></net>

<net id="674"><net_src comp="670" pin="1"/><net_sink comp="212" pin=2"/></net>

<net id="679"><net_src comp="596" pin="3"/><net_sink comp="675" pin=0"/></net>

<net id="680"><net_src comp="36" pin="0"/><net_sink comp="675" pin=1"/></net>

<net id="684"><net_src comp="675" pin="2"/><net_sink comp="681" pin=0"/></net>

<net id="685"><net_src comp="681" pin="1"/><net_sink comp="219" pin=2"/></net>

<net id="690"><net_src comp="38" pin="0"/><net_sink comp="686" pin=0"/></net>

<net id="691"><net_src comp="498" pin="1"/><net_sink comp="686" pin=1"/></net>

<net id="696"><net_src comp="686" pin="2"/><net_sink comp="692" pin=0"/></net>

<net id="697"><net_src comp="507" pin="1"/><net_sink comp="692" pin=1"/></net>

<net id="702"><net_src comp="692" pin="2"/><net_sink comp="698" pin=0"/></net>

<net id="703"><net_src comp="516" pin="1"/><net_sink comp="698" pin=1"/></net>

<net id="708"><net_src comp="698" pin="2"/><net_sink comp="704" pin=0"/></net>

<net id="709"><net_src comp="525" pin="1"/><net_sink comp="704" pin=1"/></net>

<net id="714"><net_src comp="704" pin="2"/><net_sink comp="710" pin=0"/></net>

<net id="715"><net_src comp="534" pin="1"/><net_sink comp="710" pin=1"/></net>

<net id="720"><net_src comp="710" pin="2"/><net_sink comp="716" pin=0"/></net>

<net id="721"><net_src comp="537" pin="1"/><net_sink comp="716" pin=1"/></net>

<net id="726"><net_src comp="716" pin="2"/><net_sink comp="722" pin=0"/></net>

<net id="727"><net_src comp="531" pin="1"/><net_sink comp="722" pin=1"/></net>

<net id="732"><net_src comp="722" pin="2"/><net_sink comp="728" pin=0"/></net>

<net id="733"><net_src comp="528" pin="1"/><net_sink comp="728" pin=1"/></net>

<net id="738"><net_src comp="728" pin="2"/><net_sink comp="734" pin=0"/></net>

<net id="739"><net_src comp="522" pin="1"/><net_sink comp="734" pin=1"/></net>

<net id="744"><net_src comp="734" pin="2"/><net_sink comp="740" pin=0"/></net>

<net id="745"><net_src comp="519" pin="1"/><net_sink comp="740" pin=1"/></net>

<net id="750"><net_src comp="740" pin="2"/><net_sink comp="746" pin=0"/></net>

<net id="751"><net_src comp="513" pin="1"/><net_sink comp="746" pin=1"/></net>

<net id="756"><net_src comp="746" pin="2"/><net_sink comp="752" pin=0"/></net>

<net id="757"><net_src comp="510" pin="1"/><net_sink comp="752" pin=1"/></net>

<net id="762"><net_src comp="752" pin="2"/><net_sink comp="758" pin=0"/></net>

<net id="763"><net_src comp="504" pin="1"/><net_sink comp="758" pin=1"/></net>

<net id="768"><net_src comp="758" pin="2"/><net_sink comp="764" pin=0"/></net>

<net id="769"><net_src comp="501" pin="1"/><net_sink comp="764" pin=1"/></net>

<net id="774"><net_src comp="764" pin="2"/><net_sink comp="770" pin=0"/></net>

<net id="775"><net_src comp="495" pin="1"/><net_sink comp="770" pin=1"/></net>

<net id="780"><net_src comp="770" pin="2"/><net_sink comp="776" pin=0"/></net>

<net id="781"><net_src comp="492" pin="1"/><net_sink comp="776" pin=1"/></net>

<net id="789"><net_src comp="782" pin="1"/><net_sink comp="785" pin=0"/></net>

<net id="790"><net_src comp="44" pin="0"/><net_sink comp="785" pin=1"/></net>

<net id="798"><net_src comp="791" pin="1"/><net_sink comp="794" pin=0"/></net>

<net id="799"><net_src comp="44" pin="0"/><net_sink comp="794" pin=1"/></net>

<net id="807"><net_src comp="800" pin="1"/><net_sink comp="803" pin=0"/></net>

<net id="808"><net_src comp="44" pin="0"/><net_sink comp="803" pin=1"/></net>

<net id="816"><net_src comp="809" pin="1"/><net_sink comp="812" pin=0"/></net>

<net id="817"><net_src comp="44" pin="0"/><net_sink comp="812" pin=1"/></net>

<net id="825"><net_src comp="818" pin="1"/><net_sink comp="821" pin=0"/></net>

<net id="826"><net_src comp="44" pin="0"/><net_sink comp="821" pin=1"/></net>

<net id="834"><net_src comp="827" pin="1"/><net_sink comp="830" pin=0"/></net>

<net id="835"><net_src comp="44" pin="0"/><net_sink comp="830" pin=1"/></net>

<net id="843"><net_src comp="836" pin="1"/><net_sink comp="839" pin=0"/></net>

<net id="844"><net_src comp="44" pin="0"/><net_sink comp="839" pin=1"/></net>

<net id="852"><net_src comp="845" pin="1"/><net_sink comp="848" pin=0"/></net>

<net id="853"><net_src comp="44" pin="0"/><net_sink comp="848" pin=1"/></net>

<net id="857"><net_src comp="381" pin="4"/><net_sink comp="854" pin=0"/></net>

<net id="858"><net_src comp="854" pin="1"/><net_sink comp="323" pin=2"/></net>

<net id="862"><net_src comp="381" pin="4"/><net_sink comp="859" pin=0"/></net>

<net id="867"><net_src comp="859" pin="1"/><net_sink comp="863" pin=1"/></net>

<net id="871"><net_src comp="863" pin="2"/><net_sink comp="868" pin=0"/></net>

<net id="872"><net_src comp="868" pin="1"/><net_sink comp="267" pin=2"/></net>

<net id="877"><net_src comp="859" pin="1"/><net_sink comp="873" pin=1"/></net>

<net id="881"><net_src comp="873" pin="2"/><net_sink comp="878" pin=0"/></net>

<net id="882"><net_src comp="878" pin="1"/><net_sink comp="274" pin=2"/></net>

<net id="887"><net_src comp="859" pin="1"/><net_sink comp="883" pin=1"/></net>

<net id="891"><net_src comp="883" pin="2"/><net_sink comp="888" pin=0"/></net>

<net id="892"><net_src comp="888" pin="1"/><net_sink comp="281" pin=2"/></net>

<net id="897"><net_src comp="859" pin="1"/><net_sink comp="893" pin=1"/></net>

<net id="901"><net_src comp="893" pin="2"/><net_sink comp="898" pin=0"/></net>

<net id="902"><net_src comp="898" pin="1"/><net_sink comp="288" pin=2"/></net>

<net id="907"><net_src comp="859" pin="1"/><net_sink comp="903" pin=1"/></net>

<net id="911"><net_src comp="903" pin="2"/><net_sink comp="908" pin=0"/></net>

<net id="912"><net_src comp="908" pin="1"/><net_sink comp="295" pin=2"/></net>

<net id="917"><net_src comp="859" pin="1"/><net_sink comp="913" pin=1"/></net>

<net id="921"><net_src comp="913" pin="2"/><net_sink comp="918" pin=0"/></net>

<net id="922"><net_src comp="918" pin="1"/><net_sink comp="302" pin=2"/></net>

<net id="927"><net_src comp="859" pin="1"/><net_sink comp="923" pin=1"/></net>

<net id="931"><net_src comp="923" pin="2"/><net_sink comp="928" pin=0"/></net>

<net id="932"><net_src comp="928" pin="1"/><net_sink comp="309" pin=2"/></net>

<net id="937"><net_src comp="859" pin="1"/><net_sink comp="933" pin=1"/></net>

<net id="941"><net_src comp="933" pin="2"/><net_sink comp="938" pin=0"/></net>

<net id="942"><net_src comp="938" pin="1"/><net_sink comp="316" pin=2"/></net>

<net id="947"><net_src comp="381" pin="4"/><net_sink comp="943" pin=0"/></net>

<net id="948"><net_src comp="48" pin="0"/><net_sink comp="943" pin=1"/></net>

<net id="953"><net_src comp="381" pin="4"/><net_sink comp="949" pin=0"/></net>

<net id="954"><net_src comp="52" pin="0"/><net_sink comp="949" pin=1"/></net>

<net id="959"><net_src comp="381" pin="4"/><net_sink comp="955" pin=0"/></net>

<net id="960"><net_src comp="46" pin="0"/><net_sink comp="955" pin=1"/></net>

<net id="966"><net_src comp="955" pin="2"/><net_sink comp="961" pin=0"/></net>

<net id="967"><net_src comp="564" pin="1"/><net_sink comp="961" pin=2"/></net>

<net id="973"><net_src comp="955" pin="2"/><net_sink comp="968" pin=0"/></net>

<net id="974"><net_src comp="556" pin="1"/><net_sink comp="968" pin=2"/></net>

<net id="980"><net_src comp="955" pin="2"/><net_sink comp="975" pin=0"/></net>

<net id="981"><net_src comp="548" pin="1"/><net_sink comp="975" pin=2"/></net>

<net id="987"><net_src comp="955" pin="2"/><net_sink comp="982" pin=0"/></net>

<net id="988"><net_src comp="540" pin="1"/><net_sink comp="982" pin=2"/></net>

<net id="994"><net_src comp="955" pin="2"/><net_sink comp="989" pin=0"/></net>

<net id="995"><net_src comp="544" pin="1"/><net_sink comp="989" pin=2"/></net>

<net id="1001"><net_src comp="955" pin="2"/><net_sink comp="996" pin=0"/></net>

<net id="1002"><net_src comp="552" pin="1"/><net_sink comp="996" pin=2"/></net>

<net id="1008"><net_src comp="955" pin="2"/><net_sink comp="1003" pin=0"/></net>

<net id="1009"><net_src comp="560" pin="1"/><net_sink comp="1003" pin=2"/></net>

<net id="1015"><net_src comp="955" pin="2"/><net_sink comp="1010" pin=0"/></net>

<net id="1016"><net_src comp="568" pin="1"/><net_sink comp="1010" pin=2"/></net>

<net id="1021"><net_src comp="56" pin="0"/><net_sink comp="1017" pin=1"/></net>

<net id="1030"><net_src comp="416" pin="2"/><net_sink comp="1026" pin=0"/></net>

<net id="1035"><net_src comp="412" pin="2"/><net_sink comp="1031" pin=0"/></net>

<net id="1040"><net_src comp="408" pin="2"/><net_sink comp="1036" pin=0"/></net>

<net id="1045"><net_src comp="404" pin="2"/><net_sink comp="1041" pin=0"/></net>

<net id="1050"><net_src comp="400" pin="2"/><net_sink comp="1046" pin=0"/></net>

<net id="1055"><net_src comp="396" pin="2"/><net_sink comp="1051" pin=0"/></net>

<net id="1060"><net_src comp="392" pin="2"/><net_sink comp="1056" pin=0"/></net>

<net id="1065"><net_src comp="388" pin="2"/><net_sink comp="1061" pin=0"/></net>

<net id="1075"><net_src comp="60" pin="0"/><net_sink comp="1069" pin=0"/></net>

<net id="1076"><net_src comp="1066" pin="1"/><net_sink comp="1069" pin=1"/></net>

<net id="1077"><net_src comp="62" pin="0"/><net_sink comp="1069" pin=2"/></net>

<net id="1078"><net_src comp="64" pin="0"/><net_sink comp="1069" pin=3"/></net>

<net id="1082"><net_src comp="1066" pin="1"/><net_sink comp="1079" pin=0"/></net>

<net id="1087"><net_src comp="1069" pin="4"/><net_sink comp="1083" pin=0"/></net>

<net id="1088"><net_src comp="66" pin="0"/><net_sink comp="1083" pin=1"/></net>

<net id="1093"><net_src comp="1079" pin="1"/><net_sink comp="1089" pin=0"/></net>

<net id="1094"><net_src comp="68" pin="0"/><net_sink comp="1089" pin=1"/></net>

<net id="1099"><net_src comp="1089" pin="2"/><net_sink comp="1095" pin=0"/></net>

<net id="1100"><net_src comp="1083" pin="2"/><net_sink comp="1095" pin=1"/></net>

<net id="1105"><net_src comp="1095" pin="2"/><net_sink comp="1101" pin=0"/></net>

<net id="1106"><net_src comp="452" pin="2"/><net_sink comp="1101" pin=1"/></net>

<net id="1112"><net_src comp="1101" pin="2"/><net_sink comp="1107" pin=0"/></net>

<net id="1113"><net_src comp="54" pin="0"/><net_sink comp="1107" pin=1"/></net>

<net id="1123"><net_src comp="60" pin="0"/><net_sink comp="1117" pin=0"/></net>

<net id="1124"><net_src comp="1114" pin="1"/><net_sink comp="1117" pin=1"/></net>

<net id="1125"><net_src comp="62" pin="0"/><net_sink comp="1117" pin=2"/></net>

<net id="1126"><net_src comp="64" pin="0"/><net_sink comp="1117" pin=3"/></net>

<net id="1130"><net_src comp="1114" pin="1"/><net_sink comp="1127" pin=0"/></net>

<net id="1135"><net_src comp="1117" pin="4"/><net_sink comp="1131" pin=0"/></net>

<net id="1136"><net_src comp="66" pin="0"/><net_sink comp="1131" pin=1"/></net>

<net id="1141"><net_src comp="1127" pin="1"/><net_sink comp="1137" pin=0"/></net>

<net id="1142"><net_src comp="68" pin="0"/><net_sink comp="1137" pin=1"/></net>

<net id="1147"><net_src comp="1137" pin="2"/><net_sink comp="1143" pin=0"/></net>

<net id="1148"><net_src comp="1131" pin="2"/><net_sink comp="1143" pin=1"/></net>

<net id="1153"><net_src comp="1143" pin="2"/><net_sink comp="1149" pin=0"/></net>

<net id="1154"><net_src comp="457" pin="2"/><net_sink comp="1149" pin=1"/></net>

<net id="1160"><net_src comp="1149" pin="2"/><net_sink comp="1155" pin=0"/></net>

<net id="1161"><net_src comp="54" pin="0"/><net_sink comp="1155" pin=1"/></net>

<net id="1171"><net_src comp="60" pin="0"/><net_sink comp="1165" pin=0"/></net>

<net id="1172"><net_src comp="1162" pin="1"/><net_sink comp="1165" pin=1"/></net>

<net id="1173"><net_src comp="62" pin="0"/><net_sink comp="1165" pin=2"/></net>

<net id="1174"><net_src comp="64" pin="0"/><net_sink comp="1165" pin=3"/></net>

<net id="1178"><net_src comp="1162" pin="1"/><net_sink comp="1175" pin=0"/></net>

<net id="1183"><net_src comp="1165" pin="4"/><net_sink comp="1179" pin=0"/></net>

<net id="1184"><net_src comp="66" pin="0"/><net_sink comp="1179" pin=1"/></net>

<net id="1189"><net_src comp="1175" pin="1"/><net_sink comp="1185" pin=0"/></net>

<net id="1190"><net_src comp="68" pin="0"/><net_sink comp="1185" pin=1"/></net>

<net id="1195"><net_src comp="1185" pin="2"/><net_sink comp="1191" pin=0"/></net>

<net id="1196"><net_src comp="1179" pin="2"/><net_sink comp="1191" pin=1"/></net>

<net id="1201"><net_src comp="1191" pin="2"/><net_sink comp="1197" pin=0"/></net>

<net id="1202"><net_src comp="462" pin="2"/><net_sink comp="1197" pin=1"/></net>

<net id="1208"><net_src comp="1197" pin="2"/><net_sink comp="1203" pin=0"/></net>

<net id="1209"><net_src comp="54" pin="0"/><net_sink comp="1203" pin=1"/></net>

<net id="1219"><net_src comp="60" pin="0"/><net_sink comp="1213" pin=0"/></net>

<net id="1220"><net_src comp="1210" pin="1"/><net_sink comp="1213" pin=1"/></net>

<net id="1221"><net_src comp="62" pin="0"/><net_sink comp="1213" pin=2"/></net>

<net id="1222"><net_src comp="64" pin="0"/><net_sink comp="1213" pin=3"/></net>

<net id="1226"><net_src comp="1210" pin="1"/><net_sink comp="1223" pin=0"/></net>

<net id="1231"><net_src comp="1213" pin="4"/><net_sink comp="1227" pin=0"/></net>

<net id="1232"><net_src comp="66" pin="0"/><net_sink comp="1227" pin=1"/></net>

<net id="1237"><net_src comp="1223" pin="1"/><net_sink comp="1233" pin=0"/></net>

<net id="1238"><net_src comp="68" pin="0"/><net_sink comp="1233" pin=1"/></net>

<net id="1243"><net_src comp="1233" pin="2"/><net_sink comp="1239" pin=0"/></net>

<net id="1244"><net_src comp="1227" pin="2"/><net_sink comp="1239" pin=1"/></net>

<net id="1249"><net_src comp="1239" pin="2"/><net_sink comp="1245" pin=0"/></net>

<net id="1250"><net_src comp="467" pin="2"/><net_sink comp="1245" pin=1"/></net>

<net id="1256"><net_src comp="1245" pin="2"/><net_sink comp="1251" pin=0"/></net>

<net id="1257"><net_src comp="54" pin="0"/><net_sink comp="1251" pin=1"/></net>

<net id="1267"><net_src comp="60" pin="0"/><net_sink comp="1261" pin=0"/></net>

<net id="1268"><net_src comp="1258" pin="1"/><net_sink comp="1261" pin=1"/></net>

<net id="1269"><net_src comp="62" pin="0"/><net_sink comp="1261" pin=2"/></net>

<net id="1270"><net_src comp="64" pin="0"/><net_sink comp="1261" pin=3"/></net>

<net id="1274"><net_src comp="1258" pin="1"/><net_sink comp="1271" pin=0"/></net>

<net id="1279"><net_src comp="1261" pin="4"/><net_sink comp="1275" pin=0"/></net>

<net id="1280"><net_src comp="66" pin="0"/><net_sink comp="1275" pin=1"/></net>

<net id="1285"><net_src comp="1271" pin="1"/><net_sink comp="1281" pin=0"/></net>

<net id="1286"><net_src comp="68" pin="0"/><net_sink comp="1281" pin=1"/></net>

<net id="1291"><net_src comp="1281" pin="2"/><net_sink comp="1287" pin=0"/></net>

<net id="1292"><net_src comp="1275" pin="2"/><net_sink comp="1287" pin=1"/></net>

<net id="1297"><net_src comp="1287" pin="2"/><net_sink comp="1293" pin=0"/></net>

<net id="1298"><net_src comp="472" pin="2"/><net_sink comp="1293" pin=1"/></net>

<net id="1304"><net_src comp="1293" pin="2"/><net_sink comp="1299" pin=0"/></net>

<net id="1305"><net_src comp="54" pin="0"/><net_sink comp="1299" pin=1"/></net>

<net id="1315"><net_src comp="60" pin="0"/><net_sink comp="1309" pin=0"/></net>

<net id="1316"><net_src comp="1306" pin="1"/><net_sink comp="1309" pin=1"/></net>

<net id="1317"><net_src comp="62" pin="0"/><net_sink comp="1309" pin=2"/></net>

<net id="1318"><net_src comp="64" pin="0"/><net_sink comp="1309" pin=3"/></net>

<net id="1322"><net_src comp="1306" pin="1"/><net_sink comp="1319" pin=0"/></net>

<net id="1327"><net_src comp="1309" pin="4"/><net_sink comp="1323" pin=0"/></net>

<net id="1328"><net_src comp="66" pin="0"/><net_sink comp="1323" pin=1"/></net>

<net id="1333"><net_src comp="1319" pin="1"/><net_sink comp="1329" pin=0"/></net>

<net id="1334"><net_src comp="68" pin="0"/><net_sink comp="1329" pin=1"/></net>

<net id="1339"><net_src comp="1329" pin="2"/><net_sink comp="1335" pin=0"/></net>

<net id="1340"><net_src comp="1323" pin="2"/><net_sink comp="1335" pin=1"/></net>

<net id="1345"><net_src comp="1335" pin="2"/><net_sink comp="1341" pin=0"/></net>

<net id="1346"><net_src comp="477" pin="2"/><net_sink comp="1341" pin=1"/></net>

<net id="1352"><net_src comp="1341" pin="2"/><net_sink comp="1347" pin=0"/></net>

<net id="1353"><net_src comp="54" pin="0"/><net_sink comp="1347" pin=1"/></net>

<net id="1363"><net_src comp="60" pin="0"/><net_sink comp="1357" pin=0"/></net>

<net id="1364"><net_src comp="1354" pin="1"/><net_sink comp="1357" pin=1"/></net>

<net id="1365"><net_src comp="62" pin="0"/><net_sink comp="1357" pin=2"/></net>

<net id="1366"><net_src comp="64" pin="0"/><net_sink comp="1357" pin=3"/></net>

<net id="1370"><net_src comp="1354" pin="1"/><net_sink comp="1367" pin=0"/></net>

<net id="1375"><net_src comp="1357" pin="4"/><net_sink comp="1371" pin=0"/></net>

<net id="1376"><net_src comp="66" pin="0"/><net_sink comp="1371" pin=1"/></net>

<net id="1381"><net_src comp="1367" pin="1"/><net_sink comp="1377" pin=0"/></net>

<net id="1382"><net_src comp="68" pin="0"/><net_sink comp="1377" pin=1"/></net>

<net id="1387"><net_src comp="1377" pin="2"/><net_sink comp="1383" pin=0"/></net>

<net id="1388"><net_src comp="1371" pin="2"/><net_sink comp="1383" pin=1"/></net>

<net id="1393"><net_src comp="1383" pin="2"/><net_sink comp="1389" pin=0"/></net>

<net id="1394"><net_src comp="482" pin="2"/><net_sink comp="1389" pin=1"/></net>

<net id="1400"><net_src comp="1389" pin="2"/><net_sink comp="1395" pin=0"/></net>

<net id="1401"><net_src comp="54" pin="0"/><net_sink comp="1395" pin=1"/></net>

<net id="1411"><net_src comp="60" pin="0"/><net_sink comp="1405" pin=0"/></net>

<net id="1412"><net_src comp="1402" pin="1"/><net_sink comp="1405" pin=1"/></net>

<net id="1413"><net_src comp="62" pin="0"/><net_sink comp="1405" pin=2"/></net>

<net id="1414"><net_src comp="64" pin="0"/><net_sink comp="1405" pin=3"/></net>

<net id="1418"><net_src comp="1402" pin="1"/><net_sink comp="1415" pin=0"/></net>

<net id="1423"><net_src comp="1405" pin="4"/><net_sink comp="1419" pin=0"/></net>

<net id="1424"><net_src comp="66" pin="0"/><net_sink comp="1419" pin=1"/></net>

<net id="1429"><net_src comp="1415" pin="1"/><net_sink comp="1425" pin=0"/></net>

<net id="1430"><net_src comp="68" pin="0"/><net_sink comp="1425" pin=1"/></net>

<net id="1435"><net_src comp="1425" pin="2"/><net_sink comp="1431" pin=0"/></net>

<net id="1436"><net_src comp="1419" pin="2"/><net_sink comp="1431" pin=1"/></net>

<net id="1441"><net_src comp="1431" pin="2"/><net_sink comp="1437" pin=0"/></net>

<net id="1442"><net_src comp="487" pin="2"/><net_sink comp="1437" pin=1"/></net>

<net id="1448"><net_src comp="1437" pin="2"/><net_sink comp="1443" pin=0"/></net>

<net id="1449"><net_src comp="54" pin="0"/><net_sink comp="1443" pin=1"/></net>

<net id="1455"><net_src comp="1347" pin="3"/><net_sink comp="1450" pin=1"/></net>

<net id="1456"><net_src comp="537" pin="1"/><net_sink comp="1450" pin=2"/></net>

<net id="1462"><net_src comp="1299" pin="3"/><net_sink comp="1457" pin=1"/></net>

<net id="1463"><net_src comp="534" pin="1"/><net_sink comp="1457" pin=2"/></net>

<net id="1469"><net_src comp="1395" pin="3"/><net_sink comp="1464" pin=1"/></net>

<net id="1470"><net_src comp="531" pin="1"/><net_sink comp="1464" pin=2"/></net>

<net id="1476"><net_src comp="1443" pin="3"/><net_sink comp="1471" pin=1"/></net>

<net id="1477"><net_src comp="528" pin="1"/><net_sink comp="1471" pin=2"/></net>

<net id="1483"><net_src comp="1251" pin="3"/><net_sink comp="1478" pin=1"/></net>

<net id="1484"><net_src comp="525" pin="1"/><net_sink comp="1478" pin=2"/></net>

<net id="1490"><net_src comp="522" pin="1"/><net_sink comp="1485" pin=1"/></net>

<net id="1491"><net_src comp="1107" pin="3"/><net_sink comp="1485" pin=2"/></net>

<net id="1497"><net_src comp="519" pin="1"/><net_sink comp="1492" pin=1"/></net>

<net id="1498"><net_src comp="1155" pin="3"/><net_sink comp="1492" pin=2"/></net>

<net id="1504"><net_src comp="1203" pin="3"/><net_sink comp="1499" pin=1"/></net>

<net id="1505"><net_src comp="516" pin="1"/><net_sink comp="1499" pin=2"/></net>

<net id="1511"><net_src comp="513" pin="1"/><net_sink comp="1506" pin=1"/></net>

<net id="1512"><net_src comp="1203" pin="3"/><net_sink comp="1506" pin=2"/></net>

<net id="1518"><net_src comp="510" pin="1"/><net_sink comp="1513" pin=1"/></net>

<net id="1519"><net_src comp="1251" pin="3"/><net_sink comp="1513" pin=2"/></net>

<net id="1525"><net_src comp="1155" pin="3"/><net_sink comp="1520" pin=1"/></net>

<net id="1526"><net_src comp="507" pin="1"/><net_sink comp="1520" pin=2"/></net>

<net id="1532"><net_src comp="504" pin="1"/><net_sink comp="1527" pin=1"/></net>

<net id="1533"><net_src comp="1299" pin="3"/><net_sink comp="1527" pin=2"/></net>

<net id="1539"><net_src comp="501" pin="1"/><net_sink comp="1534" pin=1"/></net>

<net id="1540"><net_src comp="1347" pin="3"/><net_sink comp="1534" pin=2"/></net>

<net id="1546"><net_src comp="1107" pin="3"/><net_sink comp="1541" pin=1"/></net>

<net id="1547"><net_src comp="498" pin="1"/><net_sink comp="1541" pin=2"/></net>

<net id="1553"><net_src comp="495" pin="1"/><net_sink comp="1548" pin=1"/></net>

<net id="1554"><net_src comp="1395" pin="3"/><net_sink comp="1548" pin=2"/></net>

<net id="1560"><net_src comp="492" pin="1"/><net_sink comp="1555" pin=1"/></net>

<net id="1561"><net_src comp="1443" pin="3"/><net_sink comp="1555" pin=2"/></net>

<net id="1566"><net_src comp="1450" pin="3"/><net_sink comp="1562" pin=0"/></net>

<net id="1571"><net_src comp="1457" pin="3"/><net_sink comp="1567" pin=0"/></net>

<net id="1576"><net_src comp="1464" pin="3"/><net_sink comp="1572" pin=0"/></net>

<net id="1581"><net_src comp="1471" pin="3"/><net_sink comp="1577" pin=0"/></net>

<net id="1586"><net_src comp="1478" pin="3"/><net_sink comp="1582" pin=0"/></net>

<net id="1591"><net_src comp="1485" pin="3"/><net_sink comp="1587" pin=0"/></net>

<net id="1596"><net_src comp="1492" pin="3"/><net_sink comp="1592" pin=0"/></net>

<net id="1601"><net_src comp="1499" pin="3"/><net_sink comp="1597" pin=0"/></net>

<net id="1606"><net_src comp="1506" pin="3"/><net_sink comp="1602" pin=0"/></net>

<net id="1611"><net_src comp="1513" pin="3"/><net_sink comp="1607" pin=0"/></net>

<net id="1616"><net_src comp="1520" pin="3"/><net_sink comp="1612" pin=0"/></net>

<net id="1621"><net_src comp="1527" pin="3"/><net_sink comp="1617" pin=0"/></net>

<net id="1626"><net_src comp="1534" pin="3"/><net_sink comp="1622" pin=0"/></net>

<net id="1631"><net_src comp="1541" pin="3"/><net_sink comp="1627" pin=0"/></net>

<net id="1636"><net_src comp="1548" pin="3"/><net_sink comp="1632" pin=0"/></net>

<net id="1641"><net_src comp="1555" pin="3"/><net_sink comp="1637" pin=0"/></net>

<net id="1645"><net_src comp="70" pin="1"/><net_sink comp="1642" pin=0"/></net>

<net id="1646"><net_src comp="1642" pin="1"/><net_sink comp="572" pin=1"/></net>

<net id="1647"><net_src comp="1642" pin="1"/><net_sink comp="577" pin=0"/></net>

<net id="1648"><net_src comp="1642" pin="1"/><net_sink comp="1022" pin=1"/></net>

<net id="1652"><net_src comp="74" pin="1"/><net_sink comp="1649" pin=0"/></net>

<net id="1653"><net_src comp="1649" pin="1"/><net_sink comp="492" pin=0"/></net>

<net id="1654"><net_src comp="1649" pin="1"/><net_sink comp="1637" pin=1"/></net>

<net id="1658"><net_src comp="78" pin="1"/><net_sink comp="1655" pin=0"/></net>

<net id="1659"><net_src comp="1655" pin="1"/><net_sink comp="495" pin=0"/></net>

<net id="1660"><net_src comp="1655" pin="1"/><net_sink comp="1632" pin=1"/></net>

<net id="1664"><net_src comp="82" pin="1"/><net_sink comp="1661" pin=0"/></net>

<net id="1665"><net_src comp="1661" pin="1"/><net_sink comp="498" pin=0"/></net>

<net id="1666"><net_src comp="1661" pin="1"/><net_sink comp="1627" pin=1"/></net>

<net id="1670"><net_src comp="86" pin="1"/><net_sink comp="1667" pin=0"/></net>

<net id="1671"><net_src comp="1667" pin="1"/><net_sink comp="501" pin=0"/></net>

<net id="1672"><net_src comp="1667" pin="1"/><net_sink comp="1622" pin=1"/></net>

<net id="1676"><net_src comp="90" pin="1"/><net_sink comp="1673" pin=0"/></net>

<net id="1677"><net_src comp="1673" pin="1"/><net_sink comp="504" pin=0"/></net>

<net id="1678"><net_src comp="1673" pin="1"/><net_sink comp="1617" pin=1"/></net>

<net id="1682"><net_src comp="94" pin="1"/><net_sink comp="1679" pin=0"/></net>

<net id="1683"><net_src comp="1679" pin="1"/><net_sink comp="507" pin=0"/></net>

<net id="1684"><net_src comp="1679" pin="1"/><net_sink comp="1612" pin=1"/></net>

<net id="1688"><net_src comp="98" pin="1"/><net_sink comp="1685" pin=0"/></net>

<net id="1689"><net_src comp="1685" pin="1"/><net_sink comp="510" pin=0"/></net>

<net id="1690"><net_src comp="1685" pin="1"/><net_sink comp="1607" pin=1"/></net>

<net id="1694"><net_src comp="102" pin="1"/><net_sink comp="1691" pin=0"/></net>

<net id="1695"><net_src comp="1691" pin="1"/><net_sink comp="513" pin=0"/></net>

<net id="1696"><net_src comp="1691" pin="1"/><net_sink comp="1602" pin=1"/></net>

<net id="1700"><net_src comp="106" pin="1"/><net_sink comp="1697" pin=0"/></net>

<net id="1701"><net_src comp="1697" pin="1"/><net_sink comp="516" pin=0"/></net>

<net id="1702"><net_src comp="1697" pin="1"/><net_sink comp="1597" pin=1"/></net>

<net id="1706"><net_src comp="110" pin="1"/><net_sink comp="1703" pin=0"/></net>

<net id="1707"><net_src comp="1703" pin="1"/><net_sink comp="519" pin=0"/></net>

<net id="1708"><net_src comp="1703" pin="1"/><net_sink comp="1592" pin=1"/></net>

<net id="1712"><net_src comp="114" pin="1"/><net_sink comp="1709" pin=0"/></net>

<net id="1713"><net_src comp="1709" pin="1"/><net_sink comp="522" pin=0"/></net>

<net id="1714"><net_src comp="1709" pin="1"/><net_sink comp="1587" pin=1"/></net>

<net id="1718"><net_src comp="118" pin="1"/><net_sink comp="1715" pin=0"/></net>

<net id="1719"><net_src comp="1715" pin="1"/><net_sink comp="525" pin=0"/></net>

<net id="1720"><net_src comp="1715" pin="1"/><net_sink comp="1582" pin=1"/></net>

<net id="1724"><net_src comp="122" pin="1"/><net_sink comp="1721" pin=0"/></net>

<net id="1725"><net_src comp="1721" pin="1"/><net_sink comp="528" pin=0"/></net>

<net id="1726"><net_src comp="1721" pin="1"/><net_sink comp="1577" pin=1"/></net>

<net id="1730"><net_src comp="126" pin="1"/><net_sink comp="1727" pin=0"/></net>

<net id="1731"><net_src comp="1727" pin="1"/><net_sink comp="531" pin=0"/></net>

<net id="1732"><net_src comp="1727" pin="1"/><net_sink comp="1572" pin=1"/></net>

<net id="1736"><net_src comp="130" pin="1"/><net_sink comp="1733" pin=0"/></net>

<net id="1737"><net_src comp="1733" pin="1"/><net_sink comp="534" pin=0"/></net>

<net id="1738"><net_src comp="1733" pin="1"/><net_sink comp="1567" pin=1"/></net>

<net id="1742"><net_src comp="134" pin="1"/><net_sink comp="1739" pin=0"/></net>

<net id="1743"><net_src comp="1739" pin="1"/><net_sink comp="537" pin=0"/></net>

<net id="1744"><net_src comp="1739" pin="1"/><net_sink comp="1562" pin=1"/></net>

<net id="1748"><net_src comp="138" pin="1"/><net_sink comp="1745" pin=0"/></net>

<net id="1749"><net_src comp="1745" pin="1"/><net_sink comp="540" pin=0"/></net>

<net id="1750"><net_src comp="1745" pin="1"/><net_sink comp="1061" pin=1"/></net>

<net id="1754"><net_src comp="142" pin="1"/><net_sink comp="1751" pin=0"/></net>

<net id="1755"><net_src comp="1751" pin="1"/><net_sink comp="544" pin=0"/></net>

<net id="1756"><net_src comp="1751" pin="1"/><net_sink comp="1056" pin=1"/></net>

<net id="1760"><net_src comp="146" pin="1"/><net_sink comp="1757" pin=0"/></net>

<net id="1761"><net_src comp="1757" pin="1"/><net_sink comp="548" pin=0"/></net>

<net id="1762"><net_src comp="1757" pin="1"/><net_sink comp="1051" pin=1"/></net>

<net id="1766"><net_src comp="150" pin="1"/><net_sink comp="1763" pin=0"/></net>

<net id="1767"><net_src comp="1763" pin="1"/><net_sink comp="552" pin=0"/></net>

<net id="1768"><net_src comp="1763" pin="1"/><net_sink comp="1046" pin=1"/></net>

<net id="1772"><net_src comp="154" pin="1"/><net_sink comp="1769" pin=0"/></net>

<net id="1773"><net_src comp="1769" pin="1"/><net_sink comp="556" pin=0"/></net>

<net id="1774"><net_src comp="1769" pin="1"/><net_sink comp="1041" pin=1"/></net>

<net id="1778"><net_src comp="158" pin="1"/><net_sink comp="1775" pin=0"/></net>

<net id="1779"><net_src comp="1775" pin="1"/><net_sink comp="560" pin=0"/></net>

<net id="1780"><net_src comp="1775" pin="1"/><net_sink comp="1036" pin=1"/></net>

<net id="1784"><net_src comp="162" pin="1"/><net_sink comp="1781" pin=0"/></net>

<net id="1785"><net_src comp="1781" pin="1"/><net_sink comp="564" pin=0"/></net>

<net id="1786"><net_src comp="1781" pin="1"/><net_sink comp="1031" pin=1"/></net>

<net id="1790"><net_src comp="166" pin="1"/><net_sink comp="1787" pin=0"/></net>

<net id="1791"><net_src comp="1787" pin="1"/><net_sink comp="568" pin=0"/></net>

<net id="1792"><net_src comp="1787" pin="1"/><net_sink comp="1026" pin=1"/></net>

<net id="1799"><net_src comp="586" pin="2"/><net_sink comp="1796" pin=0"/></net>

<net id="1800"><net_src comp="1796" pin="1"/><net_sink comp="1022" pin=0"/></net>

<net id="1804"><net_src comp="596" pin="3"/><net_sink comp="1801" pin=0"/></net>

<net id="1805"><net_src comp="1801" pin="1"/><net_sink comp="782" pin=0"/></net>

<net id="1806"><net_src comp="1801" pin="1"/><net_sink comp="1017" pin=0"/></net>

<net id="1810"><net_src comp="170" pin="3"/><net_sink comp="1807" pin=0"/></net>

<net id="1811"><net_src comp="1807" pin="1"/><net_sink comp="226" pin=18"/></net>

<net id="1815"><net_src comp="609" pin="2"/><net_sink comp="1812" pin=0"/></net>

<net id="1816"><net_src comp="1812" pin="1"/><net_sink comp="791" pin=0"/></net>

<net id="1820"><net_src comp="177" pin="3"/><net_sink comp="1817" pin=0"/></net>

<net id="1821"><net_src comp="1817" pin="1"/><net_sink comp="226" pin=16"/></net>

<net id="1825"><net_src comp="620" pin="2"/><net_sink comp="1822" pin=0"/></net>

<net id="1826"><net_src comp="1822" pin="1"/><net_sink comp="800" pin=0"/></net>

<net id="1830"><net_src comp="184" pin="3"/><net_sink comp="1827" pin=0"/></net>

<net id="1831"><net_src comp="1827" pin="1"/><net_sink comp="226" pin=13"/></net>

<net id="1835"><net_src comp="631" pin="2"/><net_sink comp="1832" pin=0"/></net>

<net id="1836"><net_src comp="1832" pin="1"/><net_sink comp="809" pin=0"/></net>

<net id="1840"><net_src comp="191" pin="3"/><net_sink comp="1837" pin=0"/></net>

<net id="1841"><net_src comp="1837" pin="1"/><net_sink comp="226" pin=10"/></net>

<net id="1845"><net_src comp="642" pin="2"/><net_sink comp="1842" pin=0"/></net>

<net id="1846"><net_src comp="1842" pin="1"/><net_sink comp="818" pin=0"/></net>

<net id="1850"><net_src comp="198" pin="3"/><net_sink comp="1847" pin=0"/></net>

<net id="1851"><net_src comp="1847" pin="1"/><net_sink comp="226" pin=8"/></net>

<net id="1855"><net_src comp="653" pin="2"/><net_sink comp="1852" pin=0"/></net>

<net id="1856"><net_src comp="1852" pin="1"/><net_sink comp="827" pin=0"/></net>

<net id="1860"><net_src comp="205" pin="3"/><net_sink comp="1857" pin=0"/></net>

<net id="1861"><net_src comp="1857" pin="1"/><net_sink comp="226" pin=5"/></net>

<net id="1865"><net_src comp="664" pin="2"/><net_sink comp="1862" pin=0"/></net>

<net id="1866"><net_src comp="1862" pin="1"/><net_sink comp="836" pin=0"/></net>

<net id="1870"><net_src comp="212" pin="3"/><net_sink comp="1867" pin=0"/></net>

<net id="1871"><net_src comp="1867" pin="1"/><net_sink comp="226" pin=2"/></net>

<net id="1875"><net_src comp="675" pin="2"/><net_sink comp="1872" pin=0"/></net>

<net id="1876"><net_src comp="1872" pin="1"/><net_sink comp="845" pin=0"/></net>

<net id="1880"><net_src comp="219" pin="3"/><net_sink comp="1877" pin=0"/></net>

<net id="1881"><net_src comp="1877" pin="1"/><net_sink comp="226" pin=0"/></net>

<net id="1885"><net_src comp="785" pin="2"/><net_sink comp="1882" pin=0"/></net>

<net id="1886"><net_src comp="1882" pin="1"/><net_sink comp="863" pin=0"/></net>

<net id="1890"><net_src comp="794" pin="2"/><net_sink comp="1887" pin=0"/></net>

<net id="1891"><net_src comp="1887" pin="1"/><net_sink comp="873" pin=0"/></net>

<net id="1895"><net_src comp="803" pin="2"/><net_sink comp="1892" pin=0"/></net>

<net id="1896"><net_src comp="1892" pin="1"/><net_sink comp="883" pin=0"/></net>

<net id="1900"><net_src comp="812" pin="2"/><net_sink comp="1897" pin=0"/></net>

<net id="1901"><net_src comp="1897" pin="1"/><net_sink comp="893" pin=0"/></net>

<net id="1905"><net_src comp="821" pin="2"/><net_sink comp="1902" pin=0"/></net>

<net id="1906"><net_src comp="1902" pin="1"/><net_sink comp="903" pin=0"/></net>

<net id="1910"><net_src comp="830" pin="2"/><net_sink comp="1907" pin=0"/></net>

<net id="1911"><net_src comp="1907" pin="1"/><net_sink comp="913" pin=0"/></net>

<net id="1915"><net_src comp="839" pin="2"/><net_sink comp="1912" pin=0"/></net>

<net id="1916"><net_src comp="1912" pin="1"/><net_sink comp="923" pin=0"/></net>

<net id="1920"><net_src comp="848" pin="2"/><net_sink comp="1917" pin=0"/></net>

<net id="1921"><net_src comp="1917" pin="1"/><net_sink comp="933" pin=0"/></net>

<net id="1925"><net_src comp="226" pin="31"/><net_sink comp="1922" pin=0"/></net>

<net id="1926"><net_src comp="1922" pin="1"/><net_sink comp="982" pin=1"/></net>

<net id="1930"><net_src comp="226" pin="27"/><net_sink comp="1927" pin=0"/></net>

<net id="1931"><net_src comp="1927" pin="1"/><net_sink comp="989" pin=1"/></net>

<net id="1935"><net_src comp="226" pin="23"/><net_sink comp="1932" pin=0"/></net>

<net id="1936"><net_src comp="1932" pin="1"/><net_sink comp="975" pin=1"/></net>

<net id="1940"><net_src comp="226" pin="19"/><net_sink comp="1937" pin=0"/></net>

<net id="1941"><net_src comp="1937" pin="1"/><net_sink comp="996" pin=1"/></net>

<net id="1945"><net_src comp="226" pin="15"/><net_sink comp="1942" pin=0"/></net>

<net id="1946"><net_src comp="1942" pin="1"/><net_sink comp="968" pin=1"/></net>

<net id="1950"><net_src comp="226" pin="11"/><net_sink comp="1947" pin=0"/></net>

<net id="1951"><net_src comp="1947" pin="1"/><net_sink comp="1003" pin=1"/></net>

<net id="1955"><net_src comp="226" pin="7"/><net_sink comp="1952" pin=0"/></net>

<net id="1956"><net_src comp="1952" pin="1"/><net_sink comp="961" pin=1"/></net>

<net id="1960"><net_src comp="226" pin="3"/><net_sink comp="1957" pin=0"/></net>

<net id="1961"><net_src comp="1957" pin="1"/><net_sink comp="1010" pin=1"/></net>

<net id="1965"><net_src comp="267" pin="3"/><net_sink comp="1962" pin=0"/></net>

<net id="1966"><net_src comp="1962" pin="1"/><net_sink comp="336" pin=18"/></net>

<net id="1970"><net_src comp="274" pin="3"/><net_sink comp="1967" pin=0"/></net>

<net id="1971"><net_src comp="1967" pin="1"/><net_sink comp="336" pin=16"/></net>

<net id="1975"><net_src comp="281" pin="3"/><net_sink comp="1972" pin=0"/></net>

<net id="1976"><net_src comp="1972" pin="1"/><net_sink comp="336" pin=13"/></net>

<net id="1980"><net_src comp="288" pin="3"/><net_sink comp="1977" pin=0"/></net>

<net id="1981"><net_src comp="1977" pin="1"/><net_sink comp="336" pin=10"/></net>

<net id="1985"><net_src comp="295" pin="3"/><net_sink comp="1982" pin=0"/></net>

<net id="1986"><net_src comp="1982" pin="1"/><net_sink comp="336" pin=8"/></net>

<net id="1990"><net_src comp="302" pin="3"/><net_sink comp="1987" pin=0"/></net>

<net id="1991"><net_src comp="1987" pin="1"/><net_sink comp="336" pin=5"/></net>

<net id="1995"><net_src comp="309" pin="3"/><net_sink comp="1992" pin=0"/></net>

<net id="1996"><net_src comp="1992" pin="1"/><net_sink comp="336" pin=2"/></net>

<net id="2000"><net_src comp="316" pin="3"/><net_sink comp="1997" pin=0"/></net>

<net id="2001"><net_src comp="1997" pin="1"/><net_sink comp="336" pin=0"/></net>

<net id="2005"><net_src comp="323" pin="3"/><net_sink comp="2002" pin=0"/></net>

<net id="2006"><net_src comp="2002" pin="1"/><net_sink comp="330" pin=0"/></net>

<net id="2013"><net_src comp="949" pin="2"/><net_sink comp="2010" pin=0"/></net>

<net id="2014"><net_src comp="2010" pin="1"/><net_sink comp="381" pin=2"/></net>

<net id="2018"><net_src comp="961" pin="3"/><net_sink comp="2015" pin=0"/></net>

<net id="2019"><net_src comp="2015" pin="1"/><net_sink comp="412" pin=0"/></net>

<net id="2023"><net_src comp="968" pin="3"/><net_sink comp="2020" pin=0"/></net>

<net id="2024"><net_src comp="2020" pin="1"/><net_sink comp="404" pin=0"/></net>

<net id="2028"><net_src comp="975" pin="3"/><net_sink comp="2025" pin=0"/></net>

<net id="2029"><net_src comp="2025" pin="1"/><net_sink comp="396" pin=0"/></net>

<net id="2033"><net_src comp="982" pin="3"/><net_sink comp="2030" pin=0"/></net>

<net id="2034"><net_src comp="2030" pin="1"/><net_sink comp="388" pin=0"/></net>

<net id="2038"><net_src comp="989" pin="3"/><net_sink comp="2035" pin=0"/></net>

<net id="2039"><net_src comp="2035" pin="1"/><net_sink comp="392" pin=0"/></net>

<net id="2043"><net_src comp="996" pin="3"/><net_sink comp="2040" pin=0"/></net>

<net id="2044"><net_src comp="2040" pin="1"/><net_sink comp="400" pin=0"/></net>

<net id="2048"><net_src comp="1003" pin="3"/><net_sink comp="2045" pin=0"/></net>

<net id="2049"><net_src comp="2045" pin="1"/><net_sink comp="408" pin=0"/></net>

<net id="2053"><net_src comp="1010" pin="3"/><net_sink comp="2050" pin=0"/></net>

<net id="2054"><net_src comp="2050" pin="1"/><net_sink comp="416" pin=0"/></net>

<net id="2058"><net_src comp="540" pin="1"/><net_sink comp="2055" pin=0"/></net>

<net id="2059"><net_src comp="2055" pin="1"/><net_sink comp="1066" pin=0"/></net>

<net id="2060"><net_src comp="2055" pin="1"/><net_sink comp="452" pin=0"/></net>

<net id="2061"><net_src comp="2055" pin="1"/><net_sink comp="1107" pin=2"/></net>

<net id="2065"><net_src comp="544" pin="1"/><net_sink comp="2062" pin=0"/></net>

<net id="2066"><net_src comp="2062" pin="1"/><net_sink comp="1114" pin=0"/></net>

<net id="2067"><net_src comp="2062" pin="1"/><net_sink comp="457" pin=0"/></net>

<net id="2068"><net_src comp="2062" pin="1"/><net_sink comp="1155" pin=2"/></net>

<net id="2072"><net_src comp="548" pin="1"/><net_sink comp="2069" pin=0"/></net>

<net id="2073"><net_src comp="2069" pin="1"/><net_sink comp="1162" pin=0"/></net>

<net id="2074"><net_src comp="2069" pin="1"/><net_sink comp="462" pin=0"/></net>

<net id="2075"><net_src comp="2069" pin="1"/><net_sink comp="1203" pin=2"/></net>

<net id="2079"><net_src comp="552" pin="1"/><net_sink comp="2076" pin=0"/></net>

<net id="2080"><net_src comp="2076" pin="1"/><net_sink comp="1210" pin=0"/></net>

<net id="2081"><net_src comp="2076" pin="1"/><net_sink comp="467" pin=0"/></net>

<net id="2082"><net_src comp="2076" pin="1"/><net_sink comp="1251" pin=2"/></net>

<net id="2086"><net_src comp="556" pin="1"/><net_sink comp="2083" pin=0"/></net>

<net id="2087"><net_src comp="2083" pin="1"/><net_sink comp="1258" pin=0"/></net>

<net id="2088"><net_src comp="2083" pin="1"/><net_sink comp="472" pin=0"/></net>

<net id="2089"><net_src comp="2083" pin="1"/><net_sink comp="1299" pin=2"/></net>

<net id="2093"><net_src comp="560" pin="1"/><net_sink comp="2090" pin=0"/></net>

<net id="2094"><net_src comp="2090" pin="1"/><net_sink comp="1306" pin=0"/></net>

<net id="2095"><net_src comp="2090" pin="1"/><net_sink comp="477" pin=0"/></net>

<net id="2096"><net_src comp="2090" pin="1"/><net_sink comp="1347" pin=2"/></net>

<net id="2100"><net_src comp="564" pin="1"/><net_sink comp="2097" pin=0"/></net>

<net id="2101"><net_src comp="2097" pin="1"/><net_sink comp="1354" pin=0"/></net>

<net id="2102"><net_src comp="2097" pin="1"/><net_sink comp="482" pin=0"/></net>

<net id="2103"><net_src comp="2097" pin="1"/><net_sink comp="1395" pin=2"/></net>

<net id="2107"><net_src comp="568" pin="1"/><net_sink comp="2104" pin=0"/></net>

<net id="2108"><net_src comp="2104" pin="1"/><net_sink comp="1402" pin=0"/></net>

<net id="2109"><net_src comp="2104" pin="1"/><net_sink comp="487" pin=0"/></net>

<net id="2110"><net_src comp="2104" pin="1"/><net_sink comp="1443" pin=2"/></net>

<net id="2114"><net_src comp="1017" pin="2"/><net_sink comp="2111" pin=0"/></net>

<net id="2115"><net_src comp="2111" pin="1"/><net_sink comp="1450" pin=0"/></net>

<net id="2116"><net_src comp="2111" pin="1"/><net_sink comp="1457" pin=0"/></net>

<net id="2117"><net_src comp="2111" pin="1"/><net_sink comp="1464" pin=0"/></net>

<net id="2118"><net_src comp="2111" pin="1"/><net_sink comp="1471" pin=0"/></net>

<net id="2119"><net_src comp="2111" pin="1"/><net_sink comp="1478" pin=0"/></net>

<net id="2120"><net_src comp="2111" pin="1"/><net_sink comp="1485" pin=0"/></net>

<net id="2121"><net_src comp="2111" pin="1"/><net_sink comp="1492" pin=0"/></net>

<net id="2122"><net_src comp="2111" pin="1"/><net_sink comp="1499" pin=0"/></net>

<net id="2123"><net_src comp="2111" pin="1"/><net_sink comp="1506" pin=0"/></net>

<net id="2124"><net_src comp="2111" pin="1"/><net_sink comp="1513" pin=0"/></net>

<net id="2125"><net_src comp="2111" pin="1"/><net_sink comp="1520" pin=0"/></net>

<net id="2126"><net_src comp="2111" pin="1"/><net_sink comp="1527" pin=0"/></net>

<net id="2127"><net_src comp="2111" pin="1"/><net_sink comp="1534" pin=0"/></net>

<net id="2128"><net_src comp="2111" pin="1"/><net_sink comp="1541" pin=0"/></net>

<net id="2129"><net_src comp="2111" pin="1"/><net_sink comp="1548" pin=0"/></net>

<net id="2130"><net_src comp="2111" pin="1"/><net_sink comp="1555" pin=0"/></net>

<net id="2134"><net_src comp="330" pin="3"/><net_sink comp="2131" pin=0"/></net>

<net id="2135"><net_src comp="2131" pin="1"/><net_sink comp="420" pin=0"/></net>

<net id="2136"><net_src comp="2131" pin="1"/><net_sink comp="424" pin=0"/></net>

<net id="2137"><net_src comp="2131" pin="1"/><net_sink comp="428" pin=0"/></net>

<net id="2138"><net_src comp="2131" pin="1"/><net_sink comp="432" pin=0"/></net>

<net id="2139"><net_src comp="2131" pin="1"/><net_sink comp="436" pin=0"/></net>

<net id="2140"><net_src comp="2131" pin="1"/><net_sink comp="440" pin=0"/></net>

<net id="2141"><net_src comp="2131" pin="1"/><net_sink comp="444" pin=0"/></net>

<net id="2142"><net_src comp="2131" pin="1"/><net_sink comp="448" pin=0"/></net>

<net id="2146"><net_src comp="336" pin="31"/><net_sink comp="2143" pin=0"/></net>

<net id="2147"><net_src comp="2143" pin="1"/><net_sink comp="420" pin=1"/></net>

<net id="2151"><net_src comp="336" pin="27"/><net_sink comp="2148" pin=0"/></net>

<net id="2152"><net_src comp="2148" pin="1"/><net_sink comp="424" pin=1"/></net>

<net id="2156"><net_src comp="336" pin="23"/><net_sink comp="2153" pin=0"/></net>

<net id="2157"><net_src comp="2153" pin="1"/><net_sink comp="428" pin=1"/></net>

<net id="2161"><net_src comp="336" pin="19"/><net_sink comp="2158" pin=0"/></net>

<net id="2162"><net_src comp="2158" pin="1"/><net_sink comp="432" pin=1"/></net>

<net id="2166"><net_src comp="336" pin="15"/><net_sink comp="2163" pin=0"/></net>

<net id="2167"><net_src comp="2163" pin="1"/><net_sink comp="436" pin=1"/></net>

<net id="2171"><net_src comp="336" pin="11"/><net_sink comp="2168" pin=0"/></net>

<net id="2172"><net_src comp="2168" pin="1"/><net_sink comp="440" pin=1"/></net>

<net id="2176"><net_src comp="336" pin="7"/><net_sink comp="2173" pin=0"/></net>

<net id="2177"><net_src comp="2173" pin="1"/><net_sink comp="444" pin=1"/></net>

<net id="2181"><net_src comp="336" pin="3"/><net_sink comp="2178" pin=0"/></net>

<net id="2182"><net_src comp="2178" pin="1"/><net_sink comp="448" pin=1"/></net>

<net id="2186"><net_src comp="420" pin="2"/><net_sink comp="2183" pin=0"/></net>

<net id="2187"><net_src comp="2183" pin="1"/><net_sink comp="388" pin=1"/></net>

<net id="2191"><net_src comp="424" pin="2"/><net_sink comp="2188" pin=0"/></net>

<net id="2192"><net_src comp="2188" pin="1"/><net_sink comp="392" pin=1"/></net>

<net id="2196"><net_src comp="428" pin="2"/><net_sink comp="2193" pin=0"/></net>

<net id="2197"><net_src comp="2193" pin="1"/><net_sink comp="396" pin=1"/></net>

<net id="2201"><net_src comp="432" pin="2"/><net_sink comp="2198" pin=0"/></net>

<net id="2202"><net_src comp="2198" pin="1"/><net_sink comp="400" pin=1"/></net>

<net id="2206"><net_src comp="436" pin="2"/><net_sink comp="2203" pin=0"/></net>

<net id="2207"><net_src comp="2203" pin="1"/><net_sink comp="404" pin=1"/></net>

<net id="2211"><net_src comp="440" pin="2"/><net_sink comp="2208" pin=0"/></net>

<net id="2212"><net_src comp="2208" pin="1"/><net_sink comp="408" pin=1"/></net>

<net id="2216"><net_src comp="444" pin="2"/><net_sink comp="2213" pin=0"/></net>

<net id="2217"><net_src comp="2213" pin="1"/><net_sink comp="412" pin=1"/></net>

<net id="2221"><net_src comp="448" pin="2"/><net_sink comp="2218" pin=0"/></net>

<net id="2222"><net_src comp="2218" pin="1"/><net_sink comp="416" pin=1"/></net>

</net_list>

</model> 
---------------- Datapath Model END ------------------

* FSMD analyzer results:
  - Output states:
 - Input state : 
	Port: FC_layer<100, 16, true> : input_r | {4 5 }
	Port: FC_layer<100, 16, true> : fc1_bias | {2 3 }
	Port: FC_layer<100, 16, true> : fc1_weight | {4 5 }
  - Chain level:
	State 1
		store_ln195 : 1
	State 2
		icmp_ln195 : 1
		add_ln195 : 1
		br_ln195 : 2
		trunc_ln218 : 1
		shl_ln : 2
		trunc_ln218_cast : 3
		fc1_bias_addr : 4
		empty_133 : 3
		p_cast : 3
		fc1_bias_addr_1 : 4
		empty_134 : 3
		p_cast1 : 3
		fc1_bias_addr_2 : 4
		empty_135 : 3
		p_cast2 : 3
		fc1_bias_addr_3 : 4
		empty_136 : 3
		p_cast3 : 3
		fc1_bias_addr_4 : 4
		empty_137 : 3
		p_cast4 : 3
		fc1_bias_addr_5 : 4
		empty_138 : 3
		p_cast5 : 3
		fc1_bias_addr_6 : 4
		empty_139 : 3
		p_cast6 : 3
		fc1_bias_addr_7 : 4
		fc1_bias_load : 5
		fc1_bias_load_1 : 5
		fc1_bias_load_2 : 5
		fc1_bias_load_3 : 5
		fc1_bias_load_4 : 5
		fc1_bias_load_5 : 5
		fc1_bias_load_6 : 5
		fc1_bias_load_7 : 5
		mrv : 1
		mrv_1 : 2
		mrv_2 : 3
		mrv_3 : 4
		mrv_4 : 5
		mrv_5 : 6
		mrv_6 : 7
		mrv_7 : 8
		mrv_8 : 9
		mrv_9 : 10
		mrv_s : 11
		mrv_10 : 12
		mrv_11 : 13
		mrv_12 : 14
		mrv_13 : 15
		mrv_14 : 16
		ret_ln226 : 17
	State 3
		mul_ln212 : 1
		mul_ln212_1 : 1
		mul_ln212_2 : 1
		mul_ln212_3 : 1
		mul_ln212_4 : 1
		mul_ln212_5 : 1
		mul_ln212_6 : 1
		mul_ln212_7 : 1
	State 4
		zext_ln198 : 1
		zext_ln212_13 : 1
		add_ln212 : 2
		zext_ln212_14 : 3
		fc1_weight_addr : 4
		add_ln212_5 : 2
		zext_ln212_15 : 3
		fc1_weight_addr_1 : 4
		add_ln212_6 : 2
		zext_ln212_16 : 3
		fc1_weight_addr_2 : 4
		add_ln212_7 : 2
		zext_ln212_17 : 3
		fc1_weight_addr_3 : 4
		add_ln212_8 : 2
		zext_ln212_18 : 3
		fc1_weight_addr_4 : 4
		add_ln212_9 : 2
		zext_ln212_19 : 3
		fc1_weight_addr_5 : 4
		add_ln212_10 : 2
		zext_ln212_20 : 3
		fc1_weight_addr_6 : 4
		add_ln212_11 : 2
		zext_ln212_21 : 3
		fc1_weight_addr_7 : 4
		input_addr : 2
		icmp_ln198 : 1
		add_ln198 : 1
		br_ln198 : 2
		ip : 3
		cmp9 : 1
		select_ln202 : 2
		select_ln202_5 : 2
		select_ln202_6 : 2
		select_ln202_7 : 2
		select_ln202_8 : 2
		select_ln202_9 : 2
		select_ln202_10 : 2
		select_ln202_11 : 2
		fc1_weight_load : 5
		fc1_weight_load_1 : 5
		fc1_weight_load_2 : 5
		fc1_weight_load_3 : 5
		fc1_weight_load_4 : 5
		fc1_weight_load_5 : 5
		fc1_weight_load_6 : 5
		fc1_weight_load_7 : 5
		tmp_s : 1
		tmp_8 : 1
		tmp_10 : 1
		tmp_12 : 1
		tmp_14 : 1
		tmp_16 : 1
		tmp_18 : 1
		tmp_20 : 1
	State 5
	State 6
	State 7
	State 8
	State 9
	State 10
	State 11
	State 12
	State 13
	State 14
		store_ln198 : 1
		store_ln198 : 1
		store_ln198 : 1
		store_ln198 : 1
		store_ln198 : 1
		store_ln198 : 1
		store_ln198 : 1
		store_ln198 : 1
	State 15
		tmp : 1
		trunc_ln73 : 1
		icmp_ln73 : 2
		icmp_ln73_2 : 2
		or_ln73 : 3
		and_ln73 : 3
		select_ln73 : 3
		tmp_7 : 1
		trunc_ln73_1 : 1
		icmp_ln73_3 : 2
		icmp_ln73_4 : 2
		or_ln73_1 : 3
		and_ln73_1 : 3
		select_ln73_1 : 3
		tmp_9 : 1
		trunc_ln73_2 : 1
		icmp_ln73_5 : 2
		icmp_ln73_6 : 2
		or_ln73_2 : 3
		and_ln73_2 : 3
		select_ln73_2 : 3
		tmp_11 : 1
		trunc_ln73_3 : 1
		icmp_ln73_7 : 2
		icmp_ln73_8 : 2
		or_ln73_3 : 3
		and_ln73_3 : 3
		select_ln73_3 : 3
		tmp_13 : 1
		trunc_ln73_4 : 1
		icmp_ln73_9 : 2
		icmp_ln73_10 : 2
		or_ln73_4 : 3
		and_ln73_4 : 3
		select_ln73_4 : 3
		tmp_15 : 1
		trunc_ln73_5 : 1
		icmp_ln73_11 : 2
		icmp_ln73_12 : 2
		or_ln73_5 : 3
		and_ln73_5 : 3
		select_ln73_5 : 3
		tmp_17 : 1
		trunc_ln73_6 : 1
		icmp_ln73_13 : 2
		icmp_ln73_14 : 2
		or_ln73_6 : 3
		and_ln73_6 : 3
		select_ln73_6 : 3
		tmp_19 : 1
		trunc_ln73_7 : 1
		icmp_ln73_15 : 2
		icmp_ln73_16 : 2
		or_ln73_7 : 3
		and_ln73_7 : 3
		select_ln73_7 : 3
		select_ln218 : 4
		select_ln218_1 : 4
		select_ln218_2 : 4
		select_ln218_3 : 4
		select_ln218_4 : 4
		select_ln218_5 : 4
		select_ln218_6 : 4
		select_ln218_7 : 4
		select_ln218_8 : 4
		select_ln218_9 : 4
		select_ln218_10 : 4
		select_ln218_11 : 4
		select_ln218_12 : 4
		select_ln218_13 : 4
		select_ln218_14 : 4
		select_ln218_15 : 4
		store_ln195 : 5
		store_ln195 : 5
		store_ln195 : 5
		store_ln195 : 5
		store_ln195 : 5
		store_ln195 : 5
		store_ln195 : 5
		store_ln195 : 5
		store_ln195 : 5
		store_ln195 : 5
		store_ln195 : 5
		store_ln195 : 5
		store_ln195 : 5
		store_ln195 : 5
		store_ln195 : 5
		store_ln195 : 5


============================================================
+ Verbose Summary: Datapath Resource usage 
============================================================

* Functional unit list:
|----------|-------------------------|---------|---------|---------|
| Operation|     Functional Unit     |   DSP   |    FF   |   LUT   |
|----------|-------------------------|---------|---------|---------|
|          |        grp_fu_388       |    2    |   205   |   390   |
|          |        grp_fu_392       |    2    |   205   |   390   |
|          |        grp_fu_396       |    2    |   205   |   390   |
|   fadd   |        grp_fu_400       |    2    |   205   |   390   |
|          |        grp_fu_404       |    2    |   205   |   390   |
|          |        grp_fu_408       |    2    |   205   |   390   |
|          |        grp_fu_412       |    2    |   205   |   390   |
|          |        grp_fu_416       |    2    |   205   |   390   |
|----------|-------------------------|---------|---------|---------|
|          |        grp_fu_420       |    3    |   143   |   321   |
|          |        grp_fu_424       |    3    |   143   |   321   |
|          |        grp_fu_428       |    3    |   143   |   321   |
|   fmul   |        grp_fu_432       |    3    |   143   |   321   |
|          |        grp_fu_436       |    3    |   143   |   321   |
|          |        grp_fu_440       |    3    |   143   |   321   |
|          |        grp_fu_444       |    3    |   143   |   321   |
|          |        grp_fu_448       |    3    |   143   |   321   |
|----------|-------------------------|---------|---------|---------|
|          |   select_ln202_fu_961   |    0    |    0    |    32   |
|          |  select_ln202_5_fu_968  |    0    |    0    |    32   |
|          |  select_ln202_6_fu_975  |    0    |    0    |    32   |
|          |  select_ln202_7_fu_982  |    0    |    0    |    32   |
|          |  select_ln202_8_fu_989  |    0    |    0    |    32   |
|          |  select_ln202_9_fu_996  |    0    |    0    |    32   |
|          | select_ln202_10_fu_1003 |    0    |    0    |    32   |
|          | select_ln202_11_fu_1010 |    0    |    0    |    32   |
|          |   select_ln73_fu_1107   |    0    |    0    |    32   |
|          |  select_ln73_1_fu_1155  |    0    |    0    |    32   |
|          |  select_ln73_2_fu_1203  |    0    |    0    |    32   |
|          |  select_ln73_3_fu_1251  |    0    |    0    |    32   |
|          |  select_ln73_4_fu_1299  |    0    |    0    |    32   |
|          |  select_ln73_5_fu_1347  |    0    |    0    |    32   |
|          |  select_ln73_6_fu_1395  |    0    |    0    |    32   |
|  select  |  select_ln73_7_fu_1443  |    0    |    0    |    32   |
|          |   select_ln218_fu_1450  |    0    |    0    |    32   |
|          |  select_ln218_1_fu_1457 |    0    |    0    |    32   |
|          |  select_ln218_2_fu_1464 |    0    |    0    |    32   |
|          |  select_ln218_3_fu_1471 |    0    |    0    |    32   |
|          |  select_ln218_4_fu_1478 |    0    |    0    |    32   |
|          |  select_ln218_5_fu_1485 |    0    |    0    |    32   |
|          |  select_ln218_6_fu_1492 |    0    |    0    |    32   |
|          |  select_ln218_7_fu_1499 |    0    |    0    |    32   |
|          |  select_ln218_8_fu_1506 |    0    |    0    |    32   |
|          |  select_ln218_9_fu_1513 |    0    |    0    |    32   |
|          | select_ln218_10_fu_1520 |    0    |    0    |    32   |
|          | select_ln218_11_fu_1527 |    0    |    0    |    32   |
|          | select_ln218_12_fu_1534 |    0    |    0    |    32   |
|          | select_ln218_13_fu_1541 |    0    |    0    |    32   |
|          | select_ln218_14_fu_1548 |    0    |    0    |    32   |
|          | select_ln218_15_fu_1555 |    0    |    0    |    32   |
|----------|-------------------------|---------|---------|---------|
|          |     mul_ln212_fu_785    |    0    |    0    |    41   |
|          |    mul_ln212_1_fu_794   |    0    |    0    |    41   |
|          |    mul_ln212_2_fu_803   |    0    |    0    |    41   |
|    mul   |    mul_ln212_3_fu_812   |    0    |    0    |    41   |
|          |    mul_ln212_4_fu_821   |    0    |    0    |    41   |
|          |    mul_ln212_5_fu_830   |    0    |    0    |    41   |
|          |    mul_ln212_6_fu_839   |    0    |    0    |    41   |
|          |    mul_ln212_7_fu_848   |    0    |    0    |    41   |
|----------|-------------------------|---------|---------|---------|
|          |    icmp_ln195_fu_580    |    0    |    0    |    8    |
|          |    icmp_ln198_fu_943    |    0    |    0    |    10   |
|          |       cmp9_fu_955       |    0    |    0    |    10   |
|          |    icmp_ln218_fu_1017   |    0    |    0    |    9    |
|          |    icmp_ln73_fu_1083    |    0    |    0    |    11   |
|          |   icmp_ln73_2_fu_1089   |    0    |    0    |    15   |
|          |   icmp_ln73_3_fu_1131   |    0    |    0    |    11   |
|          |   icmp_ln73_4_fu_1137   |    0    |    0    |    15   |
|          |   icmp_ln73_5_fu_1179   |    0    |    0    |    11   |
|   icmp   |   icmp_ln73_6_fu_1185   |    0    |    0    |    15   |
|          |   icmp_ln73_7_fu_1227   |    0    |    0    |    11   |
|          |   icmp_ln73_8_fu_1233   |    0    |    0    |    15   |
|          |   icmp_ln73_9_fu_1275   |    0    |    0    |    11   |
|          |   icmp_ln73_10_fu_1281  |    0    |    0    |    15   |
|          |   icmp_ln73_11_fu_1323  |    0    |    0    |    11   |
|          |   icmp_ln73_12_fu_1329  |    0    |    0    |    15   |
|          |   icmp_ln73_13_fu_1371  |    0    |    0    |    11   |
|          |   icmp_ln73_14_fu_1377  |    0    |    0    |    15   |
|          |   icmp_ln73_15_fu_1419  |    0    |    0    |    11   |
|          |   icmp_ln73_16_fu_1425  |    0    |    0    |    15   |
|----------|-------------------------|---------|---------|---------|
|          |     add_ln195_fu_586    |    0    |    0    |    10   |
|          |     add_ln212_fu_863    |    0    |    0    |    12   |
|          |    add_ln212_5_fu_873   |    0    |    0    |    12   |
|          |    add_ln212_6_fu_883   |    0    |    0    |    12   |
|    add   |    add_ln212_7_fu_893   |    0    |    0    |    12   |
|          |    add_ln212_8_fu_903   |    0    |    0    |    12   |
|          |    add_ln212_9_fu_913   |    0    |    0    |    12   |
|          |   add_ln212_10_fu_923   |    0    |    0    |    12   |
|          |   add_ln212_11_fu_933   |    0    |    0    |    12   |
|          |     add_ln198_fu_949    |    0    |    0    |    14   |
|----------|-------------------------|---------|---------|---------|
|          |     empty_133_fu_609    |    0    |    0    |    0    |
|          |     empty_134_fu_620    |    0    |    0    |    0    |
|          |     empty_135_fu_631    |    0    |    0    |    0    |
|          |     empty_136_fu_642    |    0    |    0    |    0    |
|          |     empty_137_fu_653    |    0    |    0    |    0    |
|          |     empty_138_fu_664    |    0    |    0    |    0    |
|          |     empty_139_fu_675    |    0    |    0    |    0    |
|    or    |     or_ln73_fu_1095     |    0    |    0    |    2    |
|          |    or_ln73_1_fu_1143    |    0    |    0    |    2    |
|          |    or_ln73_2_fu_1191    |    0    |    0    |    2    |
|          |    or_ln73_3_fu_1239    |    0    |    0    |    2    |
|          |    or_ln73_4_fu_1287    |    0    |    0    |    2    |
|          |    or_ln73_5_fu_1335    |    0    |    0    |    2    |
|          |    or_ln73_6_fu_1383    |    0    |    0    |    2    |
|          |    or_ln73_7_fu_1431    |    0    |    0    |    2    |
|----------|-------------------------|---------|---------|---------|
|          |     and_ln73_fu_1101    |    0    |    0    |    2    |
|          |    and_ln73_1_fu_1149   |    0    |    0    |    2    |
|          |    and_ln73_2_fu_1197   |    0    |    0    |    2    |
|    and   |    and_ln73_3_fu_1245   |    0    |    0    |    2    |
|          |    and_ln73_4_fu_1293   |    0    |    0    |    2    |
|          |    and_ln73_5_fu_1341   |    0    |    0    |    2    |
|          |    and_ln73_6_fu_1389   |    0    |    0    |    2    |
|          |    and_ln73_7_fu_1437   |    0    |    0    |    2    |
|----------|-------------------------|---------|---------|---------|
|          |        grp_fu_452       |    0    |    0    |    0    |
|          |        grp_fu_457       |    0    |    0    |    0    |
|          |        grp_fu_462       |    0    |    0    |    0    |
|   fcmp   |        grp_fu_467       |    0    |    0    |    0    |
|          |        grp_fu_472       |    0    |    0    |    0    |
|          |        grp_fu_477       |    0    |    0    |    0    |
|          |        grp_fu_482       |    0    |    0    |    0    |
|          |        grp_fu_487       |    0    |    0    |    0    |
|----------|-------------------------|---------|---------|---------|
|          |    trunc_ln218_fu_592   |    0    |    0    |    0    |
|          |    trunc_ln73_fu_1079   |    0    |    0    |    0    |
|          |   trunc_ln73_1_fu_1127  |    0    |    0    |    0    |
|          |   trunc_ln73_2_fu_1175  |    0    |    0    |    0    |
|   trunc  |   trunc_ln73_3_fu_1223  |    0    |    0    |    0    |
|          |   trunc_ln73_4_fu_1271  |    0    |    0    |    0    |
|          |   trunc_ln73_5_fu_1319  |    0    |    0    |    0    |
|          |   trunc_ln73_6_fu_1367  |    0    |    0    |    0    |
|          |   trunc_ln73_7_fu_1415  |    0    |    0    |    0    |
|----------|-------------------------|---------|---------|---------|
|bitconcatenate|      shl_ln_fu_596      |    0    |    0    |    0    |
|----------|-------------------------|---------|---------|---------|
|          | trunc_ln218_cast_fu_604 |    0    |    0    |    0    |
|          |      p_cast_fu_615      |    0    |    0    |    0    |
|          |      p_cast1_fu_626     |    0    |    0    |    0    |
|          |      p_cast2_fu_637     |    0    |    0    |    0    |
|          |      p_cast3_fu_648     |    0    |    0    |    0    |
|          |      p_cast4_fu_659     |    0    |    0    |    0    |
|          |      p_cast5_fu_670     |    0    |    0    |    0    |
|          |      p_cast6_fu_681     |    0    |    0    |    0    |
|          |    zext_ln212_fu_782    |    0    |    0    |    0    |
|          |   zext_ln212_6_fu_791   |    0    |    0    |    0    |
|          |   zext_ln212_7_fu_800   |    0    |    0    |    0    |
|          |   zext_ln212_8_fu_809   |    0    |    0    |    0    |
|   zext   |   zext_ln212_9_fu_818   |    0    |    0    |    0    |
|          |   zext_ln212_10_fu_827  |    0    |    0    |    0    |
|          |   zext_ln212_11_fu_836  |    0    |    0    |    0    |
|          |   zext_ln212_12_fu_845  |    0    |    0    |    0    |
|          |    zext_ln198_fu_854    |    0    |    0    |    0    |
|          |   zext_ln212_13_fu_859  |    0    |    0    |    0    |
|          |   zext_ln212_14_fu_868  |    0    |    0    |    0    |
|          |   zext_ln212_15_fu_878  |    0    |    0    |    0    |
|          |   zext_ln212_16_fu_888  |    0    |    0    |    0    |
|          |   zext_ln212_17_fu_898  |    0    |    0    |    0    |
|          |   zext_ln212_18_fu_908  |    0    |    0    |    0    |
|          |   zext_ln212_19_fu_918  |    0    |    0    |    0    |
|          |   zext_ln212_20_fu_928  |    0    |    0    |    0    |
|          |   zext_ln212_21_fu_938  |    0    |    0    |    0    |
|----------|-------------------------|---------|---------|---------|
|          |        mrv_fu_686       |    0    |    0    |    0    |
|          |       mrv_1_fu_692      |    0    |    0    |    0    |
|          |       mrv_2_fu_698      |    0    |    0    |    0    |
|          |       mrv_3_fu_704      |    0    |    0    |    0    |
|          |       mrv_4_fu_710      |    0    |    0    |    0    |
|          |       mrv_5_fu_716      |    0    |    0    |    0    |
|          |       mrv_6_fu_722      |    0    |    0    |    0    |
|insertvalue|       mrv_7_fu_728      |    0    |    0    |    0    |
|          |       mrv_8_fu_734      |    0    |    0    |    0    |
|          |       mrv_9_fu_740      |    0    |    0    |    0    |
|          |       mrv_s_fu_746      |    0    |    0    |    0    |
|          |      mrv_10_fu_752      |    0    |    0    |    0    |
|          |      mrv_11_fu_758      |    0    |    0    |    0    |
|          |      mrv_12_fu_764      |    0    |    0    |    0    |
|          |      mrv_13_fu_770      |    0    |    0    |    0    |
|          |      mrv_14_fu_776      |    0    |    0    |    0    |
|----------|-------------------------|---------|---------|---------|
|          |       tmp_fu_1069       |    0    |    0    |    0    |
|          |      tmp_7_fu_1117      |    0    |    0    |    0    |
|          |      tmp_9_fu_1165      |    0    |    0    |    0    |
|partselect|      tmp_11_fu_1213     |    0    |    0    |    0    |
|          |      tmp_13_fu_1261     |    0    |    0    |    0    |
|          |      tmp_15_fu_1309     |    0    |    0    |    0    |
|          |      tmp_17_fu_1357     |    0    |    0    |    0    |
|          |      tmp_19_fu_1405     |    0    |    0    |    0    |
|----------|-------------------------|---------|---------|---------|
|   Total  |                         |    40   |   2784  |   7437  |
|----------|-------------------------|---------|---------|---------|

Memories:
N/A

* Register list:
+-----------------------------+--------+
|                             |   FF   |
+-----------------------------+--------+
|add32_1_lcssa12_load_reg_2062|   32   |
|   add32_1_lcssa12_reg_1751  |   32   |
|add32_2_lcssa14_load_reg_2069|   32   |
|   add32_2_lcssa14_reg_1757  |   32   |
|add32_3_lcssa16_load_reg_2076|   32   |
|   add32_3_lcssa16_reg_1763  |   32   |
|add32_4_lcssa18_load_reg_2083|   32   |
|   add32_4_lcssa18_reg_1769  |   32   |
|add32_5_lcssa20_load_reg_2090|   32   |
|   add32_5_lcssa20_reg_1775  |   32   |
|add32_6_lcssa22_load_reg_2097|   32   |
|   add32_6_lcssa22_reg_1781  |   32   |
|add32_7_lcssa24_load_reg_2104|   32   |
|   add32_7_lcssa24_reg_1787  |   32   |
| add32_lcssa10_load_reg_2055 |   32   |
|    add32_lcssa10_reg_1745   |   32   |
|      add_ln195_reg_1796     |    2   |
|      add_ln198_reg_2010     |    7   |
|      empty_133_reg_1812     |    4   |
|      empty_134_reg_1822     |    4   |
|      empty_135_reg_1832     |    4   |
|      empty_136_reg_1842     |    4   |
|      empty_137_reg_1852     |    4   |
|      empty_138_reg_1862     |    4   |
|      empty_139_reg_1872     |    4   |
|   fc1_bias_addr_1_reg_1817  |    4   |
|   fc1_bias_addr_2_reg_1827  |    4   |
|   fc1_bias_addr_3_reg_1837  |    4   |
|   fc1_bias_addr_4_reg_1847  |    4   |
|   fc1_bias_addr_5_reg_1857  |    4   |
|   fc1_bias_addr_6_reg_1867  |    4   |
|   fc1_bias_addr_7_reg_1877  |    4   |
|    fc1_bias_addr_reg_1807   |    4   |
|   fc1_bias_load_1_reg_1927  |   32   |
|   fc1_bias_load_2_reg_1932  |   32   |
|   fc1_bias_load_3_reg_1937  |   32   |
|   fc1_bias_load_4_reg_1942  |   32   |
|   fc1_bias_load_5_reg_1947  |   32   |
|   fc1_bias_load_6_reg_1952  |   32   |
|   fc1_bias_load_7_reg_1957  |   32   |
|    fc1_bias_load_reg_1922   |   32   |
|  fc1_weight_addr_1_reg_1967 |   11   |
|  fc1_weight_addr_2_reg_1972 |   11   |
|  fc1_weight_addr_3_reg_1977 |   11   |
|  fc1_weight_addr_4_reg_1982 |   11   |
|  fc1_weight_addr_5_reg_1987 |   11   |
|  fc1_weight_addr_6_reg_1992 |   11   |
|  fc1_weight_addr_7_reg_1997 |   11   |
|   fc1_weight_addr_reg_1962  |   11   |
|  fc1_weight_load_1_reg_2148 |   32   |
|  fc1_weight_load_2_reg_2153 |   32   |
|  fc1_weight_load_3_reg_2158 |   32   |
|  fc1_weight_load_4_reg_2163 |   32   |
|  fc1_weight_load_5_reg_2168 |   32   |
|  fc1_weight_load_6_reg_2173 |   32   |
|  fc1_weight_load_7_reg_2178 |   32   |
|   fc1_weight_load_reg_2143  |   32   |
|       i_index_reg_377       |    7   |
|     icmp_ln218_reg_2111     |    1   |
|     input_addr_reg_2002     |    7   |
|         ip_reg_2131         |   32   |
|       mul31_1_reg_2188      |   32   |
|       mul31_2_reg_2193      |   32   |
|       mul31_3_reg_2198      |   32   |
|       mul31_4_reg_2203      |   32   |
|       mul31_5_reg_2208      |   32   |
|       mul31_6_reg_2213      |   32   |
|       mul31_7_reg_2218      |   32   |
|     mul_ln212_1_reg_1887    |   11   |
|     mul_ln212_2_reg_1892    |   11   |
|     mul_ln212_3_reg_1897    |   11   |
|     mul_ln212_4_reg_1902    |   11   |
|     mul_ln212_5_reg_1907    |   11   |
|     mul_ln212_6_reg_1912    |   11   |
|     mul_ln212_7_reg_1917    |   11   |
|      mul_ln212_reg_1882     |   11   |
|         mul_reg_2183        |   32   |
|    output_0_018_reg_1661    |   32   |
|    output_10_023_reg_1691   |   32   |
|    output_11_022_reg_1685   |   32   |
|    output_12_020_reg_1673   |   32   |
|    output_13_019_reg_1667   |   32   |
|   output_1445_017_reg_1655  |   32   |
|    output_15_016_reg_1649   |   32   |
|    output_1_021_reg_1679    |   32   |
|    output_2_024_reg_1697    |   32   |
|    output_3_027_reg_1715    |   32   |
|    output_4_030_reg_1733    |   32   |
|    output_5_031_reg_1739    |   32   |
|    output_6_029_reg_1727    |   32   |
|    output_7_028_reg_1721    |   32   |
|    output_8_026_reg_1709    |   32   |
|    output_9_025_reg_1703    |   32   |
|   select_ln202_10_reg_2045  |   32   |
|   select_ln202_11_reg_2050  |   32   |
|   select_ln202_5_reg_2020   |   32   |
|   select_ln202_6_reg_2025   |   32   |
|   select_ln202_7_reg_2030   |   32   |
|   select_ln202_8_reg_2035   |   32   |
|   select_ln202_9_reg_2040   |   32   |
|    select_ln202_reg_2015    |   32   |
|       shl_ln_reg_1801       |    4   |
|        turn_reg_1642        |    2   |
+-----------------------------+--------+
|            Total            |  2346  |
+-----------------------------+--------+

* Multiplexer (MUX) list: 
|-------------------|------|------|------|--------||---------||---------|
|        Comp       |  Pin | Size |  BW  | S x BW ||  Delay  ||   LUT   |
|-------------------|------|------|------|--------||---------||---------|
| grp_access_fu_226 |  p0  |   2  |   4  |    8   ||    9    |
| grp_access_fu_226 |  p2  |   2  |   0  |    0   ||    9    |
| grp_access_fu_226 |  p5  |   2  |  32  |   64   ||    9    |
| grp_access_fu_226 |  p8  |   2  |   4  |    8   ||    9    |
| grp_access_fu_226 |  p10 |   2  |   0  |    0   ||    9    |
| grp_access_fu_226 |  p13 |   2  |  32  |   64   ||    9    |
| grp_access_fu_226 |  p16 |   2  |   4  |    8   ||    9    |
| grp_access_fu_226 |  p18 |   2  |   0  |    0   ||    9    |
| grp_access_fu_330 |  p0  |   2  |   7  |   14   ||    9    |
| grp_access_fu_336 |  p0  |   2  |  11  |   22   ||    9    |
| grp_access_fu_336 |  p2  |   2  |   0  |    0   ||    9    |
| grp_access_fu_336 |  p5  |   2  |  32  |   64   ||    9    |
| grp_access_fu_336 |  p8  |   2  |  11  |   22   ||    9    |
| grp_access_fu_336 |  p10 |   2  |   0  |    0   ||    9    |
| grp_access_fu_336 |  p13 |   2  |  32  |   64   ||    9    |
| grp_access_fu_336 |  p16 |   2  |  11  |   22   ||    9    |
| grp_access_fu_336 |  p18 |   2  |   0  |    0   ||    9    |
|     grp_fu_452    |  p0  |   2  |  32  |   64   ||    9    |
|     grp_fu_457    |  p0  |   2  |  32  |   64   ||    9    |
|     grp_fu_462    |  p0  |   2  |  32  |   64   ||    9    |
|     grp_fu_467    |  p0  |   2  |  32  |   64   ||    9    |
|     grp_fu_472    |  p0  |   2  |  32  |   64   ||    9    |
|     grp_fu_477    |  p0  |   2  |  32  |   64   ||    9    |
|     grp_fu_482    |  p0  |   2  |  32  |   64   ||    9    |
|     grp_fu_487    |  p0  |   2  |  32  |   64   ||    9    |
|-------------------|------|------|------|--------||---------||---------|
|       Total       |      |      |      |   872  ||   39.7  ||   225   |
|-------------------|------|------|------|--------||---------||---------|



* Summary:
+-----------+--------+--------+--------+--------+
|           |   DSP  |  Delay |   FF   |   LUT  |
+-----------+--------+--------+--------+--------+
|  Function |   40   |    -   |  2784  |  7437  |
|   Memory  |    -   |    -   |    -   |    -   |
|Multiplexer|    -   |   39   |    -   |   225  |
|  Register |    -   |    -   |  2346  |    -   |
+-----------+--------+--------+--------+--------+
|   Total   |   40   |   39   |  5130  |  7662  |
+-----------+--------+--------+--------+--------+
