Copyright 1986-2022 Xilinx, Inc. All Rights Reserved.
--------------------------------------------------------------------------------------------------------------------------------------------------------------------------------------
| Tool Version      : Vivado v.2022.1 (win64) Build 3526262 Mon Apr 18 15:48:16 MDT 2022
| Date              : Wed Dec 24 16:26:11 2025
| Host              : L617-PC16 running 64-bit major release  (build 9200)
| Command           : report_bus_skew -warn_on_violation -file design_1_wrapper_bus_skew_routed.rpt -pb design_1_wrapper_bus_skew_routed.pb -rpx design_1_wrapper_bus_skew_routed.rpx
| Design            : design_1_wrapper
| Device            : xczu48dr-ffvg1517
| Speed File        : -2  PRODUCTION 1.32 01-31-2021
| Temperature Grade : E
--------------------------------------------------------------------------------------------------------------------------------------------------------------------------------------

Bus Skew Report

Table of Contents
-----------------
1. Bus Skew Report Summary
2. Bus Skew Report Per Constraint

1. Bus Skew Report Summary
--------------------------

Id  Position  From                            To                              Corner  Requirement(ns)  Actual(ns)  Slack(ns)
--  --------  ------------------------------  ------------------------------  ------  ---------------  ----------  ---------
1   99        [get_cells [list {design_1_i/axi_dma_1/U0/I_PRMRY_DATAMOVER/GEN_S2MM_FULL.I_S2MM_FULL_WRAPPER/I_CMD_STATUS/GEN_INCLUDE_STATUS_FIFO.I_STS_FIFO/USE_ASYNC_FIFO.I_ASYNC_FIFO/I_ASYNC_FIFOGEN_FIFO/xpm_fifo_instance.xpm_fifo_async_inst/gnuram_async_fifo.xpm_fifo_base_inst/gen_cdc_pntr.rd_pntr_cdc_inst/src_gray_ff_reg[0]} {design_1_i/axi_dma_1/U0/I_PRMRY_DATAMOVER/GEN_S2MM_FULL.I_S2MM_FULL_WRAPPER/I_CMD_STATUS/GEN_INCLUDE_STATUS_FIFO.I_STS_FIFO/USE_ASYNC_FIFO.I_ASYNC_FIFO/I_ASYNC_FIFOGEN_FIFO/xpm_fifo_instance.xpm_fifo_async_inst/gnuram_async_fifo.xpm_fifo_base_inst/gen_cdc_pntr.rd_pntr_cdc_inst/src_gray_ff_reg[1]} {design_1_i/axi_dma_1/U0/I_PRMRY_DATAMOVER/GEN_S2MM_FULL.I_S2MM_FULL_WRAPPER/I_CMD_STATUS/GEN_INCLUDE_STATUS_FIFO.I_STS_FIFO/USE_ASYNC_FIFO.I_ASYNC_FIFO/I_ASYNC_FIFOGEN_FIFO/xpm_fifo_instance.xpm_fifo_async_inst/gnuram_async_fifo.xpm_fifo_base_inst/gen_cdc_pntr.rd_pntr_cdc_inst/src_gray_ff_reg[2]} {design_1_i/axi_dma_1/U0/I_PRMRY_DATAMOVER/GEN_S2MM_FULL.I_S2MM_FULL_WRAPPER/I_CMD_STATUS/GEN_INCLUDE_STATUS_FIFO.I_STS_FIFO/USE_ASYNC_FIFO.I_ASYNC_FIFO/I_ASYNC_FIFOGEN_FIFO/xpm_fifo_instance.xpm_fifo_async_inst/gnuram_async_fifo.xpm_fifo_base_inst/gen_cdc_pntr.rd_pntr_cdc_inst/src_gray_ff_reg[3]}]]
                                              [get_cells [list {design_1_i/axi_dma_1/U0/I_PRMRY_DATAMOVER/GEN_S2MM_FULL.I_S2MM_FULL_WRAPPER/I_CMD_STATUS/GEN_INCLUDE_STATUS_FIFO.I_STS_FIFO/USE_ASYNC_FIFO.I_ASYNC_FIFO/I_ASYNC_FIFOGEN_FIFO/xpm_fifo_instance.xpm_fifo_async_inst/gnuram_async_fifo.xpm_fifo_base_inst/gen_cdc_pntr.rd_pntr_cdc_inst/dest_graysync_ff_reg[0][0]} {design_1_i/axi_dma_1/U0/I_PRMRY_DATAMOVER/GEN_S2MM_FULL.I_S2MM_FULL_WRAPPER/I_CMD_STATUS/GEN_INCLUDE_STATUS_FIFO.I_STS_FIFO/USE_ASYNC_FIFO.I_ASYNC_FIFO/I_ASYNC_FIFOGEN_FIFO/xpm_fifo_instance.xpm_fifo_async_inst/gnuram_async_fifo.xpm_fifo_base_inst/gen_cdc_pntr.rd_pntr_cdc_inst/dest_graysync_ff_reg[0][1]} {design_1_i/axi_dma_1/U0/I_PRMRY_DATAMOVER/GEN_S2MM_FULL.I_S2MM_FULL_WRAPPER/I_CMD_STATUS/GEN_INCLUDE_STATUS_FIFO.I_STS_FIFO/USE_ASYNC_FIFO.I_ASYNC_FIFO/I_ASYNC_FIFOGEN_FIFO/xpm_fifo_instance.xpm_fifo_async_inst/gnuram_async_fifo.xpm_fifo_base_inst/gen_cdc_pntr.rd_pntr_cdc_inst/dest_graysync_ff_reg[0][2]} {design_1_i/axi_dma_1/U0/I_PRMRY_DATAMOVER/GEN_S2MM_FULL.I_S2MM_FULL_WRAPPER/I_CMD_STATUS/GEN_INCLUDE_STATUS_FIFO.I_STS_FIFO/USE_ASYNC_FIFO.I_ASYNC_FIFO/I_ASYNC_FIFOGEN_FIFO/xpm_fifo_instance.xpm_fifo_async_inst/gnuram_async_fifo.xpm_fifo_base_inst/gen_cdc_pntr.rd_pntr_cdc_inst/dest_graysync_ff_reg[0][3]}]]
                                                                              Slow              3.255       0.355      2.900
2   101       [get_cells [list {design_1_i/axi_dma_1/U0/I_PRMRY_DATAMOVER/GEN_S2MM_FULL.I_S2MM_FULL_WRAPPER/I_CMD_STATUS/I_CMD_FIFO/USE_ASYNC_FIFO.I_ASYNC_FIFO/I_ASYNC_FIFOGEN_FIFO/xpm_fifo_instance.xpm_fifo_async_inst/gnuram_async_fifo.xpm_fifo_base_inst/gen_cdc_pntr.wr_pntr_cdc_inst/src_gray_ff_reg[0]} {design_1_i/axi_dma_1/U0/I_PRMRY_DATAMOVER/GEN_S2MM_FULL.I_S2MM_FULL_WRAPPER/I_CMD_STATUS/I_CMD_FIFO/USE_ASYNC_FIFO.I_ASYNC_FIFO/I_ASYNC_FIFOGEN_FIFO/xpm_fifo_instance.xpm_fifo_async_inst/gnuram_async_fifo.xpm_fifo_base_inst/gen_cdc_pntr.wr_pntr_cdc_inst/src_gray_ff_reg[1]} {design_1_i/axi_dma_1/U0/I_PRMRY_DATAMOVER/GEN_S2MM_FULL.I_S2MM_FULL_WRAPPER/I_CMD_STATUS/I_CMD_FIFO/USE_ASYNC_FIFO.I_ASYNC_FIFO/I_ASYNC_FIFOGEN_FIFO/xpm_fifo_instance.xpm_fifo_async_inst/gnuram_async_fifo.xpm_fifo_base_inst/gen_cdc_pntr.wr_pntr_cdc_inst/src_gray_ff_reg[2]} {design_1_i/axi_dma_1/U0/I_PRMRY_DATAMOVER/GEN_S2MM_FULL.I_S2MM_FULL_WRAPPER/I_CMD_STATUS/I_CMD_FIFO/USE_ASYNC_FIFO.I_ASYNC_FIFO/I_ASYNC_FIFOGEN_FIFO/xpm_fifo_instance.xpm_fifo_async_inst/gnuram_async_fifo.xpm_fifo_base_inst/gen_cdc_pntr.wr_pntr_cdc_inst/src_gray_ff_reg[3]}]]
                                              [get_cells [list {design_1_i/axi_dma_1/U0/I_PRMRY_DATAMOVER/GEN_S2MM_FULL.I_S2MM_FULL_WRAPPER/I_CMD_STATUS/I_CMD_FIFO/USE_ASYNC_FIFO.I_ASYNC_FIFO/I_ASYNC_FIFOGEN_FIFO/xpm_fifo_instance.xpm_fifo_async_inst/gnuram_async_fifo.xpm_fifo_base_inst/gen_cdc_pntr.wr_pntr_cdc_inst/dest_graysync_ff_reg[0][0]} {design_1_i/axi_dma_1/U0/I_PRMRY_DATAMOVER/GEN_S2MM_FULL.I_S2MM_FULL_WRAPPER/I_CMD_STATUS/I_CMD_FIFO/USE_ASYNC_FIFO.I_ASYNC_FIFO/I_ASYNC_FIFOGEN_FIFO/xpm_fifo_instance.xpm_fifo_async_inst/gnuram_async_fifo.xpm_fifo_base_inst/gen_cdc_pntr.wr_pntr_cdc_inst/dest_graysync_ff_reg[0][1]} {design_1_i/axi_dma_1/U0/I_PRMRY_DATAMOVER/GEN_S2MM_FULL.I_S2MM_FULL_WRAPPER/I_CMD_STATUS/I_CMD_FIFO/USE_ASYNC_FIFO.I_ASYNC_FIFO/I_ASYNC_FIFOGEN_FIFO/xpm_fifo_instance.xpm_fifo_async_inst/gnuram_async_fifo.xpm_fifo_base_inst/gen_cdc_pntr.wr_pntr_cdc_inst/dest_graysync_ff_reg[0][2]} {design_1_i/axi_dma_1/U0/I_PRMRY_DATAMOVER/GEN_S2MM_FULL.I_S2MM_FULL_WRAPPER/I_CMD_STATUS/I_CMD_FIFO/USE_ASYNC_FIFO.I_ASYNC_FIFO/I_ASYNC_FIFOGEN_FIFO/xpm_fifo_instance.xpm_fifo_async_inst/gnuram_async_fifo.xpm_fifo_base_inst/gen_cdc_pntr.wr_pntr_cdc_inst/dest_graysync_ff_reg[0][3]}]]
                                                                              Slow              3.255       0.371      2.884
3   103       [get_cells [list {design_1_i/axi_dma_1/U0/I_PRMRY_DATAMOVER/GEN_S2MM_FULL.I_S2MM_FULL_WRAPPER/I_CMD_STATUS/I_CMD_FIFO/USE_ASYNC_FIFO.I_ASYNC_FIFO/I_ASYNC_FIFOGEN_FIFO/xpm_fifo_instance.xpm_fifo_async_inst/gnuram_async_fifo.xpm_fifo_base_inst/gen_cdc_pntr.rd_pntr_cdc_inst/src_gray_ff_reg[0]} {design_1_i/axi_dma_1/U0/I_PRMRY_DATAMOVER/GEN_S2MM_FULL.I_S2MM_FULL_WRAPPER/I_CMD_STATUS/I_CMD_FIFO/USE_ASYNC_FIFO.I_ASYNC_FIFO/I_ASYNC_FIFOGEN_FIFO/xpm_fifo_instance.xpm_fifo_async_inst/gnuram_async_fifo.xpm_fifo_base_inst/gen_cdc_pntr.rd_pntr_cdc_inst/src_gray_ff_reg[1]} {design_1_i/axi_dma_1/U0/I_PRMRY_DATAMOVER/GEN_S2MM_FULL.I_S2MM_FULL_WRAPPER/I_CMD_STATUS/I_CMD_FIFO/USE_ASYNC_FIFO.I_ASYNC_FIFO/I_ASYNC_FIFOGEN_FIFO/xpm_fifo_instance.xpm_fifo_async_inst/gnuram_async_fifo.xpm_fifo_base_inst/gen_cdc_pntr.rd_pntr_cdc_inst/src_gray_ff_reg[2]} {design_1_i/axi_dma_1/U0/I_PRMRY_DATAMOVER/GEN_S2MM_FULL.I_S2MM_FULL_WRAPPER/I_CMD_STATUS/I_CMD_FIFO/USE_ASYNC_FIFO.I_ASYNC_FIFO/I_ASYNC_FIFOGEN_FIFO/xpm_fifo_instance.xpm_fifo_async_inst/gnuram_async_fifo.xpm_fifo_base_inst/gen_cdc_pntr.rd_pntr_cdc_inst/src_gray_ff_reg[3]}]]
                                              [get_cells [list {design_1_i/axi_dma_1/U0/I_PRMRY_DATAMOVER/GEN_S2MM_FULL.I_S2MM_FULL_WRAPPER/I_CMD_STATUS/I_CMD_FIFO/USE_ASYNC_FIFO.I_ASYNC_FIFO/I_ASYNC_FIFOGEN_FIFO/xpm_fifo_instance.xpm_fifo_async_inst/gnuram_async_fifo.xpm_fifo_base_inst/gen_cdc_pntr.rd_pntr_cdc_inst/dest_graysync_ff_reg[0][0]} {design_1_i/axi_dma_1/U0/I_PRMRY_DATAMOVER/GEN_S2MM_FULL.I_S2MM_FULL_WRAPPER/I_CMD_STATUS/I_CMD_FIFO/USE_ASYNC_FIFO.I_ASYNC_FIFO/I_ASYNC_FIFOGEN_FIFO/xpm_fifo_instance.xpm_fifo_async_inst/gnuram_async_fifo.xpm_fifo_base_inst/gen_cdc_pntr.rd_pntr_cdc_inst/dest_graysync_ff_reg[0][1]} {design_1_i/axi_dma_1/U0/I_PRMRY_DATAMOVER/GEN_S2MM_FULL.I_S2MM_FULL_WRAPPER/I_CMD_STATUS/I_CMD_FIFO/USE_ASYNC_FIFO.I_ASYNC_FIFO/I_ASYNC_FIFOGEN_FIFO/xpm_fifo_instance.xpm_fifo_async_inst/gnuram_async_fifo.xpm_fifo_base_inst/gen_cdc_pntr.rd_pntr_cdc_inst/dest_graysync_ff_reg[0][2]} {design_1_i/axi_dma_1/U0/I_PRMRY_DATAMOVER/GEN_S2MM_FULL.I_S2MM_FULL_WRAPPER/I_CMD_STATUS/I_CMD_FIFO/USE_ASYNC_FIFO.I_ASYNC_FIFO/I_ASYNC_FIFOGEN_FIFO/xpm_fifo_instance.xpm_fifo_async_inst/gnuram_async_fifo.xpm_fifo_base_inst/gen_cdc_pntr.rd_pntr_cdc_inst/dest_graysync_ff_reg[0][3]}]]
                                                                              Slow              3.255       0.559      2.696
4   105       [get_cells [list {design_1_i/axi_dma_1/U0/I_PRMRY_DATAMOVER/GEN_S2MM_FULL.I_S2MM_FULL_WRAPPER/I_CMD_STATUS/GEN_INCLUDE_STATUS_FIFO.I_STS_FIFO/USE_ASYNC_FIFO.I_ASYNC_FIFO/I_ASYNC_FIFOGEN_FIFO/xpm_fifo_instance.xpm_fifo_async_inst/gnuram_async_fifo.xpm_fifo_base_inst/gen_cdc_pntr.wr_pntr_cdc_inst/src_gray_ff_reg[0]} {design_1_i/axi_dma_1/U0/I_PRMRY_DATAMOVER/GEN_S2MM_FULL.I_S2MM_FULL_WRAPPER/I_CMD_STATUS/GEN_INCLUDE_STATUS_FIFO.I_STS_FIFO/USE_ASYNC_FIFO.I_ASYNC_FIFO/I_ASYNC_FIFOGEN_FIFO/xpm_fifo_instance.xpm_fifo_async_inst/gnuram_async_fifo.xpm_fifo_base_inst/gen_cdc_pntr.wr_pntr_cdc_inst/src_gray_ff_reg[1]} {design_1_i/axi_dma_1/U0/I_PRMRY_DATAMOVER/GEN_S2MM_FULL.I_S2MM_FULL_WRAPPER/I_CMD_STATUS/GEN_INCLUDE_STATUS_FIFO.I_STS_FIFO/USE_ASYNC_FIFO.I_ASYNC_FIFO/I_ASYNC_FIFOGEN_FIFO/xpm_fifo_instance.xpm_fifo_async_inst/gnuram_async_fifo.xpm_fifo_base_inst/gen_cdc_pntr.wr_pntr_cdc_inst/src_gray_ff_reg[2]} {design_1_i/axi_dma_1/U0/I_PRMRY_DATAMOVER/GEN_S2MM_FULL.I_S2MM_FULL_WRAPPER/I_CMD_STATUS/GEN_INCLUDE_STATUS_FIFO.I_STS_FIFO/USE_ASYNC_FIFO.I_ASYNC_FIFO/I_ASYNC_FIFOGEN_FIFO/xpm_fifo_instance.xpm_fifo_async_inst/gnuram_async_fifo.xpm_fifo_base_inst/gen_cdc_pntr.wr_pntr_cdc_inst/src_gray_ff_reg[3]}]]
                                              [get_cells [list {design_1_i/axi_dma_1/U0/I_PRMRY_DATAMOVER/GEN_S2MM_FULL.I_S2MM_FULL_WRAPPER/I_CMD_STATUS/GEN_INCLUDE_STATUS_FIFO.I_STS_FIFO/USE_ASYNC_FIFO.I_ASYNC_FIFO/I_ASYNC_FIFOGEN_FIFO/xpm_fifo_instance.xpm_fifo_async_inst/gnuram_async_fifo.xpm_fifo_base_inst/gen_cdc_pntr.wr_pntr_cdc_inst/dest_graysync_ff_reg[0][0]} {design_1_i/axi_dma_1/U0/I_PRMRY_DATAMOVER/GEN_S2MM_FULL.I_S2MM_FULL_WRAPPER/I_CMD_STATUS/GEN_INCLUDE_STATUS_FIFO.I_STS_FIFO/USE_ASYNC_FIFO.I_ASYNC_FIFO/I_ASYNC_FIFOGEN_FIFO/xpm_fifo_instance.xpm_fifo_async_inst/gnuram_async_fifo.xpm_fifo_base_inst/gen_cdc_pntr.wr_pntr_cdc_inst/dest_graysync_ff_reg[0][1]} {design_1_i/axi_dma_1/U0/I_PRMRY_DATAMOVER/GEN_S2MM_FULL.I_S2MM_FULL_WRAPPER/I_CMD_STATUS/GEN_INCLUDE_STATUS_FIFO.I_STS_FIFO/USE_ASYNC_FIFO.I_ASYNC_FIFO/I_ASYNC_FIFOGEN_FIFO/xpm_fifo_instance.xpm_fifo_async_inst/gnuram_async_fifo.xpm_fifo_base_inst/gen_cdc_pntr.wr_pntr_cdc_inst/dest_graysync_ff_reg[0][2]} {design_1_i/axi_dma_1/U0/I_PRMRY_DATAMOVER/GEN_S2MM_FULL.I_S2MM_FULL_WRAPPER/I_CMD_STATUS/GEN_INCLUDE_STATUS_FIFO.I_STS_FIFO/USE_ASYNC_FIFO.I_ASYNC_FIFO/I_ASYNC_FIFOGEN_FIFO/xpm_fifo_instance.xpm_fifo_async_inst/gnuram_async_fifo.xpm_fifo_base_inst/gen_cdc_pntr.wr_pntr_cdc_inst/dest_graysync_ff_reg[0][3]}]]
                                                                              Slow              3.255       0.644      2.611
5   115       [get_cells [list {design_1_i/axi_dma_2/U0/I_PRMRY_DATAMOVER/GEN_S2MM_FULL.I_S2MM_FULL_WRAPPER/I_CMD_STATUS/GEN_INCLUDE_STATUS_FIFO.I_STS_FIFO/USE_ASYNC_FIFO.I_ASYNC_FIFO/I_ASYNC_FIFOGEN_FIFO/xpm_fifo_instance.xpm_fifo_async_inst/gnuram_async_fifo.xpm_fifo_base_inst/gen_cdc_pntr.rd_pntr_cdc_inst/src_gray_ff_reg[0]} {design_1_i/axi_dma_2/U0/I_PRMRY_DATAMOVER/GEN_S2MM_FULL.I_S2MM_FULL_WRAPPER/I_CMD_STATUS/GEN_INCLUDE_STATUS_FIFO.I_STS_FIFO/USE_ASYNC_FIFO.I_ASYNC_FIFO/I_ASYNC_FIFOGEN_FIFO/xpm_fifo_instance.xpm_fifo_async_inst/gnuram_async_fifo.xpm_fifo_base_inst/gen_cdc_pntr.rd_pntr_cdc_inst/src_gray_ff_reg[1]} {design_1_i/axi_dma_2/U0/I_PRMRY_DATAMOVER/GEN_S2MM_FULL.I_S2MM_FULL_WRAPPER/I_CMD_STATUS/GEN_INCLUDE_STATUS_FIFO.I_STS_FIFO/USE_ASYNC_FIFO.I_ASYNC_FIFO/I_ASYNC_FIFOGEN_FIFO/xpm_fifo_instance.xpm_fifo_async_inst/gnuram_async_fifo.xpm_fifo_base_inst/gen_cdc_pntr.rd_pntr_cdc_inst/src_gray_ff_reg[2]} {design_1_i/axi_dma_2/U0/I_PRMRY_DATAMOVER/GEN_S2MM_FULL.I_S2MM_FULL_WRAPPER/I_CMD_STATUS/GEN_INCLUDE_STATUS_FIFO.I_STS_FIFO/USE_ASYNC_FIFO.I_ASYNC_FIFO/I_ASYNC_FIFOGEN_FIFO/xpm_fifo_instance.xpm_fifo_async_inst/gnuram_async_fifo.xpm_fifo_base_inst/gen_cdc_pntr.rd_pntr_cdc_inst/src_gray_ff_reg[3]}]]
                                              [get_cells [list {design_1_i/axi_dma_2/U0/I_PRMRY_DATAMOVER/GEN_S2MM_FULL.I_S2MM_FULL_WRAPPER/I_CMD_STATUS/GEN_INCLUDE_STATUS_FIFO.I_STS_FIFO/USE_ASYNC_FIFO.I_ASYNC_FIFO/I_ASYNC_FIFOGEN_FIFO/xpm_fifo_instance.xpm_fifo_async_inst/gnuram_async_fifo.xpm_fifo_base_inst/gen_cdc_pntr.rd_pntr_cdc_inst/dest_graysync_ff_reg[0][0]} {design_1_i/axi_dma_2/U0/I_PRMRY_DATAMOVER/GEN_S2MM_FULL.I_S2MM_FULL_WRAPPER/I_CMD_STATUS/GEN_INCLUDE_STATUS_FIFO.I_STS_FIFO/USE_ASYNC_FIFO.I_ASYNC_FIFO/I_ASYNC_FIFOGEN_FIFO/xpm_fifo_instance.xpm_fifo_async_inst/gnuram_async_fifo.xpm_fifo_base_inst/gen_cdc_pntr.rd_pntr_cdc_inst/dest_graysync_ff_reg[0][1]} {design_1_i/axi_dma_2/U0/I_PRMRY_DATAMOVER/GEN_S2MM_FULL.I_S2MM_FULL_WRAPPER/I_CMD_STATUS/GEN_INCLUDE_STATUS_FIFO.I_STS_FIFO/USE_ASYNC_FIFO.I_ASYNC_FIFO/I_ASYNC_FIFOGEN_FIFO/xpm_fifo_instance.xpm_fifo_async_inst/gnuram_async_fifo.xpm_fifo_base_inst/gen_cdc_pntr.rd_pntr_cdc_inst/dest_graysync_ff_reg[0][2]} {design_1_i/axi_dma_2/U0/I_PRMRY_DATAMOVER/GEN_S2MM_FULL.I_S2MM_FULL_WRAPPER/I_CMD_STATUS/GEN_INCLUDE_STATUS_FIFO.I_STS_FIFO/USE_ASYNC_FIFO.I_ASYNC_FIFO/I_ASYNC_FIFOGEN_FIFO/xpm_fifo_instance.xpm_fifo_async_inst/gnuram_async_fifo.xpm_fifo_base_inst/gen_cdc_pntr.rd_pntr_cdc_inst/dest_graysync_ff_reg[0][3]}]]
                                                                              Slow              3.255       0.373      2.882
6   117       [get_cells [list {design_1_i/axi_dma_2/U0/I_PRMRY_DATAMOVER/GEN_S2MM_FULL.I_S2MM_FULL_WRAPPER/I_CMD_STATUS/I_CMD_FIFO/USE_ASYNC_FIFO.I_ASYNC_FIFO/I_ASYNC_FIFOGEN_FIFO/xpm_fifo_instance.xpm_fifo_async_inst/gnuram_async_fifo.xpm_fifo_base_inst/gen_cdc_pntr.wr_pntr_cdc_inst/src_gray_ff_reg[0]} {design_1_i/axi_dma_2/U0/I_PRMRY_DATAMOVER/GEN_S2MM_FULL.I_S2MM_FULL_WRAPPER/I_CMD_STATUS/I_CMD_FIFO/USE_ASYNC_FIFO.I_ASYNC_FIFO/I_ASYNC_FIFOGEN_FIFO/xpm_fifo_instance.xpm_fifo_async_inst/gnuram_async_fifo.xpm_fifo_base_inst/gen_cdc_pntr.wr_pntr_cdc_inst/src_gray_ff_reg[1]} {design_1_i/axi_dma_2/U0/I_PRMRY_DATAMOVER/GEN_S2MM_FULL.I_S2MM_FULL_WRAPPER/I_CMD_STATUS/I_CMD_FIFO/USE_ASYNC_FIFO.I_ASYNC_FIFO/I_ASYNC_FIFOGEN_FIFO/xpm_fifo_instance.xpm_fifo_async_inst/gnuram_async_fifo.xpm_fifo_base_inst/gen_cdc_pntr.wr_pntr_cdc_inst/src_gray_ff_reg[2]} {design_1_i/axi_dma_2/U0/I_PRMRY_DATAMOVER/GEN_S2MM_FULL.I_S2MM_FULL_WRAPPER/I_CMD_STATUS/I_CMD_FIFO/USE_ASYNC_FIFO.I_ASYNC_FIFO/I_ASYNC_FIFOGEN_FIFO/xpm_fifo_instance.xpm_fifo_async_inst/gnuram_async_fifo.xpm_fifo_base_inst/gen_cdc_pntr.wr_pntr_cdc_inst/src_gray_ff_reg[3]}]]
                                              [get_cells [list {design_1_i/axi_dma_2/U0/I_PRMRY_DATAMOVER/GEN_S2MM_FULL.I_S2MM_FULL_WRAPPER/I_CMD_STATUS/I_CMD_FIFO/USE_ASYNC_FIFO.I_ASYNC_FIFO/I_ASYNC_FIFOGEN_FIFO/xpm_fifo_instance.xpm_fifo_async_inst/gnuram_async_fifo.xpm_fifo_base_inst/gen_cdc_pntr.wr_pntr_cdc_inst/dest_graysync_ff_reg[0][0]} {design_1_i/axi_dma_2/U0/I_PRMRY_DATAMOVER/GEN_S2MM_FULL.I_S2MM_FULL_WRAPPER/I_CMD_STATUS/I_CMD_FIFO/USE_ASYNC_FIFO.I_ASYNC_FIFO/I_ASYNC_FIFOGEN_FIFO/xpm_fifo_instance.xpm_fifo_async_inst/gnuram_async_fifo.xpm_fifo_base_inst/gen_cdc_pntr.wr_pntr_cdc_inst/dest_graysync_ff_reg[0][1]} {design_1_i/axi_dma_2/U0/I_PRMRY_DATAMOVER/GEN_S2MM_FULL.I_S2MM_FULL_WRAPPER/I_CMD_STATUS/I_CMD_FIFO/USE_ASYNC_FIFO.I_ASYNC_FIFO/I_ASYNC_FIFOGEN_FIFO/xpm_fifo_instance.xpm_fifo_async_inst/gnuram_async_fifo.xpm_fifo_base_inst/gen_cdc_pntr.wr_pntr_cdc_inst/dest_graysync_ff_reg[0][2]} {design_1_i/axi_dma_2/U0/I_PRMRY_DATAMOVER/GEN_S2MM_FULL.I_S2MM_FULL_WRAPPER/I_CMD_STATUS/I_CMD_FIFO/USE_ASYNC_FIFO.I_ASYNC_FIFO/I_ASYNC_FIFOGEN_FIFO/xpm_fifo_instance.xpm_fifo_async_inst/gnuram_async_fifo.xpm_fifo_base_inst/gen_cdc_pntr.wr_pntr_cdc_inst/dest_graysync_ff_reg[0][3]}]]
                                                                              Slow              3.255       0.479      2.776
7   119       [get_cells [list {design_1_i/axi_dma_2/U0/I_PRMRY_DATAMOVER/GEN_S2MM_FULL.I_S2MM_FULL_WRAPPER/I_CMD_STATUS/I_CMD_FIFO/USE_ASYNC_FIFO.I_ASYNC_FIFO/I_ASYNC_FIFOGEN_FIFO/xpm_fifo_instance.xpm_fifo_async_inst/gnuram_async_fifo.xpm_fifo_base_inst/gen_cdc_pntr.rd_pntr_cdc_inst/src_gray_ff_reg[0]} {design_1_i/axi_dma_2/U0/I_PRMRY_DATAMOVER/GEN_S2MM_FULL.I_S2MM_FULL_WRAPPER/I_CMD_STATUS/I_CMD_FIFO/USE_ASYNC_FIFO.I_ASYNC_FIFO/I_ASYNC_FIFOGEN_FIFO/xpm_fifo_instance.xpm_fifo_async_inst/gnuram_async_fifo.xpm_fifo_base_inst/gen_cdc_pntr.rd_pntr_cdc_inst/src_gray_ff_reg[1]} {design_1_i/axi_dma_2/U0/I_PRMRY_DATAMOVER/GEN_S2MM_FULL.I_S2MM_FULL_WRAPPER/I_CMD_STATUS/I_CMD_FIFO/USE_ASYNC_FIFO.I_ASYNC_FIFO/I_ASYNC_FIFOGEN_FIFO/xpm_fifo_instance.xpm_fifo_async_inst/gnuram_async_fifo.xpm_fifo_base_inst/gen_cdc_pntr.rd_pntr_cdc_inst/src_gray_ff_reg[2]} {design_1_i/axi_dma_2/U0/I_PRMRY_DATAMOVER/GEN_S2MM_FULL.I_S2MM_FULL_WRAPPER/I_CMD_STATUS/I_CMD_FIFO/USE_ASYNC_FIFO.I_ASYNC_FIFO/I_ASYNC_FIFOGEN_FIFO/xpm_fifo_instance.xpm_fifo_async_inst/gnuram_async_fifo.xpm_fifo_base_inst/gen_cdc_pntr.rd_pntr_cdc_inst/src_gray_ff_reg[3]}]]
                                              [get_cells [list {design_1_i/axi_dma_2/U0/I_PRMRY_DATAMOVER/GEN_S2MM_FULL.I_S2MM_FULL_WRAPPER/I_CMD_STATUS/I_CMD_FIFO/USE_ASYNC_FIFO.I_ASYNC_FIFO/I_ASYNC_FIFOGEN_FIFO/xpm_fifo_instance.xpm_fifo_async_inst/gnuram_async_fifo.xpm_fifo_base_inst/gen_cdc_pntr.rd_pntr_cdc_inst/dest_graysync_ff_reg[0][0]} {design_1_i/axi_dma_2/U0/I_PRMRY_DATAMOVER/GEN_S2MM_FULL.I_S2MM_FULL_WRAPPER/I_CMD_STATUS/I_CMD_FIFO/USE_ASYNC_FIFO.I_ASYNC_FIFO/I_ASYNC_FIFOGEN_FIFO/xpm_fifo_instance.xpm_fifo_async_inst/gnuram_async_fifo.xpm_fifo_base_inst/gen_cdc_pntr.rd_pntr_cdc_inst/dest_graysync_ff_reg[0][1]} {design_1_i/axi_dma_2/U0/I_PRMRY_DATAMOVER/GEN_S2MM_FULL.I_S2MM_FULL_WRAPPER/I_CMD_STATUS/I_CMD_FIFO/USE_ASYNC_FIFO.I_ASYNC_FIFO/I_ASYNC_FIFOGEN_FIFO/xpm_fifo_instance.xpm_fifo_async_inst/gnuram_async_fifo.xpm_fifo_base_inst/gen_cdc_pntr.rd_pntr_cdc_inst/dest_graysync_ff_reg[0][2]} {design_1_i/axi_dma_2/U0/I_PRMRY_DATAMOVER/GEN_S2MM_FULL.I_S2MM_FULL_WRAPPER/I_CMD_STATUS/I_CMD_FIFO/USE_ASYNC_FIFO.I_ASYNC_FIFO/I_ASYNC_FIFOGEN_FIFO/xpm_fifo_instance.xpm_fifo_async_inst/gnuram_async_fifo.xpm_fifo_base_inst/gen_cdc_pntr.rd_pntr_cdc_inst/dest_graysync_ff_reg[0][3]}]]
                                                                              Slow              3.255       0.432      2.823
8   121       [get_cells [list {design_1_i/axi_dma_2/U0/I_PRMRY_DATAMOVER/GEN_S2MM_FULL.I_S2MM_FULL_WRAPPER/I_CMD_STATUS/GEN_INCLUDE_STATUS_FIFO.I_STS_FIFO/USE_ASYNC_FIFO.I_ASYNC_FIFO/I_ASYNC_FIFOGEN_FIFO/xpm_fifo_instance.xpm_fifo_async_inst/gnuram_async_fifo.xpm_fifo_base_inst/gen_cdc_pntr.wr_pntr_cdc_inst/src_gray_ff_reg[0]} {design_1_i/axi_dma_2/U0/I_PRMRY_DATAMOVER/GEN_S2MM_FULL.I_S2MM_FULL_WRAPPER/I_CMD_STATUS/GEN_INCLUDE_STATUS_FIFO.I_STS_FIFO/USE_ASYNC_FIFO.I_ASYNC_FIFO/I_ASYNC_FIFOGEN_FIFO/xpm_fifo_instance.xpm_fifo_async_inst/gnuram_async_fifo.xpm_fifo_base_inst/gen_cdc_pntr.wr_pntr_cdc_inst/src_gray_ff_reg[1]} {design_1_i/axi_dma_2/U0/I_PRMRY_DATAMOVER/GEN_S2MM_FULL.I_S2MM_FULL_WRAPPER/I_CMD_STATUS/GEN_INCLUDE_STATUS_FIFO.I_STS_FIFO/USE_ASYNC_FIFO.I_ASYNC_FIFO/I_ASYNC_FIFOGEN_FIFO/xpm_fifo_instance.xpm_fifo_async_inst/gnuram_async_fifo.xpm_fifo_base_inst/gen_cdc_pntr.wr_pntr_cdc_inst/src_gray_ff_reg[2]} {design_1_i/axi_dma_2/U0/I_PRMRY_DATAMOVER/GEN_S2MM_FULL.I_S2MM_FULL_WRAPPER/I_CMD_STATUS/GEN_INCLUDE_STATUS_FIFO.I_STS_FIFO/USE_ASYNC_FIFO.I_ASYNC_FIFO/I_ASYNC_FIFOGEN_FIFO/xpm_fifo_instance.xpm_fifo_async_inst/gnuram_async_fifo.xpm_fifo_base_inst/gen_cdc_pntr.wr_pntr_cdc_inst/src_gray_ff_reg[3]}]]
                                              [get_cells [list {design_1_i/axi_dma_2/U0/I_PRMRY_DATAMOVER/GEN_S2MM_FULL.I_S2MM_FULL_WRAPPER/I_CMD_STATUS/GEN_INCLUDE_STATUS_FIFO.I_STS_FIFO/USE_ASYNC_FIFO.I_ASYNC_FIFO/I_ASYNC_FIFOGEN_FIFO/xpm_fifo_instance.xpm_fifo_async_inst/gnuram_async_fifo.xpm_fifo_base_inst/gen_cdc_pntr.wr_pntr_cdc_inst/dest_graysync_ff_reg[0][0]} {design_1_i/axi_dma_2/U0/I_PRMRY_DATAMOVER/GEN_S2MM_FULL.I_S2MM_FULL_WRAPPER/I_CMD_STATUS/GEN_INCLUDE_STATUS_FIFO.I_STS_FIFO/USE_ASYNC_FIFO.I_ASYNC_FIFO/I_ASYNC_FIFOGEN_FIFO/xpm_fifo_instance.xpm_fifo_async_inst/gnuram_async_fifo.xpm_fifo_base_inst/gen_cdc_pntr.wr_pntr_cdc_inst/dest_graysync_ff_reg[0][1]} {design_1_i/axi_dma_2/U0/I_PRMRY_DATAMOVER/GEN_S2MM_FULL.I_S2MM_FULL_WRAPPER/I_CMD_STATUS/GEN_INCLUDE_STATUS_FIFO.I_STS_FIFO/USE_ASYNC_FIFO.I_ASYNC_FIFO/I_ASYNC_FIFOGEN_FIFO/xpm_fifo_instance.xpm_fifo_async_inst/gnuram_async_fifo.xpm_fifo_base_inst/gen_cdc_pntr.wr_pntr_cdc_inst/dest_graysync_ff_reg[0][2]} {design_1_i/axi_dma_2/U0/I_PRMRY_DATAMOVER/GEN_S2MM_FULL.I_S2MM_FULL_WRAPPER/I_CMD_STATUS/GEN_INCLUDE_STATUS_FIFO.I_STS_FIFO/USE_ASYNC_FIFO.I_ASYNC_FIFO/I_ASYNC_FIFOGEN_FIFO/xpm_fifo_instance.xpm_fifo_async_inst/gnuram_async_fifo.xpm_fifo_base_inst/gen_cdc_pntr.wr_pntr_cdc_inst/dest_graysync_ff_reg[0][3]}]]
                                                                              Slow              3.255       0.560      2.695


2. Bus Skew Report Per Constraint
---------------------------------

Id: 1
set_bus_skew -from [get_cells [list {design_1_i/axi_dma_1/U0/I_PRMRY_DATAMOVER/GEN_S2MM_FULL.I_S2MM_FULL_WRAPPER/I_CMD_STATUS/GEN_INCLUDE_STATUS_FIFO.I_STS_FIFO/USE_ASYNC_FIFO.I_ASYNC_FIFO/I_ASYNC_FIFOGEN_FIFO/xpm_fifo_instance.xpm_fifo_async_inst/gnuram_async_fifo.xpm_fifo_base_inst/gen_cdc_pntr.rd_pntr_cdc_inst/src_gray_ff_reg[0]} {design_1_i/axi_dma_1/U0/I_PRMRY_DATAMOVER/GEN_S2MM_FULL.I_S2MM_FULL_WRAPPER/I_CMD_STATUS/GEN_INCLUDE_STATUS_FIFO.I_STS_FIFO/USE_ASYNC_FIFO.I_ASYNC_FIFO/I_ASYNC_FIFOGEN_FIFO/xpm_fifo_instance.xpm_fifo_async_inst/gnuram_async_fifo.xpm_fifo_base_inst/gen_cdc_pntr.rd_pntr_cdc_inst/src_gray_ff_reg[1]} {design_1_i/axi_dma_1/U0/I_PRMRY_DATAMOVER/GEN_S2MM_FULL.I_S2MM_FULL_WRAPPER/I_CMD_STATUS/GEN_INCLUDE_STATUS_FIFO.I_STS_FIFO/USE_ASYNC_FIFO.I_ASYNC_FIFO/I_ASYNC_FIFOGEN_FIFO/xpm_fifo_instance.xpm_fifo_async_inst/gnuram_async_fifo.xpm_fifo_base_inst/gen_cdc_pntr.rd_pntr_cdc_inst/src_gray_ff_reg[2]} {design_1_i/axi_dma_1/U0/I_PRMRY_DATAMOVER/GEN_S2MM_FULL.I_S2MM_FULL_WRAPPER/I_CMD_STATUS/GEN_INCLUDE_STATUS_FIFO.I_STS_FIFO/USE_ASYNC_FIFO.I_ASYNC_FIFO/I_ASYNC_FIFOGEN_FIFO/xpm_fifo_instance.xpm_fifo_async_inst/gnuram_async_fifo.xpm_fifo_base_inst/gen_cdc_pntr.rd_pntr_cdc_inst/src_gray_ff_reg[3]}]] -to [get_cells [list {design_1_i/axi_dma_1/U0/I_PRMRY_DATAMOVER/GEN_S2MM_FULL.I_S2MM_FULL_WRAPPER/I_CMD_STATUS/GEN_INCLUDE_STATUS_FIFO.I_STS_FIFO/USE_ASYNC_FIFO.I_ASYNC_FIFO/I_ASYNC_FIFOGEN_FIFO/xpm_fifo_instance.xpm_fifo_async_inst/gnuram_async_fifo.xpm_fifo_base_inst/gen_cdc_pntr.rd_pntr_cdc_inst/dest_graysync_ff_reg[0][0]} {design_1_i/axi_dma_1/U0/I_PRMRY_DATAMOVER/GEN_S2MM_FULL.I_S2MM_FULL_WRAPPER/I_CMD_STATUS/GEN_INCLUDE_STATUS_FIFO.I_STS_FIFO/USE_ASYNC_FIFO.I_ASYNC_FIFO/I_ASYNC_FIFOGEN_FIFO/xpm_fifo_instance.xpm_fifo_async_inst/gnuram_async_fifo.xpm_fifo_base_inst/gen_cdc_pntr.rd_pntr_cdc_inst/dest_graysync_ff_reg[0][1]} {design_1_i/axi_dma_1/U0/I_PRMRY_DATAMOVER/GEN_S2MM_FULL.I_S2MM_FULL_WRAPPER/I_CMD_STATUS/GEN_INCLUDE_STATUS_FIFO.I_STS_FIFO/USE_ASYNC_FIFO.I_ASYNC_FIFO/I_ASYNC_FIFOGEN_FIFO/xpm_fifo_instance.xpm_fifo_async_inst/gnuram_async_fifo.xpm_fifo_base_inst/gen_cdc_pntr.rd_pntr_cdc_inst/dest_graysync_ff_reg[0][2]} {design_1_i/axi_dma_1/U0/I_PRMRY_DATAMOVER/GEN_S2MM_FULL.I_S2MM_FULL_WRAPPER/I_CMD_STATUS/GEN_INCLUDE_STATUS_FIFO.I_STS_FIFO/USE_ASYNC_FIFO.I_ASYNC_FIFO/I_ASYNC_FIFOGEN_FIFO/xpm_fifo_instance.xpm_fifo_async_inst/gnuram_async_fifo.xpm_fifo_base_inst/gen_cdc_pntr.rd_pntr_cdc_inst/dest_graysync_ff_reg[0][3]}]] 3.255
Requirement: 3.255ns
Endpoints: 4

From Clock            To Clock              Endpoint Pin                    Reference Pin                   Corner  Actual(ns)  Slack(ns)
--------------------  --------------------  ------------------------------  ------------------------------  ------  ----------  ---------
clk_pl_0              RFADC2_CLK            design_1_i/axi_dma_1/U0/I_PRMRY_DATAMOVER/GEN_S2MM_FULL.I_S2MM_FULL_WRAPPER/I_CMD_STATUS/GEN_INCLUDE_STATUS_FIFO.I_STS_FIFO/USE_ASYNC_FIFO.I_ASYNC_FIFO/I_ASYNC_FIFOGEN_FIFO/xpm_fifo_instance.xpm_fifo_async_inst/gnuram_async_fifo.xpm_fifo_base_inst/gen_cdc_pntr.rd_pntr_cdc_inst/dest_graysync_ff_reg[0][2]/D
                                                                            design_1_i/axi_dma_1/U0/I_PRMRY_DATAMOVER/GEN_S2MM_FULL.I_S2MM_FULL_WRAPPER/I_CMD_STATUS/GEN_INCLUDE_STATUS_FIFO.I_STS_FIFO/USE_ASYNC_FIFO.I_ASYNC_FIFO/I_ASYNC_FIFOGEN_FIFO/xpm_fifo_instance.xpm_fifo_async_inst/gnuram_async_fifo.xpm_fifo_base_inst/gen_cdc_pntr.rd_pntr_cdc_inst/dest_graysync_ff_reg[0][0]/D
                                                                                                            Slow         0.355      2.900


Slack (MET) :             2.900ns  (requirement - actual skew)
  Endpoint Source:        design_1_i/axi_dma_1/U0/I_PRMRY_DATAMOVER/GEN_S2MM_FULL.I_S2MM_FULL_WRAPPER/I_CMD_STATUS/GEN_INCLUDE_STATUS_FIFO.I_STS_FIFO/USE_ASYNC_FIFO.I_ASYNC_FIFO/I_ASYNC_FIFOGEN_FIFO/xpm_fifo_instance.xpm_fifo_async_inst/gnuram_async_fifo.xpm_fifo_base_inst/gen_cdc_pntr.rd_pntr_cdc_inst/src_gray_ff_reg[2]/C
                            (rising edge-triggered cell FDRE clocked by clk_pl_0)
  Endpoint Destination:   design_1_i/axi_dma_1/U0/I_PRMRY_DATAMOVER/GEN_S2MM_FULL.I_S2MM_FULL_WRAPPER/I_CMD_STATUS/GEN_INCLUDE_STATUS_FIFO.I_STS_FIFO/USE_ASYNC_FIFO.I_ASYNC_FIFO/I_ASYNC_FIFOGEN_FIFO/xpm_fifo_instance.xpm_fifo_async_inst/gnuram_async_fifo.xpm_fifo_base_inst/gen_cdc_pntr.rd_pntr_cdc_inst/dest_graysync_ff_reg[0][2]/D
                            (rising edge-triggered cell FDRE clocked by RFADC2_CLK)
  Reference Source:       design_1_i/axi_dma_1/U0/I_PRMRY_DATAMOVER/GEN_S2MM_FULL.I_S2MM_FULL_WRAPPER/I_CMD_STATUS/GEN_INCLUDE_STATUS_FIFO.I_STS_FIFO/USE_ASYNC_FIFO.I_ASYNC_FIFO/I_ASYNC_FIFOGEN_FIFO/xpm_fifo_instance.xpm_fifo_async_inst/gnuram_async_fifo.xpm_fifo_base_inst/gen_cdc_pntr.rd_pntr_cdc_inst/src_gray_ff_reg[0]/C
                            (rising edge-triggered cell FDRE clocked by clk_pl_0)
  Reference Destination:  design_1_i/axi_dma_1/U0/I_PRMRY_DATAMOVER/GEN_S2MM_FULL.I_S2MM_FULL_WRAPPER/I_CMD_STATUS/GEN_INCLUDE_STATUS_FIFO.I_STS_FIFO/USE_ASYNC_FIFO.I_ASYNC_FIFO/I_ASYNC_FIFOGEN_FIFO/xpm_fifo_instance.xpm_fifo_async_inst/gnuram_async_fifo.xpm_fifo_base_inst/gen_cdc_pntr.rd_pntr_cdc_inst/dest_graysync_ff_reg[0][0]/D
                            (rising edge-triggered cell FDRE clocked by RFADC2_CLK)
  Path Type:              Bus Skew (Max at Slow Process Corner)
  Requirement:            3.255ns
  Endpoint Relative Delay:    0.632ns
  Reference Relative Delay:  -0.316ns
  Relative CRPR:              0.593ns
  Actual Bus Skew:            0.355ns  (Endpoint Relative Delay - Reference Relative Delay - Relative CRPR)

Endpoint path:
    Location             Delay type                Incr(ns)  Path(ns)    Netlist Resource(s)
  -------------------------------------------------------------------    -------------------
                         (clock clk_pl_0 rise edge)
                                                      0.000     0.000 r  
    PS8_X0Y0             PS8                          0.000     0.000 r  design_1_i/zynq_ultra_ps_e_0/inst/PS8_i/PLCLK[0]
                         net (fo=1, routed)           0.198     0.198    design_1_i/zynq_ultra_ps_e_0/inst/pl_clk_unbuffered[0]
    BUFG_PS_X0Y66        BUFG_PS (Prop_BUFG_PS_I_O)
                                                      0.028     0.226 r  design_1_i/zynq_ultra_ps_e_0/inst/buffer_pl_clk_0.PL_CLK_0_BUFG/O
    X3Y3 (CLOCK_ROOT)    net (fo=7512, routed)        2.495     2.721    design_1_i/axi_dma_1/U0/I_PRMRY_DATAMOVER/GEN_S2MM_FULL.I_S2MM_FULL_WRAPPER/I_CMD_STATUS/GEN_INCLUDE_STATUS_FIFO.I_STS_FIFO/USE_ASYNC_FIFO.I_ASYNC_FIFO/I_ASYNC_FIFOGEN_FIFO/xpm_fifo_instance.xpm_fifo_async_inst/gnuram_async_fifo.xpm_fifo_base_inst/gen_cdc_pntr.rd_pntr_cdc_inst/src_clk
    SLICE_X44Y57         FDRE                                         r  design_1_i/axi_dma_1/U0/I_PRMRY_DATAMOVER/GEN_S2MM_FULL.I_S2MM_FULL_WRAPPER/I_CMD_STATUS/GEN_INCLUDE_STATUS_FIFO.I_STS_FIFO/USE_ASYNC_FIFO.I_ASYNC_FIFO/I_ASYNC_FIFOGEN_FIFO/xpm_fifo_instance.xpm_fifo_async_inst/gnuram_async_fifo.xpm_fifo_base_inst/gen_cdc_pntr.rd_pntr_cdc_inst/src_gray_ff_reg[2]/C
  -------------------------------------------------------------------    -------------------
    SLICE_X44Y57         FDRE (Prop_DFF_SLICEL_C_Q)
                                                      0.079     2.800 r  design_1_i/axi_dma_1/U0/I_PRMRY_DATAMOVER/GEN_S2MM_FULL.I_S2MM_FULL_WRAPPER/I_CMD_STATUS/GEN_INCLUDE_STATUS_FIFO.I_STS_FIFO/USE_ASYNC_FIFO.I_ASYNC_FIFO/I_ASYNC_FIFOGEN_FIFO/xpm_fifo_instance.xpm_fifo_async_inst/gnuram_async_fifo.xpm_fifo_base_inst/gen_cdc_pntr.rd_pntr_cdc_inst/src_gray_ff_reg[2]/Q
                         net (fo=1, routed)           0.308     3.108    design_1_i/axi_dma_1/U0/I_PRMRY_DATAMOVER/GEN_S2MM_FULL.I_S2MM_FULL_WRAPPER/I_CMD_STATUS/GEN_INCLUDE_STATUS_FIFO.I_STS_FIFO/USE_ASYNC_FIFO.I_ASYNC_FIFO/I_ASYNC_FIFOGEN_FIFO/xpm_fifo_instance.xpm_fifo_async_inst/gnuram_async_fifo.xpm_fifo_base_inst/gen_cdc_pntr.rd_pntr_cdc_inst/async_path[2]
    SLICE_X45Y57         FDRE                                         r  design_1_i/axi_dma_1/U0/I_PRMRY_DATAMOVER/GEN_S2MM_FULL.I_S2MM_FULL_WRAPPER/I_CMD_STATUS/GEN_INCLUDE_STATUS_FIFO.I_STS_FIFO/USE_ASYNC_FIFO.I_ASYNC_FIFO/I_ASYNC_FIFOGEN_FIFO/xpm_fifo_instance.xpm_fifo_async_inst/gnuram_async_fifo.xpm_fifo_base_inst/gen_cdc_pntr.rd_pntr_cdc_inst/dest_graysync_ff_reg[0][2]/D
  -------------------------------------------------------------------    -------------------

                         (clock RFADC2_CLK rise edge)
                                                      0.000     0.000 r  
    RFADC_X0Y2           RFADC                        0.000     0.000 r  design_1_i/usp_rf_data_converter_0/inst/design_1_usp_rf_data_converter_0_0_rf_wrapper_i/rx2_u_adc/INTERNAL_FBRC_DIV1_MUX
    RFADC_X0Y2           RFADC (Prop_RFADC_INTERNAL_FBRC_DIV1_MUX_CLK_ADC)
                                                      0.122     0.122 r  design_1_i/usp_rf_data_converter_0/inst/design_1_usp_rf_data_converter_0_0_rf_wrapper_i/rx2_u_adc/CLK_ADC
                         net (fo=2, routed)           0.150     0.272    design_1_i/usp_rf_data_converter_0/inst/i_design_1_usp_rf_data_converter_0_0_bufg_gt_ctrl/adc2_bufg_gt_0
    BUFG_GT_X1Y68        BUFG_GT (Prop_BUFG_GT_I_O)
                                                      0.114     0.386 r  design_1_i/usp_rf_data_converter_0/inst/i_design_1_usp_rf_data_converter_0_0_bufg_gt_ctrl/adc2_bufg_gt/O
    X3Y1 (CLOCK_ROOT)    net (fo=9251, routed)        2.065     2.451    design_1_i/axi_dma_1/U0/I_PRMRY_DATAMOVER/GEN_S2MM_FULL.I_S2MM_FULL_WRAPPER/I_CMD_STATUS/GEN_INCLUDE_STATUS_FIFO.I_STS_FIFO/USE_ASYNC_FIFO.I_ASYNC_FIFO/I_ASYNC_FIFOGEN_FIFO/xpm_fifo_instance.xpm_fifo_async_inst/gnuram_async_fifo.xpm_fifo_base_inst/gen_cdc_pntr.rd_pntr_cdc_inst/dest_clk
    SLICE_X45Y57         FDRE                                         r  design_1_i/axi_dma_1/U0/I_PRMRY_DATAMOVER/GEN_S2MM_FULL.I_S2MM_FULL_WRAPPER/I_CMD_STATUS/GEN_INCLUDE_STATUS_FIFO.I_STS_FIFO/USE_ASYNC_FIFO.I_ASYNC_FIFO/I_ASYNC_FIFOGEN_FIFO/xpm_fifo_instance.xpm_fifo_async_inst/gnuram_async_fifo.xpm_fifo_base_inst/gen_cdc_pntr.rd_pntr_cdc_inst/dest_graysync_ff_reg[0][2]/C
                         clock pessimism              0.000     2.451    
    SLICE_X45Y57         FDRE (Setup_HFF2_SLICEM_C_D)
                                                      0.025     2.476    design_1_i/axi_dma_1/U0/I_PRMRY_DATAMOVER/GEN_S2MM_FULL.I_S2MM_FULL_WRAPPER/I_CMD_STATUS/GEN_INCLUDE_STATUS_FIFO.I_STS_FIFO/USE_ASYNC_FIFO.I_ASYNC_FIFO/I_ASYNC_FIFOGEN_FIFO/xpm_fifo_instance.xpm_fifo_async_inst/gnuram_async_fifo.xpm_fifo_base_inst/gen_cdc_pntr.rd_pntr_cdc_inst/dest_graysync_ff_reg[0][2]
  -------------------------------------------------------------------
                         data arrival                           3.108    
                         clock arrival                          2.476    
  -------------------------------------------------------------------
                         relative delay                         0.632    

Reference path:
    Location             Delay type                Incr(ns)  Path(ns)    Netlist Resource(s)
  -------------------------------------------------------------------    -------------------
                         (clock clk_pl_0 rise edge)
                                                      0.000     0.000 r  
    PS8_X0Y0             PS8                          0.000     0.000 r  design_1_i/zynq_ultra_ps_e_0/inst/PS8_i/PLCLK[0]
                         net (fo=1, routed)           0.157     0.157    design_1_i/zynq_ultra_ps_e_0/inst/pl_clk_unbuffered[0]
    BUFG_PS_X0Y66        BUFG_PS (Prop_BUFG_PS_I_O)
                                                      0.025     0.182 r  design_1_i/zynq_ultra_ps_e_0/inst/buffer_pl_clk_0.PL_CLK_0_BUFG/O
    X3Y3 (CLOCK_ROOT)    net (fo=7512, routed)        2.226     2.408    design_1_i/axi_dma_1/U0/I_PRMRY_DATAMOVER/GEN_S2MM_FULL.I_S2MM_FULL_WRAPPER/I_CMD_STATUS/GEN_INCLUDE_STATUS_FIFO.I_STS_FIFO/USE_ASYNC_FIFO.I_ASYNC_FIFO/I_ASYNC_FIFOGEN_FIFO/xpm_fifo_instance.xpm_fifo_async_inst/gnuram_async_fifo.xpm_fifo_base_inst/gen_cdc_pntr.rd_pntr_cdc_inst/src_clk
    SLICE_X44Y58         FDRE                                         r  design_1_i/axi_dma_1/U0/I_PRMRY_DATAMOVER/GEN_S2MM_FULL.I_S2MM_FULL_WRAPPER/I_CMD_STATUS/GEN_INCLUDE_STATUS_FIFO.I_STS_FIFO/USE_ASYNC_FIFO.I_ASYNC_FIFO/I_ASYNC_FIFOGEN_FIFO/xpm_fifo_instance.xpm_fifo_async_inst/gnuram_async_fifo.xpm_fifo_base_inst/gen_cdc_pntr.rd_pntr_cdc_inst/src_gray_ff_reg[0]/C
  -------------------------------------------------------------------    -------------------
    SLICE_X44Y58         FDRE (Prop_DFF_SLICEL_C_Q)
                                                      0.059     2.467 r  design_1_i/axi_dma_1/U0/I_PRMRY_DATAMOVER/GEN_S2MM_FULL.I_S2MM_FULL_WRAPPER/I_CMD_STATUS/GEN_INCLUDE_STATUS_FIFO.I_STS_FIFO/USE_ASYNC_FIFO.I_ASYNC_FIFO/I_ASYNC_FIFOGEN_FIFO/xpm_fifo_instance.xpm_fifo_async_inst/gnuram_async_fifo.xpm_fifo_base_inst/gen_cdc_pntr.rd_pntr_cdc_inst/src_gray_ff_reg[0]/Q
                         net (fo=1, routed)           0.136     2.603    design_1_i/axi_dma_1/U0/I_PRMRY_DATAMOVER/GEN_S2MM_FULL.I_S2MM_FULL_WRAPPER/I_CMD_STATUS/GEN_INCLUDE_STATUS_FIFO.I_STS_FIFO/USE_ASYNC_FIFO.I_ASYNC_FIFO/I_ASYNC_FIFOGEN_FIFO/xpm_fifo_instance.xpm_fifo_async_inst/gnuram_async_fifo.xpm_fifo_base_inst/gen_cdc_pntr.rd_pntr_cdc_inst/async_path[0]
    SLICE_X43Y56         FDRE                                         r  design_1_i/axi_dma_1/U0/I_PRMRY_DATAMOVER/GEN_S2MM_FULL.I_S2MM_FULL_WRAPPER/I_CMD_STATUS/GEN_INCLUDE_STATUS_FIFO.I_STS_FIFO/USE_ASYNC_FIFO.I_ASYNC_FIFO/I_ASYNC_FIFOGEN_FIFO/xpm_fifo_instance.xpm_fifo_async_inst/gnuram_async_fifo.xpm_fifo_base_inst/gen_cdc_pntr.rd_pntr_cdc_inst/dest_graysync_ff_reg[0][0]/D
  -------------------------------------------------------------------    -------------------

                         (clock RFADC2_CLK rise edge)
                                                      0.000     0.000 r  
    RFADC_X0Y2           RFADC                        0.000     0.000 r  design_1_i/usp_rf_data_converter_0/inst/design_1_usp_rf_data_converter_0_0_rf_wrapper_i/rx2_u_adc/INTERNAL_FBRC_DIV1_MUX
    RFADC_X0Y2           RFADC (Prop_RFADC_INTERNAL_FBRC_DIV1_MUX_CLK_ADC)
                                                      0.150     0.150 r  design_1_i/usp_rf_data_converter_0/inst/design_1_usp_rf_data_converter_0_0_rf_wrapper_i/rx2_u_adc/CLK_ADC
                         net (fo=2, routed)           0.246     0.396    design_1_i/usp_rf_data_converter_0/inst/i_design_1_usp_rf_data_converter_0_0_bufg_gt_ctrl/adc2_bufg_gt_0
    BUFG_GT_X1Y68        BUFG_GT (Prop_BUFG_GT_I_O)
                                                      0.130     0.526 r  design_1_i/usp_rf_data_converter_0/inst/i_design_1_usp_rf_data_converter_0_0_bufg_gt_ctrl/adc2_bufg_gt/O
    X3Y1 (CLOCK_ROOT)    net (fo=9251, routed)        2.331     2.857    design_1_i/axi_dma_1/U0/I_PRMRY_DATAMOVER/GEN_S2MM_FULL.I_S2MM_FULL_WRAPPER/I_CMD_STATUS/GEN_INCLUDE_STATUS_FIFO.I_STS_FIFO/USE_ASYNC_FIFO.I_ASYNC_FIFO/I_ASYNC_FIFOGEN_FIFO/xpm_fifo_instance.xpm_fifo_async_inst/gnuram_async_fifo.xpm_fifo_base_inst/gen_cdc_pntr.rd_pntr_cdc_inst/dest_clk
    SLICE_X43Y56         FDRE                                         r  design_1_i/axi_dma_1/U0/I_PRMRY_DATAMOVER/GEN_S2MM_FULL.I_S2MM_FULL_WRAPPER/I_CMD_STATUS/GEN_INCLUDE_STATUS_FIFO.I_STS_FIFO/USE_ASYNC_FIFO.I_ASYNC_FIFO/I_ASYNC_FIFOGEN_FIFO/xpm_fifo_instance.xpm_fifo_async_inst/gnuram_async_fifo.xpm_fifo_base_inst/gen_cdc_pntr.rd_pntr_cdc_inst/dest_graysync_ff_reg[0][0]/C
                         clock pessimism              0.000     2.857    
    SLICE_X43Y56         FDRE (Hold_DFF2_SLICEL_C_D)
                                                      0.062     2.919    design_1_i/axi_dma_1/U0/I_PRMRY_DATAMOVER/GEN_S2MM_FULL.I_S2MM_FULL_WRAPPER/I_CMD_STATUS/GEN_INCLUDE_STATUS_FIFO.I_STS_FIFO/USE_ASYNC_FIFO.I_ASYNC_FIFO/I_ASYNC_FIFOGEN_FIFO/xpm_fifo_instance.xpm_fifo_async_inst/gnuram_async_fifo.xpm_fifo_base_inst/gen_cdc_pntr.rd_pntr_cdc_inst/dest_graysync_ff_reg[0][0]
  -------------------------------------------------------------------
                         data arrival                           2.603    
                         clock arrival                          2.919    
  -------------------------------------------------------------------
                         relative delay                        -0.316    



Id: 2
set_bus_skew -from [get_cells [list {design_1_i/axi_dma_1/U0/I_PRMRY_DATAMOVER/GEN_S2MM_FULL.I_S2MM_FULL_WRAPPER/I_CMD_STATUS/I_CMD_FIFO/USE_ASYNC_FIFO.I_ASYNC_FIFO/I_ASYNC_FIFOGEN_FIFO/xpm_fifo_instance.xpm_fifo_async_inst/gnuram_async_fifo.xpm_fifo_base_inst/gen_cdc_pntr.wr_pntr_cdc_inst/src_gray_ff_reg[0]} {design_1_i/axi_dma_1/U0/I_PRMRY_DATAMOVER/GEN_S2MM_FULL.I_S2MM_FULL_WRAPPER/I_CMD_STATUS/I_CMD_FIFO/USE_ASYNC_FIFO.I_ASYNC_FIFO/I_ASYNC_FIFOGEN_FIFO/xpm_fifo_instance.xpm_fifo_async_inst/gnuram_async_fifo.xpm_fifo_base_inst/gen_cdc_pntr.wr_pntr_cdc_inst/src_gray_ff_reg[1]} {design_1_i/axi_dma_1/U0/I_PRMRY_DATAMOVER/GEN_S2MM_FULL.I_S2MM_FULL_WRAPPER/I_CMD_STATUS/I_CMD_FIFO/USE_ASYNC_FIFO.I_ASYNC_FIFO/I_ASYNC_FIFOGEN_FIFO/xpm_fifo_instance.xpm_fifo_async_inst/gnuram_async_fifo.xpm_fifo_base_inst/gen_cdc_pntr.wr_pntr_cdc_inst/src_gray_ff_reg[2]} {design_1_i/axi_dma_1/U0/I_PRMRY_DATAMOVER/GEN_S2MM_FULL.I_S2MM_FULL_WRAPPER/I_CMD_STATUS/I_CMD_FIFO/USE_ASYNC_FIFO.I_ASYNC_FIFO/I_ASYNC_FIFOGEN_FIFO/xpm_fifo_instance.xpm_fifo_async_inst/gnuram_async_fifo.xpm_fifo_base_inst/gen_cdc_pntr.wr_pntr_cdc_inst/src_gray_ff_reg[3]}]] -to [get_cells [list {design_1_i/axi_dma_1/U0/I_PRMRY_DATAMOVER/GEN_S2MM_FULL.I_S2MM_FULL_WRAPPER/I_CMD_STATUS/I_CMD_FIFO/USE_ASYNC_FIFO.I_ASYNC_FIFO/I_ASYNC_FIFOGEN_FIFO/xpm_fifo_instance.xpm_fifo_async_inst/gnuram_async_fifo.xpm_fifo_base_inst/gen_cdc_pntr.wr_pntr_cdc_inst/dest_graysync_ff_reg[0][0]} {design_1_i/axi_dma_1/U0/I_PRMRY_DATAMOVER/GEN_S2MM_FULL.I_S2MM_FULL_WRAPPER/I_CMD_STATUS/I_CMD_FIFO/USE_ASYNC_FIFO.I_ASYNC_FIFO/I_ASYNC_FIFOGEN_FIFO/xpm_fifo_instance.xpm_fifo_async_inst/gnuram_async_fifo.xpm_fifo_base_inst/gen_cdc_pntr.wr_pntr_cdc_inst/dest_graysync_ff_reg[0][1]} {design_1_i/axi_dma_1/U0/I_PRMRY_DATAMOVER/GEN_S2MM_FULL.I_S2MM_FULL_WRAPPER/I_CMD_STATUS/I_CMD_FIFO/USE_ASYNC_FIFO.I_ASYNC_FIFO/I_ASYNC_FIFOGEN_FIFO/xpm_fifo_instance.xpm_fifo_async_inst/gnuram_async_fifo.xpm_fifo_base_inst/gen_cdc_pntr.wr_pntr_cdc_inst/dest_graysync_ff_reg[0][2]} {design_1_i/axi_dma_1/U0/I_PRMRY_DATAMOVER/GEN_S2MM_FULL.I_S2MM_FULL_WRAPPER/I_CMD_STATUS/I_CMD_FIFO/USE_ASYNC_FIFO.I_ASYNC_FIFO/I_ASYNC_FIFOGEN_FIFO/xpm_fifo_instance.xpm_fifo_async_inst/gnuram_async_fifo.xpm_fifo_base_inst/gen_cdc_pntr.wr_pntr_cdc_inst/dest_graysync_ff_reg[0][3]}]] 3.255
Requirement: 3.255ns
Endpoints: 4

From Clock            To Clock              Endpoint Pin                    Reference Pin                   Corner  Actual(ns)  Slack(ns)
--------------------  --------------------  ------------------------------  ------------------------------  ------  ----------  ---------
clk_pl_0              RFADC2_CLK            design_1_i/axi_dma_1/U0/I_PRMRY_DATAMOVER/GEN_S2MM_FULL.I_S2MM_FULL_WRAPPER/I_CMD_STATUS/I_CMD_FIFO/USE_ASYNC_FIFO.I_ASYNC_FIFO/I_ASYNC_FIFOGEN_FIFO/xpm_fifo_instance.xpm_fifo_async_inst/gnuram_async_fifo.xpm_fifo_base_inst/gen_cdc_pntr.wr_pntr_cdc_inst/dest_graysync_ff_reg[0][3]/D
                                                                            design_1_i/axi_dma_1/U0/I_PRMRY_DATAMOVER/GEN_S2MM_FULL.I_S2MM_FULL_WRAPPER/I_CMD_STATUS/I_CMD_FIFO/USE_ASYNC_FIFO.I_ASYNC_FIFO/I_ASYNC_FIFOGEN_FIFO/xpm_fifo_instance.xpm_fifo_async_inst/gnuram_async_fifo.xpm_fifo_base_inst/gen_cdc_pntr.wr_pntr_cdc_inst/dest_graysync_ff_reg[0][2]/D
                                                                                                            Slow         0.371      2.884


Slack (MET) :             2.884ns  (requirement - actual skew)
  Endpoint Source:        design_1_i/axi_dma_1/U0/I_PRMRY_DATAMOVER/GEN_S2MM_FULL.I_S2MM_FULL_WRAPPER/I_CMD_STATUS/I_CMD_FIFO/USE_ASYNC_FIFO.I_ASYNC_FIFO/I_ASYNC_FIFOGEN_FIFO/xpm_fifo_instance.xpm_fifo_async_inst/gnuram_async_fifo.xpm_fifo_base_inst/gen_cdc_pntr.wr_pntr_cdc_inst/src_gray_ff_reg[3]/C
                            (rising edge-triggered cell FDRE clocked by clk_pl_0)
  Endpoint Destination:   design_1_i/axi_dma_1/U0/I_PRMRY_DATAMOVER/GEN_S2MM_FULL.I_S2MM_FULL_WRAPPER/I_CMD_STATUS/I_CMD_FIFO/USE_ASYNC_FIFO.I_ASYNC_FIFO/I_ASYNC_FIFOGEN_FIFO/xpm_fifo_instance.xpm_fifo_async_inst/gnuram_async_fifo.xpm_fifo_base_inst/gen_cdc_pntr.wr_pntr_cdc_inst/dest_graysync_ff_reg[0][3]/D
                            (rising edge-triggered cell FDRE clocked by RFADC2_CLK)
  Reference Source:       design_1_i/axi_dma_1/U0/I_PRMRY_DATAMOVER/GEN_S2MM_FULL.I_S2MM_FULL_WRAPPER/I_CMD_STATUS/I_CMD_FIFO/USE_ASYNC_FIFO.I_ASYNC_FIFO/I_ASYNC_FIFOGEN_FIFO/xpm_fifo_instance.xpm_fifo_async_inst/gnuram_async_fifo.xpm_fifo_base_inst/gen_cdc_pntr.wr_pntr_cdc_inst/src_gray_ff_reg[2]/C
                            (rising edge-triggered cell FDRE clocked by clk_pl_0)
  Reference Destination:  design_1_i/axi_dma_1/U0/I_PRMRY_DATAMOVER/GEN_S2MM_FULL.I_S2MM_FULL_WRAPPER/I_CMD_STATUS/I_CMD_FIFO/USE_ASYNC_FIFO.I_ASYNC_FIFO/I_ASYNC_FIFOGEN_FIFO/xpm_fifo_instance.xpm_fifo_async_inst/gnuram_async_fifo.xpm_fifo_base_inst/gen_cdc_pntr.wr_pntr_cdc_inst/dest_graysync_ff_reg[0][2]/D
                            (rising edge-triggered cell FDRE clocked by RFADC2_CLK)
  Path Type:              Bus Skew (Max at Slow Process Corner)
  Requirement:            3.255ns
  Endpoint Relative Delay:    0.554ns
  Reference Relative Delay:  -0.347ns
  Relative CRPR:              0.530ns
  Actual Bus Skew:            0.371ns  (Endpoint Relative Delay - Reference Relative Delay - Relative CRPR)

Endpoint path:
    Location             Delay type                Incr(ns)  Path(ns)    Netlist Resource(s)
  -------------------------------------------------------------------    -------------------
                         (clock clk_pl_0 rise edge)
                                                      0.000     0.000 r  
    PS8_X0Y0             PS8                          0.000     0.000 r  design_1_i/zynq_ultra_ps_e_0/inst/PS8_i/PLCLK[0]
                         net (fo=1, routed)           0.198     0.198    design_1_i/zynq_ultra_ps_e_0/inst/pl_clk_unbuffered[0]
    BUFG_PS_X0Y66        BUFG_PS (Prop_BUFG_PS_I_O)
                                                      0.028     0.226 r  design_1_i/zynq_ultra_ps_e_0/inst/buffer_pl_clk_0.PL_CLK_0_BUFG/O
    X3Y3 (CLOCK_ROOT)    net (fo=7512, routed)        2.498     2.724    design_1_i/axi_dma_1/U0/I_PRMRY_DATAMOVER/GEN_S2MM_FULL.I_S2MM_FULL_WRAPPER/I_CMD_STATUS/I_CMD_FIFO/USE_ASYNC_FIFO.I_ASYNC_FIFO/I_ASYNC_FIFOGEN_FIFO/xpm_fifo_instance.xpm_fifo_async_inst/gnuram_async_fifo.xpm_fifo_base_inst/gen_cdc_pntr.wr_pntr_cdc_inst/src_clk
    SLICE_X47Y60         FDRE                                         r  design_1_i/axi_dma_1/U0/I_PRMRY_DATAMOVER/GEN_S2MM_FULL.I_S2MM_FULL_WRAPPER/I_CMD_STATUS/I_CMD_FIFO/USE_ASYNC_FIFO.I_ASYNC_FIFO/I_ASYNC_FIFOGEN_FIFO/xpm_fifo_instance.xpm_fifo_async_inst/gnuram_async_fifo.xpm_fifo_base_inst/gen_cdc_pntr.wr_pntr_cdc_inst/src_gray_ff_reg[3]/C
  -------------------------------------------------------------------    -------------------
    SLICE_X47Y60         FDRE (Prop_EFF_SLICEL_C_Q)
                                                      0.079     2.803 r  design_1_i/axi_dma_1/U0/I_PRMRY_DATAMOVER/GEN_S2MM_FULL.I_S2MM_FULL_WRAPPER/I_CMD_STATUS/I_CMD_FIFO/USE_ASYNC_FIFO.I_ASYNC_FIFO/I_ASYNC_FIFOGEN_FIFO/xpm_fifo_instance.xpm_fifo_async_inst/gnuram_async_fifo.xpm_fifo_base_inst/gen_cdc_pntr.wr_pntr_cdc_inst/src_gray_ff_reg[3]/Q
                         net (fo=1, routed)           0.205     3.008    design_1_i/axi_dma_1/U0/I_PRMRY_DATAMOVER/GEN_S2MM_FULL.I_S2MM_FULL_WRAPPER/I_CMD_STATUS/I_CMD_FIFO/USE_ASYNC_FIFO.I_ASYNC_FIFO/I_ASYNC_FIFOGEN_FIFO/xpm_fifo_instance.xpm_fifo_async_inst/gnuram_async_fifo.xpm_fifo_base_inst/gen_cdc_pntr.wr_pntr_cdc_inst/async_path[3]
    SLICE_X47Y60         FDRE                                         r  design_1_i/axi_dma_1/U0/I_PRMRY_DATAMOVER/GEN_S2MM_FULL.I_S2MM_FULL_WRAPPER/I_CMD_STATUS/I_CMD_FIFO/USE_ASYNC_FIFO.I_ASYNC_FIFO/I_ASYNC_FIFOGEN_FIFO/xpm_fifo_instance.xpm_fifo_async_inst/gnuram_async_fifo.xpm_fifo_base_inst/gen_cdc_pntr.wr_pntr_cdc_inst/dest_graysync_ff_reg[0][3]/D
  -------------------------------------------------------------------    -------------------

                         (clock RFADC2_CLK rise edge)
                                                      0.000     0.000 r  
    RFADC_X0Y2           RFADC                        0.000     0.000 r  design_1_i/usp_rf_data_converter_0/inst/design_1_usp_rf_data_converter_0_0_rf_wrapper_i/rx2_u_adc/INTERNAL_FBRC_DIV1_MUX
    RFADC_X0Y2           RFADC (Prop_RFADC_INTERNAL_FBRC_DIV1_MUX_CLK_ADC)
                                                      0.122     0.122 r  design_1_i/usp_rf_data_converter_0/inst/design_1_usp_rf_data_converter_0_0_rf_wrapper_i/rx2_u_adc/CLK_ADC
                         net (fo=2, routed)           0.150     0.272    design_1_i/usp_rf_data_converter_0/inst/i_design_1_usp_rf_data_converter_0_0_bufg_gt_ctrl/adc2_bufg_gt_0
    BUFG_GT_X1Y68        BUFG_GT (Prop_BUFG_GT_I_O)
                                                      0.114     0.386 r  design_1_i/usp_rf_data_converter_0/inst/i_design_1_usp_rf_data_converter_0_0_bufg_gt_ctrl/adc2_bufg_gt/O
    X3Y1 (CLOCK_ROOT)    net (fo=9251, routed)        2.043     2.429    design_1_i/axi_dma_1/U0/I_PRMRY_DATAMOVER/GEN_S2MM_FULL.I_S2MM_FULL_WRAPPER/I_CMD_STATUS/I_CMD_FIFO/USE_ASYNC_FIFO.I_ASYNC_FIFO/I_ASYNC_FIFOGEN_FIFO/xpm_fifo_instance.xpm_fifo_async_inst/gnuram_async_fifo.xpm_fifo_base_inst/gen_cdc_pntr.wr_pntr_cdc_inst/dest_clk
    SLICE_X47Y60         FDRE                                         r  design_1_i/axi_dma_1/U0/I_PRMRY_DATAMOVER/GEN_S2MM_FULL.I_S2MM_FULL_WRAPPER/I_CMD_STATUS/I_CMD_FIFO/USE_ASYNC_FIFO.I_ASYNC_FIFO/I_ASYNC_FIFOGEN_FIFO/xpm_fifo_instance.xpm_fifo_async_inst/gnuram_async_fifo.xpm_fifo_base_inst/gen_cdc_pntr.wr_pntr_cdc_inst/dest_graysync_ff_reg[0][3]/C
                         clock pessimism              0.000     2.429    
    SLICE_X47Y60         FDRE (Setup_DFF2_SLICEL_C_D)
                                                      0.025     2.454    design_1_i/axi_dma_1/U0/I_PRMRY_DATAMOVER/GEN_S2MM_FULL.I_S2MM_FULL_WRAPPER/I_CMD_STATUS/I_CMD_FIFO/USE_ASYNC_FIFO.I_ASYNC_FIFO/I_ASYNC_FIFOGEN_FIFO/xpm_fifo_instance.xpm_fifo_async_inst/gnuram_async_fifo.xpm_fifo_base_inst/gen_cdc_pntr.wr_pntr_cdc_inst/dest_graysync_ff_reg[0][3]
  -------------------------------------------------------------------
                         data arrival                           3.008    
                         clock arrival                          2.454    
  -------------------------------------------------------------------
                         relative delay                         0.554    

Reference path:
    Location             Delay type                Incr(ns)  Path(ns)    Netlist Resource(s)
  -------------------------------------------------------------------    -------------------
                         (clock clk_pl_0 rise edge)
                                                      0.000     0.000 r  
    PS8_X0Y0             PS8                          0.000     0.000 r  design_1_i/zynq_ultra_ps_e_0/inst/PS8_i/PLCLK[0]
                         net (fo=1, routed)           0.157     0.157    design_1_i/zynq_ultra_ps_e_0/inst/pl_clk_unbuffered[0]
    BUFG_PS_X0Y66        BUFG_PS (Prop_BUFG_PS_I_O)
                                                      0.025     0.182 r  design_1_i/zynq_ultra_ps_e_0/inst/buffer_pl_clk_0.PL_CLK_0_BUFG/O
    X3Y3 (CLOCK_ROOT)    net (fo=7512, routed)        2.224     2.406    design_1_i/axi_dma_1/U0/I_PRMRY_DATAMOVER/GEN_S2MM_FULL.I_S2MM_FULL_WRAPPER/I_CMD_STATUS/I_CMD_FIFO/USE_ASYNC_FIFO.I_ASYNC_FIFO/I_ASYNC_FIFOGEN_FIFO/xpm_fifo_instance.xpm_fifo_async_inst/gnuram_async_fifo.xpm_fifo_base_inst/gen_cdc_pntr.wr_pntr_cdc_inst/src_clk
    SLICE_X46Y61         FDRE                                         r  design_1_i/axi_dma_1/U0/I_PRMRY_DATAMOVER/GEN_S2MM_FULL.I_S2MM_FULL_WRAPPER/I_CMD_STATUS/I_CMD_FIFO/USE_ASYNC_FIFO.I_ASYNC_FIFO/I_ASYNC_FIFOGEN_FIFO/xpm_fifo_instance.xpm_fifo_async_inst/gnuram_async_fifo.xpm_fifo_base_inst/gen_cdc_pntr.wr_pntr_cdc_inst/src_gray_ff_reg[2]/C
  -------------------------------------------------------------------    -------------------
    SLICE_X46Y61         FDRE (Prop_DFF_SLICEM_C_Q)
                                                      0.058     2.464 r  design_1_i/axi_dma_1/U0/I_PRMRY_DATAMOVER/GEN_S2MM_FULL.I_S2MM_FULL_WRAPPER/I_CMD_STATUS/I_CMD_FIFO/USE_ASYNC_FIFO.I_ASYNC_FIFO/I_ASYNC_FIFOGEN_FIFO/xpm_fifo_instance.xpm_fifo_async_inst/gnuram_async_fifo.xpm_fifo_base_inst/gen_cdc_pntr.wr_pntr_cdc_inst/src_gray_ff_reg[2]/Q
                         net (fo=1, routed)           0.085     2.549    design_1_i/axi_dma_1/U0/I_PRMRY_DATAMOVER/GEN_S2MM_FULL.I_S2MM_FULL_WRAPPER/I_CMD_STATUS/I_CMD_FIFO/USE_ASYNC_FIFO.I_ASYNC_FIFO/I_ASYNC_FIFOGEN_FIFO/xpm_fifo_instance.xpm_fifo_async_inst/gnuram_async_fifo.xpm_fifo_base_inst/gen_cdc_pntr.wr_pntr_cdc_inst/async_path[2]
    SLICE_X46Y59         FDRE                                         r  design_1_i/axi_dma_1/U0/I_PRMRY_DATAMOVER/GEN_S2MM_FULL.I_S2MM_FULL_WRAPPER/I_CMD_STATUS/I_CMD_FIFO/USE_ASYNC_FIFO.I_ASYNC_FIFO/I_ASYNC_FIFOGEN_FIFO/xpm_fifo_instance.xpm_fifo_async_inst/gnuram_async_fifo.xpm_fifo_base_inst/gen_cdc_pntr.wr_pntr_cdc_inst/dest_graysync_ff_reg[0][2]/D
  -------------------------------------------------------------------    -------------------

                         (clock RFADC2_CLK rise edge)
                                                      0.000     0.000 r  
    RFADC_X0Y2           RFADC                        0.000     0.000 r  design_1_i/usp_rf_data_converter_0/inst/design_1_usp_rf_data_converter_0_0_rf_wrapper_i/rx2_u_adc/INTERNAL_FBRC_DIV1_MUX
    RFADC_X0Y2           RFADC (Prop_RFADC_INTERNAL_FBRC_DIV1_MUX_CLK_ADC)
                                                      0.150     0.150 r  design_1_i/usp_rf_data_converter_0/inst/design_1_usp_rf_data_converter_0_0_rf_wrapper_i/rx2_u_adc/CLK_ADC
                         net (fo=2, routed)           0.246     0.396    design_1_i/usp_rf_data_converter_0/inst/i_design_1_usp_rf_data_converter_0_0_bufg_gt_ctrl/adc2_bufg_gt_0
    BUFG_GT_X1Y68        BUFG_GT (Prop_BUFG_GT_I_O)
                                                      0.130     0.526 r  design_1_i/usp_rf_data_converter_0/inst/i_design_1_usp_rf_data_converter_0_0_bufg_gt_ctrl/adc2_bufg_gt/O
    X3Y1 (CLOCK_ROOT)    net (fo=9251, routed)        2.309     2.835    design_1_i/axi_dma_1/U0/I_PRMRY_DATAMOVER/GEN_S2MM_FULL.I_S2MM_FULL_WRAPPER/I_CMD_STATUS/I_CMD_FIFO/USE_ASYNC_FIFO.I_ASYNC_FIFO/I_ASYNC_FIFOGEN_FIFO/xpm_fifo_instance.xpm_fifo_async_inst/gnuram_async_fifo.xpm_fifo_base_inst/gen_cdc_pntr.wr_pntr_cdc_inst/dest_clk
    SLICE_X46Y59         FDRE                                         r  design_1_i/axi_dma_1/U0/I_PRMRY_DATAMOVER/GEN_S2MM_FULL.I_S2MM_FULL_WRAPPER/I_CMD_STATUS/I_CMD_FIFO/USE_ASYNC_FIFO.I_ASYNC_FIFO/I_ASYNC_FIFOGEN_FIFO/xpm_fifo_instance.xpm_fifo_async_inst/gnuram_async_fifo.xpm_fifo_base_inst/gen_cdc_pntr.wr_pntr_cdc_inst/dest_graysync_ff_reg[0][2]/C
                         clock pessimism              0.000     2.835    
    SLICE_X46Y59         FDRE (Hold_DFF2_SLICEM_C_D)
                                                      0.061     2.896    design_1_i/axi_dma_1/U0/I_PRMRY_DATAMOVER/GEN_S2MM_FULL.I_S2MM_FULL_WRAPPER/I_CMD_STATUS/I_CMD_FIFO/USE_ASYNC_FIFO.I_ASYNC_FIFO/I_ASYNC_FIFOGEN_FIFO/xpm_fifo_instance.xpm_fifo_async_inst/gnuram_async_fifo.xpm_fifo_base_inst/gen_cdc_pntr.wr_pntr_cdc_inst/dest_graysync_ff_reg[0][2]
  -------------------------------------------------------------------
                         data arrival                           2.549    
                         clock arrival                          2.896    
  -------------------------------------------------------------------
                         relative delay                        -0.347    



Id: 3
set_bus_skew -from [get_cells [list {design_1_i/axi_dma_1/U0/I_PRMRY_DATAMOVER/GEN_S2MM_FULL.I_S2MM_FULL_WRAPPER/I_CMD_STATUS/I_CMD_FIFO/USE_ASYNC_FIFO.I_ASYNC_FIFO/I_ASYNC_FIFOGEN_FIFO/xpm_fifo_instance.xpm_fifo_async_inst/gnuram_async_fifo.xpm_fifo_base_inst/gen_cdc_pntr.rd_pntr_cdc_inst/src_gray_ff_reg[0]} {design_1_i/axi_dma_1/U0/I_PRMRY_DATAMOVER/GEN_S2MM_FULL.I_S2MM_FULL_WRAPPER/I_CMD_STATUS/I_CMD_FIFO/USE_ASYNC_FIFO.I_ASYNC_FIFO/I_ASYNC_FIFOGEN_FIFO/xpm_fifo_instance.xpm_fifo_async_inst/gnuram_async_fifo.xpm_fifo_base_inst/gen_cdc_pntr.rd_pntr_cdc_inst/src_gray_ff_reg[1]} {design_1_i/axi_dma_1/U0/I_PRMRY_DATAMOVER/GEN_S2MM_FULL.I_S2MM_FULL_WRAPPER/I_CMD_STATUS/I_CMD_FIFO/USE_ASYNC_FIFO.I_ASYNC_FIFO/I_ASYNC_FIFOGEN_FIFO/xpm_fifo_instance.xpm_fifo_async_inst/gnuram_async_fifo.xpm_fifo_base_inst/gen_cdc_pntr.rd_pntr_cdc_inst/src_gray_ff_reg[2]} {design_1_i/axi_dma_1/U0/I_PRMRY_DATAMOVER/GEN_S2MM_FULL.I_S2MM_FULL_WRAPPER/I_CMD_STATUS/I_CMD_FIFO/USE_ASYNC_FIFO.I_ASYNC_FIFO/I_ASYNC_FIFOGEN_FIFO/xpm_fifo_instance.xpm_fifo_async_inst/gnuram_async_fifo.xpm_fifo_base_inst/gen_cdc_pntr.rd_pntr_cdc_inst/src_gray_ff_reg[3]}]] -to [get_cells [list {design_1_i/axi_dma_1/U0/I_PRMRY_DATAMOVER/GEN_S2MM_FULL.I_S2MM_FULL_WRAPPER/I_CMD_STATUS/I_CMD_FIFO/USE_ASYNC_FIFO.I_ASYNC_FIFO/I_ASYNC_FIFOGEN_FIFO/xpm_fifo_instance.xpm_fifo_async_inst/gnuram_async_fifo.xpm_fifo_base_inst/gen_cdc_pntr.rd_pntr_cdc_inst/dest_graysync_ff_reg[0][0]} {design_1_i/axi_dma_1/U0/I_PRMRY_DATAMOVER/GEN_S2MM_FULL.I_S2MM_FULL_WRAPPER/I_CMD_STATUS/I_CMD_FIFO/USE_ASYNC_FIFO.I_ASYNC_FIFO/I_ASYNC_FIFOGEN_FIFO/xpm_fifo_instance.xpm_fifo_async_inst/gnuram_async_fifo.xpm_fifo_base_inst/gen_cdc_pntr.rd_pntr_cdc_inst/dest_graysync_ff_reg[0][1]} {design_1_i/axi_dma_1/U0/I_PRMRY_DATAMOVER/GEN_S2MM_FULL.I_S2MM_FULL_WRAPPER/I_CMD_STATUS/I_CMD_FIFO/USE_ASYNC_FIFO.I_ASYNC_FIFO/I_ASYNC_FIFOGEN_FIFO/xpm_fifo_instance.xpm_fifo_async_inst/gnuram_async_fifo.xpm_fifo_base_inst/gen_cdc_pntr.rd_pntr_cdc_inst/dest_graysync_ff_reg[0][2]} {design_1_i/axi_dma_1/U0/I_PRMRY_DATAMOVER/GEN_S2MM_FULL.I_S2MM_FULL_WRAPPER/I_CMD_STATUS/I_CMD_FIFO/USE_ASYNC_FIFO.I_ASYNC_FIFO/I_ASYNC_FIFOGEN_FIFO/xpm_fifo_instance.xpm_fifo_async_inst/gnuram_async_fifo.xpm_fifo_base_inst/gen_cdc_pntr.rd_pntr_cdc_inst/dest_graysync_ff_reg[0][3]}]] 3.255
Requirement: 3.255ns
Endpoints: 4

From Clock            To Clock              Endpoint Pin                    Reference Pin                   Corner  Actual(ns)  Slack(ns)
--------------------  --------------------  ------------------------------  ------------------------------  ------  ----------  ---------
RFADC2_CLK            clk_pl_0              design_1_i/axi_dma_1/U0/I_PRMRY_DATAMOVER/GEN_S2MM_FULL.I_S2MM_FULL_WRAPPER/I_CMD_STATUS/I_CMD_FIFO/USE_ASYNC_FIFO.I_ASYNC_FIFO/I_ASYNC_FIFOGEN_FIFO/xpm_fifo_instance.xpm_fifo_async_inst/gnuram_async_fifo.xpm_fifo_base_inst/gen_cdc_pntr.rd_pntr_cdc_inst/dest_graysync_ff_reg[0][0]/D
                                                                            design_1_i/axi_dma_1/U0/I_PRMRY_DATAMOVER/GEN_S2MM_FULL.I_S2MM_FULL_WRAPPER/I_CMD_STATUS/I_CMD_FIFO/USE_ASYNC_FIFO.I_ASYNC_FIFO/I_ASYNC_FIFOGEN_FIFO/xpm_fifo_instance.xpm_fifo_async_inst/gnuram_async_fifo.xpm_fifo_base_inst/gen_cdc_pntr.rd_pntr_cdc_inst/dest_graysync_ff_reg[0][2]/D
                                                                                                            Slow         0.559      2.696


Slack (MET) :             2.696ns  (requirement - actual skew)
  Endpoint Source:        design_1_i/axi_dma_1/U0/I_PRMRY_DATAMOVER/GEN_S2MM_FULL.I_S2MM_FULL_WRAPPER/I_CMD_STATUS/I_CMD_FIFO/USE_ASYNC_FIFO.I_ASYNC_FIFO/I_ASYNC_FIFOGEN_FIFO/xpm_fifo_instance.xpm_fifo_async_inst/gnuram_async_fifo.xpm_fifo_base_inst/gen_cdc_pntr.rd_pntr_cdc_inst/src_gray_ff_reg[0]/C
                            (rising edge-triggered cell FDRE clocked by RFADC2_CLK)
  Endpoint Destination:   design_1_i/axi_dma_1/U0/I_PRMRY_DATAMOVER/GEN_S2MM_FULL.I_S2MM_FULL_WRAPPER/I_CMD_STATUS/I_CMD_FIFO/USE_ASYNC_FIFO.I_ASYNC_FIFO/I_ASYNC_FIFOGEN_FIFO/xpm_fifo_instance.xpm_fifo_async_inst/gnuram_async_fifo.xpm_fifo_base_inst/gen_cdc_pntr.rd_pntr_cdc_inst/dest_graysync_ff_reg[0][0]/D
                            (rising edge-triggered cell FDRE clocked by clk_pl_0)
  Reference Source:       design_1_i/axi_dma_1/U0/I_PRMRY_DATAMOVER/GEN_S2MM_FULL.I_S2MM_FULL_WRAPPER/I_CMD_STATUS/I_CMD_FIFO/USE_ASYNC_FIFO.I_ASYNC_FIFO/I_ASYNC_FIFOGEN_FIFO/xpm_fifo_instance.xpm_fifo_async_inst/gnuram_async_fifo.xpm_fifo_base_inst/gen_cdc_pntr.rd_pntr_cdc_inst/src_gray_ff_reg[2]/C
                            (rising edge-triggered cell FDRE clocked by RFADC2_CLK)
  Reference Destination:  design_1_i/axi_dma_1/U0/I_PRMRY_DATAMOVER/GEN_S2MM_FULL.I_S2MM_FULL_WRAPPER/I_CMD_STATUS/I_CMD_FIFO/USE_ASYNC_FIFO.I_ASYNC_FIFO/I_ASYNC_FIFOGEN_FIFO/xpm_fifo_instance.xpm_fifo_async_inst/gnuram_async_fifo.xpm_fifo_base_inst/gen_cdc_pntr.rd_pntr_cdc_inst/dest_graysync_ff_reg[0][2]/D
                            (rising edge-triggered cell FDRE clocked by clk_pl_0)
  Path Type:              Bus Skew (Max at Slow Process Corner)
  Requirement:            3.255ns
  Endpoint Relative Delay:    0.839ns
  Reference Relative Delay:  -0.199ns
  Relative CRPR:              0.479ns
  Actual Bus Skew:            0.559ns  (Endpoint Relative Delay - Reference Relative Delay - Relative CRPR)

Endpoint path:
    Location             Delay type                Incr(ns)  Path(ns)    Netlist Resource(s)
  -------------------------------------------------------------------    -------------------
                         (clock RFADC2_CLK rise edge)
                                                      0.000     0.000 r  
    RFADC_X0Y2           RFADC                        0.000     0.000 r  design_1_i/usp_rf_data_converter_0/inst/design_1_usp_rf_data_converter_0_0_rf_wrapper_i/rx2_u_adc/INTERNAL_FBRC_DIV1_MUX
    RFADC_X0Y2           RFADC (Prop_RFADC_INTERNAL_FBRC_DIV1_MUX_CLK_ADC)
                                                      0.150     0.150 r  design_1_i/usp_rf_data_converter_0/inst/design_1_usp_rf_data_converter_0_0_rf_wrapper_i/rx2_u_adc/CLK_ADC
                         net (fo=2, routed)           0.246     0.396    design_1_i/usp_rf_data_converter_0/inst/i_design_1_usp_rf_data_converter_0_0_bufg_gt_ctrl/adc2_bufg_gt_0
    BUFG_GT_X1Y68        BUFG_GT (Prop_BUFG_GT_I_O)
                                                      0.130     0.526 r  design_1_i/usp_rf_data_converter_0/inst/i_design_1_usp_rf_data_converter_0_0_bufg_gt_ctrl/adc2_bufg_gt/O
    X3Y1 (CLOCK_ROOT)    net (fo=9251, routed)        2.306     2.832    design_1_i/axi_dma_1/U0/I_PRMRY_DATAMOVER/GEN_S2MM_FULL.I_S2MM_FULL_WRAPPER/I_CMD_STATUS/I_CMD_FIFO/USE_ASYNC_FIFO.I_ASYNC_FIFO/I_ASYNC_FIFOGEN_FIFO/xpm_fifo_instance.xpm_fifo_async_inst/gnuram_async_fifo.xpm_fifo_base_inst/gen_cdc_pntr.rd_pntr_cdc_inst/src_clk
    SLICE_X45Y61         FDRE                                         r  design_1_i/axi_dma_1/U0/I_PRMRY_DATAMOVER/GEN_S2MM_FULL.I_S2MM_FULL_WRAPPER/I_CMD_STATUS/I_CMD_FIFO/USE_ASYNC_FIFO.I_ASYNC_FIFO/I_ASYNC_FIFOGEN_FIFO/xpm_fifo_instance.xpm_fifo_async_inst/gnuram_async_fifo.xpm_fifo_base_inst/gen_cdc_pntr.rd_pntr_cdc_inst/src_gray_ff_reg[0]/C
  -------------------------------------------------------------------    -------------------
    SLICE_X45Y61         FDRE (Prop_FFF_SLICEM_C_Q)
                                                      0.076     2.908 r  design_1_i/axi_dma_1/U0/I_PRMRY_DATAMOVER/GEN_S2MM_FULL.I_S2MM_FULL_WRAPPER/I_CMD_STATUS/I_CMD_FIFO/USE_ASYNC_FIFO.I_ASYNC_FIFO/I_ASYNC_FIFOGEN_FIFO/xpm_fifo_instance.xpm_fifo_async_inst/gnuram_async_fifo.xpm_fifo_base_inst/gen_cdc_pntr.rd_pntr_cdc_inst/src_gray_ff_reg[0]/Q
                         net (fo=1, routed)           0.366     3.274    design_1_i/axi_dma_1/U0/I_PRMRY_DATAMOVER/GEN_S2MM_FULL.I_S2MM_FULL_WRAPPER/I_CMD_STATUS/I_CMD_FIFO/USE_ASYNC_FIFO.I_ASYNC_FIFO/I_ASYNC_FIFOGEN_FIFO/xpm_fifo_instance.xpm_fifo_async_inst/gnuram_async_fifo.xpm_fifo_base_inst/gen_cdc_pntr.rd_pntr_cdc_inst/async_path[0]
    SLICE_X47Y57         FDRE                                         r  design_1_i/axi_dma_1/U0/I_PRMRY_DATAMOVER/GEN_S2MM_FULL.I_S2MM_FULL_WRAPPER/I_CMD_STATUS/I_CMD_FIFO/USE_ASYNC_FIFO.I_ASYNC_FIFO/I_ASYNC_FIFOGEN_FIFO/xpm_fifo_instance.xpm_fifo_async_inst/gnuram_async_fifo.xpm_fifo_base_inst/gen_cdc_pntr.rd_pntr_cdc_inst/dest_graysync_ff_reg[0][0]/D
  -------------------------------------------------------------------    -------------------

                         (clock clk_pl_0 rise edge)
                                                      0.000     0.000 r  
    PS8_X0Y0             PS8                          0.000     0.000 r  design_1_i/zynq_ultra_ps_e_0/inst/PS8_i/PLCLK[0]
                         net (fo=1, routed)           0.157     0.157    design_1_i/zynq_ultra_ps_e_0/inst/pl_clk_unbuffered[0]
    BUFG_PS_X0Y66        BUFG_PS (Prop_BUFG_PS_I_O)
                                                      0.025     0.182 r  design_1_i/zynq_ultra_ps_e_0/inst/buffer_pl_clk_0.PL_CLK_0_BUFG/O
    X3Y3 (CLOCK_ROOT)    net (fo=7512, routed)        2.228     2.410    design_1_i/axi_dma_1/U0/I_PRMRY_DATAMOVER/GEN_S2MM_FULL.I_S2MM_FULL_WRAPPER/I_CMD_STATUS/I_CMD_FIFO/USE_ASYNC_FIFO.I_ASYNC_FIFO/I_ASYNC_FIFOGEN_FIFO/xpm_fifo_instance.xpm_fifo_async_inst/gnuram_async_fifo.xpm_fifo_base_inst/gen_cdc_pntr.rd_pntr_cdc_inst/dest_clk
    SLICE_X47Y57         FDRE                                         r  design_1_i/axi_dma_1/U0/I_PRMRY_DATAMOVER/GEN_S2MM_FULL.I_S2MM_FULL_WRAPPER/I_CMD_STATUS/I_CMD_FIFO/USE_ASYNC_FIFO.I_ASYNC_FIFO/I_ASYNC_FIFOGEN_FIFO/xpm_fifo_instance.xpm_fifo_async_inst/gnuram_async_fifo.xpm_fifo_base_inst/gen_cdc_pntr.rd_pntr_cdc_inst/dest_graysync_ff_reg[0][0]/C
                         clock pessimism              0.000     2.410    
    SLICE_X47Y57         FDRE (Setup_DFF2_SLICEL_C_D)
                                                      0.025     2.435    design_1_i/axi_dma_1/U0/I_PRMRY_DATAMOVER/GEN_S2MM_FULL.I_S2MM_FULL_WRAPPER/I_CMD_STATUS/I_CMD_FIFO/USE_ASYNC_FIFO.I_ASYNC_FIFO/I_ASYNC_FIFOGEN_FIFO/xpm_fifo_instance.xpm_fifo_async_inst/gnuram_async_fifo.xpm_fifo_base_inst/gen_cdc_pntr.rd_pntr_cdc_inst/dest_graysync_ff_reg[0][0]
  -------------------------------------------------------------------
                         data arrival                           3.274    
                         clock arrival                          2.435    
  -------------------------------------------------------------------
                         relative delay                         0.839    

Reference path:
    Location             Delay type                Incr(ns)  Path(ns)    Netlist Resource(s)
  -------------------------------------------------------------------    -------------------
                         (clock RFADC2_CLK rise edge)
                                                      0.000     0.000 r  
    RFADC_X0Y2           RFADC                        0.000     0.000 r  design_1_i/usp_rf_data_converter_0/inst/design_1_usp_rf_data_converter_0_0_rf_wrapper_i/rx2_u_adc/INTERNAL_FBRC_DIV1_MUX
    RFADC_X0Y2           RFADC (Prop_RFADC_INTERNAL_FBRC_DIV1_MUX_CLK_ADC)
                                                      0.122     0.122 r  design_1_i/usp_rf_data_converter_0/inst/design_1_usp_rf_data_converter_0_0_rf_wrapper_i/rx2_u_adc/CLK_ADC
                         net (fo=2, routed)           0.150     0.272    design_1_i/usp_rf_data_converter_0/inst/i_design_1_usp_rf_data_converter_0_0_bufg_gt_ctrl/adc2_bufg_gt_0
    BUFG_GT_X1Y68        BUFG_GT (Prop_BUFG_GT_I_O)
                                                      0.114     0.386 r  design_1_i/usp_rf_data_converter_0/inst/i_design_1_usp_rf_data_converter_0_0_bufg_gt_ctrl/adc2_bufg_gt/O
    X3Y1 (CLOCK_ROOT)    net (fo=9251, routed)        2.043     2.429    design_1_i/axi_dma_1/U0/I_PRMRY_DATAMOVER/GEN_S2MM_FULL.I_S2MM_FULL_WRAPPER/I_CMD_STATUS/I_CMD_FIFO/USE_ASYNC_FIFO.I_ASYNC_FIFO/I_ASYNC_FIFOGEN_FIFO/xpm_fifo_instance.xpm_fifo_async_inst/gnuram_async_fifo.xpm_fifo_base_inst/gen_cdc_pntr.rd_pntr_cdc_inst/src_clk
    SLICE_X47Y60         FDRE                                         r  design_1_i/axi_dma_1/U0/I_PRMRY_DATAMOVER/GEN_S2MM_FULL.I_S2MM_FULL_WRAPPER/I_CMD_STATUS/I_CMD_FIFO/USE_ASYNC_FIFO.I_ASYNC_FIFO/I_ASYNC_FIFOGEN_FIFO/xpm_fifo_instance.xpm_fifo_async_inst/gnuram_async_fifo.xpm_fifo_base_inst/gen_cdc_pntr.rd_pntr_cdc_inst/src_gray_ff_reg[2]/C
  -------------------------------------------------------------------    -------------------
    SLICE_X47Y60         FDRE (Prop_DFF_SLICEL_C_Q)
                                                      0.059     2.488 r  design_1_i/axi_dma_1/U0/I_PRMRY_DATAMOVER/GEN_S2MM_FULL.I_S2MM_FULL_WRAPPER/I_CMD_STATUS/I_CMD_FIFO/USE_ASYNC_FIFO.I_ASYNC_FIFO/I_ASYNC_FIFOGEN_FIFO/xpm_fifo_instance.xpm_fifo_async_inst/gnuram_async_fifo.xpm_fifo_base_inst/gen_cdc_pntr.rd_pntr_cdc_inst/src_gray_ff_reg[2]/Q
                         net (fo=1, routed)           0.099     2.587    design_1_i/axi_dma_1/U0/I_PRMRY_DATAMOVER/GEN_S2MM_FULL.I_S2MM_FULL_WRAPPER/I_CMD_STATUS/I_CMD_FIFO/USE_ASYNC_FIFO.I_ASYNC_FIFO/I_ASYNC_FIFOGEN_FIFO/xpm_fifo_instance.xpm_fifo_async_inst/gnuram_async_fifo.xpm_fifo_base_inst/gen_cdc_pntr.rd_pntr_cdc_inst/async_path[2]
    SLICE_X47Y60         FDRE                                         r  design_1_i/axi_dma_1/U0/I_PRMRY_DATAMOVER/GEN_S2MM_FULL.I_S2MM_FULL_WRAPPER/I_CMD_STATUS/I_CMD_FIFO/USE_ASYNC_FIFO.I_ASYNC_FIFO/I_ASYNC_FIFOGEN_FIFO/xpm_fifo_instance.xpm_fifo_async_inst/gnuram_async_fifo.xpm_fifo_base_inst/gen_cdc_pntr.rd_pntr_cdc_inst/dest_graysync_ff_reg[0][2]/D
  -------------------------------------------------------------------    -------------------

                         (clock clk_pl_0 rise edge)
                                                      0.000     0.000 r  
    PS8_X0Y0             PS8                          0.000     0.000 r  design_1_i/zynq_ultra_ps_e_0/inst/PS8_i/PLCLK[0]
                         net (fo=1, routed)           0.198     0.198    design_1_i/zynq_ultra_ps_e_0/inst/pl_clk_unbuffered[0]
    BUFG_PS_X0Y66        BUFG_PS (Prop_BUFG_PS_I_O)
                                                      0.028     0.226 r  design_1_i/zynq_ultra_ps_e_0/inst/buffer_pl_clk_0.PL_CLK_0_BUFG/O
    X3Y3 (CLOCK_ROOT)    net (fo=7512, routed)        2.498     2.724    design_1_i/axi_dma_1/U0/I_PRMRY_DATAMOVER/GEN_S2MM_FULL.I_S2MM_FULL_WRAPPER/I_CMD_STATUS/I_CMD_FIFO/USE_ASYNC_FIFO.I_ASYNC_FIFO/I_ASYNC_FIFOGEN_FIFO/xpm_fifo_instance.xpm_fifo_async_inst/gnuram_async_fifo.xpm_fifo_base_inst/gen_cdc_pntr.rd_pntr_cdc_inst/dest_clk
    SLICE_X47Y60         FDRE                                         r  design_1_i/axi_dma_1/U0/I_PRMRY_DATAMOVER/GEN_S2MM_FULL.I_S2MM_FULL_WRAPPER/I_CMD_STATUS/I_CMD_FIFO/USE_ASYNC_FIFO.I_ASYNC_FIFO/I_ASYNC_FIFOGEN_FIFO/xpm_fifo_instance.xpm_fifo_async_inst/gnuram_async_fifo.xpm_fifo_base_inst/gen_cdc_pntr.rd_pntr_cdc_inst/dest_graysync_ff_reg[0][2]/C
                         clock pessimism              0.000     2.724    
    SLICE_X47Y60         FDRE (Hold_HFF2_SLICEL_C_D)
                                                      0.062     2.786    design_1_i/axi_dma_1/U0/I_PRMRY_DATAMOVER/GEN_S2MM_FULL.I_S2MM_FULL_WRAPPER/I_CMD_STATUS/I_CMD_FIFO/USE_ASYNC_FIFO.I_ASYNC_FIFO/I_ASYNC_FIFOGEN_FIFO/xpm_fifo_instance.xpm_fifo_async_inst/gnuram_async_fifo.xpm_fifo_base_inst/gen_cdc_pntr.rd_pntr_cdc_inst/dest_graysync_ff_reg[0][2]
  -------------------------------------------------------------------
                         data arrival                           2.587    
                         clock arrival                          2.786    
  -------------------------------------------------------------------
                         relative delay                        -0.199    



Id: 4
set_bus_skew -from [get_cells [list {design_1_i/axi_dma_1/U0/I_PRMRY_DATAMOVER/GEN_S2MM_FULL.I_S2MM_FULL_WRAPPER/I_CMD_STATUS/GEN_INCLUDE_STATUS_FIFO.I_STS_FIFO/USE_ASYNC_FIFO.I_ASYNC_FIFO/I_ASYNC_FIFOGEN_FIFO/xpm_fifo_instance.xpm_fifo_async_inst/gnuram_async_fifo.xpm_fifo_base_inst/gen_cdc_pntr.wr_pntr_cdc_inst/src_gray_ff_reg[0]} {design_1_i/axi_dma_1/U0/I_PRMRY_DATAMOVER/GEN_S2MM_FULL.I_S2MM_FULL_WRAPPER/I_CMD_STATUS/GEN_INCLUDE_STATUS_FIFO.I_STS_FIFO/USE_ASYNC_FIFO.I_ASYNC_FIFO/I_ASYNC_FIFOGEN_FIFO/xpm_fifo_instance.xpm_fifo_async_inst/gnuram_async_fifo.xpm_fifo_base_inst/gen_cdc_pntr.wr_pntr_cdc_inst/src_gray_ff_reg[1]} {design_1_i/axi_dma_1/U0/I_PRMRY_DATAMOVER/GEN_S2MM_FULL.I_S2MM_FULL_WRAPPER/I_CMD_STATUS/GEN_INCLUDE_STATUS_FIFO.I_STS_FIFO/USE_ASYNC_FIFO.I_ASYNC_FIFO/I_ASYNC_FIFOGEN_FIFO/xpm_fifo_instance.xpm_fifo_async_inst/gnuram_async_fifo.xpm_fifo_base_inst/gen_cdc_pntr.wr_pntr_cdc_inst/src_gray_ff_reg[2]} {design_1_i/axi_dma_1/U0/I_PRMRY_DATAMOVER/GEN_S2MM_FULL.I_S2MM_FULL_WRAPPER/I_CMD_STATUS/GEN_INCLUDE_STATUS_FIFO.I_STS_FIFO/USE_ASYNC_FIFO.I_ASYNC_FIFO/I_ASYNC_FIFOGEN_FIFO/xpm_fifo_instance.xpm_fifo_async_inst/gnuram_async_fifo.xpm_fifo_base_inst/gen_cdc_pntr.wr_pntr_cdc_inst/src_gray_ff_reg[3]}]] -to [get_cells [list {design_1_i/axi_dma_1/U0/I_PRMRY_DATAMOVER/GEN_S2MM_FULL.I_S2MM_FULL_WRAPPER/I_CMD_STATUS/GEN_INCLUDE_STATUS_FIFO.I_STS_FIFO/USE_ASYNC_FIFO.I_ASYNC_FIFO/I_ASYNC_FIFOGEN_FIFO/xpm_fifo_instance.xpm_fifo_async_inst/gnuram_async_fifo.xpm_fifo_base_inst/gen_cdc_pntr.wr_pntr_cdc_inst/dest_graysync_ff_reg[0][0]} {design_1_i/axi_dma_1/U0/I_PRMRY_DATAMOVER/GEN_S2MM_FULL.I_S2MM_FULL_WRAPPER/I_CMD_STATUS/GEN_INCLUDE_STATUS_FIFO.I_STS_FIFO/USE_ASYNC_FIFO.I_ASYNC_FIFO/I_ASYNC_FIFOGEN_FIFO/xpm_fifo_instance.xpm_fifo_async_inst/gnuram_async_fifo.xpm_fifo_base_inst/gen_cdc_pntr.wr_pntr_cdc_inst/dest_graysync_ff_reg[0][1]} {design_1_i/axi_dma_1/U0/I_PRMRY_DATAMOVER/GEN_S2MM_FULL.I_S2MM_FULL_WRAPPER/I_CMD_STATUS/GEN_INCLUDE_STATUS_FIFO.I_STS_FIFO/USE_ASYNC_FIFO.I_ASYNC_FIFO/I_ASYNC_FIFOGEN_FIFO/xpm_fifo_instance.xpm_fifo_async_inst/gnuram_async_fifo.xpm_fifo_base_inst/gen_cdc_pntr.wr_pntr_cdc_inst/dest_graysync_ff_reg[0][2]} {design_1_i/axi_dma_1/U0/I_PRMRY_DATAMOVER/GEN_S2MM_FULL.I_S2MM_FULL_WRAPPER/I_CMD_STATUS/GEN_INCLUDE_STATUS_FIFO.I_STS_FIFO/USE_ASYNC_FIFO.I_ASYNC_FIFO/I_ASYNC_FIFOGEN_FIFO/xpm_fifo_instance.xpm_fifo_async_inst/gnuram_async_fifo.xpm_fifo_base_inst/gen_cdc_pntr.wr_pntr_cdc_inst/dest_graysync_ff_reg[0][3]}]] 3.255
Requirement: 3.255ns
Endpoints: 4

From Clock            To Clock              Endpoint Pin                    Reference Pin                   Corner  Actual(ns)  Slack(ns)
--------------------  --------------------  ------------------------------  ------------------------------  ------  ----------  ---------
RFADC2_CLK            clk_pl_0              design_1_i/axi_dma_1/U0/I_PRMRY_DATAMOVER/GEN_S2MM_FULL.I_S2MM_FULL_WRAPPER/I_CMD_STATUS/GEN_INCLUDE_STATUS_FIFO.I_STS_FIFO/USE_ASYNC_FIFO.I_ASYNC_FIFO/I_ASYNC_FIFOGEN_FIFO/xpm_fifo_instance.xpm_fifo_async_inst/gnuram_async_fifo.xpm_fifo_base_inst/gen_cdc_pntr.wr_pntr_cdc_inst/dest_graysync_ff_reg[0][3]/D
                                                                            design_1_i/axi_dma_1/U0/I_PRMRY_DATAMOVER/GEN_S2MM_FULL.I_S2MM_FULL_WRAPPER/I_CMD_STATUS/GEN_INCLUDE_STATUS_FIFO.I_STS_FIFO/USE_ASYNC_FIFO.I_ASYNC_FIFO/I_ASYNC_FIFOGEN_FIFO/xpm_fifo_instance.xpm_fifo_async_inst/gnuram_async_fifo.xpm_fifo_base_inst/gen_cdc_pntr.wr_pntr_cdc_inst/dest_graysync_ff_reg[0][2]/D
                                                                                                            Slow         0.644      2.611


Slack (MET) :             2.611ns  (requirement - actual skew)
  Endpoint Source:        design_1_i/axi_dma_1/U0/I_PRMRY_DATAMOVER/GEN_S2MM_FULL.I_S2MM_FULL_WRAPPER/I_CMD_STATUS/GEN_INCLUDE_STATUS_FIFO.I_STS_FIFO/USE_ASYNC_FIFO.I_ASYNC_FIFO/I_ASYNC_FIFOGEN_FIFO/xpm_fifo_instance.xpm_fifo_async_inst/gnuram_async_fifo.xpm_fifo_base_inst/gen_cdc_pntr.wr_pntr_cdc_inst/src_gray_ff_reg[3]/C
                            (rising edge-triggered cell FDRE clocked by RFADC2_CLK)
  Endpoint Destination:   design_1_i/axi_dma_1/U0/I_PRMRY_DATAMOVER/GEN_S2MM_FULL.I_S2MM_FULL_WRAPPER/I_CMD_STATUS/GEN_INCLUDE_STATUS_FIFO.I_STS_FIFO/USE_ASYNC_FIFO.I_ASYNC_FIFO/I_ASYNC_FIFOGEN_FIFO/xpm_fifo_instance.xpm_fifo_async_inst/gnuram_async_fifo.xpm_fifo_base_inst/gen_cdc_pntr.wr_pntr_cdc_inst/dest_graysync_ff_reg[0][3]/D
                            (rising edge-triggered cell FDRE clocked by clk_pl_0)
  Reference Source:       design_1_i/axi_dma_1/U0/I_PRMRY_DATAMOVER/GEN_S2MM_FULL.I_S2MM_FULL_WRAPPER/I_CMD_STATUS/GEN_INCLUDE_STATUS_FIFO.I_STS_FIFO/USE_ASYNC_FIFO.I_ASYNC_FIFO/I_ASYNC_FIFOGEN_FIFO/xpm_fifo_instance.xpm_fifo_async_inst/gnuram_async_fifo.xpm_fifo_base_inst/gen_cdc_pntr.wr_pntr_cdc_inst/src_gray_ff_reg[2]/C
                            (rising edge-triggered cell FDRE clocked by RFADC2_CLK)
  Reference Destination:  design_1_i/axi_dma_1/U0/I_PRMRY_DATAMOVER/GEN_S2MM_FULL.I_S2MM_FULL_WRAPPER/I_CMD_STATUS/GEN_INCLUDE_STATUS_FIFO.I_STS_FIFO/USE_ASYNC_FIFO.I_ASYNC_FIFO/I_ASYNC_FIFOGEN_FIFO/xpm_fifo_instance.xpm_fifo_async_inst/gnuram_async_fifo.xpm_fifo_base_inst/gen_cdc_pntr.wr_pntr_cdc_inst/dest_graysync_ff_reg[0][2]/D
                            (rising edge-triggered cell FDRE clocked by clk_pl_0)
  Path Type:              Bus Skew (Max at Slow Process Corner)
  Requirement:            3.255ns
  Endpoint Relative Delay:    0.868ns
  Reference Relative Delay:  -0.201ns
  Relative CRPR:              0.425ns
  Actual Bus Skew:            0.644ns  (Endpoint Relative Delay - Reference Relative Delay - Relative CRPR)

Endpoint path:
    Location             Delay type                Incr(ns)  Path(ns)    Netlist Resource(s)
  -------------------------------------------------------------------    -------------------
                         (clock RFADC2_CLK rise edge)
                                                      0.000     0.000 r  
    RFADC_X0Y2           RFADC                        0.000     0.000 r  design_1_i/usp_rf_data_converter_0/inst/design_1_usp_rf_data_converter_0_0_rf_wrapper_i/rx2_u_adc/INTERNAL_FBRC_DIV1_MUX
    RFADC_X0Y2           RFADC (Prop_RFADC_INTERNAL_FBRC_DIV1_MUX_CLK_ADC)
                                                      0.150     0.150 r  design_1_i/usp_rf_data_converter_0/inst/design_1_usp_rf_data_converter_0_0_rf_wrapper_i/rx2_u_adc/CLK_ADC
                         net (fo=2, routed)           0.246     0.396    design_1_i/usp_rf_data_converter_0/inst/i_design_1_usp_rf_data_converter_0_0_bufg_gt_ctrl/adc2_bufg_gt_0
    BUFG_GT_X1Y68        BUFG_GT (Prop_BUFG_GT_I_O)
                                                      0.130     0.526 r  design_1_i/usp_rf_data_converter_0/inst/i_design_1_usp_rf_data_converter_0_0_bufg_gt_ctrl/adc2_bufg_gt/O
    X3Y1 (CLOCK_ROOT)    net (fo=9251, routed)        2.313     2.839    design_1_i/axi_dma_1/U0/I_PRMRY_DATAMOVER/GEN_S2MM_FULL.I_S2MM_FULL_WRAPPER/I_CMD_STATUS/GEN_INCLUDE_STATUS_FIFO.I_STS_FIFO/USE_ASYNC_FIFO.I_ASYNC_FIFO/I_ASYNC_FIFOGEN_FIFO/xpm_fifo_instance.xpm_fifo_async_inst/gnuram_async_fifo.xpm_fifo_base_inst/gen_cdc_pntr.wr_pntr_cdc_inst/src_clk
    SLICE_X45Y57         FDRE                                         r  design_1_i/axi_dma_1/U0/I_PRMRY_DATAMOVER/GEN_S2MM_FULL.I_S2MM_FULL_WRAPPER/I_CMD_STATUS/GEN_INCLUDE_STATUS_FIFO.I_STS_FIFO/USE_ASYNC_FIFO.I_ASYNC_FIFO/I_ASYNC_FIFOGEN_FIFO/xpm_fifo_instance.xpm_fifo_async_inst/gnuram_async_fifo.xpm_fifo_base_inst/gen_cdc_pntr.wr_pntr_cdc_inst/src_gray_ff_reg[3]/C
  -------------------------------------------------------------------    -------------------
    SLICE_X45Y57         FDRE (Prop_EFF_SLICEM_C_Q)
                                                      0.076     2.915 r  design_1_i/axi_dma_1/U0/I_PRMRY_DATAMOVER/GEN_S2MM_FULL.I_S2MM_FULL_WRAPPER/I_CMD_STATUS/GEN_INCLUDE_STATUS_FIFO.I_STS_FIFO/USE_ASYNC_FIFO.I_ASYNC_FIFO/I_ASYNC_FIFOGEN_FIFO/xpm_fifo_instance.xpm_fifo_async_inst/gnuram_async_fifo.xpm_fifo_base_inst/gen_cdc_pntr.wr_pntr_cdc_inst/src_gray_ff_reg[3]/Q
                         net (fo=1, routed)           0.390     3.305    design_1_i/axi_dma_1/U0/I_PRMRY_DATAMOVER/GEN_S2MM_FULL.I_S2MM_FULL_WRAPPER/I_CMD_STATUS/GEN_INCLUDE_STATUS_FIFO.I_STS_FIFO/USE_ASYNC_FIFO.I_ASYNC_FIFO/I_ASYNC_FIFOGEN_FIFO/xpm_fifo_instance.xpm_fifo_async_inst/gnuram_async_fifo.xpm_fifo_base_inst/gen_cdc_pntr.wr_pntr_cdc_inst/async_path[3]
    SLICE_X45Y57         FDRE                                         r  design_1_i/axi_dma_1/U0/I_PRMRY_DATAMOVER/GEN_S2MM_FULL.I_S2MM_FULL_WRAPPER/I_CMD_STATUS/GEN_INCLUDE_STATUS_FIFO.I_STS_FIFO/USE_ASYNC_FIFO.I_ASYNC_FIFO/I_ASYNC_FIFOGEN_FIFO/xpm_fifo_instance.xpm_fifo_async_inst/gnuram_async_fifo.xpm_fifo_base_inst/gen_cdc_pntr.wr_pntr_cdc_inst/dest_graysync_ff_reg[0][3]/D
  -------------------------------------------------------------------    -------------------

                         (clock clk_pl_0 rise edge)
                                                      0.000     0.000 r  
    PS8_X0Y0             PS8                          0.000     0.000 r  design_1_i/zynq_ultra_ps_e_0/inst/PS8_i/PLCLK[0]
                         net (fo=1, routed)           0.157     0.157    design_1_i/zynq_ultra_ps_e_0/inst/pl_clk_unbuffered[0]
    BUFG_PS_X0Y66        BUFG_PS (Prop_BUFG_PS_I_O)
                                                      0.025     0.182 r  design_1_i/zynq_ultra_ps_e_0/inst/buffer_pl_clk_0.PL_CLK_0_BUFG/O
    X3Y3 (CLOCK_ROOT)    net (fo=7512, routed)        2.230     2.412    design_1_i/axi_dma_1/U0/I_PRMRY_DATAMOVER/GEN_S2MM_FULL.I_S2MM_FULL_WRAPPER/I_CMD_STATUS/GEN_INCLUDE_STATUS_FIFO.I_STS_FIFO/USE_ASYNC_FIFO.I_ASYNC_FIFO/I_ASYNC_FIFOGEN_FIFO/xpm_fifo_instance.xpm_fifo_async_inst/gnuram_async_fifo.xpm_fifo_base_inst/gen_cdc_pntr.wr_pntr_cdc_inst/dest_clk
    SLICE_X45Y57         FDRE                                         r  design_1_i/axi_dma_1/U0/I_PRMRY_DATAMOVER/GEN_S2MM_FULL.I_S2MM_FULL_WRAPPER/I_CMD_STATUS/GEN_INCLUDE_STATUS_FIFO.I_STS_FIFO/USE_ASYNC_FIFO.I_ASYNC_FIFO/I_ASYNC_FIFOGEN_FIFO/xpm_fifo_instance.xpm_fifo_async_inst/gnuram_async_fifo.xpm_fifo_base_inst/gen_cdc_pntr.wr_pntr_cdc_inst/dest_graysync_ff_reg[0][3]/C
                         clock pessimism              0.000     2.412    
    SLICE_X45Y57         FDRE (Setup_DFF2_SLICEM_C_D)
                                                      0.025     2.437    design_1_i/axi_dma_1/U0/I_PRMRY_DATAMOVER/GEN_S2MM_FULL.I_S2MM_FULL_WRAPPER/I_CMD_STATUS/GEN_INCLUDE_STATUS_FIFO.I_STS_FIFO/USE_ASYNC_FIFO.I_ASYNC_FIFO/I_ASYNC_FIFOGEN_FIFO/xpm_fifo_instance.xpm_fifo_async_inst/gnuram_async_fifo.xpm_fifo_base_inst/gen_cdc_pntr.wr_pntr_cdc_inst/dest_graysync_ff_reg[0][3]
  -------------------------------------------------------------------
                         data arrival                           3.305    
                         clock arrival                          2.437    
  -------------------------------------------------------------------
                         relative delay                         0.868    

Reference path:
    Location             Delay type                Incr(ns)  Path(ns)    Netlist Resource(s)
  -------------------------------------------------------------------    -------------------
                         (clock RFADC2_CLK rise edge)
                                                      0.000     0.000 r  
    RFADC_X0Y2           RFADC                        0.000     0.000 r  design_1_i/usp_rf_data_converter_0/inst/design_1_usp_rf_data_converter_0_0_rf_wrapper_i/rx2_u_adc/INTERNAL_FBRC_DIV1_MUX
    RFADC_X0Y2           RFADC (Prop_RFADC_INTERNAL_FBRC_DIV1_MUX_CLK_ADC)
                                                      0.122     0.122 r  design_1_i/usp_rf_data_converter_0/inst/design_1_usp_rf_data_converter_0_0_rf_wrapper_i/rx2_u_adc/CLK_ADC
                         net (fo=2, routed)           0.150     0.272    design_1_i/usp_rf_data_converter_0/inst/i_design_1_usp_rf_data_converter_0_0_bufg_gt_ctrl/adc2_bufg_gt_0
    BUFG_GT_X1Y68        BUFG_GT (Prop_BUFG_GT_I_O)
                                                      0.114     0.386 r  design_1_i/usp_rf_data_converter_0/inst/i_design_1_usp_rf_data_converter_0_0_bufg_gt_ctrl/adc2_bufg_gt/O
    X3Y1 (CLOCK_ROOT)    net (fo=9251, routed)        2.056     2.442    design_1_i/axi_dma_1/U0/I_PRMRY_DATAMOVER/GEN_S2MM_FULL.I_S2MM_FULL_WRAPPER/I_CMD_STATUS/GEN_INCLUDE_STATUS_FIFO.I_STS_FIFO/USE_ASYNC_FIFO.I_ASYNC_FIFO/I_ASYNC_FIFOGEN_FIFO/xpm_fifo_instance.xpm_fifo_async_inst/gnuram_async_fifo.xpm_fifo_base_inst/gen_cdc_pntr.wr_pntr_cdc_inst/src_clk
    SLICE_X45Y61         FDRE                                         r  design_1_i/axi_dma_1/U0/I_PRMRY_DATAMOVER/GEN_S2MM_FULL.I_S2MM_FULL_WRAPPER/I_CMD_STATUS/GEN_INCLUDE_STATUS_FIFO.I_STS_FIFO/USE_ASYNC_FIFO.I_ASYNC_FIFO/I_ASYNC_FIFOGEN_FIFO/xpm_fifo_instance.xpm_fifo_async_inst/gnuram_async_fifo.xpm_fifo_base_inst/gen_cdc_pntr.wr_pntr_cdc_inst/src_gray_ff_reg[2]/C
  -------------------------------------------------------------------    -------------------
    SLICE_X45Y61         FDRE (Prop_GFF_SLICEM_C_Q)
                                                      0.058     2.500 r  design_1_i/axi_dma_1/U0/I_PRMRY_DATAMOVER/GEN_S2MM_FULL.I_S2MM_FULL_WRAPPER/I_CMD_STATUS/GEN_INCLUDE_STATUS_FIFO.I_STS_FIFO/USE_ASYNC_FIFO.I_ASYNC_FIFO/I_ASYNC_FIFOGEN_FIFO/xpm_fifo_instance.xpm_fifo_async_inst/gnuram_async_fifo.xpm_fifo_base_inst/gen_cdc_pntr.wr_pntr_cdc_inst/src_gray_ff_reg[2]/Q
                         net (fo=1, routed)           0.084     2.584    design_1_i/axi_dma_1/U0/I_PRMRY_DATAMOVER/GEN_S2MM_FULL.I_S2MM_FULL_WRAPPER/I_CMD_STATUS/GEN_INCLUDE_STATUS_FIFO.I_STS_FIFO/USE_ASYNC_FIFO.I_ASYNC_FIFO/I_ASYNC_FIFOGEN_FIFO/xpm_fifo_instance.xpm_fifo_async_inst/gnuram_async_fifo.xpm_fifo_base_inst/gen_cdc_pntr.wr_pntr_cdc_inst/async_path[2]
    SLICE_X45Y60         FDRE                                         r  design_1_i/axi_dma_1/U0/I_PRMRY_DATAMOVER/GEN_S2MM_FULL.I_S2MM_FULL_WRAPPER/I_CMD_STATUS/GEN_INCLUDE_STATUS_FIFO.I_STS_FIFO/USE_ASYNC_FIFO.I_ASYNC_FIFO/I_ASYNC_FIFOGEN_FIFO/xpm_fifo_instance.xpm_fifo_async_inst/gnuram_async_fifo.xpm_fifo_base_inst/gen_cdc_pntr.wr_pntr_cdc_inst/dest_graysync_ff_reg[0][2]/D
  -------------------------------------------------------------------    -------------------

                         (clock clk_pl_0 rise edge)
                                                      0.000     0.000 r  
    PS8_X0Y0             PS8                          0.000     0.000 r  design_1_i/zynq_ultra_ps_e_0/inst/PS8_i/PLCLK[0]
                         net (fo=1, routed)           0.198     0.198    design_1_i/zynq_ultra_ps_e_0/inst/pl_clk_unbuffered[0]
    BUFG_PS_X0Y66        BUFG_PS (Prop_BUFG_PS_I_O)
                                                      0.028     0.226 r  design_1_i/zynq_ultra_ps_e_0/inst/buffer_pl_clk_0.PL_CLK_0_BUFG/O
    X3Y3 (CLOCK_ROOT)    net (fo=7512, routed)        2.497     2.723    design_1_i/axi_dma_1/U0/I_PRMRY_DATAMOVER/GEN_S2MM_FULL.I_S2MM_FULL_WRAPPER/I_CMD_STATUS/GEN_INCLUDE_STATUS_FIFO.I_STS_FIFO/USE_ASYNC_FIFO.I_ASYNC_FIFO/I_ASYNC_FIFOGEN_FIFO/xpm_fifo_instance.xpm_fifo_async_inst/gnuram_async_fifo.xpm_fifo_base_inst/gen_cdc_pntr.wr_pntr_cdc_inst/dest_clk
    SLICE_X45Y60         FDRE                                         r  design_1_i/axi_dma_1/U0/I_PRMRY_DATAMOVER/GEN_S2MM_FULL.I_S2MM_FULL_WRAPPER/I_CMD_STATUS/GEN_INCLUDE_STATUS_FIFO.I_STS_FIFO/USE_ASYNC_FIFO.I_ASYNC_FIFO/I_ASYNC_FIFOGEN_FIFO/xpm_fifo_instance.xpm_fifo_async_inst/gnuram_async_fifo.xpm_fifo_base_inst/gen_cdc_pntr.wr_pntr_cdc_inst/dest_graysync_ff_reg[0][2]/C
                         clock pessimism              0.000     2.723    
    SLICE_X45Y60         FDRE (Hold_DFF2_SLICEM_C_D)
                                                      0.061     2.784    design_1_i/axi_dma_1/U0/I_PRMRY_DATAMOVER/GEN_S2MM_FULL.I_S2MM_FULL_WRAPPER/I_CMD_STATUS/GEN_INCLUDE_STATUS_FIFO.I_STS_FIFO/USE_ASYNC_FIFO.I_ASYNC_FIFO/I_ASYNC_FIFOGEN_FIFO/xpm_fifo_instance.xpm_fifo_async_inst/gnuram_async_fifo.xpm_fifo_base_inst/gen_cdc_pntr.wr_pntr_cdc_inst/dest_graysync_ff_reg[0][2]
  -------------------------------------------------------------------
                         data arrival                           2.584    
                         clock arrival                          2.784    
  -------------------------------------------------------------------
                         relative delay                        -0.201    



Id: 5
set_bus_skew -from [get_cells [list {design_1_i/axi_dma_2/U0/I_PRMRY_DATAMOVER/GEN_S2MM_FULL.I_S2MM_FULL_WRAPPER/I_CMD_STATUS/GEN_INCLUDE_STATUS_FIFO.I_STS_FIFO/USE_ASYNC_FIFO.I_ASYNC_FIFO/I_ASYNC_FIFOGEN_FIFO/xpm_fifo_instance.xpm_fifo_async_inst/gnuram_async_fifo.xpm_fifo_base_inst/gen_cdc_pntr.rd_pntr_cdc_inst/src_gray_ff_reg[0]} {design_1_i/axi_dma_2/U0/I_PRMRY_DATAMOVER/GEN_S2MM_FULL.I_S2MM_FULL_WRAPPER/I_CMD_STATUS/GEN_INCLUDE_STATUS_FIFO.I_STS_FIFO/USE_ASYNC_FIFO.I_ASYNC_FIFO/I_ASYNC_FIFOGEN_FIFO/xpm_fifo_instance.xpm_fifo_async_inst/gnuram_async_fifo.xpm_fifo_base_inst/gen_cdc_pntr.rd_pntr_cdc_inst/src_gray_ff_reg[1]} {design_1_i/axi_dma_2/U0/I_PRMRY_DATAMOVER/GEN_S2MM_FULL.I_S2MM_FULL_WRAPPER/I_CMD_STATUS/GEN_INCLUDE_STATUS_FIFO.I_STS_FIFO/USE_ASYNC_FIFO.I_ASYNC_FIFO/I_ASYNC_FIFOGEN_FIFO/xpm_fifo_instance.xpm_fifo_async_inst/gnuram_async_fifo.xpm_fifo_base_inst/gen_cdc_pntr.rd_pntr_cdc_inst/src_gray_ff_reg[2]} {design_1_i/axi_dma_2/U0/I_PRMRY_DATAMOVER/GEN_S2MM_FULL.I_S2MM_FULL_WRAPPER/I_CMD_STATUS/GEN_INCLUDE_STATUS_FIFO.I_STS_FIFO/USE_ASYNC_FIFO.I_ASYNC_FIFO/I_ASYNC_FIFOGEN_FIFO/xpm_fifo_instance.xpm_fifo_async_inst/gnuram_async_fifo.xpm_fifo_base_inst/gen_cdc_pntr.rd_pntr_cdc_inst/src_gray_ff_reg[3]}]] -to [get_cells [list {design_1_i/axi_dma_2/U0/I_PRMRY_DATAMOVER/GEN_S2MM_FULL.I_S2MM_FULL_WRAPPER/I_CMD_STATUS/GEN_INCLUDE_STATUS_FIFO.I_STS_FIFO/USE_ASYNC_FIFO.I_ASYNC_FIFO/I_ASYNC_FIFOGEN_FIFO/xpm_fifo_instance.xpm_fifo_async_inst/gnuram_async_fifo.xpm_fifo_base_inst/gen_cdc_pntr.rd_pntr_cdc_inst/dest_graysync_ff_reg[0][0]} {design_1_i/axi_dma_2/U0/I_PRMRY_DATAMOVER/GEN_S2MM_FULL.I_S2MM_FULL_WRAPPER/I_CMD_STATUS/GEN_INCLUDE_STATUS_FIFO.I_STS_FIFO/USE_ASYNC_FIFO.I_ASYNC_FIFO/I_ASYNC_FIFOGEN_FIFO/xpm_fifo_instance.xpm_fifo_async_inst/gnuram_async_fifo.xpm_fifo_base_inst/gen_cdc_pntr.rd_pntr_cdc_inst/dest_graysync_ff_reg[0][1]} {design_1_i/axi_dma_2/U0/I_PRMRY_DATAMOVER/GEN_S2MM_FULL.I_S2MM_FULL_WRAPPER/I_CMD_STATUS/GEN_INCLUDE_STATUS_FIFO.I_STS_FIFO/USE_ASYNC_FIFO.I_ASYNC_FIFO/I_ASYNC_FIFOGEN_FIFO/xpm_fifo_instance.xpm_fifo_async_inst/gnuram_async_fifo.xpm_fifo_base_inst/gen_cdc_pntr.rd_pntr_cdc_inst/dest_graysync_ff_reg[0][2]} {design_1_i/axi_dma_2/U0/I_PRMRY_DATAMOVER/GEN_S2MM_FULL.I_S2MM_FULL_WRAPPER/I_CMD_STATUS/GEN_INCLUDE_STATUS_FIFO.I_STS_FIFO/USE_ASYNC_FIFO.I_ASYNC_FIFO/I_ASYNC_FIFOGEN_FIFO/xpm_fifo_instance.xpm_fifo_async_inst/gnuram_async_fifo.xpm_fifo_base_inst/gen_cdc_pntr.rd_pntr_cdc_inst/dest_graysync_ff_reg[0][3]}]] 3.255
Requirement: 3.255ns
Endpoints: 4

From Clock            To Clock              Endpoint Pin                    Reference Pin                   Corner  Actual(ns)  Slack(ns)
--------------------  --------------------  ------------------------------  ------------------------------  ------  ----------  ---------
clk_pl_0              RFADC2_CLK            design_1_i/axi_dma_2/U0/I_PRMRY_DATAMOVER/GEN_S2MM_FULL.I_S2MM_FULL_WRAPPER/I_CMD_STATUS/GEN_INCLUDE_STATUS_FIFO.I_STS_FIFO/USE_ASYNC_FIFO.I_ASYNC_FIFO/I_ASYNC_FIFOGEN_FIFO/xpm_fifo_instance.xpm_fifo_async_inst/gnuram_async_fifo.xpm_fifo_base_inst/gen_cdc_pntr.rd_pntr_cdc_inst/dest_graysync_ff_reg[0][3]/D
                                                                            design_1_i/axi_dma_2/U0/I_PRMRY_DATAMOVER/GEN_S2MM_FULL.I_S2MM_FULL_WRAPPER/I_CMD_STATUS/GEN_INCLUDE_STATUS_FIFO.I_STS_FIFO/USE_ASYNC_FIFO.I_ASYNC_FIFO/I_ASYNC_FIFOGEN_FIFO/xpm_fifo_instance.xpm_fifo_async_inst/gnuram_async_fifo.xpm_fifo_base_inst/gen_cdc_pntr.rd_pntr_cdc_inst/dest_graysync_ff_reg[0][2]/D
                                                                                                            Slow         0.373      2.882


Slack (MET) :             2.882ns  (requirement - actual skew)
  Endpoint Source:        design_1_i/axi_dma_2/U0/I_PRMRY_DATAMOVER/GEN_S2MM_FULL.I_S2MM_FULL_WRAPPER/I_CMD_STATUS/GEN_INCLUDE_STATUS_FIFO.I_STS_FIFO/USE_ASYNC_FIFO.I_ASYNC_FIFO/I_ASYNC_FIFOGEN_FIFO/xpm_fifo_instance.xpm_fifo_async_inst/gnuram_async_fifo.xpm_fifo_base_inst/gen_cdc_pntr.rd_pntr_cdc_inst/src_gray_ff_reg[3]/C
                            (rising edge-triggered cell FDRE clocked by clk_pl_0)
  Endpoint Destination:   design_1_i/axi_dma_2/U0/I_PRMRY_DATAMOVER/GEN_S2MM_FULL.I_S2MM_FULL_WRAPPER/I_CMD_STATUS/GEN_INCLUDE_STATUS_FIFO.I_STS_FIFO/USE_ASYNC_FIFO.I_ASYNC_FIFO/I_ASYNC_FIFOGEN_FIFO/xpm_fifo_instance.xpm_fifo_async_inst/gnuram_async_fifo.xpm_fifo_base_inst/gen_cdc_pntr.rd_pntr_cdc_inst/dest_graysync_ff_reg[0][3]/D
                            (rising edge-triggered cell FDRE clocked by RFADC2_CLK)
  Reference Source:       design_1_i/axi_dma_2/U0/I_PRMRY_DATAMOVER/GEN_S2MM_FULL.I_S2MM_FULL_WRAPPER/I_CMD_STATUS/GEN_INCLUDE_STATUS_FIFO.I_STS_FIFO/USE_ASYNC_FIFO.I_ASYNC_FIFO/I_ASYNC_FIFOGEN_FIFO/xpm_fifo_instance.xpm_fifo_async_inst/gnuram_async_fifo.xpm_fifo_base_inst/gen_cdc_pntr.rd_pntr_cdc_inst/src_gray_ff_reg[2]/C
                            (rising edge-triggered cell FDRE clocked by clk_pl_0)
  Reference Destination:  design_1_i/axi_dma_2/U0/I_PRMRY_DATAMOVER/GEN_S2MM_FULL.I_S2MM_FULL_WRAPPER/I_CMD_STATUS/GEN_INCLUDE_STATUS_FIFO.I_STS_FIFO/USE_ASYNC_FIFO.I_ASYNC_FIFO/I_ASYNC_FIFOGEN_FIFO/xpm_fifo_instance.xpm_fifo_async_inst/gnuram_async_fifo.xpm_fifo_base_inst/gen_cdc_pntr.rd_pntr_cdc_inst/dest_graysync_ff_reg[0][2]/D
                            (rising edge-triggered cell FDRE clocked by RFADC2_CLK)
  Path Type:              Bus Skew (Max at Slow Process Corner)
  Requirement:            3.255ns
  Endpoint Relative Delay:    0.675ns
  Reference Relative Delay:  -0.283ns
  Relative CRPR:              0.585ns
  Actual Bus Skew:            0.373ns  (Endpoint Relative Delay - Reference Relative Delay - Relative CRPR)

Endpoint path:
    Location             Delay type                Incr(ns)  Path(ns)    Netlist Resource(s)
  -------------------------------------------------------------------    -------------------
                         (clock clk_pl_0 rise edge)
                                                      0.000     0.000 r  
    PS8_X0Y0             PS8                          0.000     0.000 r  design_1_i/zynq_ultra_ps_e_0/inst/PS8_i/PLCLK[0]
                         net (fo=1, routed)           0.198     0.198    design_1_i/zynq_ultra_ps_e_0/inst/pl_clk_unbuffered[0]
    BUFG_PS_X0Y66        BUFG_PS (Prop_BUFG_PS_I_O)
                                                      0.028     0.226 r  design_1_i/zynq_ultra_ps_e_0/inst/buffer_pl_clk_0.PL_CLK_0_BUFG/O
    X3Y3 (CLOCK_ROOT)    net (fo=7512, routed)        2.505     2.731    design_1_i/axi_dma_2/U0/I_PRMRY_DATAMOVER/GEN_S2MM_FULL.I_S2MM_FULL_WRAPPER/I_CMD_STATUS/GEN_INCLUDE_STATUS_FIFO.I_STS_FIFO/USE_ASYNC_FIFO.I_ASYNC_FIFO/I_ASYNC_FIFOGEN_FIFO/xpm_fifo_instance.xpm_fifo_async_inst/gnuram_async_fifo.xpm_fifo_base_inst/gen_cdc_pntr.rd_pntr_cdc_inst/src_clk
    SLICE_X44Y68         FDRE                                         r  design_1_i/axi_dma_2/U0/I_PRMRY_DATAMOVER/GEN_S2MM_FULL.I_S2MM_FULL_WRAPPER/I_CMD_STATUS/GEN_INCLUDE_STATUS_FIFO.I_STS_FIFO/USE_ASYNC_FIFO.I_ASYNC_FIFO/I_ASYNC_FIFOGEN_FIFO/xpm_fifo_instance.xpm_fifo_async_inst/gnuram_async_fifo.xpm_fifo_base_inst/gen_cdc_pntr.rd_pntr_cdc_inst/src_gray_ff_reg[3]/C
  -------------------------------------------------------------------    -------------------
    SLICE_X44Y68         FDRE (Prop_EFF_SLICEL_C_Q)
                                                      0.079     2.810 r  design_1_i/axi_dma_2/U0/I_PRMRY_DATAMOVER/GEN_S2MM_FULL.I_S2MM_FULL_WRAPPER/I_CMD_STATUS/GEN_INCLUDE_STATUS_FIFO.I_STS_FIFO/USE_ASYNC_FIFO.I_ASYNC_FIFO/I_ASYNC_FIFOGEN_FIFO/xpm_fifo_instance.xpm_fifo_async_inst/gnuram_async_fifo.xpm_fifo_base_inst/gen_cdc_pntr.rd_pntr_cdc_inst/src_gray_ff_reg[3]/Q
                         net (fo=1, routed)           0.345     3.155    design_1_i/axi_dma_2/U0/I_PRMRY_DATAMOVER/GEN_S2MM_FULL.I_S2MM_FULL_WRAPPER/I_CMD_STATUS/GEN_INCLUDE_STATUS_FIFO.I_STS_FIFO/USE_ASYNC_FIFO.I_ASYNC_FIFO/I_ASYNC_FIFOGEN_FIFO/xpm_fifo_instance.xpm_fifo_async_inst/gnuram_async_fifo.xpm_fifo_base_inst/gen_cdc_pntr.rd_pntr_cdc_inst/async_path[3]
    SLICE_X41Y69         FDRE                                         r  design_1_i/axi_dma_2/U0/I_PRMRY_DATAMOVER/GEN_S2MM_FULL.I_S2MM_FULL_WRAPPER/I_CMD_STATUS/GEN_INCLUDE_STATUS_FIFO.I_STS_FIFO/USE_ASYNC_FIFO.I_ASYNC_FIFO/I_ASYNC_FIFOGEN_FIFO/xpm_fifo_instance.xpm_fifo_async_inst/gnuram_async_fifo.xpm_fifo_base_inst/gen_cdc_pntr.rd_pntr_cdc_inst/dest_graysync_ff_reg[0][3]/D
  -------------------------------------------------------------------    -------------------

                         (clock RFADC2_CLK rise edge)
                                                      0.000     0.000 r  
    RFADC_X0Y2           RFADC                        0.000     0.000 r  design_1_i/usp_rf_data_converter_0/inst/design_1_usp_rf_data_converter_0_0_rf_wrapper_i/rx2_u_adc/INTERNAL_FBRC_DIV1_MUX
    RFADC_X0Y2           RFADC (Prop_RFADC_INTERNAL_FBRC_DIV1_MUX_CLK_ADC)
                                                      0.122     0.122 r  design_1_i/usp_rf_data_converter_0/inst/design_1_usp_rf_data_converter_0_0_rf_wrapper_i/rx2_u_adc/CLK_ADC
                         net (fo=2, routed)           0.150     0.272    design_1_i/usp_rf_data_converter_0/inst/i_design_1_usp_rf_data_converter_0_0_bufg_gt_ctrl/adc2_bufg_gt_0
    BUFG_GT_X1Y68        BUFG_GT (Prop_BUFG_GT_I_O)
                                                      0.114     0.386 r  design_1_i/usp_rf_data_converter_0/inst/i_design_1_usp_rf_data_converter_0_0_bufg_gt_ctrl/adc2_bufg_gt/O
    X3Y1 (CLOCK_ROOT)    net (fo=9251, routed)        2.069     2.455    design_1_i/axi_dma_2/U0/I_PRMRY_DATAMOVER/GEN_S2MM_FULL.I_S2MM_FULL_WRAPPER/I_CMD_STATUS/GEN_INCLUDE_STATUS_FIFO.I_STS_FIFO/USE_ASYNC_FIFO.I_ASYNC_FIFO/I_ASYNC_FIFOGEN_FIFO/xpm_fifo_instance.xpm_fifo_async_inst/gnuram_async_fifo.xpm_fifo_base_inst/gen_cdc_pntr.rd_pntr_cdc_inst/dest_clk
    SLICE_X41Y69         FDRE                                         r  design_1_i/axi_dma_2/U0/I_PRMRY_DATAMOVER/GEN_S2MM_FULL.I_S2MM_FULL_WRAPPER/I_CMD_STATUS/GEN_INCLUDE_STATUS_FIFO.I_STS_FIFO/USE_ASYNC_FIFO.I_ASYNC_FIFO/I_ASYNC_FIFOGEN_FIFO/xpm_fifo_instance.xpm_fifo_async_inst/gnuram_async_fifo.xpm_fifo_base_inst/gen_cdc_pntr.rd_pntr_cdc_inst/dest_graysync_ff_reg[0][3]/C
                         clock pessimism              0.000     2.455    
    SLICE_X41Y69         FDRE (Setup_HFF2_SLICEM_C_D)
                                                      0.025     2.480    design_1_i/axi_dma_2/U0/I_PRMRY_DATAMOVER/GEN_S2MM_FULL.I_S2MM_FULL_WRAPPER/I_CMD_STATUS/GEN_INCLUDE_STATUS_FIFO.I_STS_FIFO/USE_ASYNC_FIFO.I_ASYNC_FIFO/I_ASYNC_FIFOGEN_FIFO/xpm_fifo_instance.xpm_fifo_async_inst/gnuram_async_fifo.xpm_fifo_base_inst/gen_cdc_pntr.rd_pntr_cdc_inst/dest_graysync_ff_reg[0][3]
  -------------------------------------------------------------------
                         data arrival                           3.155    
                         clock arrival                          2.480    
  -------------------------------------------------------------------
                         relative delay                         0.675    

Reference path:
    Location             Delay type                Incr(ns)  Path(ns)    Netlist Resource(s)
  -------------------------------------------------------------------    -------------------
                         (clock clk_pl_0 rise edge)
                                                      0.000     0.000 r  
    PS8_X0Y0             PS8                          0.000     0.000 r  design_1_i/zynq_ultra_ps_e_0/inst/PS8_i/PLCLK[0]
                         net (fo=1, routed)           0.157     0.157    design_1_i/zynq_ultra_ps_e_0/inst/pl_clk_unbuffered[0]
    BUFG_PS_X0Y66        BUFG_PS (Prop_BUFG_PS_I_O)
                                                      0.025     0.182 r  design_1_i/zynq_ultra_ps_e_0/inst/buffer_pl_clk_0.PL_CLK_0_BUFG/O
    X3Y3 (CLOCK_ROOT)    net (fo=7512, routed)        2.215     2.397    design_1_i/axi_dma_2/U0/I_PRMRY_DATAMOVER/GEN_S2MM_FULL.I_S2MM_FULL_WRAPPER/I_CMD_STATUS/GEN_INCLUDE_STATUS_FIFO.I_STS_FIFO/USE_ASYNC_FIFO.I_ASYNC_FIFO/I_ASYNC_FIFOGEN_FIFO/xpm_fifo_instance.xpm_fifo_async_inst/gnuram_async_fifo.xpm_fifo_base_inst/gen_cdc_pntr.rd_pntr_cdc_inst/src_clk
    SLICE_X44Y69         FDRE                                         r  design_1_i/axi_dma_2/U0/I_PRMRY_DATAMOVER/GEN_S2MM_FULL.I_S2MM_FULL_WRAPPER/I_CMD_STATUS/GEN_INCLUDE_STATUS_FIFO.I_STS_FIFO/USE_ASYNC_FIFO.I_ASYNC_FIFO/I_ASYNC_FIFOGEN_FIFO/xpm_fifo_instance.xpm_fifo_async_inst/gnuram_async_fifo.xpm_fifo_base_inst/gen_cdc_pntr.rd_pntr_cdc_inst/src_gray_ff_reg[2]/C
  -------------------------------------------------------------------    -------------------
    SLICE_X44Y69         FDRE (Prop_GFF_SLICEL_C_Q)
                                                      0.059     2.456 r  design_1_i/axi_dma_2/U0/I_PRMRY_DATAMOVER/GEN_S2MM_FULL.I_S2MM_FULL_WRAPPER/I_CMD_STATUS/GEN_INCLUDE_STATUS_FIFO.I_STS_FIFO/USE_ASYNC_FIFO.I_ASYNC_FIFO/I_ASYNC_FIFOGEN_FIFO/xpm_fifo_instance.xpm_fifo_async_inst/gnuram_async_fifo.xpm_fifo_base_inst/gen_cdc_pntr.rd_pntr_cdc_inst/src_gray_ff_reg[2]/Q
                         net (fo=1, routed)           0.164     2.620    design_1_i/axi_dma_2/U0/I_PRMRY_DATAMOVER/GEN_S2MM_FULL.I_S2MM_FULL_WRAPPER/I_CMD_STATUS/GEN_INCLUDE_STATUS_FIFO.I_STS_FIFO/USE_ASYNC_FIFO.I_ASYNC_FIFO/I_ASYNC_FIFOGEN_FIFO/xpm_fifo_instance.xpm_fifo_async_inst/gnuram_async_fifo.xpm_fifo_base_inst/gen_cdc_pntr.rd_pntr_cdc_inst/async_path[2]
    SLICE_X42Y70         FDRE                                         r  design_1_i/axi_dma_2/U0/I_PRMRY_DATAMOVER/GEN_S2MM_FULL.I_S2MM_FULL_WRAPPER/I_CMD_STATUS/GEN_INCLUDE_STATUS_FIFO.I_STS_FIFO/USE_ASYNC_FIFO.I_ASYNC_FIFO/I_ASYNC_FIFOGEN_FIFO/xpm_fifo_instance.xpm_fifo_async_inst/gnuram_async_fifo.xpm_fifo_base_inst/gen_cdc_pntr.rd_pntr_cdc_inst/dest_graysync_ff_reg[0][2]/D
  -------------------------------------------------------------------    -------------------

                         (clock RFADC2_CLK rise edge)
                                                      0.000     0.000 r  
    RFADC_X0Y2           RFADC                        0.000     0.000 r  design_1_i/usp_rf_data_converter_0/inst/design_1_usp_rf_data_converter_0_0_rf_wrapper_i/rx2_u_adc/INTERNAL_FBRC_DIV1_MUX
    RFADC_X0Y2           RFADC (Prop_RFADC_INTERNAL_FBRC_DIV1_MUX_CLK_ADC)
                                                      0.150     0.150 r  design_1_i/usp_rf_data_converter_0/inst/design_1_usp_rf_data_converter_0_0_rf_wrapper_i/rx2_u_adc/CLK_ADC
                         net (fo=2, routed)           0.246     0.396    design_1_i/usp_rf_data_converter_0/inst/i_design_1_usp_rf_data_converter_0_0_bufg_gt_ctrl/adc2_bufg_gt_0
    BUFG_GT_X1Y68        BUFG_GT (Prop_BUFG_GT_I_O)
                                                      0.130     0.526 r  design_1_i/usp_rf_data_converter_0/inst/i_design_1_usp_rf_data_converter_0_0_bufg_gt_ctrl/adc2_bufg_gt/O
    X3Y1 (CLOCK_ROOT)    net (fo=9251, routed)        2.315     2.841    design_1_i/axi_dma_2/U0/I_PRMRY_DATAMOVER/GEN_S2MM_FULL.I_S2MM_FULL_WRAPPER/I_CMD_STATUS/GEN_INCLUDE_STATUS_FIFO.I_STS_FIFO/USE_ASYNC_FIFO.I_ASYNC_FIFO/I_ASYNC_FIFOGEN_FIFO/xpm_fifo_instance.xpm_fifo_async_inst/gnuram_async_fifo.xpm_fifo_base_inst/gen_cdc_pntr.rd_pntr_cdc_inst/dest_clk
    SLICE_X42Y70         FDRE                                         r  design_1_i/axi_dma_2/U0/I_PRMRY_DATAMOVER/GEN_S2MM_FULL.I_S2MM_FULL_WRAPPER/I_CMD_STATUS/GEN_INCLUDE_STATUS_FIFO.I_STS_FIFO/USE_ASYNC_FIFO.I_ASYNC_FIFO/I_ASYNC_FIFOGEN_FIFO/xpm_fifo_instance.xpm_fifo_async_inst/gnuram_async_fifo.xpm_fifo_base_inst/gen_cdc_pntr.rd_pntr_cdc_inst/dest_graysync_ff_reg[0][2]/C
                         clock pessimism              0.000     2.841    
    SLICE_X42Y70         FDRE (Hold_HFF2_SLICEM_C_D)
                                                      0.062     2.903    design_1_i/axi_dma_2/U0/I_PRMRY_DATAMOVER/GEN_S2MM_FULL.I_S2MM_FULL_WRAPPER/I_CMD_STATUS/GEN_INCLUDE_STATUS_FIFO.I_STS_FIFO/USE_ASYNC_FIFO.I_ASYNC_FIFO/I_ASYNC_FIFOGEN_FIFO/xpm_fifo_instance.xpm_fifo_async_inst/gnuram_async_fifo.xpm_fifo_base_inst/gen_cdc_pntr.rd_pntr_cdc_inst/dest_graysync_ff_reg[0][2]
  -------------------------------------------------------------------
                         data arrival                           2.620    
                         clock arrival                          2.903    
  -------------------------------------------------------------------
                         relative delay                        -0.283    



Id: 6
set_bus_skew -from [get_cells [list {design_1_i/axi_dma_2/U0/I_PRMRY_DATAMOVER/GEN_S2MM_FULL.I_S2MM_FULL_WRAPPER/I_CMD_STATUS/I_CMD_FIFO/USE_ASYNC_FIFO.I_ASYNC_FIFO/I_ASYNC_FIFOGEN_FIFO/xpm_fifo_instance.xpm_fifo_async_inst/gnuram_async_fifo.xpm_fifo_base_inst/gen_cdc_pntr.wr_pntr_cdc_inst/src_gray_ff_reg[0]} {design_1_i/axi_dma_2/U0/I_PRMRY_DATAMOVER/GEN_S2MM_FULL.I_S2MM_FULL_WRAPPER/I_CMD_STATUS/I_CMD_FIFO/USE_ASYNC_FIFO.I_ASYNC_FIFO/I_ASYNC_FIFOGEN_FIFO/xpm_fifo_instance.xpm_fifo_async_inst/gnuram_async_fifo.xpm_fifo_base_inst/gen_cdc_pntr.wr_pntr_cdc_inst/src_gray_ff_reg[1]} {design_1_i/axi_dma_2/U0/I_PRMRY_DATAMOVER/GEN_S2MM_FULL.I_S2MM_FULL_WRAPPER/I_CMD_STATUS/I_CMD_FIFO/USE_ASYNC_FIFO.I_ASYNC_FIFO/I_ASYNC_FIFOGEN_FIFO/xpm_fifo_instance.xpm_fifo_async_inst/gnuram_async_fifo.xpm_fifo_base_inst/gen_cdc_pntr.wr_pntr_cdc_inst/src_gray_ff_reg[2]} {design_1_i/axi_dma_2/U0/I_PRMRY_DATAMOVER/GEN_S2MM_FULL.I_S2MM_FULL_WRAPPER/I_CMD_STATUS/I_CMD_FIFO/USE_ASYNC_FIFO.I_ASYNC_FIFO/I_ASYNC_FIFOGEN_FIFO/xpm_fifo_instance.xpm_fifo_async_inst/gnuram_async_fifo.xpm_fifo_base_inst/gen_cdc_pntr.wr_pntr_cdc_inst/src_gray_ff_reg[3]}]] -to [get_cells [list {design_1_i/axi_dma_2/U0/I_PRMRY_DATAMOVER/GEN_S2MM_FULL.I_S2MM_FULL_WRAPPER/I_CMD_STATUS/I_CMD_FIFO/USE_ASYNC_FIFO.I_ASYNC_FIFO/I_ASYNC_FIFOGEN_FIFO/xpm_fifo_instance.xpm_fifo_async_inst/gnuram_async_fifo.xpm_fifo_base_inst/gen_cdc_pntr.wr_pntr_cdc_inst/dest_graysync_ff_reg[0][0]} {design_1_i/axi_dma_2/U0/I_PRMRY_DATAMOVER/GEN_S2MM_FULL.I_S2MM_FULL_WRAPPER/I_CMD_STATUS/I_CMD_FIFO/USE_ASYNC_FIFO.I_ASYNC_FIFO/I_ASYNC_FIFOGEN_FIFO/xpm_fifo_instance.xpm_fifo_async_inst/gnuram_async_fifo.xpm_fifo_base_inst/gen_cdc_pntr.wr_pntr_cdc_inst/dest_graysync_ff_reg[0][1]} {design_1_i/axi_dma_2/U0/I_PRMRY_DATAMOVER/GEN_S2MM_FULL.I_S2MM_FULL_WRAPPER/I_CMD_STATUS/I_CMD_FIFO/USE_ASYNC_FIFO.I_ASYNC_FIFO/I_ASYNC_FIFOGEN_FIFO/xpm_fifo_instance.xpm_fifo_async_inst/gnuram_async_fifo.xpm_fifo_base_inst/gen_cdc_pntr.wr_pntr_cdc_inst/dest_graysync_ff_reg[0][2]} {design_1_i/axi_dma_2/U0/I_PRMRY_DATAMOVER/GEN_S2MM_FULL.I_S2MM_FULL_WRAPPER/I_CMD_STATUS/I_CMD_FIFO/USE_ASYNC_FIFO.I_ASYNC_FIFO/I_ASYNC_FIFOGEN_FIFO/xpm_fifo_instance.xpm_fifo_async_inst/gnuram_async_fifo.xpm_fifo_base_inst/gen_cdc_pntr.wr_pntr_cdc_inst/dest_graysync_ff_reg[0][3]}]] 3.255
Requirement: 3.255ns
Endpoints: 4

From Clock            To Clock              Endpoint Pin                    Reference Pin                   Corner  Actual(ns)  Slack(ns)
--------------------  --------------------  ------------------------------  ------------------------------  ------  ----------  ---------
clk_pl_0              RFADC2_CLK            design_1_i/axi_dma_2/U0/I_PRMRY_DATAMOVER/GEN_S2MM_FULL.I_S2MM_FULL_WRAPPER/I_CMD_STATUS/I_CMD_FIFO/USE_ASYNC_FIFO.I_ASYNC_FIFO/I_ASYNC_FIFOGEN_FIFO/xpm_fifo_instance.xpm_fifo_async_inst/gnuram_async_fifo.xpm_fifo_base_inst/gen_cdc_pntr.wr_pntr_cdc_inst/dest_graysync_ff_reg[0][1]/D
                                                                            design_1_i/axi_dma_2/U0/I_PRMRY_DATAMOVER/GEN_S2MM_FULL.I_S2MM_FULL_WRAPPER/I_CMD_STATUS/I_CMD_FIFO/USE_ASYNC_FIFO.I_ASYNC_FIFO/I_ASYNC_FIFOGEN_FIFO/xpm_fifo_instance.xpm_fifo_async_inst/gnuram_async_fifo.xpm_fifo_base_inst/gen_cdc_pntr.wr_pntr_cdc_inst/dest_graysync_ff_reg[0][3]/D
                                                                                                            Slow         0.479      2.776


Slack (MET) :             2.776ns  (requirement - actual skew)
  Endpoint Source:        design_1_i/axi_dma_2/U0/I_PRMRY_DATAMOVER/GEN_S2MM_FULL.I_S2MM_FULL_WRAPPER/I_CMD_STATUS/I_CMD_FIFO/USE_ASYNC_FIFO.I_ASYNC_FIFO/I_ASYNC_FIFOGEN_FIFO/xpm_fifo_instance.xpm_fifo_async_inst/gnuram_async_fifo.xpm_fifo_base_inst/gen_cdc_pntr.wr_pntr_cdc_inst/src_gray_ff_reg[1]/C
                            (rising edge-triggered cell FDRE clocked by clk_pl_0)
  Endpoint Destination:   design_1_i/axi_dma_2/U0/I_PRMRY_DATAMOVER/GEN_S2MM_FULL.I_S2MM_FULL_WRAPPER/I_CMD_STATUS/I_CMD_FIFO/USE_ASYNC_FIFO.I_ASYNC_FIFO/I_ASYNC_FIFOGEN_FIFO/xpm_fifo_instance.xpm_fifo_async_inst/gnuram_async_fifo.xpm_fifo_base_inst/gen_cdc_pntr.wr_pntr_cdc_inst/dest_graysync_ff_reg[0][1]/D
                            (rising edge-triggered cell FDRE clocked by RFADC2_CLK)
  Reference Source:       design_1_i/axi_dma_2/U0/I_PRMRY_DATAMOVER/GEN_S2MM_FULL.I_S2MM_FULL_WRAPPER/I_CMD_STATUS/I_CMD_FIFO/USE_ASYNC_FIFO.I_ASYNC_FIFO/I_ASYNC_FIFOGEN_FIFO/xpm_fifo_instance.xpm_fifo_async_inst/gnuram_async_fifo.xpm_fifo_base_inst/gen_cdc_pntr.wr_pntr_cdc_inst/src_gray_ff_reg[3]/C
                            (rising edge-triggered cell FDRE clocked by clk_pl_0)
  Reference Destination:  design_1_i/axi_dma_2/U0/I_PRMRY_DATAMOVER/GEN_S2MM_FULL.I_S2MM_FULL_WRAPPER/I_CMD_STATUS/I_CMD_FIFO/USE_ASYNC_FIFO.I_ASYNC_FIFO/I_ASYNC_FIFOGEN_FIFO/xpm_fifo_instance.xpm_fifo_async_inst/gnuram_async_fifo.xpm_fifo_base_inst/gen_cdc_pntr.wr_pntr_cdc_inst/dest_graysync_ff_reg[0][3]/D
                            (rising edge-triggered cell FDRE clocked by RFADC2_CLK)
  Path Type:              Bus Skew (Max at Slow Process Corner)
  Requirement:            3.255ns
  Endpoint Relative Delay:    0.759ns
  Reference Relative Delay:  -0.307ns
  Relative CRPR:              0.587ns
  Actual Bus Skew:            0.479ns  (Endpoint Relative Delay - Reference Relative Delay - Relative CRPR)

Endpoint path:
    Location             Delay type                Incr(ns)  Path(ns)    Netlist Resource(s)
  -------------------------------------------------------------------    -------------------
                         (clock clk_pl_0 rise edge)
                                                      0.000     0.000 r  
    PS8_X0Y0             PS8                          0.000     0.000 r  design_1_i/zynq_ultra_ps_e_0/inst/PS8_i/PLCLK[0]
                         net (fo=1, routed)           0.198     0.198    design_1_i/zynq_ultra_ps_e_0/inst/pl_clk_unbuffered[0]
    BUFG_PS_X0Y66        BUFG_PS (Prop_BUFG_PS_I_O)
                                                      0.028     0.226 r  design_1_i/zynq_ultra_ps_e_0/inst/buffer_pl_clk_0.PL_CLK_0_BUFG/O
    X3Y3 (CLOCK_ROOT)    net (fo=7512, routed)        2.482     2.708    design_1_i/axi_dma_2/U0/I_PRMRY_DATAMOVER/GEN_S2MM_FULL.I_S2MM_FULL_WRAPPER/I_CMD_STATUS/I_CMD_FIFO/USE_ASYNC_FIFO.I_ASYNC_FIFO/I_ASYNC_FIFOGEN_FIFO/xpm_fifo_instance.xpm_fifo_async_inst/gnuram_async_fifo.xpm_fifo_base_inst/gen_cdc_pntr.wr_pntr_cdc_inst/src_clk
    SLICE_X44Y69         FDRE                                         r  design_1_i/axi_dma_2/U0/I_PRMRY_DATAMOVER/GEN_S2MM_FULL.I_S2MM_FULL_WRAPPER/I_CMD_STATUS/I_CMD_FIFO/USE_ASYNC_FIFO.I_ASYNC_FIFO/I_ASYNC_FIFOGEN_FIFO/xpm_fifo_instance.xpm_fifo_async_inst/gnuram_async_fifo.xpm_fifo_base_inst/gen_cdc_pntr.wr_pntr_cdc_inst/src_gray_ff_reg[1]/C
  -------------------------------------------------------------------    -------------------
    SLICE_X44Y69         FDRE (Prop_FFF2_SLICEL_C_Q)
                                                      0.081     2.789 r  design_1_i/axi_dma_2/U0/I_PRMRY_DATAMOVER/GEN_S2MM_FULL.I_S2MM_FULL_WRAPPER/I_CMD_STATUS/I_CMD_FIFO/USE_ASYNC_FIFO.I_ASYNC_FIFO/I_ASYNC_FIFOGEN_FIFO/xpm_fifo_instance.xpm_fifo_async_inst/gnuram_async_fifo.xpm_fifo_base_inst/gen_cdc_pntr.wr_pntr_cdc_inst/src_gray_ff_reg[1]/Q
                         net (fo=1, routed)           0.447     3.236    design_1_i/axi_dma_2/U0/I_PRMRY_DATAMOVER/GEN_S2MM_FULL.I_S2MM_FULL_WRAPPER/I_CMD_STATUS/I_CMD_FIFO/USE_ASYNC_FIFO.I_ASYNC_FIFO/I_ASYNC_FIFOGEN_FIFO/xpm_fifo_instance.xpm_fifo_async_inst/gnuram_async_fifo.xpm_fifo_base_inst/gen_cdc_pntr.wr_pntr_cdc_inst/async_path[1]
    SLICE_X41Y75         FDRE                                         r  design_1_i/axi_dma_2/U0/I_PRMRY_DATAMOVER/GEN_S2MM_FULL.I_S2MM_FULL_WRAPPER/I_CMD_STATUS/I_CMD_FIFO/USE_ASYNC_FIFO.I_ASYNC_FIFO/I_ASYNC_FIFOGEN_FIFO/xpm_fifo_instance.xpm_fifo_async_inst/gnuram_async_fifo.xpm_fifo_base_inst/gen_cdc_pntr.wr_pntr_cdc_inst/dest_graysync_ff_reg[0][1]/D
  -------------------------------------------------------------------    -------------------

                         (clock RFADC2_CLK rise edge)
                                                      0.000     0.000 r  
    RFADC_X0Y2           RFADC                        0.000     0.000 r  design_1_i/usp_rf_data_converter_0/inst/design_1_usp_rf_data_converter_0_0_rf_wrapper_i/rx2_u_adc/INTERNAL_FBRC_DIV1_MUX
    RFADC_X0Y2           RFADC (Prop_RFADC_INTERNAL_FBRC_DIV1_MUX_CLK_ADC)
                                                      0.122     0.122 r  design_1_i/usp_rf_data_converter_0/inst/design_1_usp_rf_data_converter_0_0_rf_wrapper_i/rx2_u_adc/CLK_ADC
                         net (fo=2, routed)           0.150     0.272    design_1_i/usp_rf_data_converter_0/inst/i_design_1_usp_rf_data_converter_0_0_bufg_gt_ctrl/adc2_bufg_gt_0
    BUFG_GT_X1Y68        BUFG_GT (Prop_BUFG_GT_I_O)
                                                      0.114     0.386 r  design_1_i/usp_rf_data_converter_0/inst/i_design_1_usp_rf_data_converter_0_0_bufg_gt_ctrl/adc2_bufg_gt/O
    X3Y1 (CLOCK_ROOT)    net (fo=9251, routed)        2.066     2.452    design_1_i/axi_dma_2/U0/I_PRMRY_DATAMOVER/GEN_S2MM_FULL.I_S2MM_FULL_WRAPPER/I_CMD_STATUS/I_CMD_FIFO/USE_ASYNC_FIFO.I_ASYNC_FIFO/I_ASYNC_FIFOGEN_FIFO/xpm_fifo_instance.xpm_fifo_async_inst/gnuram_async_fifo.xpm_fifo_base_inst/gen_cdc_pntr.wr_pntr_cdc_inst/dest_clk
    SLICE_X41Y75         FDRE                                         r  design_1_i/axi_dma_2/U0/I_PRMRY_DATAMOVER/GEN_S2MM_FULL.I_S2MM_FULL_WRAPPER/I_CMD_STATUS/I_CMD_FIFO/USE_ASYNC_FIFO.I_ASYNC_FIFO/I_ASYNC_FIFOGEN_FIFO/xpm_fifo_instance.xpm_fifo_async_inst/gnuram_async_fifo.xpm_fifo_base_inst/gen_cdc_pntr.wr_pntr_cdc_inst/dest_graysync_ff_reg[0][1]/C
                         clock pessimism              0.000     2.452    
    SLICE_X41Y75         FDRE (Setup_HFF2_SLICEM_C_D)
                                                      0.025     2.477    design_1_i/axi_dma_2/U0/I_PRMRY_DATAMOVER/GEN_S2MM_FULL.I_S2MM_FULL_WRAPPER/I_CMD_STATUS/I_CMD_FIFO/USE_ASYNC_FIFO.I_ASYNC_FIFO/I_ASYNC_FIFOGEN_FIFO/xpm_fifo_instance.xpm_fifo_async_inst/gnuram_async_fifo.xpm_fifo_base_inst/gen_cdc_pntr.wr_pntr_cdc_inst/dest_graysync_ff_reg[0][1]
  -------------------------------------------------------------------
                         data arrival                           3.236    
                         clock arrival                          2.477    
  -------------------------------------------------------------------
                         relative delay                         0.759    

Reference path:
    Location             Delay type                Incr(ns)  Path(ns)    Netlist Resource(s)
  -------------------------------------------------------------------    -------------------
                         (clock clk_pl_0 rise edge)
                                                      0.000     0.000 r  
    PS8_X0Y0             PS8                          0.000     0.000 r  design_1_i/zynq_ultra_ps_e_0/inst/PS8_i/PLCLK[0]
                         net (fo=1, routed)           0.157     0.157    design_1_i/zynq_ultra_ps_e_0/inst/pl_clk_unbuffered[0]
    BUFG_PS_X0Y66        BUFG_PS (Prop_BUFG_PS_I_O)
                                                      0.025     0.182 r  design_1_i/zynq_ultra_ps_e_0/inst/buffer_pl_clk_0.PL_CLK_0_BUFG/O
    X3Y3 (CLOCK_ROOT)    net (fo=7512, routed)        2.228     2.410    design_1_i/axi_dma_2/U0/I_PRMRY_DATAMOVER/GEN_S2MM_FULL.I_S2MM_FULL_WRAPPER/I_CMD_STATUS/I_CMD_FIFO/USE_ASYNC_FIFO.I_ASYNC_FIFO/I_ASYNC_FIFOGEN_FIFO/xpm_fifo_instance.xpm_fifo_async_inst/gnuram_async_fifo.xpm_fifo_base_inst/gen_cdc_pntr.wr_pntr_cdc_inst/src_clk
    SLICE_X41Y73         FDRE                                         r  design_1_i/axi_dma_2/U0/I_PRMRY_DATAMOVER/GEN_S2MM_FULL.I_S2MM_FULL_WRAPPER/I_CMD_STATUS/I_CMD_FIFO/USE_ASYNC_FIFO.I_ASYNC_FIFO/I_ASYNC_FIFOGEN_FIFO/xpm_fifo_instance.xpm_fifo_async_inst/gnuram_async_fifo.xpm_fifo_base_inst/gen_cdc_pntr.wr_pntr_cdc_inst/src_gray_ff_reg[3]/C
  -------------------------------------------------------------------    -------------------
    SLICE_X41Y73         FDRE (Prop_FFF_SLICEM_C_Q)
                                                      0.057     2.467 r  design_1_i/axi_dma_2/U0/I_PRMRY_DATAMOVER/GEN_S2MM_FULL.I_S2MM_FULL_WRAPPER/I_CMD_STATUS/I_CMD_FIFO/USE_ASYNC_FIFO.I_ASYNC_FIFO/I_ASYNC_FIFOGEN_FIFO/xpm_fifo_instance.xpm_fifo_async_inst/gnuram_async_fifo.xpm_fifo_base_inst/gen_cdc_pntr.wr_pntr_cdc_inst/src_gray_ff_reg[3]/Q
                         net (fo=1, routed)           0.121     2.588    design_1_i/axi_dma_2/U0/I_PRMRY_DATAMOVER/GEN_S2MM_FULL.I_S2MM_FULL_WRAPPER/I_CMD_STATUS/I_CMD_FIFO/USE_ASYNC_FIFO.I_ASYNC_FIFO/I_ASYNC_FIFOGEN_FIFO/xpm_fifo_instance.xpm_fifo_async_inst/gnuram_async_fifo.xpm_fifo_base_inst/gen_cdc_pntr.wr_pntr_cdc_inst/async_path[3]
    SLICE_X41Y73         FDRE                                         r  design_1_i/axi_dma_2/U0/I_PRMRY_DATAMOVER/GEN_S2MM_FULL.I_S2MM_FULL_WRAPPER/I_CMD_STATUS/I_CMD_FIFO/USE_ASYNC_FIFO.I_ASYNC_FIFO/I_ASYNC_FIFOGEN_FIFO/xpm_fifo_instance.xpm_fifo_async_inst/gnuram_async_fifo.xpm_fifo_base_inst/gen_cdc_pntr.wr_pntr_cdc_inst/dest_graysync_ff_reg[0][3]/D
  -------------------------------------------------------------------    -------------------

                         (clock RFADC2_CLK rise edge)
                                                      0.000     0.000 r  
    RFADC_X0Y2           RFADC                        0.000     0.000 r  design_1_i/usp_rf_data_converter_0/inst/design_1_usp_rf_data_converter_0_0_rf_wrapper_i/rx2_u_adc/INTERNAL_FBRC_DIV1_MUX
    RFADC_X0Y2           RFADC (Prop_RFADC_INTERNAL_FBRC_DIV1_MUX_CLK_ADC)
                                                      0.150     0.150 r  design_1_i/usp_rf_data_converter_0/inst/design_1_usp_rf_data_converter_0_0_rf_wrapper_i/rx2_u_adc/CLK_ADC
                         net (fo=2, routed)           0.246     0.396    design_1_i/usp_rf_data_converter_0/inst/i_design_1_usp_rf_data_converter_0_0_bufg_gt_ctrl/adc2_bufg_gt_0
    BUFG_GT_X1Y68        BUFG_GT (Prop_BUFG_GT_I_O)
                                                      0.130     0.526 r  design_1_i/usp_rf_data_converter_0/inst/i_design_1_usp_rf_data_converter_0_0_bufg_gt_ctrl/adc2_bufg_gt/O
    X3Y1 (CLOCK_ROOT)    net (fo=9251, routed)        2.308     2.834    design_1_i/axi_dma_2/U0/I_PRMRY_DATAMOVER/GEN_S2MM_FULL.I_S2MM_FULL_WRAPPER/I_CMD_STATUS/I_CMD_FIFO/USE_ASYNC_FIFO.I_ASYNC_FIFO/I_ASYNC_FIFOGEN_FIFO/xpm_fifo_instance.xpm_fifo_async_inst/gnuram_async_fifo.xpm_fifo_base_inst/gen_cdc_pntr.wr_pntr_cdc_inst/dest_clk
    SLICE_X41Y73         FDRE                                         r  design_1_i/axi_dma_2/U0/I_PRMRY_DATAMOVER/GEN_S2MM_FULL.I_S2MM_FULL_WRAPPER/I_CMD_STATUS/I_CMD_FIFO/USE_ASYNC_FIFO.I_ASYNC_FIFO/I_ASYNC_FIFOGEN_FIFO/xpm_fifo_instance.xpm_fifo_async_inst/gnuram_async_fifo.xpm_fifo_base_inst/gen_cdc_pntr.wr_pntr_cdc_inst/dest_graysync_ff_reg[0][3]/C
                         clock pessimism              0.000     2.834    
    SLICE_X41Y73         FDRE (Hold_DFF2_SLICEM_C_D)
                                                      0.061     2.895    design_1_i/axi_dma_2/U0/I_PRMRY_DATAMOVER/GEN_S2MM_FULL.I_S2MM_FULL_WRAPPER/I_CMD_STATUS/I_CMD_FIFO/USE_ASYNC_FIFO.I_ASYNC_FIFO/I_ASYNC_FIFOGEN_FIFO/xpm_fifo_instance.xpm_fifo_async_inst/gnuram_async_fifo.xpm_fifo_base_inst/gen_cdc_pntr.wr_pntr_cdc_inst/dest_graysync_ff_reg[0][3]
  -------------------------------------------------------------------
                         data arrival                           2.588    
                         clock arrival                          2.895    
  -------------------------------------------------------------------
                         relative delay                        -0.307    



Id: 7
set_bus_skew -from [get_cells [list {design_1_i/axi_dma_2/U0/I_PRMRY_DATAMOVER/GEN_S2MM_FULL.I_S2MM_FULL_WRAPPER/I_CMD_STATUS/I_CMD_FIFO/USE_ASYNC_FIFO.I_ASYNC_FIFO/I_ASYNC_FIFOGEN_FIFO/xpm_fifo_instance.xpm_fifo_async_inst/gnuram_async_fifo.xpm_fifo_base_inst/gen_cdc_pntr.rd_pntr_cdc_inst/src_gray_ff_reg[0]} {design_1_i/axi_dma_2/U0/I_PRMRY_DATAMOVER/GEN_S2MM_FULL.I_S2MM_FULL_WRAPPER/I_CMD_STATUS/I_CMD_FIFO/USE_ASYNC_FIFO.I_ASYNC_FIFO/I_ASYNC_FIFOGEN_FIFO/xpm_fifo_instance.xpm_fifo_async_inst/gnuram_async_fifo.xpm_fifo_base_inst/gen_cdc_pntr.rd_pntr_cdc_inst/src_gray_ff_reg[1]} {design_1_i/axi_dma_2/U0/I_PRMRY_DATAMOVER/GEN_S2MM_FULL.I_S2MM_FULL_WRAPPER/I_CMD_STATUS/I_CMD_FIFO/USE_ASYNC_FIFO.I_ASYNC_FIFO/I_ASYNC_FIFOGEN_FIFO/xpm_fifo_instance.xpm_fifo_async_inst/gnuram_async_fifo.xpm_fifo_base_inst/gen_cdc_pntr.rd_pntr_cdc_inst/src_gray_ff_reg[2]} {design_1_i/axi_dma_2/U0/I_PRMRY_DATAMOVER/GEN_S2MM_FULL.I_S2MM_FULL_WRAPPER/I_CMD_STATUS/I_CMD_FIFO/USE_ASYNC_FIFO.I_ASYNC_FIFO/I_ASYNC_FIFOGEN_FIFO/xpm_fifo_instance.xpm_fifo_async_inst/gnuram_async_fifo.xpm_fifo_base_inst/gen_cdc_pntr.rd_pntr_cdc_inst/src_gray_ff_reg[3]}]] -to [get_cells [list {design_1_i/axi_dma_2/U0/I_PRMRY_DATAMOVER/GEN_S2MM_FULL.I_S2MM_FULL_WRAPPER/I_CMD_STATUS/I_CMD_FIFO/USE_ASYNC_FIFO.I_ASYNC_FIFO/I_ASYNC_FIFOGEN_FIFO/xpm_fifo_instance.xpm_fifo_async_inst/gnuram_async_fifo.xpm_fifo_base_inst/gen_cdc_pntr.rd_pntr_cdc_inst/dest_graysync_ff_reg[0][0]} {design_1_i/axi_dma_2/U0/I_PRMRY_DATAMOVER/GEN_S2MM_FULL.I_S2MM_FULL_WRAPPER/I_CMD_STATUS/I_CMD_FIFO/USE_ASYNC_FIFO.I_ASYNC_FIFO/I_ASYNC_FIFOGEN_FIFO/xpm_fifo_instance.xpm_fifo_async_inst/gnuram_async_fifo.xpm_fifo_base_inst/gen_cdc_pntr.rd_pntr_cdc_inst/dest_graysync_ff_reg[0][1]} {design_1_i/axi_dma_2/U0/I_PRMRY_DATAMOVER/GEN_S2MM_FULL.I_S2MM_FULL_WRAPPER/I_CMD_STATUS/I_CMD_FIFO/USE_ASYNC_FIFO.I_ASYNC_FIFO/I_ASYNC_FIFOGEN_FIFO/xpm_fifo_instance.xpm_fifo_async_inst/gnuram_async_fifo.xpm_fifo_base_inst/gen_cdc_pntr.rd_pntr_cdc_inst/dest_graysync_ff_reg[0][2]} {design_1_i/axi_dma_2/U0/I_PRMRY_DATAMOVER/GEN_S2MM_FULL.I_S2MM_FULL_WRAPPER/I_CMD_STATUS/I_CMD_FIFO/USE_ASYNC_FIFO.I_ASYNC_FIFO/I_ASYNC_FIFOGEN_FIFO/xpm_fifo_instance.xpm_fifo_async_inst/gnuram_async_fifo.xpm_fifo_base_inst/gen_cdc_pntr.rd_pntr_cdc_inst/dest_graysync_ff_reg[0][3]}]] 3.255
Requirement: 3.255ns
Endpoints: 4

From Clock            To Clock              Endpoint Pin                    Reference Pin                   Corner  Actual(ns)  Slack(ns)
--------------------  --------------------  ------------------------------  ------------------------------  ------  ----------  ---------
RFADC2_CLK            clk_pl_0              design_1_i/axi_dma_2/U0/I_PRMRY_DATAMOVER/GEN_S2MM_FULL.I_S2MM_FULL_WRAPPER/I_CMD_STATUS/I_CMD_FIFO/USE_ASYNC_FIFO.I_ASYNC_FIFO/I_ASYNC_FIFOGEN_FIFO/xpm_fifo_instance.xpm_fifo_async_inst/gnuram_async_fifo.xpm_fifo_base_inst/gen_cdc_pntr.rd_pntr_cdc_inst/dest_graysync_ff_reg[0][0]/D
                                                                            design_1_i/axi_dma_2/U0/I_PRMRY_DATAMOVER/GEN_S2MM_FULL.I_S2MM_FULL_WRAPPER/I_CMD_STATUS/I_CMD_FIFO/USE_ASYNC_FIFO.I_ASYNC_FIFO/I_ASYNC_FIFOGEN_FIFO/xpm_fifo_instance.xpm_fifo_async_inst/gnuram_async_fifo.xpm_fifo_base_inst/gen_cdc_pntr.rd_pntr_cdc_inst/dest_graysync_ff_reg[0][3]/D
                                                                                                            Slow         0.432      2.823


Slack (MET) :             2.823ns  (requirement - actual skew)
  Endpoint Source:        design_1_i/axi_dma_2/U0/I_PRMRY_DATAMOVER/GEN_S2MM_FULL.I_S2MM_FULL_WRAPPER/I_CMD_STATUS/I_CMD_FIFO/USE_ASYNC_FIFO.I_ASYNC_FIFO/I_ASYNC_FIFOGEN_FIFO/xpm_fifo_instance.xpm_fifo_async_inst/gnuram_async_fifo.xpm_fifo_base_inst/gen_cdc_pntr.rd_pntr_cdc_inst/src_gray_ff_reg[0]/C
                            (rising edge-triggered cell FDRE clocked by RFADC2_CLK)
  Endpoint Destination:   design_1_i/axi_dma_2/U0/I_PRMRY_DATAMOVER/GEN_S2MM_FULL.I_S2MM_FULL_WRAPPER/I_CMD_STATUS/I_CMD_FIFO/USE_ASYNC_FIFO.I_ASYNC_FIFO/I_ASYNC_FIFOGEN_FIFO/xpm_fifo_instance.xpm_fifo_async_inst/gnuram_async_fifo.xpm_fifo_base_inst/gen_cdc_pntr.rd_pntr_cdc_inst/dest_graysync_ff_reg[0][0]/D
                            (rising edge-triggered cell FDRE clocked by clk_pl_0)
  Reference Source:       design_1_i/axi_dma_2/U0/I_PRMRY_DATAMOVER/GEN_S2MM_FULL.I_S2MM_FULL_WRAPPER/I_CMD_STATUS/I_CMD_FIFO/USE_ASYNC_FIFO.I_ASYNC_FIFO/I_ASYNC_FIFOGEN_FIFO/xpm_fifo_instance.xpm_fifo_async_inst/gnuram_async_fifo.xpm_fifo_base_inst/gen_cdc_pntr.rd_pntr_cdc_inst/src_gray_ff_reg[3]/C
                            (rising edge-triggered cell FDRE clocked by RFADC2_CLK)
  Reference Destination:  design_1_i/axi_dma_2/U0/I_PRMRY_DATAMOVER/GEN_S2MM_FULL.I_S2MM_FULL_WRAPPER/I_CMD_STATUS/I_CMD_FIFO/USE_ASYNC_FIFO.I_ASYNC_FIFO/I_ASYNC_FIFOGEN_FIFO/xpm_fifo_instance.xpm_fifo_async_inst/gnuram_async_fifo.xpm_fifo_base_inst/gen_cdc_pntr.rd_pntr_cdc_inst/dest_graysync_ff_reg[0][3]/D
                            (rising edge-triggered cell FDRE clocked by clk_pl_0)
  Path Type:              Bus Skew (Max at Slow Process Corner)
  Requirement:            3.255ns
  Endpoint Relative Delay:    0.832ns
  Reference Relative Delay:  -0.133ns
  Relative CRPR:              0.533ns
  Actual Bus Skew:            0.432ns  (Endpoint Relative Delay - Reference Relative Delay - Relative CRPR)

Endpoint path:
    Location             Delay type                Incr(ns)  Path(ns)    Netlist Resource(s)
  -------------------------------------------------------------------    -------------------
                         (clock RFADC2_CLK rise edge)
                                                      0.000     0.000 r  
    RFADC_X0Y2           RFADC                        0.000     0.000 r  design_1_i/usp_rf_data_converter_0/inst/design_1_usp_rf_data_converter_0_0_rf_wrapper_i/rx2_u_adc/INTERNAL_FBRC_DIV1_MUX
    RFADC_X0Y2           RFADC (Prop_RFADC_INTERNAL_FBRC_DIV1_MUX_CLK_ADC)
                                                      0.150     0.150 r  design_1_i/usp_rf_data_converter_0/inst/design_1_usp_rf_data_converter_0_0_rf_wrapper_i/rx2_u_adc/CLK_ADC
                         net (fo=2, routed)           0.246     0.396    design_1_i/usp_rf_data_converter_0/inst/i_design_1_usp_rf_data_converter_0_0_bufg_gt_ctrl/adc2_bufg_gt_0
    BUFG_GT_X1Y68        BUFG_GT (Prop_BUFG_GT_I_O)
                                                      0.130     0.526 r  design_1_i/usp_rf_data_converter_0/inst/i_design_1_usp_rf_data_converter_0_0_bufg_gt_ctrl/adc2_bufg_gt/O
    X3Y1 (CLOCK_ROOT)    net (fo=9251, routed)        2.306     2.832    design_1_i/axi_dma_2/U0/I_PRMRY_DATAMOVER/GEN_S2MM_FULL.I_S2MM_FULL_WRAPPER/I_CMD_STATUS/I_CMD_FIFO/USE_ASYNC_FIFO.I_ASYNC_FIFO/I_ASYNC_FIFOGEN_FIFO/xpm_fifo_instance.xpm_fifo_async_inst/gnuram_async_fifo.xpm_fifo_base_inst/gen_cdc_pntr.rd_pntr_cdc_inst/src_clk
    SLICE_X46Y76         FDRE                                         r  design_1_i/axi_dma_2/U0/I_PRMRY_DATAMOVER/GEN_S2MM_FULL.I_S2MM_FULL_WRAPPER/I_CMD_STATUS/I_CMD_FIFO/USE_ASYNC_FIFO.I_ASYNC_FIFO/I_ASYNC_FIFOGEN_FIFO/xpm_fifo_instance.xpm_fifo_async_inst/gnuram_async_fifo.xpm_fifo_base_inst/gen_cdc_pntr.rd_pntr_cdc_inst/src_gray_ff_reg[0]/C
  -------------------------------------------------------------------    -------------------
    SLICE_X46Y76         FDRE (Prop_DFF_SLICEM_C_Q)
                                                      0.078     2.910 r  design_1_i/axi_dma_2/U0/I_PRMRY_DATAMOVER/GEN_S2MM_FULL.I_S2MM_FULL_WRAPPER/I_CMD_STATUS/I_CMD_FIFO/USE_ASYNC_FIFO.I_ASYNC_FIFO/I_ASYNC_FIFOGEN_FIFO/xpm_fifo_instance.xpm_fifo_async_inst/gnuram_async_fifo.xpm_fifo_base_inst/gen_cdc_pntr.rd_pntr_cdc_inst/src_gray_ff_reg[0]/Q
                         net (fo=1, routed)           0.346     3.256    design_1_i/axi_dma_2/U0/I_PRMRY_DATAMOVER/GEN_S2MM_FULL.I_S2MM_FULL_WRAPPER/I_CMD_STATUS/I_CMD_FIFO/USE_ASYNC_FIFO.I_ASYNC_FIFO/I_ASYNC_FIFOGEN_FIFO/xpm_fifo_instance.xpm_fifo_async_inst/gnuram_async_fifo.xpm_fifo_base_inst/gen_cdc_pntr.rd_pntr_cdc_inst/async_path[0]
    SLICE_X45Y77         FDRE                                         r  design_1_i/axi_dma_2/U0/I_PRMRY_DATAMOVER/GEN_S2MM_FULL.I_S2MM_FULL_WRAPPER/I_CMD_STATUS/I_CMD_FIFO/USE_ASYNC_FIFO.I_ASYNC_FIFO/I_ASYNC_FIFOGEN_FIFO/xpm_fifo_instance.xpm_fifo_async_inst/gnuram_async_fifo.xpm_fifo_base_inst/gen_cdc_pntr.rd_pntr_cdc_inst/dest_graysync_ff_reg[0][0]/D
  -------------------------------------------------------------------    -------------------

                         (clock clk_pl_0 rise edge)
                                                      0.000     0.000 r  
    PS8_X0Y0             PS8                          0.000     0.000 r  design_1_i/zynq_ultra_ps_e_0/inst/PS8_i/PLCLK[0]
                         net (fo=1, routed)           0.157     0.157    design_1_i/zynq_ultra_ps_e_0/inst/pl_clk_unbuffered[0]
    BUFG_PS_X0Y66        BUFG_PS (Prop_BUFG_PS_I_O)
                                                      0.025     0.182 r  design_1_i/zynq_ultra_ps_e_0/inst/buffer_pl_clk_0.PL_CLK_0_BUFG/O
    X3Y3 (CLOCK_ROOT)    net (fo=7512, routed)        2.217     2.399    design_1_i/axi_dma_2/U0/I_PRMRY_DATAMOVER/GEN_S2MM_FULL.I_S2MM_FULL_WRAPPER/I_CMD_STATUS/I_CMD_FIFO/USE_ASYNC_FIFO.I_ASYNC_FIFO/I_ASYNC_FIFOGEN_FIFO/xpm_fifo_instance.xpm_fifo_async_inst/gnuram_async_fifo.xpm_fifo_base_inst/gen_cdc_pntr.rd_pntr_cdc_inst/dest_clk
    SLICE_X45Y77         FDRE                                         r  design_1_i/axi_dma_2/U0/I_PRMRY_DATAMOVER/GEN_S2MM_FULL.I_S2MM_FULL_WRAPPER/I_CMD_STATUS/I_CMD_FIFO/USE_ASYNC_FIFO.I_ASYNC_FIFO/I_ASYNC_FIFOGEN_FIFO/xpm_fifo_instance.xpm_fifo_async_inst/gnuram_async_fifo.xpm_fifo_base_inst/gen_cdc_pntr.rd_pntr_cdc_inst/dest_graysync_ff_reg[0][0]/C
                         clock pessimism              0.000     2.399    
    SLICE_X45Y77         FDRE (Setup_DFF2_SLICEM_C_D)
                                                      0.025     2.424    design_1_i/axi_dma_2/U0/I_PRMRY_DATAMOVER/GEN_S2MM_FULL.I_S2MM_FULL_WRAPPER/I_CMD_STATUS/I_CMD_FIFO/USE_ASYNC_FIFO.I_ASYNC_FIFO/I_ASYNC_FIFOGEN_FIFO/xpm_fifo_instance.xpm_fifo_async_inst/gnuram_async_fifo.xpm_fifo_base_inst/gen_cdc_pntr.rd_pntr_cdc_inst/dest_graysync_ff_reg[0][0]
  -------------------------------------------------------------------
                         data arrival                           3.256    
                         clock arrival                          2.424    
  -------------------------------------------------------------------
                         relative delay                         0.832    

Reference path:
    Location             Delay type                Incr(ns)  Path(ns)    Netlist Resource(s)
  -------------------------------------------------------------------    -------------------
                         (clock RFADC2_CLK rise edge)
                                                      0.000     0.000 r  
    RFADC_X0Y2           RFADC                        0.000     0.000 r  design_1_i/usp_rf_data_converter_0/inst/design_1_usp_rf_data_converter_0_0_rf_wrapper_i/rx2_u_adc/INTERNAL_FBRC_DIV1_MUX
    RFADC_X0Y2           RFADC (Prop_RFADC_INTERNAL_FBRC_DIV1_MUX_CLK_ADC)
                                                      0.122     0.122 r  design_1_i/usp_rf_data_converter_0/inst/design_1_usp_rf_data_converter_0_0_rf_wrapper_i/rx2_u_adc/CLK_ADC
                         net (fo=2, routed)           0.150     0.272    design_1_i/usp_rf_data_converter_0/inst/i_design_1_usp_rf_data_converter_0_0_bufg_gt_ctrl/adc2_bufg_gt_0
    BUFG_GT_X1Y68        BUFG_GT (Prop_BUFG_GT_I_O)
                                                      0.114     0.386 r  design_1_i/usp_rf_data_converter_0/inst/i_design_1_usp_rf_data_converter_0_0_bufg_gt_ctrl/adc2_bufg_gt/O
    X3Y1 (CLOCK_ROOT)    net (fo=9251, routed)        2.039     2.425    design_1_i/axi_dma_2/U0/I_PRMRY_DATAMOVER/GEN_S2MM_FULL.I_S2MM_FULL_WRAPPER/I_CMD_STATUS/I_CMD_FIFO/USE_ASYNC_FIFO.I_ASYNC_FIFO/I_ASYNC_FIFOGEN_FIFO/xpm_fifo_instance.xpm_fifo_async_inst/gnuram_async_fifo.xpm_fifo_base_inst/gen_cdc_pntr.rd_pntr_cdc_inst/src_clk
    SLICE_X49Y77         FDRE                                         r  design_1_i/axi_dma_2/U0/I_PRMRY_DATAMOVER/GEN_S2MM_FULL.I_S2MM_FULL_WRAPPER/I_CMD_STATUS/I_CMD_FIFO/USE_ASYNC_FIFO.I_ASYNC_FIFO/I_ASYNC_FIFOGEN_FIFO/xpm_fifo_instance.xpm_fifo_async_inst/gnuram_async_fifo.xpm_fifo_base_inst/gen_cdc_pntr.rd_pntr_cdc_inst/src_gray_ff_reg[3]/C
  -------------------------------------------------------------------    -------------------
    SLICE_X49Y77         FDRE (Prop_EFF_SLICEL_C_Q)
                                                      0.059     2.484 r  design_1_i/axi_dma_2/U0/I_PRMRY_DATAMOVER/GEN_S2MM_FULL.I_S2MM_FULL_WRAPPER/I_CMD_STATUS/I_CMD_FIFO/USE_ASYNC_FIFO.I_ASYNC_FIFO/I_ASYNC_FIFOGEN_FIFO/xpm_fifo_instance.xpm_fifo_async_inst/gnuram_async_fifo.xpm_fifo_base_inst/gen_cdc_pntr.rd_pntr_cdc_inst/src_gray_ff_reg[3]/Q
                         net (fo=1, routed)           0.141     2.625    design_1_i/axi_dma_2/U0/I_PRMRY_DATAMOVER/GEN_S2MM_FULL.I_S2MM_FULL_WRAPPER/I_CMD_STATUS/I_CMD_FIFO/USE_ASYNC_FIFO.I_ASYNC_FIFO/I_ASYNC_FIFOGEN_FIFO/xpm_fifo_instance.xpm_fifo_async_inst/gnuram_async_fifo.xpm_fifo_base_inst/gen_cdc_pntr.rd_pntr_cdc_inst/async_path[3]
    SLICE_X49Y77         FDRE                                         r  design_1_i/axi_dma_2/U0/I_PRMRY_DATAMOVER/GEN_S2MM_FULL.I_S2MM_FULL_WRAPPER/I_CMD_STATUS/I_CMD_FIFO/USE_ASYNC_FIFO.I_ASYNC_FIFO/I_ASYNC_FIFOGEN_FIFO/xpm_fifo_instance.xpm_fifo_async_inst/gnuram_async_fifo.xpm_fifo_base_inst/gen_cdc_pntr.rd_pntr_cdc_inst/dest_graysync_ff_reg[0][3]/D
  -------------------------------------------------------------------    -------------------

                         (clock clk_pl_0 rise edge)
                                                      0.000     0.000 r  
    PS8_X0Y0             PS8                          0.000     0.000 r  design_1_i/zynq_ultra_ps_e_0/inst/PS8_i/PLCLK[0]
                         net (fo=1, routed)           0.198     0.198    design_1_i/zynq_ultra_ps_e_0/inst/pl_clk_unbuffered[0]
    BUFG_PS_X0Y66        BUFG_PS (Prop_BUFG_PS_I_O)
                                                      0.028     0.226 r  design_1_i/zynq_ultra_ps_e_0/inst/buffer_pl_clk_0.PL_CLK_0_BUFG/O
    X3Y3 (CLOCK_ROOT)    net (fo=7512, routed)        2.469     2.695    design_1_i/axi_dma_2/U0/I_PRMRY_DATAMOVER/GEN_S2MM_FULL.I_S2MM_FULL_WRAPPER/I_CMD_STATUS/I_CMD_FIFO/USE_ASYNC_FIFO.I_ASYNC_FIFO/I_ASYNC_FIFOGEN_FIFO/xpm_fifo_instance.xpm_fifo_async_inst/gnuram_async_fifo.xpm_fifo_base_inst/gen_cdc_pntr.rd_pntr_cdc_inst/dest_clk
    SLICE_X49Y77         FDRE                                         r  design_1_i/axi_dma_2/U0/I_PRMRY_DATAMOVER/GEN_S2MM_FULL.I_S2MM_FULL_WRAPPER/I_CMD_STATUS/I_CMD_FIFO/USE_ASYNC_FIFO.I_ASYNC_FIFO/I_ASYNC_FIFOGEN_FIFO/xpm_fifo_instance.xpm_fifo_async_inst/gnuram_async_fifo.xpm_fifo_base_inst/gen_cdc_pntr.rd_pntr_cdc_inst/dest_graysync_ff_reg[0][3]/C
                         clock pessimism              0.000     2.695    
    SLICE_X49Y77         FDRE (Hold_DFF2_SLICEL_C_D)
                                                      0.062     2.757    design_1_i/axi_dma_2/U0/I_PRMRY_DATAMOVER/GEN_S2MM_FULL.I_S2MM_FULL_WRAPPER/I_CMD_STATUS/I_CMD_FIFO/USE_ASYNC_FIFO.I_ASYNC_FIFO/I_ASYNC_FIFOGEN_FIFO/xpm_fifo_instance.xpm_fifo_async_inst/gnuram_async_fifo.xpm_fifo_base_inst/gen_cdc_pntr.rd_pntr_cdc_inst/dest_graysync_ff_reg[0][3]
  -------------------------------------------------------------------
                         data arrival                           2.625    
                         clock arrival                          2.757    
  -------------------------------------------------------------------
                         relative delay                        -0.133    



Id: 8
set_bus_skew -from [get_cells [list {design_1_i/axi_dma_2/U0/I_PRMRY_DATAMOVER/GEN_S2MM_FULL.I_S2MM_FULL_WRAPPER/I_CMD_STATUS/GEN_INCLUDE_STATUS_FIFO.I_STS_FIFO/USE_ASYNC_FIFO.I_ASYNC_FIFO/I_ASYNC_FIFOGEN_FIFO/xpm_fifo_instance.xpm_fifo_async_inst/gnuram_async_fifo.xpm_fifo_base_inst/gen_cdc_pntr.wr_pntr_cdc_inst/src_gray_ff_reg[0]} {design_1_i/axi_dma_2/U0/I_PRMRY_DATAMOVER/GEN_S2MM_FULL.I_S2MM_FULL_WRAPPER/I_CMD_STATUS/GEN_INCLUDE_STATUS_FIFO.I_STS_FIFO/USE_ASYNC_FIFO.I_ASYNC_FIFO/I_ASYNC_FIFOGEN_FIFO/xpm_fifo_instance.xpm_fifo_async_inst/gnuram_async_fifo.xpm_fifo_base_inst/gen_cdc_pntr.wr_pntr_cdc_inst/src_gray_ff_reg[1]} {design_1_i/axi_dma_2/U0/I_PRMRY_DATAMOVER/GEN_S2MM_FULL.I_S2MM_FULL_WRAPPER/I_CMD_STATUS/GEN_INCLUDE_STATUS_FIFO.I_STS_FIFO/USE_ASYNC_FIFO.I_ASYNC_FIFO/I_ASYNC_FIFOGEN_FIFO/xpm_fifo_instance.xpm_fifo_async_inst/gnuram_async_fifo.xpm_fifo_base_inst/gen_cdc_pntr.wr_pntr_cdc_inst/src_gray_ff_reg[2]} {design_1_i/axi_dma_2/U0/I_PRMRY_DATAMOVER/GEN_S2MM_FULL.I_S2MM_FULL_WRAPPER/I_CMD_STATUS/GEN_INCLUDE_STATUS_FIFO.I_STS_FIFO/USE_ASYNC_FIFO.I_ASYNC_FIFO/I_ASYNC_FIFOGEN_FIFO/xpm_fifo_instance.xpm_fifo_async_inst/gnuram_async_fifo.xpm_fifo_base_inst/gen_cdc_pntr.wr_pntr_cdc_inst/src_gray_ff_reg[3]}]] -to [get_cells [list {design_1_i/axi_dma_2/U0/I_PRMRY_DATAMOVER/GEN_S2MM_FULL.I_S2MM_FULL_WRAPPER/I_CMD_STATUS/GEN_INCLUDE_STATUS_FIFO.I_STS_FIFO/USE_ASYNC_FIFO.I_ASYNC_FIFO/I_ASYNC_FIFOGEN_FIFO/xpm_fifo_instance.xpm_fifo_async_inst/gnuram_async_fifo.xpm_fifo_base_inst/gen_cdc_pntr.wr_pntr_cdc_inst/dest_graysync_ff_reg[0][0]} {design_1_i/axi_dma_2/U0/I_PRMRY_DATAMOVER/GEN_S2MM_FULL.I_S2MM_FULL_WRAPPER/I_CMD_STATUS/GEN_INCLUDE_STATUS_FIFO.I_STS_FIFO/USE_ASYNC_FIFO.I_ASYNC_FIFO/I_ASYNC_FIFOGEN_FIFO/xpm_fifo_instance.xpm_fifo_async_inst/gnuram_async_fifo.xpm_fifo_base_inst/gen_cdc_pntr.wr_pntr_cdc_inst/dest_graysync_ff_reg[0][1]} {design_1_i/axi_dma_2/U0/I_PRMRY_DATAMOVER/GEN_S2MM_FULL.I_S2MM_FULL_WRAPPER/I_CMD_STATUS/GEN_INCLUDE_STATUS_FIFO.I_STS_FIFO/USE_ASYNC_FIFO.I_ASYNC_FIFO/I_ASYNC_FIFOGEN_FIFO/xpm_fifo_instance.xpm_fifo_async_inst/gnuram_async_fifo.xpm_fifo_base_inst/gen_cdc_pntr.wr_pntr_cdc_inst/dest_graysync_ff_reg[0][2]} {design_1_i/axi_dma_2/U0/I_PRMRY_DATAMOVER/GEN_S2MM_FULL.I_S2MM_FULL_WRAPPER/I_CMD_STATUS/GEN_INCLUDE_STATUS_FIFO.I_STS_FIFO/USE_ASYNC_FIFO.I_ASYNC_FIFO/I_ASYNC_FIFOGEN_FIFO/xpm_fifo_instance.xpm_fifo_async_inst/gnuram_async_fifo.xpm_fifo_base_inst/gen_cdc_pntr.wr_pntr_cdc_inst/dest_graysync_ff_reg[0][3]}]] 3.255
Requirement: 3.255ns
Endpoints: 4

From Clock            To Clock              Endpoint Pin                    Reference Pin                   Corner  Actual(ns)  Slack(ns)
--------------------  --------------------  ------------------------------  ------------------------------  ------  ----------  ---------
RFADC2_CLK            clk_pl_0              design_1_i/axi_dma_2/U0/I_PRMRY_DATAMOVER/GEN_S2MM_FULL.I_S2MM_FULL_WRAPPER/I_CMD_STATUS/GEN_INCLUDE_STATUS_FIFO.I_STS_FIFO/USE_ASYNC_FIFO.I_ASYNC_FIFO/I_ASYNC_FIFOGEN_FIFO/xpm_fifo_instance.xpm_fifo_async_inst/gnuram_async_fifo.xpm_fifo_base_inst/gen_cdc_pntr.wr_pntr_cdc_inst/dest_graysync_ff_reg[0][3]/D
                                                                            design_1_i/axi_dma_2/U0/I_PRMRY_DATAMOVER/GEN_S2MM_FULL.I_S2MM_FULL_WRAPPER/I_CMD_STATUS/GEN_INCLUDE_STATUS_FIFO.I_STS_FIFO/USE_ASYNC_FIFO.I_ASYNC_FIFO/I_ASYNC_FIFOGEN_FIFO/xpm_fifo_instance.xpm_fifo_async_inst/gnuram_async_fifo.xpm_fifo_base_inst/gen_cdc_pntr.wr_pntr_cdc_inst/dest_graysync_ff_reg[0][0]/D
                                                                                                            Slow         0.560      2.695


Slack (MET) :             2.695ns  (requirement - actual skew)
  Endpoint Source:        design_1_i/axi_dma_2/U0/I_PRMRY_DATAMOVER/GEN_S2MM_FULL.I_S2MM_FULL_WRAPPER/I_CMD_STATUS/GEN_INCLUDE_STATUS_FIFO.I_STS_FIFO/USE_ASYNC_FIFO.I_ASYNC_FIFO/I_ASYNC_FIFOGEN_FIFO/xpm_fifo_instance.xpm_fifo_async_inst/gnuram_async_fifo.xpm_fifo_base_inst/gen_cdc_pntr.wr_pntr_cdc_inst/src_gray_ff_reg[3]/C
                            (rising edge-triggered cell FDRE clocked by RFADC2_CLK)
  Endpoint Destination:   design_1_i/axi_dma_2/U0/I_PRMRY_DATAMOVER/GEN_S2MM_FULL.I_S2MM_FULL_WRAPPER/I_CMD_STATUS/GEN_INCLUDE_STATUS_FIFO.I_STS_FIFO/USE_ASYNC_FIFO.I_ASYNC_FIFO/I_ASYNC_FIFOGEN_FIFO/xpm_fifo_instance.xpm_fifo_async_inst/gnuram_async_fifo.xpm_fifo_base_inst/gen_cdc_pntr.wr_pntr_cdc_inst/dest_graysync_ff_reg[0][3]/D
                            (rising edge-triggered cell FDRE clocked by clk_pl_0)
  Reference Source:       design_1_i/axi_dma_2/U0/I_PRMRY_DATAMOVER/GEN_S2MM_FULL.I_S2MM_FULL_WRAPPER/I_CMD_STATUS/GEN_INCLUDE_STATUS_FIFO.I_STS_FIFO/USE_ASYNC_FIFO.I_ASYNC_FIFO/I_ASYNC_FIFOGEN_FIFO/xpm_fifo_instance.xpm_fifo_async_inst/gnuram_async_fifo.xpm_fifo_base_inst/gen_cdc_pntr.wr_pntr_cdc_inst/src_gray_ff_reg[0]/C
                            (rising edge-triggered cell FDRE clocked by RFADC2_CLK)
  Reference Destination:  design_1_i/axi_dma_2/U0/I_PRMRY_DATAMOVER/GEN_S2MM_FULL.I_S2MM_FULL_WRAPPER/I_CMD_STATUS/GEN_INCLUDE_STATUS_FIFO.I_STS_FIFO/USE_ASYNC_FIFO.I_ASYNC_FIFO/I_ASYNC_FIFOGEN_FIFO/xpm_fifo_instance.xpm_fifo_async_inst/gnuram_async_fifo.xpm_fifo_base_inst/gen_cdc_pntr.wr_pntr_cdc_inst/dest_graysync_ff_reg[0][0]/D
                            (rising edge-triggered cell FDRE clocked by clk_pl_0)
  Path Type:              Bus Skew (Max at Slow Process Corner)
  Requirement:            3.255ns
  Endpoint Relative Delay:    0.861ns
  Reference Relative Delay:  -0.232ns
  Relative CRPR:              0.533ns
  Actual Bus Skew:            0.560ns  (Endpoint Relative Delay - Reference Relative Delay - Relative CRPR)

Endpoint path:
    Location             Delay type                Incr(ns)  Path(ns)    Netlist Resource(s)
  -------------------------------------------------------------------    -------------------
                         (clock RFADC2_CLK rise edge)
                                                      0.000     0.000 r  
    RFADC_X0Y2           RFADC                        0.000     0.000 r  design_1_i/usp_rf_data_converter_0/inst/design_1_usp_rf_data_converter_0_0_rf_wrapper_i/rx2_u_adc/INTERNAL_FBRC_DIV1_MUX
    RFADC_X0Y2           RFADC (Prop_RFADC_INTERNAL_FBRC_DIV1_MUX_CLK_ADC)
                                                      0.150     0.150 r  design_1_i/usp_rf_data_converter_0/inst/design_1_usp_rf_data_converter_0_0_rf_wrapper_i/rx2_u_adc/CLK_ADC
                         net (fo=2, routed)           0.246     0.396    design_1_i/usp_rf_data_converter_0/inst/i_design_1_usp_rf_data_converter_0_0_bufg_gt_ctrl/adc2_bufg_gt_0
    BUFG_GT_X1Y68        BUFG_GT (Prop_BUFG_GT_I_O)
                                                      0.130     0.526 r  design_1_i/usp_rf_data_converter_0/inst/i_design_1_usp_rf_data_converter_0_0_bufg_gt_ctrl/adc2_bufg_gt/O
    X3Y1 (CLOCK_ROOT)    net (fo=9251, routed)        2.293     2.819    design_1_i/axi_dma_2/U0/I_PRMRY_DATAMOVER/GEN_S2MM_FULL.I_S2MM_FULL_WRAPPER/I_CMD_STATUS/GEN_INCLUDE_STATUS_FIFO.I_STS_FIFO/USE_ASYNC_FIFO.I_ASYNC_FIFO/I_ASYNC_FIFOGEN_FIFO/xpm_fifo_instance.xpm_fifo_async_inst/gnuram_async_fifo.xpm_fifo_base_inst/gen_cdc_pntr.wr_pntr_cdc_inst/src_clk
    SLICE_X45Y69         FDRE                                         r  design_1_i/axi_dma_2/U0/I_PRMRY_DATAMOVER/GEN_S2MM_FULL.I_S2MM_FULL_WRAPPER/I_CMD_STATUS/GEN_INCLUDE_STATUS_FIFO.I_STS_FIFO/USE_ASYNC_FIFO.I_ASYNC_FIFO/I_ASYNC_FIFOGEN_FIFO/xpm_fifo_instance.xpm_fifo_async_inst/gnuram_async_fifo.xpm_fifo_base_inst/gen_cdc_pntr.wr_pntr_cdc_inst/src_gray_ff_reg[3]/C
  -------------------------------------------------------------------    -------------------
    SLICE_X45Y69         FDRE (Prop_EFF_SLICEM_C_Q)
                                                      0.076     2.895 r  design_1_i/axi_dma_2/U0/I_PRMRY_DATAMOVER/GEN_S2MM_FULL.I_S2MM_FULL_WRAPPER/I_CMD_STATUS/GEN_INCLUDE_STATUS_FIFO.I_STS_FIFO/USE_ASYNC_FIFO.I_ASYNC_FIFO/I_ASYNC_FIFOGEN_FIFO/xpm_fifo_instance.xpm_fifo_async_inst/gnuram_async_fifo.xpm_fifo_base_inst/gen_cdc_pntr.wr_pntr_cdc_inst/src_gray_ff_reg[3]/Q
                         net (fo=1, routed)           0.390     3.285    design_1_i/axi_dma_2/U0/I_PRMRY_DATAMOVER/GEN_S2MM_FULL.I_S2MM_FULL_WRAPPER/I_CMD_STATUS/GEN_INCLUDE_STATUS_FIFO.I_STS_FIFO/USE_ASYNC_FIFO.I_ASYNC_FIFO/I_ASYNC_FIFOGEN_FIFO/xpm_fifo_instance.xpm_fifo_async_inst/gnuram_async_fifo.xpm_fifo_base_inst/gen_cdc_pntr.wr_pntr_cdc_inst/async_path[3]
    SLICE_X45Y69         FDRE                                         r  design_1_i/axi_dma_2/U0/I_PRMRY_DATAMOVER/GEN_S2MM_FULL.I_S2MM_FULL_WRAPPER/I_CMD_STATUS/GEN_INCLUDE_STATUS_FIFO.I_STS_FIFO/USE_ASYNC_FIFO.I_ASYNC_FIFO/I_ASYNC_FIFOGEN_FIFO/xpm_fifo_instance.xpm_fifo_async_inst/gnuram_async_fifo.xpm_fifo_base_inst/gen_cdc_pntr.wr_pntr_cdc_inst/dest_graysync_ff_reg[0][3]/D
  -------------------------------------------------------------------    -------------------

                         (clock clk_pl_0 rise edge)
                                                      0.000     0.000 r  
    PS8_X0Y0             PS8                          0.000     0.000 r  design_1_i/zynq_ultra_ps_e_0/inst/PS8_i/PLCLK[0]
                         net (fo=1, routed)           0.157     0.157    design_1_i/zynq_ultra_ps_e_0/inst/pl_clk_unbuffered[0]
    BUFG_PS_X0Y66        BUFG_PS (Prop_BUFG_PS_I_O)
                                                      0.025     0.182 r  design_1_i/zynq_ultra_ps_e_0/inst/buffer_pl_clk_0.PL_CLK_0_BUFG/O
    X3Y3 (CLOCK_ROOT)    net (fo=7512, routed)        2.217     2.399    design_1_i/axi_dma_2/U0/I_PRMRY_DATAMOVER/GEN_S2MM_FULL.I_S2MM_FULL_WRAPPER/I_CMD_STATUS/GEN_INCLUDE_STATUS_FIFO.I_STS_FIFO/USE_ASYNC_FIFO.I_ASYNC_FIFO/I_ASYNC_FIFOGEN_FIFO/xpm_fifo_instance.xpm_fifo_async_inst/gnuram_async_fifo.xpm_fifo_base_inst/gen_cdc_pntr.wr_pntr_cdc_inst/dest_clk
    SLICE_X45Y69         FDRE                                         r  design_1_i/axi_dma_2/U0/I_PRMRY_DATAMOVER/GEN_S2MM_FULL.I_S2MM_FULL_WRAPPER/I_CMD_STATUS/GEN_INCLUDE_STATUS_FIFO.I_STS_FIFO/USE_ASYNC_FIFO.I_ASYNC_FIFO/I_ASYNC_FIFOGEN_FIFO/xpm_fifo_instance.xpm_fifo_async_inst/gnuram_async_fifo.xpm_fifo_base_inst/gen_cdc_pntr.wr_pntr_cdc_inst/dest_graysync_ff_reg[0][3]/C
                         clock pessimism              0.000     2.399    
    SLICE_X45Y69         FDRE (Setup_DFF2_SLICEM_C_D)
                                                      0.025     2.424    design_1_i/axi_dma_2/U0/I_PRMRY_DATAMOVER/GEN_S2MM_FULL.I_S2MM_FULL_WRAPPER/I_CMD_STATUS/GEN_INCLUDE_STATUS_FIFO.I_STS_FIFO/USE_ASYNC_FIFO.I_ASYNC_FIFO/I_ASYNC_FIFOGEN_FIFO/xpm_fifo_instance.xpm_fifo_async_inst/gnuram_async_fifo.xpm_fifo_base_inst/gen_cdc_pntr.wr_pntr_cdc_inst/dest_graysync_ff_reg[0][3]
  -------------------------------------------------------------------
                         data arrival                           3.285    
                         clock arrival                          2.424    
  -------------------------------------------------------------------
                         relative delay                         0.861    

Reference path:
    Location             Delay type                Incr(ns)  Path(ns)    Netlist Resource(s)
  -------------------------------------------------------------------    -------------------
                         (clock RFADC2_CLK rise edge)
                                                      0.000     0.000 r  
    RFADC_X0Y2           RFADC                        0.000     0.000 r  design_1_i/usp_rf_data_converter_0/inst/design_1_usp_rf_data_converter_0_0_rf_wrapper_i/rx2_u_adc/INTERNAL_FBRC_DIV1_MUX
    RFADC_X0Y2           RFADC (Prop_RFADC_INTERNAL_FBRC_DIV1_MUX_CLK_ADC)
                                                      0.122     0.122 r  design_1_i/usp_rf_data_converter_0/inst/design_1_usp_rf_data_converter_0_0_rf_wrapper_i/rx2_u_adc/CLK_ADC
                         net (fo=2, routed)           0.150     0.272    design_1_i/usp_rf_data_converter_0/inst/i_design_1_usp_rf_data_converter_0_0_bufg_gt_ctrl/adc2_bufg_gt_0
    BUFG_GT_X1Y68        BUFG_GT (Prop_BUFG_GT_I_O)
                                                      0.114     0.386 r  design_1_i/usp_rf_data_converter_0/inst/i_design_1_usp_rf_data_converter_0_0_bufg_gt_ctrl/adc2_bufg_gt/O
    X3Y1 (CLOCK_ROOT)    net (fo=9251, routed)        2.043     2.429    design_1_i/axi_dma_2/U0/I_PRMRY_DATAMOVER/GEN_S2MM_FULL.I_S2MM_FULL_WRAPPER/I_CMD_STATUS/GEN_INCLUDE_STATUS_FIFO.I_STS_FIFO/USE_ASYNC_FIFO.I_ASYNC_FIFO/I_ASYNC_FIFOGEN_FIFO/xpm_fifo_instance.xpm_fifo_async_inst/gnuram_async_fifo.xpm_fifo_base_inst/gen_cdc_pntr.wr_pntr_cdc_inst/src_clk
    SLICE_X46Y71         FDRE                                         r  design_1_i/axi_dma_2/U0/I_PRMRY_DATAMOVER/GEN_S2MM_FULL.I_S2MM_FULL_WRAPPER/I_CMD_STATUS/GEN_INCLUDE_STATUS_FIFO.I_STS_FIFO/USE_ASYNC_FIFO.I_ASYNC_FIFO/I_ASYNC_FIFOGEN_FIFO/xpm_fifo_instance.xpm_fifo_async_inst/gnuram_async_fifo.xpm_fifo_base_inst/gen_cdc_pntr.wr_pntr_cdc_inst/src_gray_ff_reg[0]/C
  -------------------------------------------------------------------    -------------------
    SLICE_X46Y71         FDRE (Prop_HFF_SLICEM_C_Q)
                                                      0.058     2.487 r  design_1_i/axi_dma_2/U0/I_PRMRY_DATAMOVER/GEN_S2MM_FULL.I_S2MM_FULL_WRAPPER/I_CMD_STATUS/GEN_INCLUDE_STATUS_FIFO.I_STS_FIFO/USE_ASYNC_FIFO.I_ASYNC_FIFO/I_ASYNC_FIFOGEN_FIFO/xpm_fifo_instance.xpm_fifo_async_inst/gnuram_async_fifo.xpm_fifo_base_inst/gen_cdc_pntr.wr_pntr_cdc_inst/src_gray_ff_reg[0]/Q
                         net (fo=1, routed)           0.081     2.568    design_1_i/axi_dma_2/U0/I_PRMRY_DATAMOVER/GEN_S2MM_FULL.I_S2MM_FULL_WRAPPER/I_CMD_STATUS/GEN_INCLUDE_STATUS_FIFO.I_STS_FIFO/USE_ASYNC_FIFO.I_ASYNC_FIFO/I_ASYNC_FIFOGEN_FIFO/xpm_fifo_instance.xpm_fifo_async_inst/gnuram_async_fifo.xpm_fifo_base_inst/gen_cdc_pntr.wr_pntr_cdc_inst/async_path[0]
    SLICE_X46Y69         FDRE                                         r  design_1_i/axi_dma_2/U0/I_PRMRY_DATAMOVER/GEN_S2MM_FULL.I_S2MM_FULL_WRAPPER/I_CMD_STATUS/GEN_INCLUDE_STATUS_FIFO.I_STS_FIFO/USE_ASYNC_FIFO.I_ASYNC_FIFO/I_ASYNC_FIFOGEN_FIFO/xpm_fifo_instance.xpm_fifo_async_inst/gnuram_async_fifo.xpm_fifo_base_inst/gen_cdc_pntr.wr_pntr_cdc_inst/dest_graysync_ff_reg[0][0]/D
  -------------------------------------------------------------------    -------------------

                         (clock clk_pl_0 rise edge)
                                                      0.000     0.000 r  
    PS8_X0Y0             PS8                          0.000     0.000 r  design_1_i/zynq_ultra_ps_e_0/inst/PS8_i/PLCLK[0]
                         net (fo=1, routed)           0.198     0.198    design_1_i/zynq_ultra_ps_e_0/inst/pl_clk_unbuffered[0]
    BUFG_PS_X0Y66        BUFG_PS (Prop_BUFG_PS_I_O)
                                                      0.028     0.226 r  design_1_i/zynq_ultra_ps_e_0/inst/buffer_pl_clk_0.PL_CLK_0_BUFG/O
    X3Y3 (CLOCK_ROOT)    net (fo=7512, routed)        2.512     2.738    design_1_i/axi_dma_2/U0/I_PRMRY_DATAMOVER/GEN_S2MM_FULL.I_S2MM_FULL_WRAPPER/I_CMD_STATUS/GEN_INCLUDE_STATUS_FIFO.I_STS_FIFO/USE_ASYNC_FIFO.I_ASYNC_FIFO/I_ASYNC_FIFOGEN_FIFO/xpm_fifo_instance.xpm_fifo_async_inst/gnuram_async_fifo.xpm_fifo_base_inst/gen_cdc_pntr.wr_pntr_cdc_inst/dest_clk
    SLICE_X46Y69         FDRE                                         r  design_1_i/axi_dma_2/U0/I_PRMRY_DATAMOVER/GEN_S2MM_FULL.I_S2MM_FULL_WRAPPER/I_CMD_STATUS/GEN_INCLUDE_STATUS_FIFO.I_STS_FIFO/USE_ASYNC_FIFO.I_ASYNC_FIFO/I_ASYNC_FIFOGEN_FIFO/xpm_fifo_instance.xpm_fifo_async_inst/gnuram_async_fifo.xpm_fifo_base_inst/gen_cdc_pntr.wr_pntr_cdc_inst/dest_graysync_ff_reg[0][0]/C
                         clock pessimism              0.000     2.738    
    SLICE_X46Y69         FDRE (Hold_HFF2_SLICEM_C_D)
                                                      0.062     2.800    design_1_i/axi_dma_2/U0/I_PRMRY_DATAMOVER/GEN_S2MM_FULL.I_S2MM_FULL_WRAPPER/I_CMD_STATUS/GEN_INCLUDE_STATUS_FIFO.I_STS_FIFO/USE_ASYNC_FIFO.I_ASYNC_FIFO/I_ASYNC_FIFOGEN_FIFO/xpm_fifo_instance.xpm_fifo_async_inst/gnuram_async_fifo.xpm_fifo_base_inst/gen_cdc_pntr.wr_pntr_cdc_inst/dest_graysync_ff_reg[0][0]
  -------------------------------------------------------------------
                         data arrival                           2.568    
                         clock arrival                          2.800    
  -------------------------------------------------------------------
                         relative delay                        -0.232    



