

================================================================
== Vitis HLS Report for 'conv1_Pipeline_loadWin1_VITIS_LOOP_50_1'
================================================================
* Date:           Thu Dec 25 15:19:35 2025

* Version:        2022.1 (Build 3526262 on Mon Apr 18 15:48:16 MDT 2022)
* Project:        Day_5_final_boss
* Solution:       sol5 (Vivado IP Flow Target)
* Product family: zynq
* Target device:  xc7z020-clg400-1


================================================================
== Performance Estimates
================================================================
+ Timing: 
    * Summary: 
    +--------+----------+----------+------------+
    |  Clock |  Target  | Estimated| Uncertainty|
    +--------+----------+----------+------------+
    |ap_clk  |  10.00 ns|  6.982 ns|     2.70 ns|
    +--------+----------+----------+------------+

+ Latency: 
    * Summary: 
    +---------+---------+----------+----------+-----+-----+---------+
    |  Latency (cycles) |  Latency (absolute) |  Interval | Pipeline|
    |   min   |   max   |    min   |    max   | min | max |   Type  |
    +---------+---------+----------+----------+-----+-----+---------+
    |       12|       12|  0.120 us|  0.120 us|   12|   12|       no|
    +---------+---------+----------+----------+-----+-----+---------+

    + Detail: 
        * Instance: 
        N/A

        * Loop: 
        +----------------------------+---------+---------+----------+-----------+-----------+------+----------+
        |                            |  Latency (cycles) | Iteration|  Initiation Interval  | Trip |          |
        |          Loop Name         |   min   |   max   |  Latency |  achieved |   target  | Count| Pipelined|
        +----------------------------+---------+---------+----------+-----------+-----------+------+----------+
        |- loadWin1_VITIS_LOOP_50_1  |       10|       10|         3|          1|          1|     9|       yes|
        +----------------------------+---------+---------+----------+-----------+-----------+------+----------+



================================================================
== Utilization Estimates
================================================================
* Summary: 
+-----------------+---------+-----+--------+-------+-----+
|       Name      | BRAM_18K| DSP |   FF   |  LUT  | URAM|
+-----------------+---------+-----+--------+-------+-----+
|DSP              |        -|    -|       -|      -|    -|
|Expression       |        -|    -|       0|    120|    -|
|FIFO             |        -|    -|       -|      -|    -|
|Instance         |        -|    -|       -|      -|    -|
|Memory           |        -|    -|       -|      -|    -|
|Multiplexer      |        -|    -|       -|    153|    -|
|Register         |        -|    -|     320|      -|    -|
+-----------------+---------+-----+--------+-------+-----+
|Total            |        0|    0|     320|    273|    0|
+-----------------+---------+-----+--------+-------+-----+
|Available        |      280|  220|  106400|  53200|    0|
+-----------------+---------+-----+--------+-------+-----+
|Utilization (%)  |        0|    0|      ~0|     ~0|    0|
+-----------------+---------+-----+--------+-------+-----+

+ Detail: 
    * Instance: 
    N/A

    * DSP: 
    N/A

    * Memory: 
    N/A

    * FIFO: 
    N/A

    * Expression: 
    +-------------------------+----------+----+---+----+------------+------------+
    |      Variable Name      | Operation| DSP| FF| LUT| Bitwidth P0| Bitwidth P1|
    +-------------------------+----------+----+---+----+------------+------------+
    |add_ln49_5_fu_391_p2     |         +|   0|  0|  13|           5|           5|
    |add_ln49_6_fu_347_p2     |         +|   0|  0|  13|           4|           1|
    |add_ln49_fu_359_p2       |         +|   0|  0|  10|           2|           1|
    |add_ln50_fu_407_p2       |         +|   0|  0|  10|           2|           1|
    |add_ln52_5_fu_455_p2     |         +|   0|  0|  10|          10|          10|
    |add_ln52_fu_401_p2       |         +|   0|  0|  13|           5|           5|
    |sub_ln52_fu_446_p2       |         -|   0|  0|  10|          10|          10|
    |ap_condition_365         |       and|   0|  0|   2|           1|           1|
    |ap_condition_370         |       and|   0|  0|   2|           1|           1|
    |ap_condition_374         |       and|   0|  0|   2|           1|           1|
    |ap_condition_377         |       and|   0|  0|   2|           1|           1|
    |ap_condition_380         |       and|   0|  0|   2|           1|           1|
    |ap_condition_384         |       and|   0|  0|   2|           1|           1|
    |ap_condition_387         |       and|   0|  0|   2|           1|           1|
    |ap_condition_392         |       and|   0|  0|   2|           1|           1|
    |ap_condition_395         |       and|   0|  0|   2|           1|           1|
    |icmp_ln49_fu_341_p2      |      icmp|   0|  0|   9|           4|           4|
    |icmp_ln50_fu_365_p2      |      icmp|   0|  0|   8|           2|           2|
    |select_ln49_3_fu_379_p3  |    select|   0|  0|   2|           1|           2|
    |select_ln49_fu_371_p3    |    select|   0|  0|   2|           1|           1|
    |ap_enable_pp0            |       xor|   0|  0|   2|           1|           2|
    +-------------------------+----------+----+---+----+------------+------------+
    |Total                    |          |   0|  0| 120|          56|          53|
    +-------------------------+----------+----+---+----+------------+------------+

    * Multiplexer: 
    +----------------------------------------+----+-----------+-----+-----------+
    |                  Name                  | LUT| Input Size| Bits| Total Bits|
    +----------------------------------------+----+-----------+-----+-----------+
    |ap_done_int                             |   9|          2|    1|          2|
    |ap_enable_reg_pp0_iter1                 |   9|          2|    1|          2|
    |ap_sig_allocacmp_indvar_flatten27_load  |   9|          2|    4|          8|
    |ap_sig_allocacmp_wi_load                |   9|          2|    2|          4|
    |ap_sig_allocacmp_wj_load                |   9|          2|    2|          4|
    |empty_129_fu_104                        |   9|          2|   32|         64|
    |empty_130_fu_108                        |   9|          2|   32|         64|
    |empty_131_fu_112                        |   9|          2|   32|         64|
    |empty_132_fu_116                        |   9|          2|   32|         64|
    |empty_133_fu_120                        |   9|          2|   32|         64|
    |empty_134_fu_124                        |   9|          2|   32|         64|
    |empty_135_fu_128                        |   9|          2|   32|         64|
    |empty_136_fu_132                        |   9|          2|   32|         64|
    |empty_fu_100                            |   9|          2|   32|         64|
    |indvar_flatten27_fu_96                  |   9|          2|    4|          8|
    |wi_fu_92                                |   9|          2|    2|          4|
    |wj_fu_88                                |   9|          2|    2|          4|
    +----------------------------------------+----+-----------+-----+-----------+
    |Total                                   | 153|         34|  306|        612|
    +----------------------------------------+----+-----------+-----+-----------+

    * Register: 
    +-------------------------------------+----+----+-----+-----------+
    |                 Name                | FF | LUT| Bits| Const Bits|
    +-------------------------------------+----+----+-----+-----------+
    |add_ln49_5_reg_643                   |   5|   0|    5|          0|
    |add_ln52_reg_649                     |   5|   0|    5|          0|
    |ap_CS_fsm                            |   1|   0|    1|          0|
    |ap_done_reg                          |   1|   0|    1|          0|
    |ap_enable_reg_pp0_iter1              |   1|   0|    1|          0|
    |ap_enable_reg_pp0_iter2              |   1|   0|    1|          0|
    |ap_loop_exit_ready_pp0_iter1_reg     |   1|   0|    1|          0|
    |empty_129_fu_104                     |  32|   0|   32|          0|
    |empty_130_fu_108                     |  32|   0|   32|          0|
    |empty_131_fu_112                     |  32|   0|   32|          0|
    |empty_132_fu_116                     |  32|   0|   32|          0|
    |empty_133_fu_120                     |  32|   0|   32|          0|
    |empty_134_fu_124                     |  32|   0|   32|          0|
    |empty_135_fu_128                     |  32|   0|   32|          0|
    |empty_136_fu_132                     |  32|   0|   32|          0|
    |empty_fu_100                         |  32|   0|   32|          0|
    |icmp_ln49_reg_631                    |   1|   0|    1|          0|
    |indvar_flatten27_fu_96               |   4|   0|    4|          0|
    |select_ln49_3_reg_639                |   2|   0|    2|          0|
    |select_ln49_3_reg_639_pp0_iter1_reg  |   2|   0|    2|          0|
    |select_ln49_reg_635                  |   2|   0|    2|          0|
    |select_ln49_reg_635_pp0_iter1_reg    |   2|   0|    2|          0|
    |wi_fu_92                             |   2|   0|    2|          0|
    |wj_fu_88                             |   2|   0|    2|          0|
    +-------------------------------------+----+----+-----+-----------+
    |Total                                | 320|   0|  320|          0|
    +-------------------------------------+----+----+-----+-----------+



================================================================
== Interface
================================================================
* Summary: 
+--------------------------+-----+-----+------------+-----------------------------------------+--------------+
|         RTL Ports        | Dir | Bits|  Protocol  |              Source Object              |    C Type    |
+--------------------------+-----+-----+------------+-----------------------------------------+--------------+
|ap_clk                    |   in|    1|  ap_ctrl_hs|  conv1_Pipeline_loadWin1_VITIS_LOOP_50_1|  return value|
|ap_rst                    |   in|    1|  ap_ctrl_hs|  conv1_Pipeline_loadWin1_VITIS_LOOP_50_1|  return value|
|ap_start                  |   in|    1|  ap_ctrl_hs|  conv1_Pipeline_loadWin1_VITIS_LOOP_50_1|  return value|
|ap_done                   |  out|    1|  ap_ctrl_hs|  conv1_Pipeline_loadWin1_VITIS_LOOP_50_1|  return value|
|ap_idle                   |  out|    1|  ap_ctrl_hs|  conv1_Pipeline_loadWin1_VITIS_LOOP_50_1|  return value|
|ap_ready                  |  out|    1|  ap_ctrl_hs|  conv1_Pipeline_loadWin1_VITIS_LOOP_50_1|  return value|
|window_i_2_2_promoted117  |   in|   32|     ap_none|                 window_i_2_2_promoted117|        scalar|
|window_i_2_0_promoted115  |   in|   32|     ap_none|                 window_i_2_0_promoted115|        scalar|
|window_i_2_1_promoted113  |   in|   32|     ap_none|                 window_i_2_1_promoted113|        scalar|
|window_i_0_2_promoted111  |   in|   32|     ap_none|                 window_i_0_2_promoted111|        scalar|
|window_i_0_0_promoted109  |   in|   32|     ap_none|                 window_i_0_0_promoted109|        scalar|
|window_i_0_1_promoted107  |   in|   32|     ap_none|                 window_i_0_1_promoted107|        scalar|
|window_i_1_2_promoted105  |   in|   32|     ap_none|                 window_i_1_2_promoted105|        scalar|
|window_i_1_0_promoted103  |   in|   32|     ap_none|                 window_i_1_0_promoted103|        scalar|
|window_i_1_1_promoted101  |   in|   32|     ap_none|                 window_i_1_1_promoted101|        scalar|
|select_ln150_7            |   in|    5|     ap_none|                           select_ln150_7|        scalar|
|select_ln150              |   in|    5|     ap_none|                             select_ln150|        scalar|
|mem_1_0_address0          |  out|   10|   ap_memory|                                  mem_1_0|         array|
|mem_1_0_ce0               |  out|    1|   ap_memory|                                  mem_1_0|         array|
|mem_1_0_q0                |   in|   32|   ap_memory|                                  mem_1_0|         array|
|p_out                     |  out|   32|      ap_vld|                                    p_out|       pointer|
|p_out_ap_vld              |  out|    1|      ap_vld|                                    p_out|       pointer|
|p_out1                    |  out|   32|      ap_vld|                                   p_out1|       pointer|
|p_out1_ap_vld             |  out|    1|      ap_vld|                                   p_out1|       pointer|
|p_out2                    |  out|   32|      ap_vld|                                   p_out2|       pointer|
|p_out2_ap_vld             |  out|    1|      ap_vld|                                   p_out2|       pointer|
|p_out3                    |  out|   32|      ap_vld|                                   p_out3|       pointer|
|p_out3_ap_vld             |  out|    1|      ap_vld|                                   p_out3|       pointer|
|p_out4                    |  out|   32|      ap_vld|                                   p_out4|       pointer|
|p_out4_ap_vld             |  out|    1|      ap_vld|                                   p_out4|       pointer|
|p_out5                    |  out|   32|      ap_vld|                                   p_out5|       pointer|
|p_out5_ap_vld             |  out|    1|      ap_vld|                                   p_out5|       pointer|
|p_out6                    |  out|   32|      ap_vld|                                   p_out6|       pointer|
|p_out6_ap_vld             |  out|    1|      ap_vld|                                   p_out6|       pointer|
|p_out7                    |  out|   32|      ap_vld|                                   p_out7|       pointer|
|p_out7_ap_vld             |  out|    1|      ap_vld|                                   p_out7|       pointer|
|p_out8                    |  out|   32|      ap_vld|                                   p_out8|       pointer|
|p_out8_ap_vld             |  out|    1|      ap_vld|                                   p_out8|       pointer|
+--------------------------+-----+-----+------------+-----------------------------------------+--------------+

============================================================
+ Verbose Summary: Synthesis Manager
============================================================
InlineROM: 1
ExposeGlobal: 0
============================================================
+ Verbose Summary: CDFG Model
============================================================
IsTopModel: 0
ResetActiveHigh: 1
IsCombinational: 2
IsDatapathOnly: 2
HasWiredReturn: 1
HasMFsm: 2
HasVarLatency: 1
IsPipeline: 0
IsRtlPipelined: 0
IsInstanceOverlapped: 0
IsDontTouch: 0
HasImplIP: 0
IsGatedGlobalClock: 0

+ Individual pipeline summary: 
  * Pipeline-0: initiation interval (II) = 1, depth = 3


============================================================
+ Verbose Summary: Schedule
============================================================
* Number of FSM states : 3
* Pipeline : 1
  Pipeline-0 : II = 1, D = 3, States = { 1 2 3 }
* Dataflow Pipeline: 0

* FSM state transitions: 
1 --> 2 
2 --> 3 
3 --> 

* FSM state operations: 

State 1 <SV = 0> <Delay = 5.10>
ST_1 : Operation 6 [1/1] (0.00ns)   --->   "%wj = alloca i32 1"   --->   Operation 6 'alloca' 'wj' <Predicate = true> <Delay = 0.00>
ST_1 : Operation 7 [1/1] (0.00ns)   --->   "%wi = alloca i32 1"   --->   Operation 7 'alloca' 'wi' <Predicate = true> <Delay = 0.00>
ST_1 : Operation 8 [1/1] (0.00ns)   --->   "%indvar_flatten27 = alloca i32 1"   --->   Operation 8 'alloca' 'indvar_flatten27' <Predicate = true> <Delay = 0.00>
ST_1 : Operation 9 [1/1] (0.00ns)   --->   "%empty = alloca i32 1"   --->   Operation 9 'alloca' 'empty' <Predicate = true> <Delay = 0.00>
ST_1 : Operation 10 [1/1] (0.00ns)   --->   "%empty_129 = alloca i32 1"   --->   Operation 10 'alloca' 'empty_129' <Predicate = true> <Delay = 0.00>
ST_1 : Operation 11 [1/1] (0.00ns)   --->   "%empty_130 = alloca i32 1"   --->   Operation 11 'alloca' 'empty_130' <Predicate = true> <Delay = 0.00>
ST_1 : Operation 12 [1/1] (0.00ns)   --->   "%empty_131 = alloca i32 1"   --->   Operation 12 'alloca' 'empty_131' <Predicate = true> <Delay = 0.00>
ST_1 : Operation 13 [1/1] (0.00ns)   --->   "%empty_132 = alloca i32 1"   --->   Operation 13 'alloca' 'empty_132' <Predicate = true> <Delay = 0.00>
ST_1 : Operation 14 [1/1] (0.00ns)   --->   "%empty_133 = alloca i32 1"   --->   Operation 14 'alloca' 'empty_133' <Predicate = true> <Delay = 0.00>
ST_1 : Operation 15 [1/1] (0.00ns)   --->   "%empty_134 = alloca i32 1"   --->   Operation 15 'alloca' 'empty_134' <Predicate = true> <Delay = 0.00>
ST_1 : Operation 16 [1/1] (0.00ns)   --->   "%empty_135 = alloca i32 1"   --->   Operation 16 'alloca' 'empty_135' <Predicate = true> <Delay = 0.00>
ST_1 : Operation 17 [1/1] (0.00ns)   --->   "%empty_136 = alloca i32 1"   --->   Operation 17 'alloca' 'empty_136' <Predicate = true> <Delay = 0.00>
ST_1 : Operation 18 [1/1] (0.00ns)   --->   "%select_ln150_read = read i5 @_ssdm_op_Read.ap_auto.i5, i5 %select_ln150"   --->   Operation 18 'read' 'select_ln150_read' <Predicate = true> <Delay = 0.00>
ST_1 : Operation 19 [1/1] (0.00ns)   --->   "%select_ln150_7_read = read i5 @_ssdm_op_Read.ap_auto.i5, i5 %select_ln150_7"   --->   Operation 19 'read' 'select_ln150_7_read' <Predicate = true> <Delay = 0.00>
ST_1 : Operation 20 [1/1] (0.00ns)   --->   "%window_i_1_1_promoted101_read = read i32 @_ssdm_op_Read.ap_auto.float, i32 %window_i_1_1_promoted101"   --->   Operation 20 'read' 'window_i_1_1_promoted101_read' <Predicate = true> <Delay = 0.00>
ST_1 : Operation 21 [1/1] (0.00ns)   --->   "%window_i_1_0_promoted103_read = read i32 @_ssdm_op_Read.ap_auto.float, i32 %window_i_1_0_promoted103"   --->   Operation 21 'read' 'window_i_1_0_promoted103_read' <Predicate = true> <Delay = 0.00>
ST_1 : Operation 22 [1/1] (0.00ns)   --->   "%window_i_1_2_promoted105_read = read i32 @_ssdm_op_Read.ap_auto.float, i32 %window_i_1_2_promoted105"   --->   Operation 22 'read' 'window_i_1_2_promoted105_read' <Predicate = true> <Delay = 0.00>
ST_1 : Operation 23 [1/1] (0.00ns)   --->   "%window_i_0_1_promoted107_read = read i32 @_ssdm_op_Read.ap_auto.float, i32 %window_i_0_1_promoted107"   --->   Operation 23 'read' 'window_i_0_1_promoted107_read' <Predicate = true> <Delay = 0.00>
ST_1 : Operation 24 [1/1] (0.00ns)   --->   "%window_i_0_0_promoted109_read = read i32 @_ssdm_op_Read.ap_auto.float, i32 %window_i_0_0_promoted109"   --->   Operation 24 'read' 'window_i_0_0_promoted109_read' <Predicate = true> <Delay = 0.00>
ST_1 : Operation 25 [1/1] (0.00ns)   --->   "%window_i_0_2_promoted111_read = read i32 @_ssdm_op_Read.ap_auto.float, i32 %window_i_0_2_promoted111"   --->   Operation 25 'read' 'window_i_0_2_promoted111_read' <Predicate = true> <Delay = 0.00>
ST_1 : Operation 26 [1/1] (0.00ns)   --->   "%window_i_2_1_promoted113_read = read i32 @_ssdm_op_Read.ap_auto.float, i32 %window_i_2_1_promoted113"   --->   Operation 26 'read' 'window_i_2_1_promoted113_read' <Predicate = true> <Delay = 0.00>
ST_1 : Operation 27 [1/1] (0.00ns)   --->   "%window_i_2_0_promoted115_read = read i32 @_ssdm_op_Read.ap_auto.float, i32 %window_i_2_0_promoted115"   --->   Operation 27 'read' 'window_i_2_0_promoted115_read' <Predicate = true> <Delay = 0.00>
ST_1 : Operation 28 [1/1] (0.00ns)   --->   "%window_i_2_2_promoted117_read = read i32 @_ssdm_op_Read.ap_auto.float, i32 %window_i_2_2_promoted117"   --->   Operation 28 'read' 'window_i_2_2_promoted117_read' <Predicate = true> <Delay = 0.00>
ST_1 : Operation 29 [1/1] (1.58ns)   --->   "%store_ln0 = store i32 %window_i_2_2_promoted117_read, i32 %empty_136"   --->   Operation 29 'store' 'store_ln0' <Predicate = true> <Delay = 1.58>
ST_1 : Operation 30 [1/1] (1.58ns)   --->   "%store_ln0 = store i32 %window_i_2_0_promoted115_read, i32 %empty_135"   --->   Operation 30 'store' 'store_ln0' <Predicate = true> <Delay = 1.58>
ST_1 : Operation 31 [1/1] (1.58ns)   --->   "%store_ln0 = store i32 %window_i_2_1_promoted113_read, i32 %empty_134"   --->   Operation 31 'store' 'store_ln0' <Predicate = true> <Delay = 1.58>
ST_1 : Operation 32 [1/1] (1.58ns)   --->   "%store_ln0 = store i32 %window_i_0_2_promoted111_read, i32 %empty_133"   --->   Operation 32 'store' 'store_ln0' <Predicate = true> <Delay = 1.58>
ST_1 : Operation 33 [1/1] (1.58ns)   --->   "%store_ln0 = store i32 %window_i_0_0_promoted109_read, i32 %empty_132"   --->   Operation 33 'store' 'store_ln0' <Predicate = true> <Delay = 1.58>
ST_1 : Operation 34 [1/1] (1.58ns)   --->   "%store_ln0 = store i32 %window_i_0_1_promoted107_read, i32 %empty_131"   --->   Operation 34 'store' 'store_ln0' <Predicate = true> <Delay = 1.58>
ST_1 : Operation 35 [1/1] (1.58ns)   --->   "%store_ln0 = store i32 %window_i_1_2_promoted105_read, i32 %empty_130"   --->   Operation 35 'store' 'store_ln0' <Predicate = true> <Delay = 1.58>
ST_1 : Operation 36 [1/1] (1.58ns)   --->   "%store_ln0 = store i32 %window_i_1_0_promoted103_read, i32 %empty_129"   --->   Operation 36 'store' 'store_ln0' <Predicate = true> <Delay = 1.58>
ST_1 : Operation 37 [1/1] (1.58ns)   --->   "%store_ln0 = store i32 %window_i_1_1_promoted101_read, i32 %empty"   --->   Operation 37 'store' 'store_ln0' <Predicate = true> <Delay = 1.58>
ST_1 : Operation 38 [1/1] (1.58ns)   --->   "%store_ln0 = store i4 0, i4 %indvar_flatten27"   --->   Operation 38 'store' 'store_ln0' <Predicate = true> <Delay = 1.58>
ST_1 : Operation 39 [1/1] (1.58ns)   --->   "%store_ln0 = store i2 0, i2 %wi"   --->   Operation 39 'store' 'store_ln0' <Predicate = true> <Delay = 1.58>
ST_1 : Operation 40 [1/1] (1.58ns)   --->   "%store_ln0 = store i2 0, i2 %wj"   --->   Operation 40 'store' 'store_ln0' <Predicate = true> <Delay = 1.58>
ST_1 : Operation 41 [1/1] (0.00ns)   --->   "%br_ln0 = br void %for.inc.i17.i"   --->   Operation 41 'br' 'br_ln0' <Predicate = true> <Delay = 0.00>
ST_1 : Operation 42 [1/1] (0.00ns)   --->   "%indvar_flatten27_load = load i4 %indvar_flatten27" [codes_lab5/HLS_sources_final/templatedFuncs.h:49]   --->   Operation 42 'load' 'indvar_flatten27_load' <Predicate = true> <Delay = 0.00>
ST_1 : Operation 43 [1/1] (1.30ns)   --->   "%icmp_ln49 = icmp_eq  i4 %indvar_flatten27_load, i4 9" [codes_lab5/HLS_sources_final/templatedFuncs.h:49]   --->   Operation 43 'icmp' 'icmp_ln49' <Predicate = true> <Delay = 1.30> <CoreInst = "Cmp">   --->   Core 9 'Cmp' <Latency = 0> <II = 1> <Delay = 1.30> <FuncUnit> <Opcode : 'icmp'> <InPorts = 2> <OutPorts = 1>
ST_1 : Operation 44 [1/1] (1.73ns)   --->   "%add_ln49_6 = add i4 %indvar_flatten27_load, i4 1" [codes_lab5/HLS_sources_final/templatedFuncs.h:49]   --->   Operation 44 'add' 'add_ln49_6' <Predicate = true> <Delay = 1.73> <CoreInst = "Adder">   --->   Core 1 'Adder' <Latency = 0> <II = 1> <Delay = 1.73> <FuncUnit> <Opcode : 'add' 'sub'> <InPorts = 2> <OutPorts = 1>
ST_1 : Operation 45 [1/1] (0.00ns)   --->   "%br_ln49 = br i1 %icmp_ln49, void %for.inc14.i.i, void %_Z17load_input_windowILi1ELi28EEvPA3_fPAT0__AT0__fiii.exit.i.exitStub" [codes_lab5/HLS_sources_final/templatedFuncs.h:49]   --->   Operation 45 'br' 'br_ln49' <Predicate = true> <Delay = 0.00>
ST_1 : Operation 46 [1/1] (0.00ns)   --->   "%wj_load = load i2 %wj" [codes_lab5/HLS_sources_final/templatedFuncs.h:50]   --->   Operation 46 'load' 'wj_load' <Predicate = (!icmp_ln49)> <Delay = 0.00>
ST_1 : Operation 47 [1/1] (0.00ns)   --->   "%wi_load = load i2 %wi" [codes_lab5/HLS_sources_final/templatedFuncs.h:49]   --->   Operation 47 'load' 'wi_load' <Predicate = (!icmp_ln49)> <Delay = 0.00>
ST_1 : Operation 48 [1/1] (1.56ns)   --->   "%add_ln49 = add i2 %wi_load, i2 1" [codes_lab5/HLS_sources_final/templatedFuncs.h:49]   --->   Operation 48 'add' 'add_ln49' <Predicate = (!icmp_ln49)> <Delay = 1.56> <CoreInst = "Adder">   --->   Core 1 'Adder' <Latency = 0> <II = 1> <Delay = 1.56> <FuncUnit> <Opcode : 'add' 'sub'> <InPorts = 2> <OutPorts = 1>
ST_1 : Operation 49 [1/1] (0.95ns)   --->   "%icmp_ln50 = icmp_eq  i2 %wj_load, i2 3" [codes_lab5/HLS_sources_final/templatedFuncs.h:50]   --->   Operation 49 'icmp' 'icmp_ln50' <Predicate = (!icmp_ln49)> <Delay = 0.95> <CoreInst = "Cmp">   --->   Core 9 'Cmp' <Latency = 0> <II = 1> <Delay = 0.95> <FuncUnit> <Opcode : 'icmp'> <InPorts = 2> <OutPorts = 1>
ST_1 : Operation 50 [1/1] (0.99ns)   --->   "%select_ln49 = select i1 %icmp_ln50, i2 0, i2 %wj_load" [codes_lab5/HLS_sources_final/templatedFuncs.h:49]   --->   Operation 50 'select' 'select_ln49' <Predicate = (!icmp_ln49)> <Delay = 0.99> <CoreInst = "Sel">   --->   Core 73 'Sel' <Latency = 0> <II = 1> <Delay = 0.99> <FuncUnit> <Opcode : 'select'> <InPorts = 3> <OutPorts = 1>
ST_1 : Operation 51 [1/1] (0.99ns)   --->   "%select_ln49_3 = select i1 %icmp_ln50, i2 %add_ln49, i2 %wi_load" [codes_lab5/HLS_sources_final/templatedFuncs.h:49]   --->   Operation 51 'select' 'select_ln49_3' <Predicate = (!icmp_ln49)> <Delay = 0.99> <CoreInst = "Sel">   --->   Core 73 'Sel' <Latency = 0> <II = 1> <Delay = 0.99> <FuncUnit> <Opcode : 'select'> <InPorts = 3> <OutPorts = 1>
ST_1 : Operation 52 [1/1] (0.00ns)   --->   "%zext_ln49 = zext i2 %select_ln49_3" [codes_lab5/HLS_sources_final/templatedFuncs.h:49]   --->   Operation 52 'zext' 'zext_ln49' <Predicate = (!icmp_ln49)> <Delay = 0.00>
ST_1 : Operation 53 [1/1] (1.78ns)   --->   "%add_ln49_5 = add i5 %select_ln150_7_read, i5 %zext_ln49" [codes_lab5/HLS_sources_final/templatedFuncs.h:49]   --->   Operation 53 'add' 'add_ln49_5' <Predicate = (!icmp_ln49)> <Delay = 1.78> <CoreInst = "Adder">   --->   Core 1 'Adder' <Latency = 0> <II = 1> <Delay = 1.78> <FuncUnit> <Opcode : 'add' 'sub'> <InPorts = 2> <OutPorts = 1>
ST_1 : Operation 54 [1/1] (0.00ns)   --->   "%zext_ln50 = zext i2 %select_ln49" [codes_lab5/HLS_sources_final/templatedFuncs.h:50]   --->   Operation 54 'zext' 'zext_ln50' <Predicate = (!icmp_ln49)> <Delay = 0.00>
ST_1 : Operation 55 [1/1] (1.78ns)   --->   "%add_ln52 = add i5 %select_ln150_read, i5 %zext_ln50" [codes_lab5/HLS_sources_final/templatedFuncs.h:52]   --->   Operation 55 'add' 'add_ln52' <Predicate = (!icmp_ln49)> <Delay = 1.78> <CoreInst = "Adder">   --->   Core 1 'Adder' <Latency = 0> <II = 1> <Delay = 1.78> <FuncUnit> <Opcode : 'add' 'sub'> <InPorts = 2> <OutPorts = 1>
ST_1 : Operation 56 [1/1] (0.95ns)   --->   "%switch_ln52 = switch i2 %select_ln49_3, void %arrayidx133.i.i3.case.2, i2 0, void %arrayidx133.i.i3.case.0, i2 1, void %arrayidx133.i.i3.case.1" [codes_lab5/HLS_sources_final/templatedFuncs.h:52]   --->   Operation 56 'switch' 'switch_ln52' <Predicate = (!icmp_ln49)> <Delay = 0.95>
ST_1 : Operation 57 [1/1] (0.95ns)   --->   "%switch_ln52 = switch i2 %select_ln49, void %arrayidx133.i.i3.case.259, i2 0, void %arrayidx133.i.i3.case.1.arrayidx133.i.i3.exit_crit_edge, i2 1, void %arrayidx133.i.i3.case.1.arrayidx133.i.i3.exit_crit_edge32" [codes_lab5/HLS_sources_final/templatedFuncs.h:52]   --->   Operation 57 'switch' 'switch_ln52' <Predicate = (!icmp_ln49 & select_ln49_3 == 1)> <Delay = 0.95>
ST_1 : Operation 58 [1/1] (0.95ns)   --->   "%switch_ln52 = switch i2 %select_ln49, void %arrayidx133.i.i3.case.254, i2 0, void %arrayidx133.i.i3.case.0.arrayidx133.i.i3.exit_crit_edge, i2 1, void %arrayidx133.i.i3.case.0.arrayidx133.i.i3.exit_crit_edge28" [codes_lab5/HLS_sources_final/templatedFuncs.h:52]   --->   Operation 58 'switch' 'switch_ln52' <Predicate = (!icmp_ln49 & select_ln49_3 == 0)> <Delay = 0.95>
ST_1 : Operation 59 [1/1] (0.95ns)   --->   "%switch_ln52 = switch i2 %select_ln49, void %arrayidx133.i.i3.case.264, i2 0, void %arrayidx133.i.i3.case.2.arrayidx133.i.i3.exit_crit_edge, i2 1, void %arrayidx133.i.i3.case.2.arrayidx133.i.i3.exit_crit_edge24" [codes_lab5/HLS_sources_final/templatedFuncs.h:52]   --->   Operation 59 'switch' 'switch_ln52' <Predicate = (!icmp_ln49 & select_ln49_3 != 0 & select_ln49_3 != 1)> <Delay = 0.95>
ST_1 : Operation 60 [1/1] (1.56ns)   --->   "%add_ln50 = add i2 %select_ln49, i2 1" [codes_lab5/HLS_sources_final/templatedFuncs.h:50]   --->   Operation 60 'add' 'add_ln50' <Predicate = (!icmp_ln49)> <Delay = 1.56> <CoreInst = "Adder">   --->   Core 1 'Adder' <Latency = 0> <II = 1> <Delay = 1.56> <FuncUnit> <Opcode : 'add' 'sub'> <InPorts = 2> <OutPorts = 1>
ST_1 : Operation 61 [1/1] (1.58ns)   --->   "%store_ln50 = store i4 %add_ln49_6, i4 %indvar_flatten27" [codes_lab5/HLS_sources_final/templatedFuncs.h:50]   --->   Operation 61 'store' 'store_ln50' <Predicate = (!icmp_ln49)> <Delay = 1.58>
ST_1 : Operation 62 [1/1] (1.58ns)   --->   "%store_ln50 = store i2 %select_ln49_3, i2 %wi" [codes_lab5/HLS_sources_final/templatedFuncs.h:50]   --->   Operation 62 'store' 'store_ln50' <Predicate = (!icmp_ln49)> <Delay = 1.58>
ST_1 : Operation 63 [1/1] (1.58ns)   --->   "%store_ln50 = store i2 %add_ln50, i2 %wj" [codes_lab5/HLS_sources_final/templatedFuncs.h:50]   --->   Operation 63 'store' 'store_ln50' <Predicate = (!icmp_ln49)> <Delay = 1.58>
ST_1 : Operation 64 [1/1] (0.00ns)   --->   "%br_ln50 = br void %for.inc.i17.i" [codes_lab5/HLS_sources_final/templatedFuncs.h:50]   --->   Operation 64 'br' 'br_ln50' <Predicate = (!icmp_ln49)> <Delay = 0.00>

State 2 <SV = 1> <Delay = 6.98>
ST_2 : Operation 65 [1/1] (0.00ns)   --->   "%tmp_s = bitconcatenate i10 @_ssdm_op_BitConcatenate.i10.i5.i5, i5 %add_ln49_5, i5 0" [codes_lab5/HLS_sources_final/templatedFuncs.h:52]   --->   Operation 65 'bitconcatenate' 'tmp_s' <Predicate = true> <Delay = 0.00>
ST_2 : Operation 66 [1/1] (0.00ns)   --->   "%tmp_26 = bitconcatenate i7 @_ssdm_op_BitConcatenate.i7.i5.i2, i5 %add_ln49_5, i2 0" [codes_lab5/HLS_sources_final/templatedFuncs.h:52]   --->   Operation 66 'bitconcatenate' 'tmp_26' <Predicate = true> <Delay = 0.00>
ST_2 : Operation 67 [1/1] (0.00ns)   --->   "%zext_ln52 = zext i7 %tmp_26" [codes_lab5/HLS_sources_final/templatedFuncs.h:52]   --->   Operation 67 'zext' 'zext_ln52' <Predicate = true> <Delay = 0.00>
ST_2 : Operation 68 [1/1] (0.00ns) (grouped into TernaryAdder)   --->   "%sub_ln52 = sub i10 %tmp_s, i10 %zext_ln52" [codes_lab5/HLS_sources_final/templatedFuncs.h:52]   --->   Operation 68 'sub' 'sub_ln52' <Predicate = true> <Delay = 0.00> <CoreInst = "TAddSub">   --->   Core 10 'TAddSub' <Latency = 0> <II = 1> <Delay = 1.86> <IPBlock> <Opcode : 'add' 'sub'> <InPorts = 3> <OutPorts = 1> <Sync> <CReg>
ST_2 : Operation 69 [1/1] (0.00ns)   --->   "%zext_ln52_6 = zext i5 %add_ln52" [codes_lab5/HLS_sources_final/templatedFuncs.h:52]   --->   Operation 69 'zext' 'zext_ln52_6' <Predicate = true> <Delay = 0.00>
ST_2 : Operation 70 [1/1] (3.72ns) (root node of TernaryAdder)   --->   "%add_ln52_5 = add i10 %sub_ln52, i10 %zext_ln52_6" [codes_lab5/HLS_sources_final/templatedFuncs.h:52]   --->   Operation 70 'add' 'add_ln52_5' <Predicate = true> <Delay = 3.72> <CoreInst = "TAddSub">   --->   Core 10 'TAddSub' <Latency = 0> <II = 1> <Delay = 1.86> <IPBlock> <Opcode : 'add' 'sub'> <InPorts = 3> <OutPorts = 1> <Sync> <CReg>
ST_2 : Operation 71 [1/1] (0.00ns)   --->   "%zext_ln52_7 = zext i10 %add_ln52_5" [codes_lab5/HLS_sources_final/templatedFuncs.h:52]   --->   Operation 71 'zext' 'zext_ln52_7' <Predicate = true> <Delay = 0.00>
ST_2 : Operation 72 [1/1] (0.00ns)   --->   "%mem_1_0_addr = getelementptr i32 %mem_1_0, i64 0, i64 %zext_ln52_7" [codes_lab5/HLS_sources_final/templatedFuncs.h:52]   --->   Operation 72 'getelementptr' 'mem_1_0_addr' <Predicate = true> <Delay = 0.00>
ST_2 : Operation 73 [2/2] (3.25ns)   --->   "%mem_1_0_load = load i10 %mem_1_0_addr" [codes_lab5/HLS_sources_final/templatedFuncs.h:52]   --->   Operation 73 'load' 'mem_1_0_load' <Predicate = true> <Delay = 3.25> <CoreInst = "RAM">   --->   Core 82 'RAM' <Latency = 1> <II = 1> <Delay = 3.25> <Storage> <Opcode : 'load' 'store'> <Ports = 2> <Width = 32> <Depth = 784> <RAM>
ST_2 : Operation 97 [1/1] (0.00ns)   --->   "%p_load33 = load i32 %empty"   --->   Operation 97 'load' 'p_load33' <Predicate = (icmp_ln49)> <Delay = 0.00>
ST_2 : Operation 98 [1/1] (0.00ns)   --->   "%p_load31 = load i32 %empty_129"   --->   Operation 98 'load' 'p_load31' <Predicate = (icmp_ln49)> <Delay = 0.00>
ST_2 : Operation 99 [1/1] (0.00ns)   --->   "%p_load30 = load i32 %empty_130"   --->   Operation 99 'load' 'p_load30' <Predicate = (icmp_ln49)> <Delay = 0.00>
ST_2 : Operation 100 [1/1] (0.00ns)   --->   "%p_load29 = load i32 %empty_131"   --->   Operation 100 'load' 'p_load29' <Predicate = (icmp_ln49)> <Delay = 0.00>
ST_2 : Operation 101 [1/1] (0.00ns)   --->   "%p_load27 = load i32 %empty_132"   --->   Operation 101 'load' 'p_load27' <Predicate = (icmp_ln49)> <Delay = 0.00>
ST_2 : Operation 102 [1/1] (0.00ns)   --->   "%p_load26 = load i32 %empty_133"   --->   Operation 102 'load' 'p_load26' <Predicate = (icmp_ln49)> <Delay = 0.00>
ST_2 : Operation 103 [1/1] (0.00ns)   --->   "%p_load25 = load i32 %empty_134"   --->   Operation 103 'load' 'p_load25' <Predicate = (icmp_ln49)> <Delay = 0.00>
ST_2 : Operation 104 [1/1] (0.00ns)   --->   "%p_load23 = load i32 %empty_135"   --->   Operation 104 'load' 'p_load23' <Predicate = (icmp_ln49)> <Delay = 0.00>
ST_2 : Operation 105 [1/1] (0.00ns)   --->   "%p_load = load i32 %empty_136"   --->   Operation 105 'load' 'p_load' <Predicate = (icmp_ln49)> <Delay = 0.00>
ST_2 : Operation 106 [1/1] (0.00ns)   --->   "%write_ln0 = write void @_ssdm_op_Write.ap_auto.floatP0A, i32 %p_out, i32 %p_load"   --->   Operation 106 'write' 'write_ln0' <Predicate = (icmp_ln49)> <Delay = 0.00>
ST_2 : Operation 107 [1/1] (0.00ns)   --->   "%write_ln0 = write void @_ssdm_op_Write.ap_auto.floatP0A, i32 %p_out1, i32 %p_load23"   --->   Operation 107 'write' 'write_ln0' <Predicate = (icmp_ln49)> <Delay = 0.00>
ST_2 : Operation 108 [1/1] (0.00ns)   --->   "%write_ln0 = write void @_ssdm_op_Write.ap_auto.floatP0A, i32 %p_out2, i32 %p_load25"   --->   Operation 108 'write' 'write_ln0' <Predicate = (icmp_ln49)> <Delay = 0.00>
ST_2 : Operation 109 [1/1] (0.00ns)   --->   "%write_ln0 = write void @_ssdm_op_Write.ap_auto.floatP0A, i32 %p_out3, i32 %p_load26"   --->   Operation 109 'write' 'write_ln0' <Predicate = (icmp_ln49)> <Delay = 0.00>
ST_2 : Operation 110 [1/1] (0.00ns)   --->   "%write_ln0 = write void @_ssdm_op_Write.ap_auto.floatP0A, i32 %p_out4, i32 %p_load27"   --->   Operation 110 'write' 'write_ln0' <Predicate = (icmp_ln49)> <Delay = 0.00>
ST_2 : Operation 111 [1/1] (0.00ns)   --->   "%write_ln0 = write void @_ssdm_op_Write.ap_auto.floatP0A, i32 %p_out5, i32 %p_load29"   --->   Operation 111 'write' 'write_ln0' <Predicate = (icmp_ln49)> <Delay = 0.00>
ST_2 : Operation 112 [1/1] (0.00ns)   --->   "%write_ln0 = write void @_ssdm_op_Write.ap_auto.floatP0A, i32 %p_out6, i32 %p_load30"   --->   Operation 112 'write' 'write_ln0' <Predicate = (icmp_ln49)> <Delay = 0.00>
ST_2 : Operation 113 [1/1] (0.00ns)   --->   "%write_ln0 = write void @_ssdm_op_Write.ap_auto.floatP0A, i32 %p_out7, i32 %p_load31"   --->   Operation 113 'write' 'write_ln0' <Predicate = (icmp_ln49)> <Delay = 0.00>
ST_2 : Operation 114 [1/1] (0.00ns)   --->   "%write_ln0 = write void @_ssdm_op_Write.ap_auto.floatP0A, i32 %p_out8, i32 %p_load33"   --->   Operation 114 'write' 'write_ln0' <Predicate = (icmp_ln49)> <Delay = 0.00>
ST_2 : Operation 115 [1/1] (0.00ns)   --->   "%ret_ln0 = ret"   --->   Operation 115 'ret' 'ret_ln0' <Predicate = (icmp_ln49)> <Delay = 0.00>

State 3 <SV = 2> <Delay = 4.84>
ST_3 : Operation 74 [1/1] (0.00ns)   --->   "%specloopname_ln0 = specloopname void @_ssdm_op_SpecLoopName, void @loadWin1_VITIS_LOOP_50_1_str"   --->   Operation 74 'specloopname' 'specloopname_ln0' <Predicate = true> <Delay = 0.00>
ST_3 : Operation 75 [1/1] (0.00ns)   --->   "%empty_137 = speclooptripcount i32 @_ssdm_op_SpecLoopTripCount, i64 9, i64 9, i64 9"   --->   Operation 75 'speclooptripcount' 'empty_137' <Predicate = true> <Delay = 0.00>
ST_3 : Operation 76 [1/1] (0.00ns)   --->   "%specpipeline_ln51 = specpipeline void @_ssdm_op_SpecPipeline, i32 4294967295, i32 0, i32 0, i32 0, void @empty" [codes_lab5/HLS_sources_final/templatedFuncs.h:51]   --->   Operation 76 'specpipeline' 'specpipeline_ln51' <Predicate = true> <Delay = 0.00>
ST_3 : Operation 77 [1/1] (0.00ns)   --->   "%specloopname_ln50 = specloopname void @_ssdm_op_SpecLoopName, void @empty_9" [codes_lab5/HLS_sources_final/templatedFuncs.h:50]   --->   Operation 77 'specloopname' 'specloopname_ln50' <Predicate = true> <Delay = 0.00>
ST_3 : Operation 78 [1/2] (3.25ns)   --->   "%mem_1_0_load = load i10 %mem_1_0_addr" [codes_lab5/HLS_sources_final/templatedFuncs.h:52]   --->   Operation 78 'load' 'mem_1_0_load' <Predicate = true> <Delay = 3.25> <CoreInst = "RAM">   --->   Core 82 'RAM' <Latency = 1> <II = 1> <Delay = 3.25> <Storage> <Opcode : 'load' 'store'> <Ports = 2> <Width = 32> <Depth = 784> <RAM>
ST_3 : Operation 79 [1/1] (1.58ns)   --->   "%store_ln52 = store i32 %mem_1_0_load, i32 %empty" [codes_lab5/HLS_sources_final/templatedFuncs.h:52]   --->   Operation 79 'store' 'store_ln52' <Predicate = (select_ln49_3 == 1 & select_ln49 == 1)> <Delay = 1.58>
ST_3 : Operation 80 [1/1] (0.00ns)   --->   "%br_ln52 = br void %arrayidx133.i.i3.exit" [codes_lab5/HLS_sources_final/templatedFuncs.h:52]   --->   Operation 80 'br' 'br_ln52' <Predicate = (select_ln49_3 == 1 & select_ln49 == 1)> <Delay = 0.00>
ST_3 : Operation 81 [1/1] (1.58ns)   --->   "%store_ln52 = store i32 %mem_1_0_load, i32 %empty_129" [codes_lab5/HLS_sources_final/templatedFuncs.h:52]   --->   Operation 81 'store' 'store_ln52' <Predicate = (select_ln49_3 == 1 & select_ln49 == 0)> <Delay = 1.58>
ST_3 : Operation 82 [1/1] (0.00ns)   --->   "%br_ln52 = br void %arrayidx133.i.i3.exit" [codes_lab5/HLS_sources_final/templatedFuncs.h:52]   --->   Operation 82 'br' 'br_ln52' <Predicate = (select_ln49_3 == 1 & select_ln49 == 0)> <Delay = 0.00>
ST_3 : Operation 83 [1/1] (1.58ns)   --->   "%store_ln52 = store i32 %mem_1_0_load, i32 %empty_130" [codes_lab5/HLS_sources_final/templatedFuncs.h:52]   --->   Operation 83 'store' 'store_ln52' <Predicate = (select_ln49_3 == 1 & select_ln49 != 0 & select_ln49 != 1)> <Delay = 1.58>
ST_3 : Operation 84 [1/1] (0.00ns)   --->   "%br_ln52 = br void %arrayidx133.i.i3.exit" [codes_lab5/HLS_sources_final/templatedFuncs.h:52]   --->   Operation 84 'br' 'br_ln52' <Predicate = (select_ln49_3 == 1 & select_ln49 != 0 & select_ln49 != 1)> <Delay = 0.00>
ST_3 : Operation 85 [1/1] (1.58ns)   --->   "%store_ln52 = store i32 %mem_1_0_load, i32 %empty_131" [codes_lab5/HLS_sources_final/templatedFuncs.h:52]   --->   Operation 85 'store' 'store_ln52' <Predicate = (select_ln49_3 == 0 & select_ln49 == 1)> <Delay = 1.58>
ST_3 : Operation 86 [1/1] (0.00ns)   --->   "%br_ln52 = br void %arrayidx133.i.i3.exit" [codes_lab5/HLS_sources_final/templatedFuncs.h:52]   --->   Operation 86 'br' 'br_ln52' <Predicate = (select_ln49_3 == 0 & select_ln49 == 1)> <Delay = 0.00>
ST_3 : Operation 87 [1/1] (1.58ns)   --->   "%store_ln52 = store i32 %mem_1_0_load, i32 %empty_132" [codes_lab5/HLS_sources_final/templatedFuncs.h:52]   --->   Operation 87 'store' 'store_ln52' <Predicate = (select_ln49_3 == 0 & select_ln49 == 0)> <Delay = 1.58>
ST_3 : Operation 88 [1/1] (0.00ns)   --->   "%br_ln52 = br void %arrayidx133.i.i3.exit" [codes_lab5/HLS_sources_final/templatedFuncs.h:52]   --->   Operation 88 'br' 'br_ln52' <Predicate = (select_ln49_3 == 0 & select_ln49 == 0)> <Delay = 0.00>
ST_3 : Operation 89 [1/1] (1.58ns)   --->   "%store_ln52 = store i32 %mem_1_0_load, i32 %empty_133" [codes_lab5/HLS_sources_final/templatedFuncs.h:52]   --->   Operation 89 'store' 'store_ln52' <Predicate = (select_ln49_3 == 0 & select_ln49 != 0 & select_ln49 != 1)> <Delay = 1.58>
ST_3 : Operation 90 [1/1] (0.00ns)   --->   "%br_ln52 = br void %arrayidx133.i.i3.exit" [codes_lab5/HLS_sources_final/templatedFuncs.h:52]   --->   Operation 90 'br' 'br_ln52' <Predicate = (select_ln49_3 == 0 & select_ln49 != 0 & select_ln49 != 1)> <Delay = 0.00>
ST_3 : Operation 91 [1/1] (1.58ns)   --->   "%store_ln52 = store i32 %mem_1_0_load, i32 %empty_134" [codes_lab5/HLS_sources_final/templatedFuncs.h:52]   --->   Operation 91 'store' 'store_ln52' <Predicate = (select_ln49_3 != 0 & select_ln49_3 != 1 & select_ln49 == 1)> <Delay = 1.58>
ST_3 : Operation 92 [1/1] (0.00ns)   --->   "%br_ln52 = br void %arrayidx133.i.i3.exit" [codes_lab5/HLS_sources_final/templatedFuncs.h:52]   --->   Operation 92 'br' 'br_ln52' <Predicate = (select_ln49_3 != 0 & select_ln49_3 != 1 & select_ln49 == 1)> <Delay = 0.00>
ST_3 : Operation 93 [1/1] (1.58ns)   --->   "%store_ln52 = store i32 %mem_1_0_load, i32 %empty_135" [codes_lab5/HLS_sources_final/templatedFuncs.h:52]   --->   Operation 93 'store' 'store_ln52' <Predicate = (select_ln49_3 != 0 & select_ln49_3 != 1 & select_ln49 == 0)> <Delay = 1.58>
ST_3 : Operation 94 [1/1] (0.00ns)   --->   "%br_ln52 = br void %arrayidx133.i.i3.exit" [codes_lab5/HLS_sources_final/templatedFuncs.h:52]   --->   Operation 94 'br' 'br_ln52' <Predicate = (select_ln49_3 != 0 & select_ln49_3 != 1 & select_ln49 == 0)> <Delay = 0.00>
ST_3 : Operation 95 [1/1] (1.58ns)   --->   "%store_ln52 = store i32 %mem_1_0_load, i32 %empty_136" [codes_lab5/HLS_sources_final/templatedFuncs.h:52]   --->   Operation 95 'store' 'store_ln52' <Predicate = (select_ln49_3 != 0 & select_ln49_3 != 1 & select_ln49 != 0 & select_ln49 != 1)> <Delay = 1.58>
ST_3 : Operation 96 [1/1] (0.00ns)   --->   "%br_ln52 = br void %arrayidx133.i.i3.exit" [codes_lab5/HLS_sources_final/templatedFuncs.h:52]   --->   Operation 96 'br' 'br_ln52' <Predicate = (select_ln49_3 != 0 & select_ln49_3 != 1 & select_ln49 != 0 & select_ln49 != 1)> <Delay = 0.00>


============================================================
+ Verbose Summary: Binding
============================================================
STG Binding: 
---------------- STG Properties BEGIN ----------------
- Is combinational: 0
- Is one-state seq: 0
- Is datapath-only: 0
- Is pipelined: 0
- Is top level: 0
Port [ Return ] is wired: 1; IO mode=ap_ctrl_hs:ce=0
Port [ window_i_2_2_promoted117]:  wired=1; compound=0; hidden=0; nouse=0; global=0; static=0; extern=0; dir=0; type=0; pingpong=0; private_global=0; IO mode=ap_none:ce=0
Port [ window_i_2_0_promoted115]:  wired=1; compound=0; hidden=0; nouse=0; global=0; static=0; extern=0; dir=0; type=0; pingpong=0; private_global=0; IO mode=ap_none:ce=0
Port [ window_i_2_1_promoted113]:  wired=1; compound=0; hidden=0; nouse=0; global=0; static=0; extern=0; dir=0; type=0; pingpong=0; private_global=0; IO mode=ap_none:ce=0
Port [ window_i_0_2_promoted111]:  wired=1; compound=0; hidden=0; nouse=0; global=0; static=0; extern=0; dir=0; type=0; pingpong=0; private_global=0; IO mode=ap_none:ce=0
Port [ window_i_0_0_promoted109]:  wired=1; compound=0; hidden=0; nouse=0; global=0; static=0; extern=0; dir=0; type=0; pingpong=0; private_global=0; IO mode=ap_none:ce=0
Port [ window_i_0_1_promoted107]:  wired=1; compound=0; hidden=0; nouse=0; global=0; static=0; extern=0; dir=0; type=0; pingpong=0; private_global=0; IO mode=ap_none:ce=0
Port [ window_i_1_2_promoted105]:  wired=1; compound=0; hidden=0; nouse=0; global=0; static=0; extern=0; dir=0; type=0; pingpong=0; private_global=0; IO mode=ap_none:ce=0
Port [ window_i_1_0_promoted103]:  wired=1; compound=0; hidden=0; nouse=0; global=0; static=0; extern=0; dir=0; type=0; pingpong=0; private_global=0; IO mode=ap_none:ce=0
Port [ window_i_1_1_promoted101]:  wired=1; compound=0; hidden=0; nouse=0; global=0; static=0; extern=0; dir=0; type=0; pingpong=0; private_global=0; IO mode=ap_none:ce=0
Port [ select_ln150_7]:  wired=1; compound=0; hidden=0; nouse=0; global=0; static=0; extern=0; dir=0; type=0; pingpong=0; private_global=0; IO mode=ap_none:ce=0
Port [ select_ln150]:  wired=1; compound=0; hidden=0; nouse=0; global=0; static=0; extern=0; dir=0; type=0; pingpong=0; private_global=0; IO mode=ap_none:ce=0
Port [ mem_1_0]:  wired=1; compound=1; hidden=0; nouse=0; global=0; static=0; extern=0; dir=0; type=1; pingpong=1; private_global=0; MemPort=[13]; IO mode=ap_memory:ce=0
Port [ p_out]:  wired=1; compound=0; hidden=0; nouse=0; global=0; static=0; extern=0; dir=1; type=0; pingpong=0; private_global=0; IO mode=ap_vld:ce=0
Port [ p_out1]:  wired=1; compound=0; hidden=0; nouse=0; global=0; static=0; extern=0; dir=1; type=0; pingpong=0; private_global=0; IO mode=ap_vld:ce=0
Port [ p_out2]:  wired=1; compound=0; hidden=0; nouse=0; global=0; static=0; extern=0; dir=1; type=0; pingpong=0; private_global=0; IO mode=ap_vld:ce=0
Port [ p_out3]:  wired=1; compound=0; hidden=0; nouse=0; global=0; static=0; extern=0; dir=1; type=0; pingpong=0; private_global=0; IO mode=ap_vld:ce=0
Port [ p_out4]:  wired=1; compound=0; hidden=0; nouse=0; global=0; static=0; extern=0; dir=1; type=0; pingpong=0; private_global=0; IO mode=ap_vld:ce=0
Port [ p_out5]:  wired=1; compound=0; hidden=0; nouse=0; global=0; static=0; extern=0; dir=1; type=0; pingpong=0; private_global=0; IO mode=ap_vld:ce=0
Port [ p_out6]:  wired=1; compound=0; hidden=0; nouse=0; global=0; static=0; extern=0; dir=1; type=0; pingpong=0; private_global=0; IO mode=ap_vld:ce=0
Port [ p_out7]:  wired=1; compound=0; hidden=0; nouse=0; global=0; static=0; extern=0; dir=1; type=0; pingpong=0; private_global=0; IO mode=ap_vld:ce=0
Port [ p_out8]:  wired=1; compound=0; hidden=0; nouse=0; global=0; static=0; extern=0; dir=1; type=0; pingpong=0; private_global=0; IO mode=ap_vld:ce=0
---------------- STG Properties END ------------------

---------------- Datapath Model BEGIN ----------------

<LifeTime>
<method=bitvector/>
wj                            (alloca           ) [ 0100]
wi                            (alloca           ) [ 0100]
indvar_flatten27              (alloca           ) [ 0100]
empty                         (alloca           ) [ 0111]
empty_129                     (alloca           ) [ 0111]
empty_130                     (alloca           ) [ 0111]
empty_131                     (alloca           ) [ 0111]
empty_132                     (alloca           ) [ 0111]
empty_133                     (alloca           ) [ 0111]
empty_134                     (alloca           ) [ 0111]
empty_135                     (alloca           ) [ 0111]
empty_136                     (alloca           ) [ 0111]
select_ln150_read             (read             ) [ 0000]
select_ln150_7_read           (read             ) [ 0000]
window_i_1_1_promoted101_read (read             ) [ 0000]
window_i_1_0_promoted103_read (read             ) [ 0000]
window_i_1_2_promoted105_read (read             ) [ 0000]
window_i_0_1_promoted107_read (read             ) [ 0000]
window_i_0_0_promoted109_read (read             ) [ 0000]
window_i_0_2_promoted111_read (read             ) [ 0000]
window_i_2_1_promoted113_read (read             ) [ 0000]
window_i_2_0_promoted115_read (read             ) [ 0000]
window_i_2_2_promoted117_read (read             ) [ 0000]
store_ln0                     (store            ) [ 0000]
store_ln0                     (store            ) [ 0000]
store_ln0                     (store            ) [ 0000]
store_ln0                     (store            ) [ 0000]
store_ln0                     (store            ) [ 0000]
store_ln0                     (store            ) [ 0000]
store_ln0                     (store            ) [ 0000]
store_ln0                     (store            ) [ 0000]
store_ln0                     (store            ) [ 0000]
store_ln0                     (store            ) [ 0000]
store_ln0                     (store            ) [ 0000]
store_ln0                     (store            ) [ 0000]
br_ln0                        (br               ) [ 0000]
indvar_flatten27_load         (load             ) [ 0000]
icmp_ln49                     (icmp             ) [ 0110]
add_ln49_6                    (add              ) [ 0000]
br_ln49                       (br               ) [ 0000]
wj_load                       (load             ) [ 0000]
wi_load                       (load             ) [ 0000]
add_ln49                      (add              ) [ 0000]
icmp_ln50                     (icmp             ) [ 0000]
select_ln49                   (select           ) [ 0111]
select_ln49_3                 (select           ) [ 0111]
zext_ln49                     (zext             ) [ 0000]
add_ln49_5                    (add              ) [ 0110]
zext_ln50                     (zext             ) [ 0000]
add_ln52                      (add              ) [ 0110]
switch_ln52                   (switch           ) [ 0000]
switch_ln52                   (switch           ) [ 0000]
switch_ln52                   (switch           ) [ 0000]
switch_ln52                   (switch           ) [ 0000]
add_ln50                      (add              ) [ 0000]
store_ln50                    (store            ) [ 0000]
store_ln50                    (store            ) [ 0000]
store_ln50                    (store            ) [ 0000]
br_ln50                       (br               ) [ 0000]
tmp_s                         (bitconcatenate   ) [ 0000]
tmp_26                        (bitconcatenate   ) [ 0000]
zext_ln52                     (zext             ) [ 0000]
sub_ln52                      (sub              ) [ 0000]
zext_ln52_6                   (zext             ) [ 0000]
add_ln52_5                    (add              ) [ 0000]
zext_ln52_7                   (zext             ) [ 0000]
mem_1_0_addr                  (getelementptr    ) [ 0101]
specloopname_ln0              (specloopname     ) [ 0000]
empty_137                     (speclooptripcount) [ 0000]
specpipeline_ln51             (specpipeline     ) [ 0000]
specloopname_ln50             (specloopname     ) [ 0000]
mem_1_0_load                  (load             ) [ 0000]
store_ln52                    (store            ) [ 0000]
br_ln52                       (br               ) [ 0000]
store_ln52                    (store            ) [ 0000]
br_ln52                       (br               ) [ 0000]
store_ln52                    (store            ) [ 0000]
br_ln52                       (br               ) [ 0000]
store_ln52                    (store            ) [ 0000]
br_ln52                       (br               ) [ 0000]
store_ln52                    (store            ) [ 0000]
br_ln52                       (br               ) [ 0000]
store_ln52                    (store            ) [ 0000]
br_ln52                       (br               ) [ 0000]
store_ln52                    (store            ) [ 0000]
br_ln52                       (br               ) [ 0000]
store_ln52                    (store            ) [ 0000]
br_ln52                       (br               ) [ 0000]
store_ln52                    (store            ) [ 0000]
br_ln52                       (br               ) [ 0000]
p_load33                      (load             ) [ 0000]
p_load31                      (load             ) [ 0000]
p_load30                      (load             ) [ 0000]
p_load29                      (load             ) [ 0000]
p_load27                      (load             ) [ 0000]
p_load26                      (load             ) [ 0000]
p_load25                      (load             ) [ 0000]
p_load23                      (load             ) [ 0000]
p_load                        (load             ) [ 0000]
write_ln0                     (write            ) [ 0000]
write_ln0                     (write            ) [ 0000]
write_ln0                     (write            ) [ 0000]
write_ln0                     (write            ) [ 0000]
write_ln0                     (write            ) [ 0000]
write_ln0                     (write            ) [ 0000]
write_ln0                     (write            ) [ 0000]
write_ln0                     (write            ) [ 0000]
write_ln0                     (write            ) [ 0000]
ret_ln0                       (ret              ) [ 0000]
</LifeTime>

<model>

<comp_list>
<comp id="0" class="1000" name="window_i_2_2_promoted117">
<pin_list>
<pin id="1" dir="1" index="0" bw="1" slack="0"/>
</pin_list>
<bind>
<StgValue><ssdm name="window_i_2_2_promoted117"/></StgValue>
</bind>
</comp>

<comp id="2" class="1000" name="window_i_2_0_promoted115">
<pin_list>
<pin id="3" dir="1" index="0" bw="1" slack="0"/>
</pin_list>
<bind>
<StgValue><ssdm name="window_i_2_0_promoted115"/></StgValue>
</bind>
</comp>

<comp id="4" class="1000" name="window_i_2_1_promoted113">
<pin_list>
<pin id="5" dir="1" index="0" bw="1" slack="0"/>
</pin_list>
<bind>
<StgValue><ssdm name="window_i_2_1_promoted113"/></StgValue>
</bind>
</comp>

<comp id="6" class="1000" name="window_i_0_2_promoted111">
<pin_list>
<pin id="7" dir="1" index="0" bw="1" slack="0"/>
</pin_list>
<bind>
<StgValue><ssdm name="window_i_0_2_promoted111"/></StgValue>
</bind>
</comp>

<comp id="8" class="1000" name="window_i_0_0_promoted109">
<pin_list>
<pin id="9" dir="1" index="0" bw="1" slack="0"/>
</pin_list>
<bind>
<StgValue><ssdm name="window_i_0_0_promoted109"/></StgValue>
</bind>
</comp>

<comp id="10" class="1000" name="window_i_0_1_promoted107">
<pin_list>
<pin id="11" dir="1" index="0" bw="1" slack="0"/>
</pin_list>
<bind>
<StgValue><ssdm name="window_i_0_1_promoted107"/></StgValue>
</bind>
</comp>

<comp id="12" class="1000" name="window_i_1_2_promoted105">
<pin_list>
<pin id="13" dir="1" index="0" bw="1" slack="0"/>
</pin_list>
<bind>
<StgValue><ssdm name="window_i_1_2_promoted105"/></StgValue>
</bind>
</comp>

<comp id="14" class="1000" name="window_i_1_0_promoted103">
<pin_list>
<pin id="15" dir="1" index="0" bw="1" slack="0"/>
</pin_list>
<bind>
<StgValue><ssdm name="window_i_1_0_promoted103"/></StgValue>
</bind>
</comp>

<comp id="16" class="1000" name="window_i_1_1_promoted101">
<pin_list>
<pin id="17" dir="1" index="0" bw="1" slack="0"/>
</pin_list>
<bind>
<StgValue><ssdm name="window_i_1_1_promoted101"/></StgValue>
</bind>
</comp>

<comp id="18" class="1000" name="select_ln150_7">
<pin_list>
<pin id="19" dir="1" index="0" bw="1" slack="0"/>
</pin_list>
<bind>
<StgValue><ssdm name="select_ln150_7"/></StgValue>
</bind>
</comp>

<comp id="20" class="1000" name="select_ln150">
<pin_list>
<pin id="21" dir="1" index="0" bw="1" slack="0"/>
</pin_list>
<bind>
<StgValue><ssdm name="select_ln150"/></StgValue>
</bind>
</comp>

<comp id="22" class="1000" name="mem_1_0">
<pin_list>
<pin id="23" dir="1" index="0" bw="1" slack="0"/>
</pin_list>
<bind>
<StgValue><ssdm name="mem_1_0"/><MemPortTyVec>1 3 </MemPortTyVec>
</StgValue>
</bind>
</comp>

<comp id="24" class="1000" name="p_out">
<pin_list>
<pin id="25" dir="1" index="0" bw="1" slack="0"/>
</pin_list>
<bind>
<StgValue><ssdm name="p_out"/></StgValue>
</bind>
</comp>

<comp id="26" class="1000" name="p_out1">
<pin_list>
<pin id="27" dir="1" index="0" bw="1" slack="0"/>
</pin_list>
<bind>
<StgValue><ssdm name="p_out1"/></StgValue>
</bind>
</comp>

<comp id="28" class="1000" name="p_out2">
<pin_list>
<pin id="29" dir="1" index="0" bw="1" slack="0"/>
</pin_list>
<bind>
<StgValue><ssdm name="p_out2"/></StgValue>
</bind>
</comp>

<comp id="30" class="1000" name="p_out3">
<pin_list>
<pin id="31" dir="1" index="0" bw="1" slack="0"/>
</pin_list>
<bind>
<StgValue><ssdm name="p_out3"/></StgValue>
</bind>
</comp>

<comp id="32" class="1000" name="p_out4">
<pin_list>
<pin id="33" dir="1" index="0" bw="1" slack="0"/>
</pin_list>
<bind>
<StgValue><ssdm name="p_out4"/></StgValue>
</bind>
</comp>

<comp id="34" class="1000" name="p_out5">
<pin_list>
<pin id="35" dir="1" index="0" bw="1" slack="0"/>
</pin_list>
<bind>
<StgValue><ssdm name="p_out5"/></StgValue>
</bind>
</comp>

<comp id="36" class="1000" name="p_out6">
<pin_list>
<pin id="37" dir="1" index="0" bw="1" slack="0"/>
</pin_list>
<bind>
<StgValue><ssdm name="p_out6"/></StgValue>
</bind>
</comp>

<comp id="38" class="1000" name="p_out7">
<pin_list>
<pin id="39" dir="1" index="0" bw="1" slack="0"/>
</pin_list>
<bind>
<StgValue><ssdm name="p_out7"/></StgValue>
</bind>
</comp>

<comp id="40" class="1000" name="p_out8">
<pin_list>
<pin id="41" dir="1" index="0" bw="1" slack="0"/>
</pin_list>
<bind>
<StgValue><ssdm name="p_out8"/></StgValue>
</bind>
</comp>

<comp id="42" class="1001" name="const_42">
<pin_list>
<pin id="43" dir="1" index="0" bw="1" slack="0"/>
</pin_list>
<bind>
<StgValue><ssdm name=""/></StgValue>
</bind>
</comp>

<comp id="44" class="1001" name="const_44">
<pin_list>
<pin id="45" dir="1" index="0" bw="1" slack="0"/>
</pin_list>
<bind>
<StgValue><ssdm name="_ssdm_op_Read.ap_auto.i5"/></StgValue>
</bind>
</comp>

<comp id="46" class="1001" name="const_46">
<pin_list>
<pin id="47" dir="1" index="0" bw="1" slack="0"/>
</pin_list>
<bind>
<StgValue><ssdm name="_ssdm_op_Read.ap_auto.float"/></StgValue>
</bind>
</comp>

<comp id="48" class="1001" name="const_48">
<pin_list>
<pin id="49" dir="1" index="0" bw="1" slack="0"/>
</pin_list>
<bind>
<StgValue><ssdm name=""/></StgValue>
</bind>
</comp>

<comp id="50" class="1001" name="const_50">
<pin_list>
<pin id="51" dir="1" index="0" bw="1" slack="0"/>
</pin_list>
<bind>
<StgValue><ssdm name=""/></StgValue>
</bind>
</comp>

<comp id="52" class="1001" name="const_52">
<pin_list>
<pin id="53" dir="1" index="0" bw="1" slack="0"/>
</pin_list>
<bind>
<StgValue><ssdm name=""/></StgValue>
</bind>
</comp>

<comp id="54" class="1001" name="const_54">
<pin_list>
<pin id="55" dir="1" index="0" bw="1" slack="0"/>
</pin_list>
<bind>
<StgValue><ssdm name=""/></StgValue>
</bind>
</comp>

<comp id="56" class="1001" name="const_56">
<pin_list>
<pin id="57" dir="1" index="0" bw="1" slack="0"/>
</pin_list>
<bind>
<StgValue><ssdm name=""/></StgValue>
</bind>
</comp>

<comp id="58" class="1001" name="const_58">
<pin_list>
<pin id="59" dir="1" index="0" bw="1" slack="0"/>
</pin_list>
<bind>
<StgValue><ssdm name=""/></StgValue>
</bind>
</comp>

<comp id="60" class="1001" name="const_60">
<pin_list>
<pin id="61" dir="1" index="0" bw="1" slack="0"/>
</pin_list>
<bind>
<StgValue><ssdm name="_ssdm_op_BitConcatenate.i10.i5.i5"/></StgValue>
</bind>
</comp>

<comp id="62" class="1001" name="const_62">
<pin_list>
<pin id="63" dir="1" index="0" bw="1" slack="0"/>
</pin_list>
<bind>
<StgValue><ssdm name=""/></StgValue>
</bind>
</comp>

<comp id="64" class="1001" name="const_64">
<pin_list>
<pin id="65" dir="1" index="0" bw="1" slack="0"/>
</pin_list>
<bind>
<StgValue><ssdm name="_ssdm_op_BitConcatenate.i7.i5.i2"/></StgValue>
</bind>
</comp>

<comp id="66" class="1001" name="const_66">
<pin_list>
<pin id="67" dir="1" index="0" bw="1" slack="0"/>
</pin_list>
<bind>
<StgValue><ssdm name=""/></StgValue>
</bind>
</comp>

<comp id="68" class="1001" name="const_68">
<pin_list>
<pin id="69" dir="1" index="0" bw="1" slack="2147483647"/>
</pin_list>
<bind>
<StgValue><ssdm name="_ssdm_op_SpecLoopName"/></StgValue>
</bind>
</comp>

<comp id="70" class="1001" name="const_70">
<pin_list>
<pin id="71" dir="1" index="0" bw="1" slack="2147483647"/>
</pin_list>
<bind>
<StgValue><ssdm name="loadWin1_VITIS_LOOP_50_1_str"/></StgValue>
</bind>
</comp>

<comp id="72" class="1001" name="const_72">
<pin_list>
<pin id="73" dir="1" index="0" bw="1" slack="2147483647"/>
</pin_list>
<bind>
<StgValue><ssdm name="_ssdm_op_SpecLoopTripCount"/></StgValue>
</bind>
</comp>

<comp id="74" class="1001" name="const_74">
<pin_list>
<pin id="75" dir="1" index="0" bw="1" slack="2147483647"/>
</pin_list>
<bind>
<StgValue><ssdm name=""/></StgValue>
</bind>
</comp>

<comp id="76" class="1001" name="const_76">
<pin_list>
<pin id="77" dir="1" index="0" bw="1" slack="2147483647"/>
</pin_list>
<bind>
<StgValue><ssdm name="_ssdm_op_SpecPipeline"/></StgValue>
</bind>
</comp>

<comp id="78" class="1001" name="const_78">
<pin_list>
<pin id="79" dir="1" index="0" bw="1" slack="2147483647"/>
</pin_list>
<bind>
<StgValue><ssdm name=""/></StgValue>
</bind>
</comp>

<comp id="80" class="1001" name="const_80">
<pin_list>
<pin id="81" dir="1" index="0" bw="1" slack="2147483647"/>
</pin_list>
<bind>
<StgValue><ssdm name=""/></StgValue>
</bind>
</comp>

<comp id="82" class="1001" name="const_82">
<pin_list>
<pin id="83" dir="1" index="0" bw="1" slack="2147483647"/>
</pin_list>
<bind>
<StgValue><ssdm name="empty"/></StgValue>
</bind>
</comp>

<comp id="84" class="1001" name="const_84">
<pin_list>
<pin id="85" dir="1" index="0" bw="1" slack="2147483647"/>
</pin_list>
<bind>
<StgValue><ssdm name="empty_9"/></StgValue>
</bind>
</comp>

<comp id="86" class="1001" name="const_86">
<pin_list>
<pin id="87" dir="1" index="0" bw="1" slack="0"/>
</pin_list>
<bind>
<StgValue><ssdm name="_ssdm_op_Write.ap_auto.floatP0A"/></StgValue>
</bind>
</comp>

<comp id="88" class="1004" name="wj_fu_88">
<pin_list>
<pin id="89" dir="0" index="0" bw="1" slack="0"/>
<pin id="90" dir="1" index="1" bw="2" slack="0"/>
</pin_list>
<bind>
<opcode="alloca(26) " fcode="alloca"/>
<opset="wj/1 "/>
</bind>
</comp>

<comp id="92" class="1004" name="wi_fu_92">
<pin_list>
<pin id="93" dir="0" index="0" bw="1" slack="0"/>
<pin id="94" dir="1" index="1" bw="2" slack="0"/>
</pin_list>
<bind>
<opcode="alloca(26) " fcode="alloca"/>
<opset="wi/1 "/>
</bind>
</comp>

<comp id="96" class="1004" name="indvar_flatten27_fu_96">
<pin_list>
<pin id="97" dir="0" index="0" bw="1" slack="0"/>
<pin id="98" dir="1" index="1" bw="4" slack="0"/>
</pin_list>
<bind>
<opcode="alloca(26) " fcode="alloca"/>
<opset="indvar_flatten27/1 "/>
</bind>
</comp>

<comp id="100" class="1004" name="empty_fu_100">
<pin_list>
<pin id="101" dir="0" index="0" bw="1" slack="0"/>
<pin id="102" dir="1" index="1" bw="32" slack="0"/>
</pin_list>
<bind>
<opcode="alloca(26) " fcode="alloca"/>
<opset="empty/1 "/>
</bind>
</comp>

<comp id="104" class="1004" name="empty_129_fu_104">
<pin_list>
<pin id="105" dir="0" index="0" bw="1" slack="0"/>
<pin id="106" dir="1" index="1" bw="32" slack="0"/>
</pin_list>
<bind>
<opcode="alloca(26) " fcode="alloca"/>
<opset="empty_129/1 "/>
</bind>
</comp>

<comp id="108" class="1004" name="empty_130_fu_108">
<pin_list>
<pin id="109" dir="0" index="0" bw="1" slack="0"/>
<pin id="110" dir="1" index="1" bw="32" slack="0"/>
</pin_list>
<bind>
<opcode="alloca(26) " fcode="alloca"/>
<opset="empty_130/1 "/>
</bind>
</comp>

<comp id="112" class="1004" name="empty_131_fu_112">
<pin_list>
<pin id="113" dir="0" index="0" bw="1" slack="0"/>
<pin id="114" dir="1" index="1" bw="32" slack="0"/>
</pin_list>
<bind>
<opcode="alloca(26) " fcode="alloca"/>
<opset="empty_131/1 "/>
</bind>
</comp>

<comp id="116" class="1004" name="empty_132_fu_116">
<pin_list>
<pin id="117" dir="0" index="0" bw="1" slack="0"/>
<pin id="118" dir="1" index="1" bw="32" slack="0"/>
</pin_list>
<bind>
<opcode="alloca(26) " fcode="alloca"/>
<opset="empty_132/1 "/>
</bind>
</comp>

<comp id="120" class="1004" name="empty_133_fu_120">
<pin_list>
<pin id="121" dir="0" index="0" bw="1" slack="0"/>
<pin id="122" dir="1" index="1" bw="32" slack="0"/>
</pin_list>
<bind>
<opcode="alloca(26) " fcode="alloca"/>
<opset="empty_133/1 "/>
</bind>
</comp>

<comp id="124" class="1004" name="empty_134_fu_124">
<pin_list>
<pin id="125" dir="0" index="0" bw="1" slack="0"/>
<pin id="126" dir="1" index="1" bw="32" slack="0"/>
</pin_list>
<bind>
<opcode="alloca(26) " fcode="alloca"/>
<opset="empty_134/1 "/>
</bind>
</comp>

<comp id="128" class="1004" name="empty_135_fu_128">
<pin_list>
<pin id="129" dir="0" index="0" bw="1" slack="0"/>
<pin id="130" dir="1" index="1" bw="32" slack="0"/>
</pin_list>
<bind>
<opcode="alloca(26) " fcode="alloca"/>
<opset="empty_135/1 "/>
</bind>
</comp>

<comp id="132" class="1004" name="empty_136_fu_132">
<pin_list>
<pin id="133" dir="0" index="0" bw="1" slack="0"/>
<pin id="134" dir="1" index="1" bw="32" slack="0"/>
</pin_list>
<bind>
<opcode="alloca(26) " fcode="alloca"/>
<opset="empty_136/1 "/>
</bind>
</comp>

<comp id="136" class="1004" name="select_ln150_read_read_fu_136">
<pin_list>
<pin id="137" dir="0" index="0" bw="5" slack="0"/>
<pin id="138" dir="0" index="1" bw="5" slack="0"/>
<pin id="139" dir="1" index="2" bw="5" slack="0"/>
</pin_list>
<bind>
<opcode="read(1150) " fcode="read"/>
<opset="select_ln150_read/1 "/>
</bind>
</comp>

<comp id="142" class="1004" name="select_ln150_7_read_read_fu_142">
<pin_list>
<pin id="143" dir="0" index="0" bw="5" slack="0"/>
<pin id="144" dir="0" index="1" bw="5" slack="0"/>
<pin id="145" dir="1" index="2" bw="5" slack="0"/>
</pin_list>
<bind>
<opcode="read(1150) " fcode="read"/>
<opset="select_ln150_7_read/1 "/>
</bind>
</comp>

<comp id="148" class="1004" name="window_i_1_1_promoted101_read_read_fu_148">
<pin_list>
<pin id="149" dir="0" index="0" bw="32" slack="0"/>
<pin id="150" dir="0" index="1" bw="32" slack="0"/>
<pin id="151" dir="1" index="2" bw="32" slack="0"/>
</pin_list>
<bind>
<opcode="read(1150) " fcode="read"/>
<opset="window_i_1_1_promoted101_read/1 "/>
</bind>
</comp>

<comp id="154" class="1004" name="window_i_1_0_promoted103_read_read_fu_154">
<pin_list>
<pin id="155" dir="0" index="0" bw="32" slack="0"/>
<pin id="156" dir="0" index="1" bw="32" slack="0"/>
<pin id="157" dir="1" index="2" bw="32" slack="0"/>
</pin_list>
<bind>
<opcode="read(1150) " fcode="read"/>
<opset="window_i_1_0_promoted103_read/1 "/>
</bind>
</comp>

<comp id="160" class="1004" name="window_i_1_2_promoted105_read_read_fu_160">
<pin_list>
<pin id="161" dir="0" index="0" bw="32" slack="0"/>
<pin id="162" dir="0" index="1" bw="32" slack="0"/>
<pin id="163" dir="1" index="2" bw="32" slack="0"/>
</pin_list>
<bind>
<opcode="read(1150) " fcode="read"/>
<opset="window_i_1_2_promoted105_read/1 "/>
</bind>
</comp>

<comp id="166" class="1004" name="window_i_0_1_promoted107_read_read_fu_166">
<pin_list>
<pin id="167" dir="0" index="0" bw="32" slack="0"/>
<pin id="168" dir="0" index="1" bw="32" slack="0"/>
<pin id="169" dir="1" index="2" bw="32" slack="0"/>
</pin_list>
<bind>
<opcode="read(1150) " fcode="read"/>
<opset="window_i_0_1_promoted107_read/1 "/>
</bind>
</comp>

<comp id="172" class="1004" name="window_i_0_0_promoted109_read_read_fu_172">
<pin_list>
<pin id="173" dir="0" index="0" bw="32" slack="0"/>
<pin id="174" dir="0" index="1" bw="32" slack="0"/>
<pin id="175" dir="1" index="2" bw="32" slack="0"/>
</pin_list>
<bind>
<opcode="read(1150) " fcode="read"/>
<opset="window_i_0_0_promoted109_read/1 "/>
</bind>
</comp>

<comp id="178" class="1004" name="window_i_0_2_promoted111_read_read_fu_178">
<pin_list>
<pin id="179" dir="0" index="0" bw="32" slack="0"/>
<pin id="180" dir="0" index="1" bw="32" slack="0"/>
<pin id="181" dir="1" index="2" bw="32" slack="0"/>
</pin_list>
<bind>
<opcode="read(1150) " fcode="read"/>
<opset="window_i_0_2_promoted111_read/1 "/>
</bind>
</comp>

<comp id="184" class="1004" name="window_i_2_1_promoted113_read_read_fu_184">
<pin_list>
<pin id="185" dir="0" index="0" bw="32" slack="0"/>
<pin id="186" dir="0" index="1" bw="32" slack="0"/>
<pin id="187" dir="1" index="2" bw="32" slack="0"/>
</pin_list>
<bind>
<opcode="read(1150) " fcode="read"/>
<opset="window_i_2_1_promoted113_read/1 "/>
</bind>
</comp>

<comp id="190" class="1004" name="window_i_2_0_promoted115_read_read_fu_190">
<pin_list>
<pin id="191" dir="0" index="0" bw="32" slack="0"/>
<pin id="192" dir="0" index="1" bw="32" slack="0"/>
<pin id="193" dir="1" index="2" bw="32" slack="0"/>
</pin_list>
<bind>
<opcode="read(1150) " fcode="read"/>
<opset="window_i_2_0_promoted115_read/1 "/>
</bind>
</comp>

<comp id="196" class="1004" name="window_i_2_2_promoted117_read_read_fu_196">
<pin_list>
<pin id="197" dir="0" index="0" bw="32" slack="0"/>
<pin id="198" dir="0" index="1" bw="32" slack="0"/>
<pin id="199" dir="1" index="2" bw="32" slack="0"/>
</pin_list>
<bind>
<opcode="read(1150) " fcode="read"/>
<opset="window_i_2_2_promoted117_read/1 "/>
</bind>
</comp>

<comp id="202" class="1004" name="write_ln0_write_fu_202">
<pin_list>
<pin id="203" dir="0" index="0" bw="0" slack="0"/>
<pin id="204" dir="0" index="1" bw="32" slack="0"/>
<pin id="205" dir="0" index="2" bw="32" slack="0"/>
<pin id="206" dir="1" index="3" bw="0" slack="2147483647"/>
</pin_list>
<bind>
<opcode="write(1151) " fcode="write"/>
<opset="write_ln0/2 "/>
</bind>
</comp>

<comp id="209" class="1004" name="write_ln0_write_fu_209">
<pin_list>
<pin id="210" dir="0" index="0" bw="0" slack="0"/>
<pin id="211" dir="0" index="1" bw="32" slack="0"/>
<pin id="212" dir="0" index="2" bw="32" slack="0"/>
<pin id="213" dir="1" index="3" bw="0" slack="2147483647"/>
</pin_list>
<bind>
<opcode="write(1151) " fcode="write"/>
<opset="write_ln0/2 "/>
</bind>
</comp>

<comp id="216" class="1004" name="write_ln0_write_fu_216">
<pin_list>
<pin id="217" dir="0" index="0" bw="0" slack="0"/>
<pin id="218" dir="0" index="1" bw="32" slack="0"/>
<pin id="219" dir="0" index="2" bw="32" slack="0"/>
<pin id="220" dir="1" index="3" bw="0" slack="2147483647"/>
</pin_list>
<bind>
<opcode="write(1151) " fcode="write"/>
<opset="write_ln0/2 "/>
</bind>
</comp>

<comp id="223" class="1004" name="write_ln0_write_fu_223">
<pin_list>
<pin id="224" dir="0" index="0" bw="0" slack="0"/>
<pin id="225" dir="0" index="1" bw="32" slack="0"/>
<pin id="226" dir="0" index="2" bw="32" slack="0"/>
<pin id="227" dir="1" index="3" bw="0" slack="2147483647"/>
</pin_list>
<bind>
<opcode="write(1151) " fcode="write"/>
<opset="write_ln0/2 "/>
</bind>
</comp>

<comp id="230" class="1004" name="write_ln0_write_fu_230">
<pin_list>
<pin id="231" dir="0" index="0" bw="0" slack="0"/>
<pin id="232" dir="0" index="1" bw="32" slack="0"/>
<pin id="233" dir="0" index="2" bw="32" slack="0"/>
<pin id="234" dir="1" index="3" bw="0" slack="2147483647"/>
</pin_list>
<bind>
<opcode="write(1151) " fcode="write"/>
<opset="write_ln0/2 "/>
</bind>
</comp>

<comp id="237" class="1004" name="write_ln0_write_fu_237">
<pin_list>
<pin id="238" dir="0" index="0" bw="0" slack="0"/>
<pin id="239" dir="0" index="1" bw="32" slack="0"/>
<pin id="240" dir="0" index="2" bw="32" slack="0"/>
<pin id="241" dir="1" index="3" bw="0" slack="2147483647"/>
</pin_list>
<bind>
<opcode="write(1151) " fcode="write"/>
<opset="write_ln0/2 "/>
</bind>
</comp>

<comp id="244" class="1004" name="write_ln0_write_fu_244">
<pin_list>
<pin id="245" dir="0" index="0" bw="0" slack="0"/>
<pin id="246" dir="0" index="1" bw="32" slack="0"/>
<pin id="247" dir="0" index="2" bw="32" slack="0"/>
<pin id="248" dir="1" index="3" bw="0" slack="2147483647"/>
</pin_list>
<bind>
<opcode="write(1151) " fcode="write"/>
<opset="write_ln0/2 "/>
</bind>
</comp>

<comp id="251" class="1004" name="write_ln0_write_fu_251">
<pin_list>
<pin id="252" dir="0" index="0" bw="0" slack="0"/>
<pin id="253" dir="0" index="1" bw="32" slack="0"/>
<pin id="254" dir="0" index="2" bw="32" slack="0"/>
<pin id="255" dir="1" index="3" bw="0" slack="2147483647"/>
</pin_list>
<bind>
<opcode="write(1151) " fcode="write"/>
<opset="write_ln0/2 "/>
</bind>
</comp>

<comp id="258" class="1004" name="write_ln0_write_fu_258">
<pin_list>
<pin id="259" dir="0" index="0" bw="0" slack="0"/>
<pin id="260" dir="0" index="1" bw="32" slack="0"/>
<pin id="261" dir="0" index="2" bw="32" slack="0"/>
<pin id="262" dir="1" index="3" bw="0" slack="2147483647"/>
</pin_list>
<bind>
<opcode="write(1151) " fcode="write"/>
<opset="write_ln0/2 "/>
</bind>
</comp>

<comp id="265" class="1004" name="mem_1_0_addr_gep_fu_265">
<pin_list>
<pin id="266" dir="0" index="0" bw="32" slack="0"/>
<pin id="267" dir="0" index="1" bw="1" slack="0"/>
<pin id="268" dir="0" index="2" bw="10" slack="0"/>
<pin id="269" dir="1" index="3" bw="10" slack="0"/>
</pin_list>
<bind>
<opcode="getelementptr(29) " fcode="getelementptr"/>
<opset="mem_1_0_addr/2 "/>
</bind>
</comp>

<comp id="272" class="1004" name="grp_access_fu_272">
<pin_list>
<pin id="273" dir="0" index="0" bw="10" slack="0"/>
<pin id="274" dir="0" index="1" bw="32" slack="2147483647"/>
<pin id="275" dir="0" index="2" bw="0" slack="2147483647"/>
<pin id="276" dir="1" index="3" bw="32" slack="0"/>
</pin_list>
<bind>
<opcode="load(27) " fcode="load"/>
<opset="mem_1_0_load/2 "/>
</bind>
</comp>

<comp id="278" class="1004" name="store_ln0_store_fu_278">
<pin_list>
<pin id="279" dir="0" index="0" bw="32" slack="0"/>
<pin id="280" dir="0" index="1" bw="32" slack="0"/>
<pin id="281" dir="1" index="2" bw="0" slack="2147483647"/>
</pin_list>
<bind>
<opcode="store(28) " fcode="store"/>
<opset="store_ln0/1 "/>
</bind>
</comp>

<comp id="283" class="1004" name="store_ln0_store_fu_283">
<pin_list>
<pin id="284" dir="0" index="0" bw="32" slack="0"/>
<pin id="285" dir="0" index="1" bw="32" slack="0"/>
<pin id="286" dir="1" index="2" bw="0" slack="2147483647"/>
</pin_list>
<bind>
<opcode="store(28) " fcode="store"/>
<opset="store_ln0/1 "/>
</bind>
</comp>

<comp id="288" class="1004" name="store_ln0_store_fu_288">
<pin_list>
<pin id="289" dir="0" index="0" bw="32" slack="0"/>
<pin id="290" dir="0" index="1" bw="32" slack="0"/>
<pin id="291" dir="1" index="2" bw="0" slack="2147483647"/>
</pin_list>
<bind>
<opcode="store(28) " fcode="store"/>
<opset="store_ln0/1 "/>
</bind>
</comp>

<comp id="293" class="1004" name="store_ln0_store_fu_293">
<pin_list>
<pin id="294" dir="0" index="0" bw="32" slack="0"/>
<pin id="295" dir="0" index="1" bw="32" slack="0"/>
<pin id="296" dir="1" index="2" bw="0" slack="2147483647"/>
</pin_list>
<bind>
<opcode="store(28) " fcode="store"/>
<opset="store_ln0/1 "/>
</bind>
</comp>

<comp id="298" class="1004" name="store_ln0_store_fu_298">
<pin_list>
<pin id="299" dir="0" index="0" bw="32" slack="0"/>
<pin id="300" dir="0" index="1" bw="32" slack="0"/>
<pin id="301" dir="1" index="2" bw="0" slack="2147483647"/>
</pin_list>
<bind>
<opcode="store(28) " fcode="store"/>
<opset="store_ln0/1 "/>
</bind>
</comp>

<comp id="303" class="1004" name="store_ln0_store_fu_303">
<pin_list>
<pin id="304" dir="0" index="0" bw="32" slack="0"/>
<pin id="305" dir="0" index="1" bw="32" slack="0"/>
<pin id="306" dir="1" index="2" bw="0" slack="2147483647"/>
</pin_list>
<bind>
<opcode="store(28) " fcode="store"/>
<opset="store_ln0/1 "/>
</bind>
</comp>

<comp id="308" class="1004" name="store_ln0_store_fu_308">
<pin_list>
<pin id="309" dir="0" index="0" bw="32" slack="0"/>
<pin id="310" dir="0" index="1" bw="32" slack="0"/>
<pin id="311" dir="1" index="2" bw="0" slack="2147483647"/>
</pin_list>
<bind>
<opcode="store(28) " fcode="store"/>
<opset="store_ln0/1 "/>
</bind>
</comp>

<comp id="313" class="1004" name="store_ln0_store_fu_313">
<pin_list>
<pin id="314" dir="0" index="0" bw="32" slack="0"/>
<pin id="315" dir="0" index="1" bw="32" slack="0"/>
<pin id="316" dir="1" index="2" bw="0" slack="2147483647"/>
</pin_list>
<bind>
<opcode="store(28) " fcode="store"/>
<opset="store_ln0/1 "/>
</bind>
</comp>

<comp id="318" class="1004" name="store_ln0_store_fu_318">
<pin_list>
<pin id="319" dir="0" index="0" bw="32" slack="0"/>
<pin id="320" dir="0" index="1" bw="32" slack="0"/>
<pin id="321" dir="1" index="2" bw="0" slack="2147483647"/>
</pin_list>
<bind>
<opcode="store(28) " fcode="store"/>
<opset="store_ln0/1 "/>
</bind>
</comp>

<comp id="323" class="1004" name="store_ln0_store_fu_323">
<pin_list>
<pin id="324" dir="0" index="0" bw="1" slack="0"/>
<pin id="325" dir="0" index="1" bw="4" slack="0"/>
<pin id="326" dir="1" index="2" bw="0" slack="2147483647"/>
</pin_list>
<bind>
<opcode="store(28) " fcode="store"/>
<opset="store_ln0/1 "/>
</bind>
</comp>

<comp id="328" class="1004" name="store_ln0_store_fu_328">
<pin_list>
<pin id="329" dir="0" index="0" bw="1" slack="0"/>
<pin id="330" dir="0" index="1" bw="2" slack="0"/>
<pin id="331" dir="1" index="2" bw="0" slack="2147483647"/>
</pin_list>
<bind>
<opcode="store(28) " fcode="store"/>
<opset="store_ln0/1 "/>
</bind>
</comp>

<comp id="333" class="1004" name="store_ln0_store_fu_333">
<pin_list>
<pin id="334" dir="0" index="0" bw="1" slack="0"/>
<pin id="335" dir="0" index="1" bw="2" slack="0"/>
<pin id="336" dir="1" index="2" bw="0" slack="2147483647"/>
</pin_list>
<bind>
<opcode="store(28) " fcode="store"/>
<opset="store_ln0/1 "/>
</bind>
</comp>

<comp id="338" class="1004" name="indvar_flatten27_load_load_fu_338">
<pin_list>
<pin id="339" dir="0" index="0" bw="4" slack="0"/>
<pin id="340" dir="1" index="1" bw="4" slack="0"/>
</pin_list>
<bind>
<opcode="load(27) " fcode="load"/>
<opset="indvar_flatten27_load/1 "/>
</bind>
</comp>

<comp id="341" class="1004" name="icmp_ln49_fu_341">
<pin_list>
<pin id="342" dir="0" index="0" bw="4" slack="0"/>
<pin id="343" dir="0" index="1" bw="4" slack="0"/>
<pin id="344" dir="1" index="2" bw="1" slack="1"/>
</pin_list>
<bind>
<opcode="icmp(45) " fcode="icmp"/>
<opset="icmp_ln49/1 "/>
</bind>
</comp>

<comp id="347" class="1004" name="add_ln49_6_fu_347">
<pin_list>
<pin id="348" dir="0" index="0" bw="4" slack="0"/>
<pin id="349" dir="0" index="1" bw="1" slack="0"/>
<pin id="350" dir="1" index="2" bw="4" slack="0"/>
</pin_list>
<bind>
<opcode="add(8) " fcode="add"/>
<opset="add_ln49_6/1 "/>
</bind>
</comp>

<comp id="353" class="1004" name="wj_load_load_fu_353">
<pin_list>
<pin id="354" dir="0" index="0" bw="2" slack="0"/>
<pin id="355" dir="1" index="1" bw="2" slack="0"/>
</pin_list>
<bind>
<opcode="load(27) " fcode="load"/>
<opset="wj_load/1 "/>
</bind>
</comp>

<comp id="356" class="1004" name="wi_load_load_fu_356">
<pin_list>
<pin id="357" dir="0" index="0" bw="2" slack="0"/>
<pin id="358" dir="1" index="1" bw="2" slack="0"/>
</pin_list>
<bind>
<opcode="load(27) " fcode="load"/>
<opset="wi_load/1 "/>
</bind>
</comp>

<comp id="359" class="1004" name="add_ln49_fu_359">
<pin_list>
<pin id="360" dir="0" index="0" bw="2" slack="0"/>
<pin id="361" dir="0" index="1" bw="1" slack="0"/>
<pin id="362" dir="1" index="2" bw="2" slack="0"/>
</pin_list>
<bind>
<opcode="add(8) " fcode="add"/>
<opset="add_ln49/1 "/>
</bind>
</comp>

<comp id="365" class="1004" name="icmp_ln50_fu_365">
<pin_list>
<pin id="366" dir="0" index="0" bw="2" slack="0"/>
<pin id="367" dir="0" index="1" bw="2" slack="0"/>
<pin id="368" dir="1" index="2" bw="1" slack="0"/>
</pin_list>
<bind>
<opcode="icmp(45) " fcode="icmp"/>
<opset="icmp_ln50/1 "/>
</bind>
</comp>

<comp id="371" class="1004" name="select_ln49_fu_371">
<pin_list>
<pin id="372" dir="0" index="0" bw="1" slack="0"/>
<pin id="373" dir="0" index="1" bw="2" slack="0"/>
<pin id="374" dir="0" index="2" bw="2" slack="0"/>
<pin id="375" dir="1" index="3" bw="2" slack="0"/>
</pin_list>
<bind>
<opcode="select(49) " fcode="select"/>
<opset="select_ln49/1 "/>
</bind>
</comp>

<comp id="379" class="1004" name="select_ln49_3_fu_379">
<pin_list>
<pin id="380" dir="0" index="0" bw="1" slack="0"/>
<pin id="381" dir="0" index="1" bw="2" slack="0"/>
<pin id="382" dir="0" index="2" bw="2" slack="0"/>
<pin id="383" dir="1" index="3" bw="2" slack="0"/>
</pin_list>
<bind>
<opcode="select(49) " fcode="select"/>
<opset="select_ln49_3/1 "/>
</bind>
</comp>

<comp id="387" class="1004" name="zext_ln49_fu_387">
<pin_list>
<pin id="388" dir="0" index="0" bw="2" slack="0"/>
<pin id="389" dir="1" index="1" bw="5" slack="0"/>
</pin_list>
<bind>
<opcode="zext(34) " fcode="zext"/>
<opset="zext_ln49/1 "/>
</bind>
</comp>

<comp id="391" class="1004" name="add_ln49_5_fu_391">
<pin_list>
<pin id="392" dir="0" index="0" bw="5" slack="0"/>
<pin id="393" dir="0" index="1" bw="2" slack="0"/>
<pin id="394" dir="1" index="2" bw="5" slack="1"/>
</pin_list>
<bind>
<opcode="add(8) " fcode="add"/>
<opset="add_ln49_5/1 "/>
</bind>
</comp>

<comp id="397" class="1004" name="zext_ln50_fu_397">
<pin_list>
<pin id="398" dir="0" index="0" bw="2" slack="0"/>
<pin id="399" dir="1" index="1" bw="5" slack="0"/>
</pin_list>
<bind>
<opcode="zext(34) " fcode="zext"/>
<opset="zext_ln50/1 "/>
</bind>
</comp>

<comp id="401" class="1004" name="add_ln52_fu_401">
<pin_list>
<pin id="402" dir="0" index="0" bw="5" slack="0"/>
<pin id="403" dir="0" index="1" bw="2" slack="0"/>
<pin id="404" dir="1" index="2" bw="5" slack="1"/>
</pin_list>
<bind>
<opcode="add(8) " fcode="add"/>
<opset="add_ln52/1 "/>
</bind>
</comp>

<comp id="407" class="1004" name="add_ln50_fu_407">
<pin_list>
<pin id="408" dir="0" index="0" bw="2" slack="0"/>
<pin id="409" dir="0" index="1" bw="1" slack="0"/>
<pin id="410" dir="1" index="2" bw="2" slack="0"/>
</pin_list>
<bind>
<opcode="add(8) " fcode="add"/>
<opset="add_ln50/1 "/>
</bind>
</comp>

<comp id="413" class="1004" name="store_ln50_store_fu_413">
<pin_list>
<pin id="414" dir="0" index="0" bw="4" slack="0"/>
<pin id="415" dir="0" index="1" bw="4" slack="0"/>
<pin id="416" dir="1" index="2" bw="0" slack="2147483647"/>
</pin_list>
<bind>
<opcode="store(28) " fcode="store"/>
<opset="store_ln50/1 "/>
</bind>
</comp>

<comp id="418" class="1004" name="store_ln50_store_fu_418">
<pin_list>
<pin id="419" dir="0" index="0" bw="2" slack="0"/>
<pin id="420" dir="0" index="1" bw="2" slack="0"/>
<pin id="421" dir="1" index="2" bw="0" slack="2147483647"/>
</pin_list>
<bind>
<opcode="store(28) " fcode="store"/>
<opset="store_ln50/1 "/>
</bind>
</comp>

<comp id="423" class="1004" name="store_ln50_store_fu_423">
<pin_list>
<pin id="424" dir="0" index="0" bw="2" slack="0"/>
<pin id="425" dir="0" index="1" bw="2" slack="0"/>
<pin id="426" dir="1" index="2" bw="0" slack="2147483647"/>
</pin_list>
<bind>
<opcode="store(28) " fcode="store"/>
<opset="store_ln50/1 "/>
</bind>
</comp>

<comp id="428" class="1004" name="tmp_s_fu_428">
<pin_list>
<pin id="429" dir="0" index="0" bw="10" slack="0"/>
<pin id="430" dir="0" index="1" bw="5" slack="1"/>
<pin id="431" dir="0" index="2" bw="1" slack="0"/>
<pin id="432" dir="1" index="3" bw="10" slack="0"/>
</pin_list>
<bind>
<opcode="bitconcatenate(1004) " fcode="bitconcatenate"/>
<opset="tmp_s/2 "/>
</bind>
</comp>

<comp id="435" class="1004" name="tmp_26_fu_435">
<pin_list>
<pin id="436" dir="0" index="0" bw="7" slack="0"/>
<pin id="437" dir="0" index="1" bw="5" slack="1"/>
<pin id="438" dir="0" index="2" bw="1" slack="0"/>
<pin id="439" dir="1" index="3" bw="7" slack="0"/>
</pin_list>
<bind>
<opcode="bitconcatenate(1004) " fcode="bitconcatenate"/>
<opset="tmp_26/2 "/>
</bind>
</comp>

<comp id="442" class="1004" name="zext_ln52_fu_442">
<pin_list>
<pin id="443" dir="0" index="0" bw="7" slack="0"/>
<pin id="444" dir="1" index="1" bw="10" slack="0"/>
</pin_list>
<bind>
<opcode="zext(34) " fcode="zext"/>
<opset="zext_ln52/2 "/>
</bind>
</comp>

<comp id="446" class="1004" name="sub_ln52_fu_446">
<pin_list>
<pin id="447" dir="0" index="0" bw="10" slack="0"/>
<pin id="448" dir="0" index="1" bw="7" slack="0"/>
<pin id="449" dir="1" index="2" bw="10" slack="0"/>
</pin_list>
<bind>
<opcode="sub(10) " fcode="sub"/>
<opset="sub_ln52/2 "/>
</bind>
</comp>

<comp id="452" class="1004" name="zext_ln52_6_fu_452">
<pin_list>
<pin id="453" dir="0" index="0" bw="5" slack="1"/>
<pin id="454" dir="1" index="1" bw="10" slack="0"/>
</pin_list>
<bind>
<opcode="zext(34) " fcode="zext"/>
<opset="zext_ln52_6/2 "/>
</bind>
</comp>

<comp id="455" class="1004" name="add_ln52_5_fu_455">
<pin_list>
<pin id="456" dir="0" index="0" bw="10" slack="0"/>
<pin id="457" dir="0" index="1" bw="5" slack="0"/>
<pin id="458" dir="1" index="2" bw="10" slack="0"/>
</pin_list>
<bind>
<opcode="add(8) " fcode="add"/>
<opset="add_ln52_5/2 "/>
</bind>
</comp>

<comp id="461" class="1004" name="zext_ln52_7_fu_461">
<pin_list>
<pin id="462" dir="0" index="0" bw="10" slack="0"/>
<pin id="463" dir="1" index="1" bw="64" slack="0"/>
</pin_list>
<bind>
<opcode="zext(34) " fcode="zext"/>
<opset="zext_ln52_7/2 "/>
</bind>
</comp>

<comp id="466" class="1004" name="store_ln52_store_fu_466">
<pin_list>
<pin id="467" dir="0" index="0" bw="32" slack="0"/>
<pin id="468" dir="0" index="1" bw="32" slack="2"/>
<pin id="469" dir="1" index="2" bw="0" slack="2147483647"/>
</pin_list>
<bind>
<opcode="store(28) " fcode="store"/>
<opset="store_ln52/3 "/>
</bind>
</comp>

<comp id="471" class="1004" name="store_ln52_store_fu_471">
<pin_list>
<pin id="472" dir="0" index="0" bw="32" slack="0"/>
<pin id="473" dir="0" index="1" bw="32" slack="2"/>
<pin id="474" dir="1" index="2" bw="0" slack="2147483647"/>
</pin_list>
<bind>
<opcode="store(28) " fcode="store"/>
<opset="store_ln52/3 "/>
</bind>
</comp>

<comp id="476" class="1004" name="store_ln52_store_fu_476">
<pin_list>
<pin id="477" dir="0" index="0" bw="32" slack="0"/>
<pin id="478" dir="0" index="1" bw="32" slack="2"/>
<pin id="479" dir="1" index="2" bw="0" slack="2147483647"/>
</pin_list>
<bind>
<opcode="store(28) " fcode="store"/>
<opset="store_ln52/3 "/>
</bind>
</comp>

<comp id="481" class="1004" name="store_ln52_store_fu_481">
<pin_list>
<pin id="482" dir="0" index="0" bw="32" slack="0"/>
<pin id="483" dir="0" index="1" bw="32" slack="2"/>
<pin id="484" dir="1" index="2" bw="0" slack="2147483647"/>
</pin_list>
<bind>
<opcode="store(28) " fcode="store"/>
<opset="store_ln52/3 "/>
</bind>
</comp>

<comp id="486" class="1004" name="store_ln52_store_fu_486">
<pin_list>
<pin id="487" dir="0" index="0" bw="32" slack="0"/>
<pin id="488" dir="0" index="1" bw="32" slack="2"/>
<pin id="489" dir="1" index="2" bw="0" slack="2147483647"/>
</pin_list>
<bind>
<opcode="store(28) " fcode="store"/>
<opset="store_ln52/3 "/>
</bind>
</comp>

<comp id="491" class="1004" name="store_ln52_store_fu_491">
<pin_list>
<pin id="492" dir="0" index="0" bw="32" slack="0"/>
<pin id="493" dir="0" index="1" bw="32" slack="2"/>
<pin id="494" dir="1" index="2" bw="0" slack="2147483647"/>
</pin_list>
<bind>
<opcode="store(28) " fcode="store"/>
<opset="store_ln52/3 "/>
</bind>
</comp>

<comp id="496" class="1004" name="store_ln52_store_fu_496">
<pin_list>
<pin id="497" dir="0" index="0" bw="32" slack="0"/>
<pin id="498" dir="0" index="1" bw="32" slack="2"/>
<pin id="499" dir="1" index="2" bw="0" slack="2147483647"/>
</pin_list>
<bind>
<opcode="store(28) " fcode="store"/>
<opset="store_ln52/3 "/>
</bind>
</comp>

<comp id="501" class="1004" name="store_ln52_store_fu_501">
<pin_list>
<pin id="502" dir="0" index="0" bw="32" slack="0"/>
<pin id="503" dir="0" index="1" bw="32" slack="2"/>
<pin id="504" dir="1" index="2" bw="0" slack="2147483647"/>
</pin_list>
<bind>
<opcode="store(28) " fcode="store"/>
<opset="store_ln52/3 "/>
</bind>
</comp>

<comp id="506" class="1004" name="store_ln52_store_fu_506">
<pin_list>
<pin id="507" dir="0" index="0" bw="32" slack="0"/>
<pin id="508" dir="0" index="1" bw="32" slack="2"/>
<pin id="509" dir="1" index="2" bw="0" slack="2147483647"/>
</pin_list>
<bind>
<opcode="store(28) " fcode="store"/>
<opset="store_ln52/3 "/>
</bind>
</comp>

<comp id="511" class="1004" name="p_load33_load_fu_511">
<pin_list>
<pin id="512" dir="0" index="0" bw="32" slack="1"/>
<pin id="513" dir="1" index="1" bw="32" slack="0"/>
</pin_list>
<bind>
<opcode="load(27) " fcode="load"/>
<opset="p_load33/2 "/>
</bind>
</comp>

<comp id="515" class="1004" name="p_load31_load_fu_515">
<pin_list>
<pin id="516" dir="0" index="0" bw="32" slack="1"/>
<pin id="517" dir="1" index="1" bw="32" slack="0"/>
</pin_list>
<bind>
<opcode="load(27) " fcode="load"/>
<opset="p_load31/2 "/>
</bind>
</comp>

<comp id="519" class="1004" name="p_load30_load_fu_519">
<pin_list>
<pin id="520" dir="0" index="0" bw="32" slack="1"/>
<pin id="521" dir="1" index="1" bw="32" slack="0"/>
</pin_list>
<bind>
<opcode="load(27) " fcode="load"/>
<opset="p_load30/2 "/>
</bind>
</comp>

<comp id="523" class="1004" name="p_load29_load_fu_523">
<pin_list>
<pin id="524" dir="0" index="0" bw="32" slack="1"/>
<pin id="525" dir="1" index="1" bw="32" slack="0"/>
</pin_list>
<bind>
<opcode="load(27) " fcode="load"/>
<opset="p_load29/2 "/>
</bind>
</comp>

<comp id="527" class="1004" name="p_load27_load_fu_527">
<pin_list>
<pin id="528" dir="0" index="0" bw="32" slack="1"/>
<pin id="529" dir="1" index="1" bw="32" slack="0"/>
</pin_list>
<bind>
<opcode="load(27) " fcode="load"/>
<opset="p_load27/2 "/>
</bind>
</comp>

<comp id="531" class="1004" name="p_load26_load_fu_531">
<pin_list>
<pin id="532" dir="0" index="0" bw="32" slack="1"/>
<pin id="533" dir="1" index="1" bw="32" slack="0"/>
</pin_list>
<bind>
<opcode="load(27) " fcode="load"/>
<opset="p_load26/2 "/>
</bind>
</comp>

<comp id="535" class="1004" name="p_load25_load_fu_535">
<pin_list>
<pin id="536" dir="0" index="0" bw="32" slack="1"/>
<pin id="537" dir="1" index="1" bw="32" slack="0"/>
</pin_list>
<bind>
<opcode="load(27) " fcode="load"/>
<opset="p_load25/2 "/>
</bind>
</comp>

<comp id="539" class="1004" name="p_load23_load_fu_539">
<pin_list>
<pin id="540" dir="0" index="0" bw="32" slack="1"/>
<pin id="541" dir="1" index="1" bw="32" slack="0"/>
</pin_list>
<bind>
<opcode="load(27) " fcode="load"/>
<opset="p_load23/2 "/>
</bind>
</comp>

<comp id="543" class="1004" name="p_load_load_fu_543">
<pin_list>
<pin id="544" dir="0" index="0" bw="32" slack="1"/>
<pin id="545" dir="1" index="1" bw="32" slack="0"/>
</pin_list>
<bind>
<opcode="load(27) " fcode="load"/>
<opset="p_load/2 "/>
</bind>
</comp>

<comp id="547" class="1005" name="wj_reg_547">
<pin_list>
<pin id="548" dir="0" index="0" bw="2" slack="0"/>
<pin id="549" dir="1" index="1" bw="2" slack="0"/>
</pin_list>
<bind>
<opset="wj "/>
</bind>
</comp>

<comp id="554" class="1005" name="wi_reg_554">
<pin_list>
<pin id="555" dir="0" index="0" bw="2" slack="0"/>
<pin id="556" dir="1" index="1" bw="2" slack="0"/>
</pin_list>
<bind>
<opset="wi "/>
</bind>
</comp>

<comp id="561" class="1005" name="indvar_flatten27_reg_561">
<pin_list>
<pin id="562" dir="0" index="0" bw="4" slack="0"/>
<pin id="563" dir="1" index="1" bw="4" slack="0"/>
</pin_list>
<bind>
<opset="indvar_flatten27 "/>
</bind>
</comp>

<comp id="568" class="1005" name="empty_reg_568">
<pin_list>
<pin id="569" dir="0" index="0" bw="32" slack="0"/>
<pin id="570" dir="1" index="1" bw="32" slack="0"/>
</pin_list>
<bind>
<opset="empty "/>
</bind>
</comp>

<comp id="575" class="1005" name="empty_129_reg_575">
<pin_list>
<pin id="576" dir="0" index="0" bw="32" slack="0"/>
<pin id="577" dir="1" index="1" bw="32" slack="0"/>
</pin_list>
<bind>
<opset="empty_129 "/>
</bind>
</comp>

<comp id="582" class="1005" name="empty_130_reg_582">
<pin_list>
<pin id="583" dir="0" index="0" bw="32" slack="0"/>
<pin id="584" dir="1" index="1" bw="32" slack="0"/>
</pin_list>
<bind>
<opset="empty_130 "/>
</bind>
</comp>

<comp id="589" class="1005" name="empty_131_reg_589">
<pin_list>
<pin id="590" dir="0" index="0" bw="32" slack="0"/>
<pin id="591" dir="1" index="1" bw="32" slack="0"/>
</pin_list>
<bind>
<opset="empty_131 "/>
</bind>
</comp>

<comp id="596" class="1005" name="empty_132_reg_596">
<pin_list>
<pin id="597" dir="0" index="0" bw="32" slack="0"/>
<pin id="598" dir="1" index="1" bw="32" slack="0"/>
</pin_list>
<bind>
<opset="empty_132 "/>
</bind>
</comp>

<comp id="603" class="1005" name="empty_133_reg_603">
<pin_list>
<pin id="604" dir="0" index="0" bw="32" slack="0"/>
<pin id="605" dir="1" index="1" bw="32" slack="0"/>
</pin_list>
<bind>
<opset="empty_133 "/>
</bind>
</comp>

<comp id="610" class="1005" name="empty_134_reg_610">
<pin_list>
<pin id="611" dir="0" index="0" bw="32" slack="0"/>
<pin id="612" dir="1" index="1" bw="32" slack="0"/>
</pin_list>
<bind>
<opset="empty_134 "/>
</bind>
</comp>

<comp id="617" class="1005" name="empty_135_reg_617">
<pin_list>
<pin id="618" dir="0" index="0" bw="32" slack="0"/>
<pin id="619" dir="1" index="1" bw="32" slack="0"/>
</pin_list>
<bind>
<opset="empty_135 "/>
</bind>
</comp>

<comp id="624" class="1005" name="empty_136_reg_624">
<pin_list>
<pin id="625" dir="0" index="0" bw="32" slack="0"/>
<pin id="626" dir="1" index="1" bw="32" slack="0"/>
</pin_list>
<bind>
<opset="empty_136 "/>
</bind>
</comp>

<comp id="631" class="1005" name="icmp_ln49_reg_631">
<pin_list>
<pin id="632" dir="0" index="0" bw="1" slack="1"/>
<pin id="633" dir="1" index="1" bw="1" slack="2147483647"/>
</pin_list>
<bind>
<opset="icmp_ln49 "/>
</bind>
</comp>

<comp id="635" class="1005" name="select_ln49_reg_635">
<pin_list>
<pin id="636" dir="0" index="0" bw="2" slack="2"/>
<pin id="637" dir="1" index="1" bw="2" slack="2147483647"/>
</pin_list>
<bind>
<opset="select_ln49 "/>
</bind>
</comp>

<comp id="639" class="1005" name="select_ln49_3_reg_639">
<pin_list>
<pin id="640" dir="0" index="0" bw="2" slack="2"/>
<pin id="641" dir="1" index="1" bw="2" slack="2147483647"/>
</pin_list>
<bind>
<opset="select_ln49_3 "/>
</bind>
</comp>

<comp id="643" class="1005" name="add_ln49_5_reg_643">
<pin_list>
<pin id="644" dir="0" index="0" bw="5" slack="1"/>
<pin id="645" dir="1" index="1" bw="5" slack="1"/>
</pin_list>
<bind>
<opset="add_ln49_5 "/>
</bind>
</comp>

<comp id="649" class="1005" name="add_ln52_reg_649">
<pin_list>
<pin id="650" dir="0" index="0" bw="5" slack="1"/>
<pin id="651" dir="1" index="1" bw="5" slack="1"/>
</pin_list>
<bind>
<opset="add_ln52 "/>
</bind>
</comp>

<comp id="654" class="1005" name="mem_1_0_addr_reg_654">
<pin_list>
<pin id="655" dir="0" index="0" bw="10" slack="1"/>
<pin id="656" dir="1" index="1" bw="10" slack="1"/>
</pin_list>
<bind>
<opset="mem_1_0_addr "/>
</bind>
</comp>

</comp_list>

<net_list>
<net id="91"><net_src comp="42" pin="0"/><net_sink comp="88" pin=0"/></net>

<net id="95"><net_src comp="42" pin="0"/><net_sink comp="92" pin=0"/></net>

<net id="99"><net_src comp="42" pin="0"/><net_sink comp="96" pin=0"/></net>

<net id="103"><net_src comp="42" pin="0"/><net_sink comp="100" pin=0"/></net>

<net id="107"><net_src comp="42" pin="0"/><net_sink comp="104" pin=0"/></net>

<net id="111"><net_src comp="42" pin="0"/><net_sink comp="108" pin=0"/></net>

<net id="115"><net_src comp="42" pin="0"/><net_sink comp="112" pin=0"/></net>

<net id="119"><net_src comp="42" pin="0"/><net_sink comp="116" pin=0"/></net>

<net id="123"><net_src comp="42" pin="0"/><net_sink comp="120" pin=0"/></net>

<net id="127"><net_src comp="42" pin="0"/><net_sink comp="124" pin=0"/></net>

<net id="131"><net_src comp="42" pin="0"/><net_sink comp="128" pin=0"/></net>

<net id="135"><net_src comp="42" pin="0"/><net_sink comp="132" pin=0"/></net>

<net id="140"><net_src comp="44" pin="0"/><net_sink comp="136" pin=0"/></net>

<net id="141"><net_src comp="20" pin="0"/><net_sink comp="136" pin=1"/></net>

<net id="146"><net_src comp="44" pin="0"/><net_sink comp="142" pin=0"/></net>

<net id="147"><net_src comp="18" pin="0"/><net_sink comp="142" pin=1"/></net>

<net id="152"><net_src comp="46" pin="0"/><net_sink comp="148" pin=0"/></net>

<net id="153"><net_src comp="16" pin="0"/><net_sink comp="148" pin=1"/></net>

<net id="158"><net_src comp="46" pin="0"/><net_sink comp="154" pin=0"/></net>

<net id="159"><net_src comp="14" pin="0"/><net_sink comp="154" pin=1"/></net>

<net id="164"><net_src comp="46" pin="0"/><net_sink comp="160" pin=0"/></net>

<net id="165"><net_src comp="12" pin="0"/><net_sink comp="160" pin=1"/></net>

<net id="170"><net_src comp="46" pin="0"/><net_sink comp="166" pin=0"/></net>

<net id="171"><net_src comp="10" pin="0"/><net_sink comp="166" pin=1"/></net>

<net id="176"><net_src comp="46" pin="0"/><net_sink comp="172" pin=0"/></net>

<net id="177"><net_src comp="8" pin="0"/><net_sink comp="172" pin=1"/></net>

<net id="182"><net_src comp="46" pin="0"/><net_sink comp="178" pin=0"/></net>

<net id="183"><net_src comp="6" pin="0"/><net_sink comp="178" pin=1"/></net>

<net id="188"><net_src comp="46" pin="0"/><net_sink comp="184" pin=0"/></net>

<net id="189"><net_src comp="4" pin="0"/><net_sink comp="184" pin=1"/></net>

<net id="194"><net_src comp="46" pin="0"/><net_sink comp="190" pin=0"/></net>

<net id="195"><net_src comp="2" pin="0"/><net_sink comp="190" pin=1"/></net>

<net id="200"><net_src comp="46" pin="0"/><net_sink comp="196" pin=0"/></net>

<net id="201"><net_src comp="0" pin="0"/><net_sink comp="196" pin=1"/></net>

<net id="207"><net_src comp="86" pin="0"/><net_sink comp="202" pin=0"/></net>

<net id="208"><net_src comp="24" pin="0"/><net_sink comp="202" pin=1"/></net>

<net id="214"><net_src comp="86" pin="0"/><net_sink comp="209" pin=0"/></net>

<net id="215"><net_src comp="26" pin="0"/><net_sink comp="209" pin=1"/></net>

<net id="221"><net_src comp="86" pin="0"/><net_sink comp="216" pin=0"/></net>

<net id="222"><net_src comp="28" pin="0"/><net_sink comp="216" pin=1"/></net>

<net id="228"><net_src comp="86" pin="0"/><net_sink comp="223" pin=0"/></net>

<net id="229"><net_src comp="30" pin="0"/><net_sink comp="223" pin=1"/></net>

<net id="235"><net_src comp="86" pin="0"/><net_sink comp="230" pin=0"/></net>

<net id="236"><net_src comp="32" pin="0"/><net_sink comp="230" pin=1"/></net>

<net id="242"><net_src comp="86" pin="0"/><net_sink comp="237" pin=0"/></net>

<net id="243"><net_src comp="34" pin="0"/><net_sink comp="237" pin=1"/></net>

<net id="249"><net_src comp="86" pin="0"/><net_sink comp="244" pin=0"/></net>

<net id="250"><net_src comp="36" pin="0"/><net_sink comp="244" pin=1"/></net>

<net id="256"><net_src comp="86" pin="0"/><net_sink comp="251" pin=0"/></net>

<net id="257"><net_src comp="38" pin="0"/><net_sink comp="251" pin=1"/></net>

<net id="263"><net_src comp="86" pin="0"/><net_sink comp="258" pin=0"/></net>

<net id="264"><net_src comp="40" pin="0"/><net_sink comp="258" pin=1"/></net>

<net id="270"><net_src comp="22" pin="0"/><net_sink comp="265" pin=0"/></net>

<net id="271"><net_src comp="66" pin="0"/><net_sink comp="265" pin=1"/></net>

<net id="277"><net_src comp="265" pin="3"/><net_sink comp="272" pin=0"/></net>

<net id="282"><net_src comp="196" pin="2"/><net_sink comp="278" pin=0"/></net>

<net id="287"><net_src comp="190" pin="2"/><net_sink comp="283" pin=0"/></net>

<net id="292"><net_src comp="184" pin="2"/><net_sink comp="288" pin=0"/></net>

<net id="297"><net_src comp="178" pin="2"/><net_sink comp="293" pin=0"/></net>

<net id="302"><net_src comp="172" pin="2"/><net_sink comp="298" pin=0"/></net>

<net id="307"><net_src comp="166" pin="2"/><net_sink comp="303" pin=0"/></net>

<net id="312"><net_src comp="160" pin="2"/><net_sink comp="308" pin=0"/></net>

<net id="317"><net_src comp="154" pin="2"/><net_sink comp="313" pin=0"/></net>

<net id="322"><net_src comp="148" pin="2"/><net_sink comp="318" pin=0"/></net>

<net id="327"><net_src comp="48" pin="0"/><net_sink comp="323" pin=0"/></net>

<net id="332"><net_src comp="50" pin="0"/><net_sink comp="328" pin=0"/></net>

<net id="337"><net_src comp="50" pin="0"/><net_sink comp="333" pin=0"/></net>

<net id="345"><net_src comp="338" pin="1"/><net_sink comp="341" pin=0"/></net>

<net id="346"><net_src comp="52" pin="0"/><net_sink comp="341" pin=1"/></net>

<net id="351"><net_src comp="338" pin="1"/><net_sink comp="347" pin=0"/></net>

<net id="352"><net_src comp="54" pin="0"/><net_sink comp="347" pin=1"/></net>

<net id="363"><net_src comp="356" pin="1"/><net_sink comp="359" pin=0"/></net>

<net id="364"><net_src comp="56" pin="0"/><net_sink comp="359" pin=1"/></net>

<net id="369"><net_src comp="353" pin="1"/><net_sink comp="365" pin=0"/></net>

<net id="370"><net_src comp="58" pin="0"/><net_sink comp="365" pin=1"/></net>

<net id="376"><net_src comp="365" pin="2"/><net_sink comp="371" pin=0"/></net>

<net id="377"><net_src comp="50" pin="0"/><net_sink comp="371" pin=1"/></net>

<net id="378"><net_src comp="353" pin="1"/><net_sink comp="371" pin=2"/></net>

<net id="384"><net_src comp="365" pin="2"/><net_sink comp="379" pin=0"/></net>

<net id="385"><net_src comp="359" pin="2"/><net_sink comp="379" pin=1"/></net>

<net id="386"><net_src comp="356" pin="1"/><net_sink comp="379" pin=2"/></net>

<net id="390"><net_src comp="379" pin="3"/><net_sink comp="387" pin=0"/></net>

<net id="395"><net_src comp="142" pin="2"/><net_sink comp="391" pin=0"/></net>

<net id="396"><net_src comp="387" pin="1"/><net_sink comp="391" pin=1"/></net>

<net id="400"><net_src comp="371" pin="3"/><net_sink comp="397" pin=0"/></net>

<net id="405"><net_src comp="136" pin="2"/><net_sink comp="401" pin=0"/></net>

<net id="406"><net_src comp="397" pin="1"/><net_sink comp="401" pin=1"/></net>

<net id="411"><net_src comp="371" pin="3"/><net_sink comp="407" pin=0"/></net>

<net id="412"><net_src comp="56" pin="0"/><net_sink comp="407" pin=1"/></net>

<net id="417"><net_src comp="347" pin="2"/><net_sink comp="413" pin=0"/></net>

<net id="422"><net_src comp="379" pin="3"/><net_sink comp="418" pin=0"/></net>

<net id="427"><net_src comp="407" pin="2"/><net_sink comp="423" pin=0"/></net>

<net id="433"><net_src comp="60" pin="0"/><net_sink comp="428" pin=0"/></net>

<net id="434"><net_src comp="62" pin="0"/><net_sink comp="428" pin=2"/></net>

<net id="440"><net_src comp="64" pin="0"/><net_sink comp="435" pin=0"/></net>

<net id="441"><net_src comp="50" pin="0"/><net_sink comp="435" pin=2"/></net>

<net id="445"><net_src comp="435" pin="3"/><net_sink comp="442" pin=0"/></net>

<net id="450"><net_src comp="428" pin="3"/><net_sink comp="446" pin=0"/></net>

<net id="451"><net_src comp="442" pin="1"/><net_sink comp="446" pin=1"/></net>

<net id="459"><net_src comp="446" pin="2"/><net_sink comp="455" pin=0"/></net>

<net id="460"><net_src comp="452" pin="1"/><net_sink comp="455" pin=1"/></net>

<net id="464"><net_src comp="455" pin="2"/><net_sink comp="461" pin=0"/></net>

<net id="465"><net_src comp="461" pin="1"/><net_sink comp="265" pin=2"/></net>

<net id="470"><net_src comp="272" pin="3"/><net_sink comp="466" pin=0"/></net>

<net id="475"><net_src comp="272" pin="3"/><net_sink comp="471" pin=0"/></net>

<net id="480"><net_src comp="272" pin="3"/><net_sink comp="476" pin=0"/></net>

<net id="485"><net_src comp="272" pin="3"/><net_sink comp="481" pin=0"/></net>

<net id="490"><net_src comp="272" pin="3"/><net_sink comp="486" pin=0"/></net>

<net id="495"><net_src comp="272" pin="3"/><net_sink comp="491" pin=0"/></net>

<net id="500"><net_src comp="272" pin="3"/><net_sink comp="496" pin=0"/></net>

<net id="505"><net_src comp="272" pin="3"/><net_sink comp="501" pin=0"/></net>

<net id="510"><net_src comp="272" pin="3"/><net_sink comp="506" pin=0"/></net>

<net id="514"><net_src comp="511" pin="1"/><net_sink comp="258" pin=2"/></net>

<net id="518"><net_src comp="515" pin="1"/><net_sink comp="251" pin=2"/></net>

<net id="522"><net_src comp="519" pin="1"/><net_sink comp="244" pin=2"/></net>

<net id="526"><net_src comp="523" pin="1"/><net_sink comp="237" pin=2"/></net>

<net id="530"><net_src comp="527" pin="1"/><net_sink comp="230" pin=2"/></net>

<net id="534"><net_src comp="531" pin="1"/><net_sink comp="223" pin=2"/></net>

<net id="538"><net_src comp="535" pin="1"/><net_sink comp="216" pin=2"/></net>

<net id="542"><net_src comp="539" pin="1"/><net_sink comp="209" pin=2"/></net>

<net id="546"><net_src comp="543" pin="1"/><net_sink comp="202" pin=2"/></net>

<net id="550"><net_src comp="88" pin="1"/><net_sink comp="547" pin=0"/></net>

<net id="551"><net_src comp="547" pin="1"/><net_sink comp="333" pin=1"/></net>

<net id="552"><net_src comp="547" pin="1"/><net_sink comp="353" pin=0"/></net>

<net id="553"><net_src comp="547" pin="1"/><net_sink comp="423" pin=1"/></net>

<net id="557"><net_src comp="92" pin="1"/><net_sink comp="554" pin=0"/></net>

<net id="558"><net_src comp="554" pin="1"/><net_sink comp="328" pin=1"/></net>

<net id="559"><net_src comp="554" pin="1"/><net_sink comp="356" pin=0"/></net>

<net id="560"><net_src comp="554" pin="1"/><net_sink comp="418" pin=1"/></net>

<net id="564"><net_src comp="96" pin="1"/><net_sink comp="561" pin=0"/></net>

<net id="565"><net_src comp="561" pin="1"/><net_sink comp="323" pin=1"/></net>

<net id="566"><net_src comp="561" pin="1"/><net_sink comp="338" pin=0"/></net>

<net id="567"><net_src comp="561" pin="1"/><net_sink comp="413" pin=1"/></net>

<net id="571"><net_src comp="100" pin="1"/><net_sink comp="568" pin=0"/></net>

<net id="572"><net_src comp="568" pin="1"/><net_sink comp="318" pin=1"/></net>

<net id="573"><net_src comp="568" pin="1"/><net_sink comp="466" pin=1"/></net>

<net id="574"><net_src comp="568" pin="1"/><net_sink comp="511" pin=0"/></net>

<net id="578"><net_src comp="104" pin="1"/><net_sink comp="575" pin=0"/></net>

<net id="579"><net_src comp="575" pin="1"/><net_sink comp="313" pin=1"/></net>

<net id="580"><net_src comp="575" pin="1"/><net_sink comp="471" pin=1"/></net>

<net id="581"><net_src comp="575" pin="1"/><net_sink comp="515" pin=0"/></net>

<net id="585"><net_src comp="108" pin="1"/><net_sink comp="582" pin=0"/></net>

<net id="586"><net_src comp="582" pin="1"/><net_sink comp="308" pin=1"/></net>

<net id="587"><net_src comp="582" pin="1"/><net_sink comp="476" pin=1"/></net>

<net id="588"><net_src comp="582" pin="1"/><net_sink comp="519" pin=0"/></net>

<net id="592"><net_src comp="112" pin="1"/><net_sink comp="589" pin=0"/></net>

<net id="593"><net_src comp="589" pin="1"/><net_sink comp="303" pin=1"/></net>

<net id="594"><net_src comp="589" pin="1"/><net_sink comp="481" pin=1"/></net>

<net id="595"><net_src comp="589" pin="1"/><net_sink comp="523" pin=0"/></net>

<net id="599"><net_src comp="116" pin="1"/><net_sink comp="596" pin=0"/></net>

<net id="600"><net_src comp="596" pin="1"/><net_sink comp="298" pin=1"/></net>

<net id="601"><net_src comp="596" pin="1"/><net_sink comp="486" pin=1"/></net>

<net id="602"><net_src comp="596" pin="1"/><net_sink comp="527" pin=0"/></net>

<net id="606"><net_src comp="120" pin="1"/><net_sink comp="603" pin=0"/></net>

<net id="607"><net_src comp="603" pin="1"/><net_sink comp="293" pin=1"/></net>

<net id="608"><net_src comp="603" pin="1"/><net_sink comp="491" pin=1"/></net>

<net id="609"><net_src comp="603" pin="1"/><net_sink comp="531" pin=0"/></net>

<net id="613"><net_src comp="124" pin="1"/><net_sink comp="610" pin=0"/></net>

<net id="614"><net_src comp="610" pin="1"/><net_sink comp="288" pin=1"/></net>

<net id="615"><net_src comp="610" pin="1"/><net_sink comp="496" pin=1"/></net>

<net id="616"><net_src comp="610" pin="1"/><net_sink comp="535" pin=0"/></net>

<net id="620"><net_src comp="128" pin="1"/><net_sink comp="617" pin=0"/></net>

<net id="621"><net_src comp="617" pin="1"/><net_sink comp="283" pin=1"/></net>

<net id="622"><net_src comp="617" pin="1"/><net_sink comp="501" pin=1"/></net>

<net id="623"><net_src comp="617" pin="1"/><net_sink comp="539" pin=0"/></net>

<net id="627"><net_src comp="132" pin="1"/><net_sink comp="624" pin=0"/></net>

<net id="628"><net_src comp="624" pin="1"/><net_sink comp="278" pin=1"/></net>

<net id="629"><net_src comp="624" pin="1"/><net_sink comp="506" pin=1"/></net>

<net id="630"><net_src comp="624" pin="1"/><net_sink comp="543" pin=0"/></net>

<net id="634"><net_src comp="341" pin="2"/><net_sink comp="631" pin=0"/></net>

<net id="638"><net_src comp="371" pin="3"/><net_sink comp="635" pin=0"/></net>

<net id="642"><net_src comp="379" pin="3"/><net_sink comp="639" pin=0"/></net>

<net id="646"><net_src comp="391" pin="2"/><net_sink comp="643" pin=0"/></net>

<net id="647"><net_src comp="643" pin="1"/><net_sink comp="428" pin=1"/></net>

<net id="648"><net_src comp="643" pin="1"/><net_sink comp="435" pin=1"/></net>

<net id="652"><net_src comp="401" pin="2"/><net_sink comp="649" pin=0"/></net>

<net id="653"><net_src comp="649" pin="1"/><net_sink comp="452" pin=0"/></net>

<net id="657"><net_src comp="265" pin="3"/><net_sink comp="654" pin=0"/></net>

<net id="658"><net_src comp="654" pin="1"/><net_sink comp="272" pin=0"/></net>

</net_list>

</model> 
---------------- Datapath Model END ------------------

* FSMD analyzer results:
  - Output states:
	Port: mem_1_0 | {}
	Port: p_out | {2 }
	Port: p_out1 | {2 }
	Port: p_out2 | {2 }
	Port: p_out3 | {2 }
	Port: p_out4 | {2 }
	Port: p_out5 | {2 }
	Port: p_out6 | {2 }
	Port: p_out7 | {2 }
	Port: p_out8 | {2 }
 - Input state : 
	Port: conv1_Pipeline_loadWin1_VITIS_LOOP_50_1 : window_i_2_2_promoted117 | {1 }
	Port: conv1_Pipeline_loadWin1_VITIS_LOOP_50_1 : window_i_2_0_promoted115 | {1 }
	Port: conv1_Pipeline_loadWin1_VITIS_LOOP_50_1 : window_i_2_1_promoted113 | {1 }
	Port: conv1_Pipeline_loadWin1_VITIS_LOOP_50_1 : window_i_0_2_promoted111 | {1 }
	Port: conv1_Pipeline_loadWin1_VITIS_LOOP_50_1 : window_i_0_0_promoted109 | {1 }
	Port: conv1_Pipeline_loadWin1_VITIS_LOOP_50_1 : window_i_0_1_promoted107 | {1 }
	Port: conv1_Pipeline_loadWin1_VITIS_LOOP_50_1 : window_i_1_2_promoted105 | {1 }
	Port: conv1_Pipeline_loadWin1_VITIS_LOOP_50_1 : window_i_1_0_promoted103 | {1 }
	Port: conv1_Pipeline_loadWin1_VITIS_LOOP_50_1 : window_i_1_1_promoted101 | {1 }
	Port: conv1_Pipeline_loadWin1_VITIS_LOOP_50_1 : select_ln150_7 | {1 }
	Port: conv1_Pipeline_loadWin1_VITIS_LOOP_50_1 : select_ln150 | {1 }
	Port: conv1_Pipeline_loadWin1_VITIS_LOOP_50_1 : mem_1_0 | {2 3 }
  - Chain level:
	State 1
		store_ln0 : 1
		store_ln0 : 1
		store_ln0 : 1
		indvar_flatten27_load : 1
		icmp_ln49 : 2
		add_ln49_6 : 2
		br_ln49 : 3
		wj_load : 1
		wi_load : 1
		add_ln49 : 2
		icmp_ln50 : 2
		select_ln49 : 3
		select_ln49_3 : 3
		zext_ln49 : 4
		add_ln49_5 : 5
		zext_ln50 : 4
		add_ln52 : 5
		switch_ln52 : 4
		switch_ln52 : 4
		switch_ln52 : 4
		switch_ln52 : 4
		add_ln50 : 4
		store_ln50 : 3
		store_ln50 : 4
		store_ln50 : 5
	State 2
		zext_ln52 : 1
		sub_ln52 : 2
		add_ln52_5 : 3
		zext_ln52_7 : 4
		mem_1_0_addr : 5
		mem_1_0_load : 6
		write_ln0 : 1
		write_ln0 : 1
		write_ln0 : 1
		write_ln0 : 1
		write_ln0 : 1
		write_ln0 : 1
		write_ln0 : 1
		write_ln0 : 1
		write_ln0 : 1
	State 3
		store_ln52 : 1
		store_ln52 : 1
		store_ln52 : 1
		store_ln52 : 1
		store_ln52 : 1
		store_ln52 : 1
		store_ln52 : 1
		store_ln52 : 1
		store_ln52 : 1


============================================================
+ Verbose Summary: Datapath Resource usage 
============================================================

* Functional unit list:
|----------|-------------------------------------------|---------|---------|
| Operation|              Functional Unit              |    FF   |   LUT   |
|----------|-------------------------------------------|---------|---------|
|          |             add_ln49_6_fu_347             |    0    |    13   |
|          |              add_ln49_fu_359              |    0    |    10   |
|    add   |             add_ln49_5_fu_391             |    0    |    13   |
|          |              add_ln52_fu_401              |    0    |    13   |
|          |              add_ln50_fu_407              |    0    |    10   |
|          |             add_ln52_5_fu_455             |    0    |    10   |
|----------|-------------------------------------------|---------|---------|
|   icmp   |              icmp_ln49_fu_341             |    0    |    9    |
|          |              icmp_ln50_fu_365             |    0    |    8    |
|----------|-------------------------------------------|---------|---------|
|    sub   |              sub_ln52_fu_446              |    0    |    10   |
|----------|-------------------------------------------|---------|---------|
|  select  |             select_ln49_fu_371            |    0    |    2    |
|          |            select_ln49_3_fu_379           |    0    |    2    |
|----------|-------------------------------------------|---------|---------|
|          |       select_ln150_read_read_fu_136       |    0    |    0    |
|          |      select_ln150_7_read_read_fu_142      |    0    |    0    |
|          | window_i_1_1_promoted101_read_read_fu_148 |    0    |    0    |
|          | window_i_1_0_promoted103_read_read_fu_154 |    0    |    0    |
|          | window_i_1_2_promoted105_read_read_fu_160 |    0    |    0    |
|   read   | window_i_0_1_promoted107_read_read_fu_166 |    0    |    0    |
|          | window_i_0_0_promoted109_read_read_fu_172 |    0    |    0    |
|          | window_i_0_2_promoted111_read_read_fu_178 |    0    |    0    |
|          | window_i_2_1_promoted113_read_read_fu_184 |    0    |    0    |
|          | window_i_2_0_promoted115_read_read_fu_190 |    0    |    0    |
|          | window_i_2_2_promoted117_read_read_fu_196 |    0    |    0    |
|----------|-------------------------------------------|---------|---------|
|          |           write_ln0_write_fu_202          |    0    |    0    |
|          |           write_ln0_write_fu_209          |    0    |    0    |
|          |           write_ln0_write_fu_216          |    0    |    0    |
|          |           write_ln0_write_fu_223          |    0    |    0    |
|   write  |           write_ln0_write_fu_230          |    0    |    0    |
|          |           write_ln0_write_fu_237          |    0    |    0    |
|          |           write_ln0_write_fu_244          |    0    |    0    |
|          |           write_ln0_write_fu_251          |    0    |    0    |
|          |           write_ln0_write_fu_258          |    0    |    0    |
|----------|-------------------------------------------|---------|---------|
|          |              zext_ln49_fu_387             |    0    |    0    |
|          |              zext_ln50_fu_397             |    0    |    0    |
|   zext   |              zext_ln52_fu_442             |    0    |    0    |
|          |             zext_ln52_6_fu_452            |    0    |    0    |
|          |             zext_ln52_7_fu_461            |    0    |    0    |
|----------|-------------------------------------------|---------|---------|
|bitconcatenate|                tmp_s_fu_428               |    0    |    0    |
|          |               tmp_26_fu_435               |    0    |    0    |
|----------|-------------------------------------------|---------|---------|
|   Total  |                                           |    0    |   100   |
|----------|-------------------------------------------|---------|---------|

Memories:
N/A

* Register list:
+------------------------+--------+
|                        |   FF   |
+------------------------+--------+
|   add_ln49_5_reg_643   |    5   |
|    add_ln52_reg_649    |    5   |
|    empty_129_reg_575   |   32   |
|    empty_130_reg_582   |   32   |
|    empty_131_reg_589   |   32   |
|    empty_132_reg_596   |   32   |
|    empty_133_reg_603   |   32   |
|    empty_134_reg_610   |   32   |
|    empty_135_reg_617   |   32   |
|    empty_136_reg_624   |   32   |
|      empty_reg_568     |   32   |
|    icmp_ln49_reg_631   |    1   |
|indvar_flatten27_reg_561|    4   |
|  mem_1_0_addr_reg_654  |   10   |
|  select_ln49_3_reg_639 |    2   |
|   select_ln49_reg_635  |    2   |
|       wi_reg_554       |    2   |
|       wj_reg_547       |    2   |
+------------------------+--------+
|          Total         |   321  |
+------------------------+--------+

* Multiplexer (MUX) list: 
|-------------------|------|------|------|--------||---------||---------|
|        Comp       |  Pin | Size |  BW  | S x BW ||  Delay  ||   LUT   |
|-------------------|------|------|------|--------||---------||---------|
| grp_access_fu_272 |  p0  |   2  |  10  |   20   ||    9    |
|-------------------|------|------|------|--------||---------||---------|
|       Total       |      |      |      |   20   ||  1.588  ||    9    |
|-------------------|------|------|------|--------||---------||---------|



* Summary:
+-----------+--------+--------+--------+
|           |  Delay |   FF   |   LUT  |
+-----------+--------+--------+--------+
|  Function |    -   |    0   |   100  |
|   Memory  |    -   |    -   |    -   |
|Multiplexer|    1   |    -   |    9   |
|  Register |    -   |   321  |    -   |
+-----------+--------+--------+--------+
|   Total   |    1   |   321  |   109  |
+-----------+--------+--------+--------+
