

================================================================
== Vitis HLS Report for 'conv2'
================================================================
* Date:           Thu Dec 25 15:19:37 2025

* Version:        2022.1 (Build 3526262 on Mon Apr 18 15:48:16 MDT 2022)
* Project:        Day_5_final_boss
* Solution:       sol5 (Vivado IP Flow Target)
* Product family: zynq
* Target device:  xc7z020-clg400-1


================================================================
== Performance Estimates
================================================================
+ Timing: 
    * Summary: 
    +--------+----------+----------+------------+
    |  Clock |  Target  | Estimated| Uncertainty|
    +--------+----------+----------+------------+
    |ap_clk  |  10.00 ns|  7.256 ns|     2.70 ns|
    +--------+----------+----------+------------+

+ Latency: 
    * Summary: 
    +---------+---------+----------+----------+--------+--------+---------+
    |  Latency (cycles) |  Latency (absolute) |     Interval    | Pipeline|
    |   min   |   max   |    min   |    max   |   min  |   max  |   Type  |
    +---------+---------+----------+----------+--------+--------+---------+
    |   424109|   433325|  4.241 ms|  4.333 ms|  424109|  433325|       no|
    +---------+---------+----------+----------+--------+--------+---------+

    + Detail: 
        * Instance: 
        +-------------------------------------------------------------+--------------------------------------------------+---------+---------+----------+----------+-----+-----+---------+
        |                                                             |                                                  |  Latency (cycles) |  Latency (absolute) |  Interval | Pipeline|
        |                           Instance                          |                      Module                      |   min   |   max   |    min   |    max   | min | max |   Type  |
        +-------------------------------------------------------------+--------------------------------------------------+---------+---------+----------+----------+-----+-----+---------+
        |grp_conv2_Pipeline_Fil_load_ch_Fil_load_r_Fil_load_c_fu_560  |conv2_Pipeline_Fil_load_ch_Fil_load_r_Fil_load_c  |       39|       39|  0.390 us|  0.390 us|   39|   39|       no|
        |grp_conv2_Pipeline_loadWin1_VITIS_LOOP_50_1_fu_639           |conv2_Pipeline_loadWin1_VITIS_LOOP_50_1           |       14|       14|  0.140 us|  0.140 us|   14|   14|       no|
        |grp_conv2D_4_s_fu_666                                        |conv2D_4_s                                        |       24|       24|  0.240 us|  0.240 us|    1|    1|      yes|
        +-------------------------------------------------------------+--------------------------------------------------+---------+---------+----------+----------+-----+-----+---------+

        * Loop: 
        +---------------+---------+---------+-----------------+-----------+-----------+------+----------+
        |               |  Latency (cycles) |    Iteration    |  Initiation Interval  | Trip |          |
        |   Loop Name   |   min   |   max   |     Latency     |  achieved |   target  | Count| Pipelined|
        +---------------+---------+---------+-----------------+-----------+-----------+------+----------+
        |- C1_fil_load  |   424108|   433324|  106027 ~ 108331|          -|          -|     4|        no|
        | + inCh_VS_HS  |   105984|   108288|          46 ~ 47|          -|          -|  2304|        no|
        +---------------+---------+---------+-----------------+-----------+-----------+------+----------+



================================================================
== Utilization Estimates
================================================================
* Summary: 
+-----------------+---------+-----+--------+-------+-----+
|       Name      | BRAM_18K| DSP |   FF   |  LUT  | URAM|
+-----------------+---------+-----+--------+-------+-----+
|DSP              |        -|    -|       -|      -|    -|
|Expression       |        -|    -|       0|    329|    -|
|FIFO             |        -|    -|       -|      -|    -|
|Instance         |        1|   46|    7593|   7730|    -|
|Memory           |        0|    -|      32|      2|    -|
|Multiplexer      |        -|    -|       -|    291|    -|
|Register         |        -|    -|    1737|      -|    -|
+-----------------+---------+-----+--------+-------+-----+
|Total            |        1|   46|    9362|   8352|    0|
+-----------------+---------+-----+--------+-------+-----+
|Available        |      280|  220|  106400|  53200|    0|
+-----------------+---------+-----+--------+-------+-----+
|Utilization (%)  |       ~0|   20|       8|     15|    0|
+-----------------+---------+-----+--------+-------+-----+

+ Detail: 
    * Instance: 
    +-------------------------------------------------------------+--------------------------------------------------+---------+----+------+------+-----+
    |                           Instance                          |                      Module                      | BRAM_18K| DSP|  FF  |  LUT | URAM|
    +-------------------------------------------------------------+--------------------------------------------------+---------+----+------+------+-----+
    |grp_conv2D_4_s_fu_666                                        |conv2D_4_s                                        |        0|  45|  5886|  6643|    0|
    |grp_conv2_Pipeline_Fil_load_ch_Fil_load_r_Fil_load_c_fu_560  |conv2_Pipeline_Fil_load_ch_Fil_load_r_Fil_load_c  |        1|   0|  1205|   703|    0|
    |grp_conv2_Pipeline_loadWin1_VITIS_LOOP_50_1_fu_639           |conv2_Pipeline_loadWin1_VITIS_LOOP_50_1           |        0|   1|   502|   349|    0|
    |fcmp_32ns_32ns_1_2_no_dsp_1_U270                             |fcmp_32ns_32ns_1_2_no_dsp_1                       |        0|   0|     0|     0|    0|
    |mul_3ns_6ns_8_1_1_U271                                       |mul_3ns_6ns_8_1_1                                 |        0|   0|     0|    26|    0|
    |mux_21_32_1_1_U272                                           |mux_21_32_1_1                                     |        0|   0|     0|     9|    0|
    +-------------------------------------------------------------+--------------------------------------------------+---------+----+------+------+-----+
    |Total                                                        |                                                  |        1|  46|  7593|  7730|    0|
    +-------------------------------------------------------------+--------------------------------------------------+---------+----+------+------+-----+

    * DSP: 
    N/A

    * Memory: 
    +--------------+------------------------------+---------+----+----+-----+------+-----+------+-------------+
    |    Memory    |            Module            | BRAM_18K| FF | LUT| URAM| Words| Bits| Banks| W*Bits*Banks|
    +--------------+------------------------------+---------+----+----+-----+------+-----+------+-------------+
    |conv2_bias_U  |conv2_conv2_bias_ROM_AUTO_1R  |        0|  32|   2|    0|     4|   32|     1|          128|
    +--------------+------------------------------+---------+----+----+-----+------+-----+------+-------------+
    |Total         |                              |        0|  32|   2|    0|     4|   32|     1|          128|
    +--------------+------------------------------+---------+----+----+-----+------+-----+------+-------------+

    * FIFO: 
    N/A

    * Expression: 
    +---------------------------+----------+----+---+----+------------+------------+
    |       Variable Name       | Operation| DSP| FF| LUT| Bitwidth P0| Bitwidth P1|
    +---------------------------+----------+----+---+----+------------+------------+
    |add_ln144_fu_736_p2        |         +|   0|  0|  11|           3|           1|
    |add_ln148_2_fu_1047_p2     |         +|   0|  0|  12|          12|           1|
    |add_ln148_fu_1053_p2       |         +|   0|  0|  11|           3|           1|
    |add_ln150_2_fu_1533_p2     |         +|   0|  0|  13|          10|           1|
    |add_ln150_fu_1145_p2       |         +|   0|  0|  13|           5|           1|
    |add_ln152_fu_1528_p2       |         +|   0|  0|  13|           5|           1|
    |add_ln156_4_fu_1412_p2     |         +|   0|  0|  11|          11|          11|
    |add_ln156_fu_1359_p2       |         +|   0|  0|  13|          10|          10|
    |sub_ln156_1_fu_1388_p2     |         -|   0|  0|  11|          11|          11|
    |sub_ln156_fu_923_p2        |         -|   0|  0|  14|           9|           9|
    |and_ln148_fu_1139_p2       |       and|   0|  0|   2|           1|           1|
    |and_ln61_fu_1515_p2        |       and|   0|  0|   2|           1|           1|
    |cmp15_i63_fu_1097_p2       |      icmp|   0|  0|   8|           3|           1|
    |cmp15_i_mid1_fu_1091_p2    |      icmp|   0|  0|   8|           3|           1|
    |cmp28_i62_fu_1109_p2       |      icmp|   0|  0|   8|           3|           2|
    |cmp28_i_mid1_fu_1103_p2    |      icmp|   0|  0|   8|           3|           2|
    |icmp_ln144_fu_730_p2       |      icmp|   0|  0|   9|           3|           4|
    |icmp_ln148_fu_1041_p2      |      icmp|   0|  0|  12|          12|          12|
    |icmp_ln150_fu_1059_p2      |      icmp|   0|  0|  11|          10|          10|
    |icmp_ln152_fu_1133_p2      |      icmp|   0|  0|   9|           5|           5|
    |icmp_ln61_2_fu_1503_p2     |      icmp|   0|  0|  15|          23|           1|
    |icmp_ln61_fu_1497_p2       |      icmp|   0|  0|  11|           8|           2|
    |ap_block_state1            |        or|   0|  0|   2|           1|           1|
    |or_ln150_fu_1343_p2        |        or|   0|  0|   2|           1|           1|
    |or_ln61_fu_1509_p2         |        or|   0|  0|   2|           1|           1|
    |prev_sum_fu_1437_p3        |    select|   0|  0|  32|           1|          32|
    |select_ln148_4_fu_1073_p3  |    select|   0|  0|   3|           1|           3|
    |select_ln148_5_fu_1423_p3  |    select|   0|  0|   2|           1|           1|
    |select_ln148_6_fu_1115_p3  |    select|   0|  0|   2|           1|           1|
    |select_ln148_fu_1065_p3    |    select|   0|  0|   5|           1|           1|
    |select_ln150_3_fu_1151_p3  |    select|   0|  0|   5|           1|           5|
    |select_ln150_4_fu_1539_p3  |    select|   0|  0|  10|           1|           1|
    |select_ln150_fu_1347_p3    |    select|   0|  0|   5|           1|           1|
    |select_ln61_fu_1521_p3     |    select|   0|  0|  32|           1|           1|
    |xor_ln148_fu_1127_p2       |       xor|   0|  0|   2|           1|           2|
    +---------------------------+----------+----+---+----+------------+------------+
    |Total                      |          |   0|  0| 329|         167|         140|
    +---------------------------+----------+----+---+----+------------+------------+

    * Multiplexer: 
    +---------------------------+-----+-----------+-----+-----------+
    |            Name           | LUT | Input Size| Bits| Total Bits|
    +---------------------------+-----+-----------+-----+-----------+
    |ap_NS_fsm                  |  172|         39|    1|         39|
    |ap_done                    |    9|          2|    1|          2|
    |indvar_flatten157_reg_525  |    9|          2|   10|         20|
    |indvar_flatten189_reg_503  |    9|          2|   12|         24|
    |kch_reg_514                |    9|          2|    3|          6|
    |mem_3_0_address0           |   14|          3|   11|         33|
    |mem_3_0_d0                 |   14|          3|   32|         96|
    |mem_3_1_address0           |   14|          3|   11|         33|
    |mem_3_1_d0                 |   14|          3|   32|         96|
    |n_f_fu_100                 |    9|          2|    3|          6|
    |oh_reg_537                 |    9|          2|    5|         10|
    |ow_reg_548                 |    9|          2|    5|         10|
    +---------------------------+-----+-----------+-----+-----------+
    |Total                      |  291|         65|  126|        375|
    +---------------------------+-----+-----------+-----+-----------+

    * Register: 
    +--------------------------------------------------------------------------+----+----+-----+-----------+
    |                                   Name                                   | FF | LUT| Bits| Const Bits|
    +--------------------------------------------------------------------------+----+----+-----+-----------+
    |add_ln144_reg_2135                                                        |   3|   0|    3|          0|
    |add_ln148_2_reg_2379                                                      |  12|   0|   12|          0|
    |add_ln156_4_reg_2470                                                      |  11|   0|   11|          0|
    |and_ln148_reg_2420                                                        |   1|   0|    1|          0|
    |ap_CS_fsm                                                                 |  38|   0|   38|          0|
    |ap_done_reg                                                               |   1|   0|    1|          0|
    |cmp15_i63_reg_2406                                                        |   1|   0|    1|          0|
    |cmp15_i_mid1_reg_2401                                                     |   1|   0|    1|          0|
    |conv2_bias_load_reg_2371                                                  |  32|   0|   32|          0|
    |grp_conv2_Pipeline_Fil_load_ch_Fil_load_r_Fil_load_c_fu_560_ap_start_reg  |   1|   0|    1|          0|
    |grp_conv2_Pipeline_loadWin1_VITIS_LOOP_50_1_fu_639_ap_start_reg           |   1|   0|    1|          0|
    |icmp_ln150_reg_2384                                                       |   1|   0|    1|          0|
    |indvar_flatten157_reg_525                                                 |  10|   0|   10|          0|
    |indvar_flatten189_reg_503                                                 |  12|   0|   12|          0|
    |kch_reg_514                                                               |   3|   0|    3|          0|
    |kernel_i_0_0_0_promoted_fu_192                                            |  32|   0|   32|          0|
    |kernel_i_0_0_1_promoted_fu_188                                            |  32|   0|   32|          0|
    |kernel_i_0_0_2_promoted_fu_196                                            |  32|   0|   32|          0|
    |kernel_i_0_1_0_promoted_fu_180                                            |  32|   0|   32|          0|
    |kernel_i_0_1_1_promoted_fu_176                                            |  32|   0|   32|          0|
    |kernel_i_0_1_2_promoted_fu_184                                            |  32|   0|   32|          0|
    |kernel_i_0_2_0_promoted_fu_204                                            |  32|   0|   32|          0|
    |kernel_i_0_2_1_promoted_fu_200                                            |  32|   0|   32|          0|
    |kernel_i_0_2_2_promoted_fu_208                                            |  32|   0|   32|          0|
    |kernel_i_1_0_0_promoted_fu_156                                            |  32|   0|   32|          0|
    |kernel_i_1_0_1_promoted_fu_152                                            |  32|   0|   32|          0|
    |kernel_i_1_0_2_promoted_fu_160                                            |  32|   0|   32|          0|
    |kernel_i_1_1_0_promoted_fu_144                                            |  32|   0|   32|          0|
    |kernel_i_1_1_1_promoted_fu_140                                            |  32|   0|   32|          0|
    |kernel_i_1_1_2_promoted_fu_148                                            |  32|   0|   32|          0|
    |kernel_i_1_2_0_promoted_fu_168                                            |  32|   0|   32|          0|
    |kernel_i_1_2_1_promoted_fu_164                                            |  32|   0|   32|          0|
    |kernel_i_1_2_2_promoted_fu_172                                            |  32|   0|   32|          0|
    |kernel_i_2_0_0_promoted_fu_120                                            |  32|   0|   32|          0|
    |kernel_i_2_0_1_promoted_fu_116                                            |  32|   0|   32|          0|
    |kernel_i_2_0_2_promoted_fu_124                                            |  32|   0|   32|          0|
    |kernel_i_2_1_0_promoted_fu_108                                            |  32|   0|   32|          0|
    |kernel_i_2_1_1_promoted_fu_104                                            |  32|   0|   32|          0|
    |kernel_i_2_1_2_promoted_fu_112                                            |  32|   0|   32|          0|
    |kernel_i_2_2_0_promoted_fu_132                                            |  32|   0|   32|          0|
    |kernel_i_2_2_1_promoted_fu_128                                            |  32|   0|   32|          0|
    |kernel_i_2_2_2_promoted_fu_136                                            |  32|   0|   32|          0|
    |kernel_i_3_0_0_promoted_fu_228                                            |  32|   0|   32|          0|
    |kernel_i_3_0_1_promoted_fu_224                                            |  32|   0|   32|          0|
    |kernel_i_3_0_2_promoted_fu_232                                            |  32|   0|   32|          0|
    |kernel_i_3_1_0_promoted_fu_216                                            |  32|   0|   32|          0|
    |kernel_i_3_1_1_promoted_fu_212                                            |  32|   0|   32|          0|
    |kernel_i_3_1_2_promoted_fu_220                                            |  32|   0|   32|          0|
    |kernel_i_3_2_0_promoted_fu_240                                            |  32|   0|   32|          0|
    |kernel_i_3_2_1_promoted_fu_236                                            |  32|   0|   32|          0|
    |kernel_i_3_2_2_promoted_fu_244                                            |  32|   0|   32|          0|
    |mem_3_0_addr_reg_2475                                                     |  11|   0|   11|          0|
    |mem_3_1_addr_reg_2480                                                     |  11|   0|   11|          0|
    |mul_ln52_reg_2396                                                         |   8|   0|    8|          0|
    |n_f_fu_100                                                                |   3|   0|    3|          0|
    |oh_reg_537                                                                |   5|   0|    5|          0|
    |or_ln_reg_2248                                                            |   6|   0|    8|          2|
    |ow_reg_548                                                                |   5|   0|    5|          0|
    |prev_sum_reg_2485                                                         |  32|   0|   32|          0|
    |select_ln148_4_reg_2391                                                   |   3|   0|    3|          0|
    |select_ln148_6_reg_2411                                                   |   1|   0|    1|          0|
    |select_ln150_3_reg_2425                                                   |   5|   0|    5|          0|
    |select_ln150_reg_2459                                                     |   5|   0|    5|          0|
    |select_ln61_reg_2526                                                      |  32|   0|   32|          0|
    |sext_ln144_reg_2258                                                       |   7|   0|   10|          3|
    |sum_reg_2517                                                              |  32|   0|   32|          0|
    |trunc_ln148_reg_2415                                                      |   2|   0|    2|          0|
    |trunc_ln152_reg_2465                                                      |   1|   0|    1|          0|
    |window_i_0_0_promoted162227_fu_264                                        |  32|   0|   32|          0|
    |window_i_0_1_promoted160223_fu_260                                        |  32|   0|   32|          0|
    |window_i_0_2_promoted164231_fu_268                                        |  32|   0|   32|          0|
    |window_i_1_0_promoted156215_fu_252                                        |  32|   0|   32|          0|
    |window_i_1_1_promoted154211_fu_248                                        |  32|   0|   32|          0|
    |window_i_1_2_promoted158219_fu_256                                        |  32|   0|   32|          0|
    |window_i_2_0_promoted168239_fu_276                                        |  32|   0|   32|          0|
    |window_i_2_1_promoted166235_fu_272                                        |  32|   0|   32|          0|
    |window_i_2_2_promoted170243_fu_280                                        |  32|   0|   32|          0|
    +--------------------------------------------------------------------------+----+----+-----+-----------+
    |Total                                                                     |1737|   0| 1742|          5|
    +--------------------------------------------------------------------------+----+----+-----+-----------+



================================================================
== Interface
================================================================
* Summary: 
+------------------+-----+-----+------------+--------------+--------------+
|     RTL Ports    | Dir | Bits|  Protocol  | Source Object|    C Type    |
+------------------+-----+-----+------------+--------------+--------------+
|ap_clk            |   in|    1|  ap_ctrl_hs|         conv2|  return value|
|ap_rst            |   in|    1|  ap_ctrl_hs|         conv2|  return value|
|ap_start          |   in|    1|  ap_ctrl_hs|         conv2|  return value|
|ap_done           |  out|    1|  ap_ctrl_hs|         conv2|  return value|
|ap_continue       |   in|    1|  ap_ctrl_hs|         conv2|  return value|
|ap_idle           |  out|    1|  ap_ctrl_hs|         conv2|  return value|
|ap_ready          |  out|    1|  ap_ctrl_hs|         conv2|  return value|
|mem_2_address0    |  out|   12|   ap_memory|         mem_2|         array|
|mem_2_ce0         |  out|    1|   ap_memory|         mem_2|         array|
|mem_2_q0          |   in|   32|   ap_memory|         mem_2|         array|
|mem_3_0_address0  |  out|   11|   ap_memory|       mem_3_0|         array|
|mem_3_0_ce0       |  out|    1|   ap_memory|       mem_3_0|         array|
|mem_3_0_we0       |  out|    1|   ap_memory|       mem_3_0|         array|
|mem_3_0_d0        |  out|   32|   ap_memory|       mem_3_0|         array|
|mem_3_0_q0        |   in|   32|   ap_memory|       mem_3_0|         array|
|mem_3_1_address0  |  out|   11|   ap_memory|       mem_3_1|         array|
|mem_3_1_ce0       |  out|    1|   ap_memory|       mem_3_1|         array|
|mem_3_1_we0       |  out|    1|   ap_memory|       mem_3_1|         array|
|mem_3_1_d0        |  out|   32|   ap_memory|       mem_3_1|         array|
|mem_3_1_q0        |   in|   32|   ap_memory|       mem_3_1|         array|
+------------------+-----+-----+------------+--------------+--------------+

============================================================
+ Verbose Summary: Synthesis Manager
============================================================
InlineROM: 1
ExposeGlobal: 0
============================================================
+ Verbose Summary: CDFG Model
============================================================
IsTopModel: 0
ResetActiveHigh: 1
IsCombinational: 2
IsDatapathOnly: 0
HasWiredReturn: 1
HasMFsm: 0
HasVarLatency: 1
IsPipeline: 0
IsRtlPipelined: 0
IsInstanceOverlapped: 0
IsDontTouch: 0
HasImplIP: 0
IsGatedGlobalClock: 0


============================================================
+ Verbose Summary: Schedule
============================================================
* Number of FSM states : 38
* Pipeline : 0
* Dataflow Pipeline: 0

* FSM state transitions: 
1 --> 2 
2 --> 3 
3 --> 4 
4 --> 5 
5 --> 6 2 
6 --> 7 
7 --> 8 
8 --> 9 
9 --> 10 
10 --> 11 
11 --> 12 
12 --> 13 
13 --> 14 
14 --> 15 
15 --> 16 
16 --> 17 
17 --> 18 
18 --> 19 
19 --> 20 
20 --> 21 
21 --> 22 
22 --> 23 
23 --> 24 
24 --> 25 
25 --> 26 
26 --> 27 
27 --> 28 
28 --> 29 
29 --> 30 
30 --> 31 
31 --> 32 
32 --> 33 
33 --> 34 
34 --> 36 35 
35 --> 38 
36 --> 37 
37 --> 38 
38 --> 5 

* FSM state operations: 

State 1 <SV = 0> <Delay = 1.58>
ST_1 : Operation 39 [1/1] (0.00ns)   --->   "%n_f = alloca i32 1"   --->   Operation 39 'alloca' 'n_f' <Predicate = true> <Delay = 0.00>
ST_1 : Operation 40 [1/1] (0.00ns)   --->   "%kernel_i_2_1_1_promoted = alloca i32 1"   --->   Operation 40 'alloca' 'kernel_i_2_1_1_promoted' <Predicate = true> <Delay = 0.00>
ST_1 : Operation 41 [1/1] (0.00ns)   --->   "%kernel_i_2_1_0_promoted = alloca i32 1"   --->   Operation 41 'alloca' 'kernel_i_2_1_0_promoted' <Predicate = true> <Delay = 0.00>
ST_1 : Operation 42 [1/1] (0.00ns)   --->   "%kernel_i_2_1_2_promoted = alloca i32 1"   --->   Operation 42 'alloca' 'kernel_i_2_1_2_promoted' <Predicate = true> <Delay = 0.00>
ST_1 : Operation 43 [1/1] (0.00ns)   --->   "%kernel_i_2_0_1_promoted = alloca i32 1"   --->   Operation 43 'alloca' 'kernel_i_2_0_1_promoted' <Predicate = true> <Delay = 0.00>
ST_1 : Operation 44 [1/1] (0.00ns)   --->   "%kernel_i_2_0_0_promoted = alloca i32 1"   --->   Operation 44 'alloca' 'kernel_i_2_0_0_promoted' <Predicate = true> <Delay = 0.00>
ST_1 : Operation 45 [1/1] (0.00ns)   --->   "%kernel_i_2_0_2_promoted = alloca i32 1"   --->   Operation 45 'alloca' 'kernel_i_2_0_2_promoted' <Predicate = true> <Delay = 0.00>
ST_1 : Operation 46 [1/1] (0.00ns)   --->   "%kernel_i_2_2_1_promoted = alloca i32 1"   --->   Operation 46 'alloca' 'kernel_i_2_2_1_promoted' <Predicate = true> <Delay = 0.00>
ST_1 : Operation 47 [1/1] (0.00ns)   --->   "%kernel_i_2_2_0_promoted = alloca i32 1"   --->   Operation 47 'alloca' 'kernel_i_2_2_0_promoted' <Predicate = true> <Delay = 0.00>
ST_1 : Operation 48 [1/1] (0.00ns)   --->   "%kernel_i_2_2_2_promoted = alloca i32 1"   --->   Operation 48 'alloca' 'kernel_i_2_2_2_promoted' <Predicate = true> <Delay = 0.00>
ST_1 : Operation 49 [1/1] (0.00ns)   --->   "%kernel_i_1_1_1_promoted = alloca i32 1"   --->   Operation 49 'alloca' 'kernel_i_1_1_1_promoted' <Predicate = true> <Delay = 0.00>
ST_1 : Operation 50 [1/1] (0.00ns)   --->   "%kernel_i_1_1_0_promoted = alloca i32 1"   --->   Operation 50 'alloca' 'kernel_i_1_1_0_promoted' <Predicate = true> <Delay = 0.00>
ST_1 : Operation 51 [1/1] (0.00ns)   --->   "%kernel_i_1_1_2_promoted = alloca i32 1"   --->   Operation 51 'alloca' 'kernel_i_1_1_2_promoted' <Predicate = true> <Delay = 0.00>
ST_1 : Operation 52 [1/1] (0.00ns)   --->   "%kernel_i_1_0_1_promoted = alloca i32 1"   --->   Operation 52 'alloca' 'kernel_i_1_0_1_promoted' <Predicate = true> <Delay = 0.00>
ST_1 : Operation 53 [1/1] (0.00ns)   --->   "%kernel_i_1_0_0_promoted = alloca i32 1"   --->   Operation 53 'alloca' 'kernel_i_1_0_0_promoted' <Predicate = true> <Delay = 0.00>
ST_1 : Operation 54 [1/1] (0.00ns)   --->   "%kernel_i_1_0_2_promoted = alloca i32 1"   --->   Operation 54 'alloca' 'kernel_i_1_0_2_promoted' <Predicate = true> <Delay = 0.00>
ST_1 : Operation 55 [1/1] (0.00ns)   --->   "%kernel_i_1_2_1_promoted = alloca i32 1"   --->   Operation 55 'alloca' 'kernel_i_1_2_1_promoted' <Predicate = true> <Delay = 0.00>
ST_1 : Operation 56 [1/1] (0.00ns)   --->   "%kernel_i_1_2_0_promoted = alloca i32 1"   --->   Operation 56 'alloca' 'kernel_i_1_2_0_promoted' <Predicate = true> <Delay = 0.00>
ST_1 : Operation 57 [1/1] (0.00ns)   --->   "%kernel_i_1_2_2_promoted = alloca i32 1"   --->   Operation 57 'alloca' 'kernel_i_1_2_2_promoted' <Predicate = true> <Delay = 0.00>
ST_1 : Operation 58 [1/1] (0.00ns)   --->   "%kernel_i_0_1_1_promoted = alloca i32 1"   --->   Operation 58 'alloca' 'kernel_i_0_1_1_promoted' <Predicate = true> <Delay = 0.00>
ST_1 : Operation 59 [1/1] (0.00ns)   --->   "%kernel_i_0_1_0_promoted = alloca i32 1"   --->   Operation 59 'alloca' 'kernel_i_0_1_0_promoted' <Predicate = true> <Delay = 0.00>
ST_1 : Operation 60 [1/1] (0.00ns)   --->   "%kernel_i_0_1_2_promoted = alloca i32 1"   --->   Operation 60 'alloca' 'kernel_i_0_1_2_promoted' <Predicate = true> <Delay = 0.00>
ST_1 : Operation 61 [1/1] (0.00ns)   --->   "%kernel_i_0_0_1_promoted = alloca i32 1"   --->   Operation 61 'alloca' 'kernel_i_0_0_1_promoted' <Predicate = true> <Delay = 0.00>
ST_1 : Operation 62 [1/1] (0.00ns)   --->   "%kernel_i_0_0_0_promoted = alloca i32 1"   --->   Operation 62 'alloca' 'kernel_i_0_0_0_promoted' <Predicate = true> <Delay = 0.00>
ST_1 : Operation 63 [1/1] (0.00ns)   --->   "%kernel_i_0_0_2_promoted = alloca i32 1"   --->   Operation 63 'alloca' 'kernel_i_0_0_2_promoted' <Predicate = true> <Delay = 0.00>
ST_1 : Operation 64 [1/1] (0.00ns)   --->   "%kernel_i_0_2_1_promoted = alloca i32 1"   --->   Operation 64 'alloca' 'kernel_i_0_2_1_promoted' <Predicate = true> <Delay = 0.00>
ST_1 : Operation 65 [1/1] (0.00ns)   --->   "%kernel_i_0_2_0_promoted = alloca i32 1"   --->   Operation 65 'alloca' 'kernel_i_0_2_0_promoted' <Predicate = true> <Delay = 0.00>
ST_1 : Operation 66 [1/1] (0.00ns)   --->   "%kernel_i_0_2_2_promoted = alloca i32 1"   --->   Operation 66 'alloca' 'kernel_i_0_2_2_promoted' <Predicate = true> <Delay = 0.00>
ST_1 : Operation 67 [1/1] (0.00ns)   --->   "%kernel_i_3_1_1_promoted = alloca i32 1"   --->   Operation 67 'alloca' 'kernel_i_3_1_1_promoted' <Predicate = true> <Delay = 0.00>
ST_1 : Operation 68 [1/1] (0.00ns)   --->   "%kernel_i_3_1_0_promoted = alloca i32 1"   --->   Operation 68 'alloca' 'kernel_i_3_1_0_promoted' <Predicate = true> <Delay = 0.00>
ST_1 : Operation 69 [1/1] (0.00ns)   --->   "%kernel_i_3_1_2_promoted = alloca i32 1"   --->   Operation 69 'alloca' 'kernel_i_3_1_2_promoted' <Predicate = true> <Delay = 0.00>
ST_1 : Operation 70 [1/1] (0.00ns)   --->   "%kernel_i_3_0_1_promoted = alloca i32 1"   --->   Operation 70 'alloca' 'kernel_i_3_0_1_promoted' <Predicate = true> <Delay = 0.00>
ST_1 : Operation 71 [1/1] (0.00ns)   --->   "%kernel_i_3_0_0_promoted = alloca i32 1"   --->   Operation 71 'alloca' 'kernel_i_3_0_0_promoted' <Predicate = true> <Delay = 0.00>
ST_1 : Operation 72 [1/1] (0.00ns)   --->   "%kernel_i_3_0_2_promoted = alloca i32 1"   --->   Operation 72 'alloca' 'kernel_i_3_0_2_promoted' <Predicate = true> <Delay = 0.00>
ST_1 : Operation 73 [1/1] (0.00ns)   --->   "%kernel_i_3_2_1_promoted = alloca i32 1"   --->   Operation 73 'alloca' 'kernel_i_3_2_1_promoted' <Predicate = true> <Delay = 0.00>
ST_1 : Operation 74 [1/1] (0.00ns)   --->   "%kernel_i_3_2_0_promoted = alloca i32 1"   --->   Operation 74 'alloca' 'kernel_i_3_2_0_promoted' <Predicate = true> <Delay = 0.00>
ST_1 : Operation 75 [1/1] (0.00ns)   --->   "%kernel_i_3_2_2_promoted = alloca i32 1"   --->   Operation 75 'alloca' 'kernel_i_3_2_2_promoted' <Predicate = true> <Delay = 0.00>
ST_1 : Operation 76 [1/1] (0.00ns)   --->   "%window_i_1_1_promoted154211 = alloca i32 1"   --->   Operation 76 'alloca' 'window_i_1_1_promoted154211' <Predicate = true> <Delay = 0.00>
ST_1 : Operation 77 [1/1] (0.00ns)   --->   "%window_i_1_0_promoted156215 = alloca i32 1"   --->   Operation 77 'alloca' 'window_i_1_0_promoted156215' <Predicate = true> <Delay = 0.00>
ST_1 : Operation 78 [1/1] (0.00ns)   --->   "%window_i_1_2_promoted158219 = alloca i32 1"   --->   Operation 78 'alloca' 'window_i_1_2_promoted158219' <Predicate = true> <Delay = 0.00>
ST_1 : Operation 79 [1/1] (0.00ns)   --->   "%window_i_0_1_promoted160223 = alloca i32 1"   --->   Operation 79 'alloca' 'window_i_0_1_promoted160223' <Predicate = true> <Delay = 0.00>
ST_1 : Operation 80 [1/1] (0.00ns)   --->   "%window_i_0_0_promoted162227 = alloca i32 1"   --->   Operation 80 'alloca' 'window_i_0_0_promoted162227' <Predicate = true> <Delay = 0.00>
ST_1 : Operation 81 [1/1] (0.00ns)   --->   "%window_i_0_2_promoted164231 = alloca i32 1"   --->   Operation 81 'alloca' 'window_i_0_2_promoted164231' <Predicate = true> <Delay = 0.00>
ST_1 : Operation 82 [1/1] (0.00ns)   --->   "%window_i_2_1_promoted166235 = alloca i32 1"   --->   Operation 82 'alloca' 'window_i_2_1_promoted166235' <Predicate = true> <Delay = 0.00>
ST_1 : Operation 83 [1/1] (0.00ns)   --->   "%window_i_2_0_promoted168239 = alloca i32 1"   --->   Operation 83 'alloca' 'window_i_2_0_promoted168239' <Predicate = true> <Delay = 0.00>
ST_1 : Operation 84 [1/1] (0.00ns)   --->   "%window_i_2_2_promoted170243 = alloca i32 1"   --->   Operation 84 'alloca' 'window_i_2_2_promoted170243' <Predicate = true> <Delay = 0.00>
ST_1 : Operation 85 [1/1] (0.00ns)   --->   "%p_loc153 = alloca i64 1"   --->   Operation 85 'alloca' 'p_loc153' <Predicate = true> <Delay = 0.00>
ST_1 : Operation 86 [1/1] (0.00ns)   --->   "%p_loc152 = alloca i64 1"   --->   Operation 86 'alloca' 'p_loc152' <Predicate = true> <Delay = 0.00>
ST_1 : Operation 87 [1/1] (0.00ns)   --->   "%p_loc151 = alloca i64 1"   --->   Operation 87 'alloca' 'p_loc151' <Predicate = true> <Delay = 0.00>
ST_1 : Operation 88 [1/1] (0.00ns)   --->   "%p_loc150 = alloca i64 1"   --->   Operation 88 'alloca' 'p_loc150' <Predicate = true> <Delay = 0.00>
ST_1 : Operation 89 [1/1] (0.00ns)   --->   "%p_loc149 = alloca i64 1"   --->   Operation 89 'alloca' 'p_loc149' <Predicate = true> <Delay = 0.00>
ST_1 : Operation 90 [1/1] (0.00ns)   --->   "%p_loc148 = alloca i64 1"   --->   Operation 90 'alloca' 'p_loc148' <Predicate = true> <Delay = 0.00>
ST_1 : Operation 91 [1/1] (0.00ns)   --->   "%p_loc147 = alloca i64 1"   --->   Operation 91 'alloca' 'p_loc147' <Predicate = true> <Delay = 0.00>
ST_1 : Operation 92 [1/1] (0.00ns)   --->   "%p_loc146 = alloca i64 1"   --->   Operation 92 'alloca' 'p_loc146' <Predicate = true> <Delay = 0.00>
ST_1 : Operation 93 [1/1] (0.00ns)   --->   "%p_loc145 = alloca i64 1"   --->   Operation 93 'alloca' 'p_loc145' <Predicate = true> <Delay = 0.00>
ST_1 : Operation 94 [1/1] (0.00ns)   --->   "%p_loc108 = alloca i64 1"   --->   Operation 94 'alloca' 'p_loc108' <Predicate = true> <Delay = 0.00>
ST_1 : Operation 95 [1/1] (0.00ns)   --->   "%p_loc107 = alloca i64 1"   --->   Operation 95 'alloca' 'p_loc107' <Predicate = true> <Delay = 0.00>
ST_1 : Operation 96 [1/1] (0.00ns)   --->   "%p_loc106 = alloca i64 1"   --->   Operation 96 'alloca' 'p_loc106' <Predicate = true> <Delay = 0.00>
ST_1 : Operation 97 [1/1] (0.00ns)   --->   "%p_loc105 = alloca i64 1"   --->   Operation 97 'alloca' 'p_loc105' <Predicate = true> <Delay = 0.00>
ST_1 : Operation 98 [1/1] (0.00ns)   --->   "%p_loc104 = alloca i64 1"   --->   Operation 98 'alloca' 'p_loc104' <Predicate = true> <Delay = 0.00>
ST_1 : Operation 99 [1/1] (0.00ns)   --->   "%p_loc103 = alloca i64 1"   --->   Operation 99 'alloca' 'p_loc103' <Predicate = true> <Delay = 0.00>
ST_1 : Operation 100 [1/1] (0.00ns)   --->   "%p_loc102 = alloca i64 1"   --->   Operation 100 'alloca' 'p_loc102' <Predicate = true> <Delay = 0.00>
ST_1 : Operation 101 [1/1] (0.00ns)   --->   "%p_loc101 = alloca i64 1"   --->   Operation 101 'alloca' 'p_loc101' <Predicate = true> <Delay = 0.00>
ST_1 : Operation 102 [1/1] (0.00ns)   --->   "%p_loc100 = alloca i64 1"   --->   Operation 102 'alloca' 'p_loc100' <Predicate = true> <Delay = 0.00>
ST_1 : Operation 103 [1/1] (0.00ns)   --->   "%p_loc99 = alloca i64 1"   --->   Operation 103 'alloca' 'p_loc99' <Predicate = true> <Delay = 0.00>
ST_1 : Operation 104 [1/1] (0.00ns)   --->   "%p_loc98 = alloca i64 1"   --->   Operation 104 'alloca' 'p_loc98' <Predicate = true> <Delay = 0.00>
ST_1 : Operation 105 [1/1] (0.00ns)   --->   "%p_loc97 = alloca i64 1"   --->   Operation 105 'alloca' 'p_loc97' <Predicate = true> <Delay = 0.00>
ST_1 : Operation 106 [1/1] (0.00ns)   --->   "%p_loc96 = alloca i64 1"   --->   Operation 106 'alloca' 'p_loc96' <Predicate = true> <Delay = 0.00>
ST_1 : Operation 107 [1/1] (0.00ns)   --->   "%p_loc95 = alloca i64 1"   --->   Operation 107 'alloca' 'p_loc95' <Predicate = true> <Delay = 0.00>
ST_1 : Operation 108 [1/1] (0.00ns)   --->   "%p_loc94 = alloca i64 1"   --->   Operation 108 'alloca' 'p_loc94' <Predicate = true> <Delay = 0.00>
ST_1 : Operation 109 [1/1] (0.00ns)   --->   "%p_loc93 = alloca i64 1"   --->   Operation 109 'alloca' 'p_loc93' <Predicate = true> <Delay = 0.00>
ST_1 : Operation 110 [1/1] (0.00ns)   --->   "%p_loc92 = alloca i64 1"   --->   Operation 110 'alloca' 'p_loc92' <Predicate = true> <Delay = 0.00>
ST_1 : Operation 111 [1/1] (0.00ns)   --->   "%p_loc91 = alloca i64 1"   --->   Operation 111 'alloca' 'p_loc91' <Predicate = true> <Delay = 0.00>
ST_1 : Operation 112 [1/1] (0.00ns)   --->   "%p_loc90 = alloca i64 1"   --->   Operation 112 'alloca' 'p_loc90' <Predicate = true> <Delay = 0.00>
ST_1 : Operation 113 [1/1] (0.00ns)   --->   "%p_loc89 = alloca i64 1"   --->   Operation 113 'alloca' 'p_loc89' <Predicate = true> <Delay = 0.00>
ST_1 : Operation 114 [1/1] (0.00ns)   --->   "%p_loc88 = alloca i64 1"   --->   Operation 114 'alloca' 'p_loc88' <Predicate = true> <Delay = 0.00>
ST_1 : Operation 115 [1/1] (0.00ns)   --->   "%p_loc87 = alloca i64 1"   --->   Operation 115 'alloca' 'p_loc87' <Predicate = true> <Delay = 0.00>
ST_1 : Operation 116 [1/1] (0.00ns)   --->   "%p_loc86 = alloca i64 1"   --->   Operation 116 'alloca' 'p_loc86' <Predicate = true> <Delay = 0.00>
ST_1 : Operation 117 [1/1] (0.00ns)   --->   "%p_loc85 = alloca i64 1"   --->   Operation 117 'alloca' 'p_loc85' <Predicate = true> <Delay = 0.00>
ST_1 : Operation 118 [1/1] (0.00ns)   --->   "%p_loc84 = alloca i64 1"   --->   Operation 118 'alloca' 'p_loc84' <Predicate = true> <Delay = 0.00>
ST_1 : Operation 119 [1/1] (0.00ns)   --->   "%p_loc83 = alloca i64 1"   --->   Operation 119 'alloca' 'p_loc83' <Predicate = true> <Delay = 0.00>
ST_1 : Operation 120 [1/1] (0.00ns)   --->   "%p_loc82 = alloca i64 1"   --->   Operation 120 'alloca' 'p_loc82' <Predicate = true> <Delay = 0.00>
ST_1 : Operation 121 [1/1] (0.00ns)   --->   "%p_loc81 = alloca i64 1"   --->   Operation 121 'alloca' 'p_loc81' <Predicate = true> <Delay = 0.00>
ST_1 : Operation 122 [1/1] (0.00ns)   --->   "%p_loc80 = alloca i64 1"   --->   Operation 122 'alloca' 'p_loc80' <Predicate = true> <Delay = 0.00>
ST_1 : Operation 123 [1/1] (0.00ns)   --->   "%p_loc79 = alloca i64 1"   --->   Operation 123 'alloca' 'p_loc79' <Predicate = true> <Delay = 0.00>
ST_1 : Operation 124 [1/1] (0.00ns)   --->   "%p_loc78 = alloca i64 1"   --->   Operation 124 'alloca' 'p_loc78' <Predicate = true> <Delay = 0.00>
ST_1 : Operation 125 [1/1] (0.00ns)   --->   "%p_loc77 = alloca i64 1"   --->   Operation 125 'alloca' 'p_loc77' <Predicate = true> <Delay = 0.00>
ST_1 : Operation 126 [1/1] (0.00ns)   --->   "%p_loc76 = alloca i64 1"   --->   Operation 126 'alloca' 'p_loc76' <Predicate = true> <Delay = 0.00>
ST_1 : Operation 127 [1/1] (0.00ns)   --->   "%p_loc75 = alloca i64 1"   --->   Operation 127 'alloca' 'p_loc75' <Predicate = true> <Delay = 0.00>
ST_1 : Operation 128 [1/1] (0.00ns)   --->   "%p_loc74 = alloca i64 1"   --->   Operation 128 'alloca' 'p_loc74' <Predicate = true> <Delay = 0.00>
ST_1 : Operation 129 [1/1] (0.00ns)   --->   "%p_loc = alloca i64 1"   --->   Operation 129 'alloca' 'p_loc' <Predicate = true> <Delay = 0.00>
ST_1 : Operation 130 [1/1] (1.58ns)   --->   "%store_ln144 = store i3 0, i3 %n_f" [codes_lab5/HLS_sources_final/templatedFuncs.h:144]   --->   Operation 130 'store' 'store_ln144' <Predicate = true> <Delay = 1.58>
ST_1 : Operation 131 [1/1] (0.00ns)   --->   "%br_ln144 = br void %inCh.i" [codes_lab5/HLS_sources_final/templatedFuncs.h:144]   --->   Operation 131 'br' 'br_ln144' <Predicate = true> <Delay = 0.00>

State 2 <SV = 1> <Delay = 2.71>
ST_2 : Operation 132 [1/1] (0.00ns)   --->   "%n_f_2 = load i3 %n_f" [codes_lab5/HLS_sources_final/templatedFuncs.h:144]   --->   Operation 132 'load' 'n_f_2' <Predicate = true> <Delay = 0.00>
ST_2 : Operation 133 [1/1] (1.13ns)   --->   "%icmp_ln144 = icmp_eq  i3 %n_f_2, i3 4" [codes_lab5/HLS_sources_final/templatedFuncs.h:144]   --->   Operation 133 'icmp' 'icmp_ln144' <Predicate = true> <Delay = 1.13> <CoreInst = "Cmp">   --->   Core 9 'Cmp' <Latency = 0> <II = 1> <Delay = 1.30> <FuncUnit> <Opcode : 'icmp'> <InPorts = 2> <OutPorts = 1>
ST_2 : Operation 134 [1/1] (0.00ns)   --->   "%empty = speclooptripcount i32 @_ssdm_op_SpecLoopTripCount, i64 4, i64 4, i64 4"   --->   Operation 134 'speclooptripcount' 'empty' <Predicate = true> <Delay = 0.00>
ST_2 : Operation 135 [1/1] (1.65ns)   --->   "%add_ln144 = add i3 %n_f_2, i3 1" [codes_lab5/HLS_sources_final/templatedFuncs.h:144]   --->   Operation 135 'add' 'add_ln144' <Predicate = true> <Delay = 1.65> <CoreInst = "Adder">   --->   Core 1 'Adder' <Latency = 0> <II = 1> <Delay = 1.65> <FuncUnit> <Opcode : 'add' 'sub'> <InPorts = 2> <OutPorts = 1>
ST_2 : Operation 136 [1/1] (0.00ns)   --->   "%br_ln144 = br i1 %icmp_ln144, void %inCh.i.split, void %_Z9Conv_funcILi4ELi26ELi4ELi24EEvPAT0__AT0__fPAT2__AT2__fPAmlmlT_Li3ELi3E_KfPS6_.exit" [codes_lab5/HLS_sources_final/templatedFuncs.h:144]   --->   Operation 136 'br' 'br_ln144' <Predicate = true> <Delay = 0.00>
ST_2 : Operation 137 [1/1] (0.00ns)   --->   "%kernel_i_2_1_1_promoted_load = load i32 %kernel_i_2_1_1_promoted"   --->   Operation 137 'load' 'kernel_i_2_1_1_promoted_load' <Predicate = (!icmp_ln144)> <Delay = 0.00>
ST_2 : Operation 138 [1/1] (0.00ns)   --->   "%kernel_i_2_1_0_promoted_load = load i32 %kernel_i_2_1_0_promoted"   --->   Operation 138 'load' 'kernel_i_2_1_0_promoted_load' <Predicate = (!icmp_ln144)> <Delay = 0.00>
ST_2 : Operation 139 [1/1] (0.00ns)   --->   "%kernel_i_2_1_2_promoted_load = load i32 %kernel_i_2_1_2_promoted"   --->   Operation 139 'load' 'kernel_i_2_1_2_promoted_load' <Predicate = (!icmp_ln144)> <Delay = 0.00>
ST_2 : Operation 140 [1/1] (0.00ns)   --->   "%kernel_i_2_0_1_promoted_load = load i32 %kernel_i_2_0_1_promoted"   --->   Operation 140 'load' 'kernel_i_2_0_1_promoted_load' <Predicate = (!icmp_ln144)> <Delay = 0.00>
ST_2 : Operation 141 [1/1] (0.00ns)   --->   "%kernel_i_2_0_0_promoted_load = load i32 %kernel_i_2_0_0_promoted"   --->   Operation 141 'load' 'kernel_i_2_0_0_promoted_load' <Predicate = (!icmp_ln144)> <Delay = 0.00>
ST_2 : Operation 142 [1/1] (0.00ns)   --->   "%kernel_i_2_0_2_promoted_load = load i32 %kernel_i_2_0_2_promoted"   --->   Operation 142 'load' 'kernel_i_2_0_2_promoted_load' <Predicate = (!icmp_ln144)> <Delay = 0.00>
ST_2 : Operation 143 [1/1] (0.00ns)   --->   "%kernel_i_2_2_1_promoted_load = load i32 %kernel_i_2_2_1_promoted"   --->   Operation 143 'load' 'kernel_i_2_2_1_promoted_load' <Predicate = (!icmp_ln144)> <Delay = 0.00>
ST_2 : Operation 144 [1/1] (0.00ns)   --->   "%kernel_i_2_2_0_promoted_load = load i32 %kernel_i_2_2_0_promoted"   --->   Operation 144 'load' 'kernel_i_2_2_0_promoted_load' <Predicate = (!icmp_ln144)> <Delay = 0.00>
ST_2 : Operation 145 [1/1] (0.00ns)   --->   "%kernel_i_2_2_2_promoted_load = load i32 %kernel_i_2_2_2_promoted"   --->   Operation 145 'load' 'kernel_i_2_2_2_promoted_load' <Predicate = (!icmp_ln144)> <Delay = 0.00>
ST_2 : Operation 146 [1/1] (0.00ns)   --->   "%kernel_i_1_1_1_promoted_load = load i32 %kernel_i_1_1_1_promoted"   --->   Operation 146 'load' 'kernel_i_1_1_1_promoted_load' <Predicate = (!icmp_ln144)> <Delay = 0.00>
ST_2 : Operation 147 [1/1] (0.00ns)   --->   "%kernel_i_1_1_0_promoted_load = load i32 %kernel_i_1_1_0_promoted"   --->   Operation 147 'load' 'kernel_i_1_1_0_promoted_load' <Predicate = (!icmp_ln144)> <Delay = 0.00>
ST_2 : Operation 148 [1/1] (0.00ns)   --->   "%kernel_i_1_1_2_promoted_load = load i32 %kernel_i_1_1_2_promoted"   --->   Operation 148 'load' 'kernel_i_1_1_2_promoted_load' <Predicate = (!icmp_ln144)> <Delay = 0.00>
ST_2 : Operation 149 [1/1] (0.00ns)   --->   "%kernel_i_1_0_1_promoted_load = load i32 %kernel_i_1_0_1_promoted"   --->   Operation 149 'load' 'kernel_i_1_0_1_promoted_load' <Predicate = (!icmp_ln144)> <Delay = 0.00>
ST_2 : Operation 150 [1/1] (0.00ns)   --->   "%kernel_i_1_0_0_promoted_load = load i32 %kernel_i_1_0_0_promoted"   --->   Operation 150 'load' 'kernel_i_1_0_0_promoted_load' <Predicate = (!icmp_ln144)> <Delay = 0.00>
ST_2 : Operation 151 [1/1] (0.00ns)   --->   "%kernel_i_1_0_2_promoted_load = load i32 %kernel_i_1_0_2_promoted"   --->   Operation 151 'load' 'kernel_i_1_0_2_promoted_load' <Predicate = (!icmp_ln144)> <Delay = 0.00>
ST_2 : Operation 152 [1/1] (0.00ns)   --->   "%kernel_i_1_2_1_promoted_load = load i32 %kernel_i_1_2_1_promoted"   --->   Operation 152 'load' 'kernel_i_1_2_1_promoted_load' <Predicate = (!icmp_ln144)> <Delay = 0.00>
ST_2 : Operation 153 [1/1] (0.00ns)   --->   "%kernel_i_1_2_0_promoted_load = load i32 %kernel_i_1_2_0_promoted"   --->   Operation 153 'load' 'kernel_i_1_2_0_promoted_load' <Predicate = (!icmp_ln144)> <Delay = 0.00>
ST_2 : Operation 154 [1/1] (0.00ns)   --->   "%kernel_i_1_2_2_promoted_load = load i32 %kernel_i_1_2_2_promoted"   --->   Operation 154 'load' 'kernel_i_1_2_2_promoted_load' <Predicate = (!icmp_ln144)> <Delay = 0.00>
ST_2 : Operation 155 [1/1] (0.00ns)   --->   "%kernel_i_0_1_1_promoted_load = load i32 %kernel_i_0_1_1_promoted"   --->   Operation 155 'load' 'kernel_i_0_1_1_promoted_load' <Predicate = (!icmp_ln144)> <Delay = 0.00>
ST_2 : Operation 156 [1/1] (0.00ns)   --->   "%kernel_i_0_1_0_promoted_load = load i32 %kernel_i_0_1_0_promoted"   --->   Operation 156 'load' 'kernel_i_0_1_0_promoted_load' <Predicate = (!icmp_ln144)> <Delay = 0.00>
ST_2 : Operation 157 [1/1] (0.00ns)   --->   "%kernel_i_0_1_2_promoted_load = load i32 %kernel_i_0_1_2_promoted"   --->   Operation 157 'load' 'kernel_i_0_1_2_promoted_load' <Predicate = (!icmp_ln144)> <Delay = 0.00>
ST_2 : Operation 158 [1/1] (0.00ns)   --->   "%kernel_i_0_0_1_promoted_load = load i32 %kernel_i_0_0_1_promoted"   --->   Operation 158 'load' 'kernel_i_0_0_1_promoted_load' <Predicate = (!icmp_ln144)> <Delay = 0.00>
ST_2 : Operation 159 [1/1] (0.00ns)   --->   "%kernel_i_0_0_0_promoted_load = load i32 %kernel_i_0_0_0_promoted"   --->   Operation 159 'load' 'kernel_i_0_0_0_promoted_load' <Predicate = (!icmp_ln144)> <Delay = 0.00>
ST_2 : Operation 160 [1/1] (0.00ns)   --->   "%kernel_i_0_0_2_promoted_load = load i32 %kernel_i_0_0_2_promoted"   --->   Operation 160 'load' 'kernel_i_0_0_2_promoted_load' <Predicate = (!icmp_ln144)> <Delay = 0.00>
ST_2 : Operation 161 [1/1] (0.00ns)   --->   "%kernel_i_0_2_1_promoted_load = load i32 %kernel_i_0_2_1_promoted"   --->   Operation 161 'load' 'kernel_i_0_2_1_promoted_load' <Predicate = (!icmp_ln144)> <Delay = 0.00>
ST_2 : Operation 162 [1/1] (0.00ns)   --->   "%kernel_i_0_2_0_promoted_load = load i32 %kernel_i_0_2_0_promoted"   --->   Operation 162 'load' 'kernel_i_0_2_0_promoted_load' <Predicate = (!icmp_ln144)> <Delay = 0.00>
ST_2 : Operation 163 [1/1] (0.00ns)   --->   "%kernel_i_0_2_2_promoted_load = load i32 %kernel_i_0_2_2_promoted"   --->   Operation 163 'load' 'kernel_i_0_2_2_promoted_load' <Predicate = (!icmp_ln144)> <Delay = 0.00>
ST_2 : Operation 164 [1/1] (0.00ns)   --->   "%kernel_i_3_1_1_promoted_load = load i32 %kernel_i_3_1_1_promoted"   --->   Operation 164 'load' 'kernel_i_3_1_1_promoted_load' <Predicate = (!icmp_ln144)> <Delay = 0.00>
ST_2 : Operation 165 [1/1] (0.00ns)   --->   "%kernel_i_3_1_0_promoted_load = load i32 %kernel_i_3_1_0_promoted"   --->   Operation 165 'load' 'kernel_i_3_1_0_promoted_load' <Predicate = (!icmp_ln144)> <Delay = 0.00>
ST_2 : Operation 166 [1/1] (0.00ns)   --->   "%kernel_i_3_1_2_promoted_load = load i32 %kernel_i_3_1_2_promoted"   --->   Operation 166 'load' 'kernel_i_3_1_2_promoted_load' <Predicate = (!icmp_ln144)> <Delay = 0.00>
ST_2 : Operation 167 [1/1] (0.00ns)   --->   "%kernel_i_3_0_1_promoted_load = load i32 %kernel_i_3_0_1_promoted"   --->   Operation 167 'load' 'kernel_i_3_0_1_promoted_load' <Predicate = (!icmp_ln144)> <Delay = 0.00>
ST_2 : Operation 168 [1/1] (0.00ns)   --->   "%kernel_i_3_0_0_promoted_load = load i32 %kernel_i_3_0_0_promoted"   --->   Operation 168 'load' 'kernel_i_3_0_0_promoted_load' <Predicate = (!icmp_ln144)> <Delay = 0.00>
ST_2 : Operation 169 [1/1] (0.00ns)   --->   "%kernel_i_3_0_2_promoted_load = load i32 %kernel_i_3_0_2_promoted"   --->   Operation 169 'load' 'kernel_i_3_0_2_promoted_load' <Predicate = (!icmp_ln144)> <Delay = 0.00>
ST_2 : Operation 170 [1/1] (0.00ns)   --->   "%kernel_i_3_2_1_promoted_load = load i32 %kernel_i_3_2_1_promoted"   --->   Operation 170 'load' 'kernel_i_3_2_1_promoted_load' <Predicate = (!icmp_ln144)> <Delay = 0.00>
ST_2 : Operation 171 [1/1] (0.00ns)   --->   "%kernel_i_3_2_0_promoted_load = load i32 %kernel_i_3_2_0_promoted"   --->   Operation 171 'load' 'kernel_i_3_2_0_promoted_load' <Predicate = (!icmp_ln144)> <Delay = 0.00>
ST_2 : Operation 172 [1/1] (0.00ns)   --->   "%kernel_i_3_2_2_promoted_load = load i32 %kernel_i_3_2_2_promoted"   --->   Operation 172 'load' 'kernel_i_3_2_2_promoted_load' <Predicate = (!icmp_ln144)> <Delay = 0.00>
ST_2 : Operation 173 [1/1] (0.00ns)   --->   "%or_ln = bitconcatenate i8 @_ssdm_op_BitConcatenate.i8.i3.i3.i2, i3 %n_f_2, i3 %n_f_2, i2 0" [codes_lab5/HLS_sources_final/templatedFuncs.h:30]   --->   Operation 173 'bitconcatenate' 'or_ln' <Predicate = (!icmp_ln144)> <Delay = 0.00>
ST_2 : Operation 174 [2/2] (1.58ns)   --->   "%call_ln30 = call void @conv2_Pipeline_Fil_load_ch_Fil_load_r_Fil_load_c, i32 %kernel_i_3_2_2_promoted_load, i32 %kernel_i_3_2_0_promoted_load, i32 %kernel_i_3_2_1_promoted_load, i32 %kernel_i_3_0_2_promoted_load, i32 %kernel_i_3_0_0_promoted_load, i32 %kernel_i_3_0_1_promoted_load, i32 %kernel_i_3_1_2_promoted_load, i32 %kernel_i_3_1_0_promoted_load, i32 %kernel_i_3_1_1_promoted_load, i32 %kernel_i_0_2_2_promoted_load, i32 %kernel_i_0_2_0_promoted_load, i32 %kernel_i_0_2_1_promoted_load, i32 %kernel_i_0_0_2_promoted_load, i32 %kernel_i_0_0_0_promoted_load, i32 %kernel_i_0_0_1_promoted_load, i32 %kernel_i_0_1_2_promoted_load, i32 %kernel_i_0_1_0_promoted_load, i32 %kernel_i_0_1_1_promoted_load, i32 %kernel_i_1_2_2_promoted_load, i32 %kernel_i_1_2_0_promoted_load, i32 %kernel_i_1_2_1_promoted_load, i32 %kernel_i_1_0_2_promoted_load, i32 %kernel_i_1_0_0_promoted_load, i32 %kernel_i_1_0_1_promoted_load, i32 %kernel_i_1_1_2_promoted_load, i32 %kernel_i_1_1_0_promoted_load, i32 %kernel_i_1_1_1_promoted_load, i32 %kernel_i_2_2_2_promoted_load, i32 %kernel_i_2_2_0_promoted_load, i32 %kernel_i_2_2_1_promoted_load, i32 %kernel_i_2_0_2_promoted_load, i32 %kernel_i_2_0_0_promoted_load, i32 %kernel_i_2_0_1_promoted_load, i32 %kernel_i_2_1_2_promoted_load, i32 %kernel_i_2_1_0_promoted_load, i32 %kernel_i_2_1_1_promoted_load, i8 %or_ln, i32 %p_loc, i32 %p_loc74, i32 %p_loc75, i32 %p_loc76, i32 %p_loc77, i32 %p_loc78, i32 %p_loc79, i32 %p_loc80, i32 %p_loc81, i32 %p_loc82, i32 %p_loc83, i32 %p_loc84, i32 %p_loc85, i32 %p_loc86, i32 %p_loc87, i32 %p_loc88, i32 %p_loc89, i32 %p_loc90, i32 %p_loc91, i32 %p_loc92, i32 %p_loc93, i32 %p_loc94, i32 %p_loc95, i32 %p_loc96, i32 %p_loc97, i32 %p_loc98, i32 %p_loc99, i32 %p_loc100, i32 %p_loc101, i32 %p_loc102, i32 %p_loc103, i32 %p_loc104, i32 %p_loc105, i32 %p_loc106, i32 %p_loc107, i32 %p_loc108, i32 %conv2_weight" [codes_lab5/HLS_sources_final/templatedFuncs.h:30]   --->   Operation 174 'call' 'call_ln30' <Predicate = (!icmp_ln144)> <Delay = 1.58> <CoreType = "Generic">   --->   Core 0 '' <Latency = 0> <II = 1> <Delay = 1.00> <Generic> <Opcode : >
ST_2 : Operation 175 [1/1] (0.00ns)   --->   "%ret_ln33 = ret" [codes_lab5/HLS_sources_final/design.cpp:33]   --->   Operation 175 'ret' 'ret_ln33' <Predicate = (icmp_ln144)> <Delay = 0.00>

State 3 <SV = 2> <Delay = 2.32>
ST_3 : Operation 176 [1/1] (0.00ns)   --->   "%zext_ln144 = zext i3 %n_f_2" [codes_lab5/HLS_sources_final/templatedFuncs.h:144]   --->   Operation 176 'zext' 'zext_ln144' <Predicate = true> <Delay = 0.00>
ST_3 : Operation 177 [1/2] (0.00ns)   --->   "%call_ln30 = call void @conv2_Pipeline_Fil_load_ch_Fil_load_r_Fil_load_c, i32 %kernel_i_3_2_2_promoted_load, i32 %kernel_i_3_2_0_promoted_load, i32 %kernel_i_3_2_1_promoted_load, i32 %kernel_i_3_0_2_promoted_load, i32 %kernel_i_3_0_0_promoted_load, i32 %kernel_i_3_0_1_promoted_load, i32 %kernel_i_3_1_2_promoted_load, i32 %kernel_i_3_1_0_promoted_load, i32 %kernel_i_3_1_1_promoted_load, i32 %kernel_i_0_2_2_promoted_load, i32 %kernel_i_0_2_0_promoted_load, i32 %kernel_i_0_2_1_promoted_load, i32 %kernel_i_0_0_2_promoted_load, i32 %kernel_i_0_0_0_promoted_load, i32 %kernel_i_0_0_1_promoted_load, i32 %kernel_i_0_1_2_promoted_load, i32 %kernel_i_0_1_0_promoted_load, i32 %kernel_i_0_1_1_promoted_load, i32 %kernel_i_1_2_2_promoted_load, i32 %kernel_i_1_2_0_promoted_load, i32 %kernel_i_1_2_1_promoted_load, i32 %kernel_i_1_0_2_promoted_load, i32 %kernel_i_1_0_0_promoted_load, i32 %kernel_i_1_0_1_promoted_load, i32 %kernel_i_1_1_2_promoted_load, i32 %kernel_i_1_1_0_promoted_load, i32 %kernel_i_1_1_1_promoted_load, i32 %kernel_i_2_2_2_promoted_load, i32 %kernel_i_2_2_0_promoted_load, i32 %kernel_i_2_2_1_promoted_load, i32 %kernel_i_2_0_2_promoted_load, i32 %kernel_i_2_0_0_promoted_load, i32 %kernel_i_2_0_1_promoted_load, i32 %kernel_i_2_1_2_promoted_load, i32 %kernel_i_2_1_0_promoted_load, i32 %kernel_i_2_1_1_promoted_load, i8 %or_ln, i32 %p_loc, i32 %p_loc74, i32 %p_loc75, i32 %p_loc76, i32 %p_loc77, i32 %p_loc78, i32 %p_loc79, i32 %p_loc80, i32 %p_loc81, i32 %p_loc82, i32 %p_loc83, i32 %p_loc84, i32 %p_loc85, i32 %p_loc86, i32 %p_loc87, i32 %p_loc88, i32 %p_loc89, i32 %p_loc90, i32 %p_loc91, i32 %p_loc92, i32 %p_loc93, i32 %p_loc94, i32 %p_loc95, i32 %p_loc96, i32 %p_loc97, i32 %p_loc98, i32 %p_loc99, i32 %p_loc100, i32 %p_loc101, i32 %p_loc102, i32 %p_loc103, i32 %p_loc104, i32 %p_loc105, i32 %p_loc106, i32 %p_loc107, i32 %p_loc108, i32 %conv2_weight" [codes_lab5/HLS_sources_final/templatedFuncs.h:30]   --->   Operation 177 'call' 'call_ln30' <Predicate = true> <Delay = 0.00> <CoreType = "Generic">   --->   Core 0 '' <Latency = 0> <II = 1> <Delay = 1.00> <Generic> <Opcode : >
ST_3 : Operation 178 [1/1] (0.00ns)   --->   "%conv2_bias_addr = getelementptr i32 %conv2_bias, i64 0, i64 %zext_ln144" [codes_lab5/HLS_sources_final/templatedFuncs.h:144]   --->   Operation 178 'getelementptr' 'conv2_bias_addr' <Predicate = true> <Delay = 0.00>
ST_3 : Operation 179 [2/2] (2.32ns)   --->   "%conv2_bias_load = load i2 %conv2_bias_addr" [codes_lab5/HLS_sources_final/templatedFuncs.h:156]   --->   Operation 179 'load' 'conv2_bias_load' <Predicate = true> <Delay = 2.32> <CoreInst = "ROM">   --->   Core 95 'ROM' <Latency = 1> <II = 1> <Delay = 2.32> <Storage> <Opcode : 'load'> <Ports = 0> <Width = 32> <Depth = 4> <ROM>

State 4 <SV = 3> <Delay = 2.32>
ST_4 : Operation 180 [1/1] (0.00ns)   --->   "%tmp_s = bitconcatenate i8 @_ssdm_op_BitConcatenate.i8.i3.i5, i3 %n_f_2, i5 0" [codes_lab5/HLS_sources_final/templatedFuncs.h:30]   --->   Operation 180 'bitconcatenate' 'tmp_s' <Predicate = true> <Delay = 0.00>
ST_4 : Operation 181 [1/1] (0.00ns)   --->   "%zext_ln30 = zext i8 %tmp_s" [codes_lab5/HLS_sources_final/templatedFuncs.h:30]   --->   Operation 181 'zext' 'zext_ln30' <Predicate = true> <Delay = 0.00>
ST_4 : Operation 182 [1/1] (0.00ns)   --->   "%tmp_25 = bitconcatenate i6 @_ssdm_op_BitConcatenate.i6.i3.i3, i3 %n_f_2, i3 0" [codes_lab5/HLS_sources_final/templatedFuncs.h:156]   --->   Operation 182 'bitconcatenate' 'tmp_25' <Predicate = true> <Delay = 0.00>
ST_4 : Operation 183 [1/1] (0.00ns)   --->   "%zext_ln156 = zext i6 %tmp_25" [codes_lab5/HLS_sources_final/templatedFuncs.h:156]   --->   Operation 183 'zext' 'zext_ln156' <Predicate = true> <Delay = 0.00>
ST_4 : Operation 184 [1/1] (1.91ns)   --->   "%sub_ln156 = sub i9 %zext_ln30, i9 %zext_ln156" [codes_lab5/HLS_sources_final/templatedFuncs.h:156]   --->   Operation 184 'sub' 'sub_ln156' <Predicate = true> <Delay = 1.91> <CoreInst = "Adder">   --->   Core 1 'Adder' <Latency = 0> <II = 1> <Delay = 1.82> <FuncUnit> <Opcode : 'add' 'sub'> <InPorts = 2> <OutPorts = 1>
ST_4 : Operation 185 [1/1] (0.00ns)   --->   "%sext_ln144 = sext i9 %sub_ln156" [codes_lab5/HLS_sources_final/templatedFuncs.h:144]   --->   Operation 185 'sext' 'sext_ln144' <Predicate = true> <Delay = 0.00>
ST_4 : Operation 186 [1/1] (0.00ns)   --->   "%specloopname_ln144 = specloopname void @_ssdm_op_SpecLoopName, void @empty_7" [codes_lab5/HLS_sources_final/templatedFuncs.h:144]   --->   Operation 186 'specloopname' 'specloopname_ln144' <Predicate = true> <Delay = 0.00>
ST_4 : Operation 187 [1/1] (0.00ns)   --->   "%p_loc_load = load i32 %p_loc"   --->   Operation 187 'load' 'p_loc_load' <Predicate = true> <Delay = 0.00>
ST_4 : Operation 188 [1/1] (0.00ns)   --->   "%p_loc74_load = load i32 %p_loc74"   --->   Operation 188 'load' 'p_loc74_load' <Predicate = true> <Delay = 0.00>
ST_4 : Operation 189 [1/1] (0.00ns)   --->   "%p_loc75_load = load i32 %p_loc75"   --->   Operation 189 'load' 'p_loc75_load' <Predicate = true> <Delay = 0.00>
ST_4 : Operation 190 [1/1] (0.00ns)   --->   "%p_loc76_load = load i32 %p_loc76"   --->   Operation 190 'load' 'p_loc76_load' <Predicate = true> <Delay = 0.00>
ST_4 : Operation 191 [1/1] (0.00ns)   --->   "%p_loc77_load = load i32 %p_loc77"   --->   Operation 191 'load' 'p_loc77_load' <Predicate = true> <Delay = 0.00>
ST_4 : Operation 192 [1/1] (0.00ns)   --->   "%p_loc78_load = load i32 %p_loc78"   --->   Operation 192 'load' 'p_loc78_load' <Predicate = true> <Delay = 0.00>
ST_4 : Operation 193 [1/1] (0.00ns)   --->   "%p_loc79_load = load i32 %p_loc79"   --->   Operation 193 'load' 'p_loc79_load' <Predicate = true> <Delay = 0.00>
ST_4 : Operation 194 [1/1] (0.00ns)   --->   "%p_loc80_load = load i32 %p_loc80"   --->   Operation 194 'load' 'p_loc80_load' <Predicate = true> <Delay = 0.00>
ST_4 : Operation 195 [1/1] (0.00ns)   --->   "%p_loc81_load = load i32 %p_loc81"   --->   Operation 195 'load' 'p_loc81_load' <Predicate = true> <Delay = 0.00>
ST_4 : Operation 196 [1/1] (0.00ns)   --->   "%p_loc82_load = load i32 %p_loc82"   --->   Operation 196 'load' 'p_loc82_load' <Predicate = true> <Delay = 0.00>
ST_4 : Operation 197 [1/1] (0.00ns)   --->   "%p_loc83_load = load i32 %p_loc83"   --->   Operation 197 'load' 'p_loc83_load' <Predicate = true> <Delay = 0.00>
ST_4 : Operation 198 [1/1] (0.00ns)   --->   "%p_loc84_load = load i32 %p_loc84"   --->   Operation 198 'load' 'p_loc84_load' <Predicate = true> <Delay = 0.00>
ST_4 : Operation 199 [1/1] (0.00ns)   --->   "%p_loc85_load = load i32 %p_loc85"   --->   Operation 199 'load' 'p_loc85_load' <Predicate = true> <Delay = 0.00>
ST_4 : Operation 200 [1/1] (0.00ns)   --->   "%p_loc86_load = load i32 %p_loc86"   --->   Operation 200 'load' 'p_loc86_load' <Predicate = true> <Delay = 0.00>
ST_4 : Operation 201 [1/1] (0.00ns)   --->   "%p_loc87_load = load i32 %p_loc87"   --->   Operation 201 'load' 'p_loc87_load' <Predicate = true> <Delay = 0.00>
ST_4 : Operation 202 [1/1] (0.00ns)   --->   "%p_loc88_load = load i32 %p_loc88"   --->   Operation 202 'load' 'p_loc88_load' <Predicate = true> <Delay = 0.00>
ST_4 : Operation 203 [1/1] (0.00ns)   --->   "%p_loc89_load = load i32 %p_loc89"   --->   Operation 203 'load' 'p_loc89_load' <Predicate = true> <Delay = 0.00>
ST_4 : Operation 204 [1/1] (0.00ns)   --->   "%p_loc90_load = load i32 %p_loc90"   --->   Operation 204 'load' 'p_loc90_load' <Predicate = true> <Delay = 0.00>
ST_4 : Operation 205 [1/1] (0.00ns)   --->   "%p_loc91_load = load i32 %p_loc91"   --->   Operation 205 'load' 'p_loc91_load' <Predicate = true> <Delay = 0.00>
ST_4 : Operation 206 [1/1] (0.00ns)   --->   "%p_loc92_load = load i32 %p_loc92"   --->   Operation 206 'load' 'p_loc92_load' <Predicate = true> <Delay = 0.00>
ST_4 : Operation 207 [1/1] (0.00ns)   --->   "%p_loc93_load = load i32 %p_loc93"   --->   Operation 207 'load' 'p_loc93_load' <Predicate = true> <Delay = 0.00>
ST_4 : Operation 208 [1/1] (0.00ns)   --->   "%p_loc94_load = load i32 %p_loc94"   --->   Operation 208 'load' 'p_loc94_load' <Predicate = true> <Delay = 0.00>
ST_4 : Operation 209 [1/1] (0.00ns)   --->   "%p_loc95_load = load i32 %p_loc95"   --->   Operation 209 'load' 'p_loc95_load' <Predicate = true> <Delay = 0.00>
ST_4 : Operation 210 [1/1] (0.00ns)   --->   "%p_loc96_load = load i32 %p_loc96"   --->   Operation 210 'load' 'p_loc96_load' <Predicate = true> <Delay = 0.00>
ST_4 : Operation 211 [1/1] (0.00ns)   --->   "%p_loc97_load = load i32 %p_loc97"   --->   Operation 211 'load' 'p_loc97_load' <Predicate = true> <Delay = 0.00>
ST_4 : Operation 212 [1/1] (0.00ns)   --->   "%p_loc98_load = load i32 %p_loc98"   --->   Operation 212 'load' 'p_loc98_load' <Predicate = true> <Delay = 0.00>
ST_4 : Operation 213 [1/1] (0.00ns)   --->   "%p_loc99_load = load i32 %p_loc99"   --->   Operation 213 'load' 'p_loc99_load' <Predicate = true> <Delay = 0.00>
ST_4 : Operation 214 [1/1] (0.00ns)   --->   "%p_loc100_load = load i32 %p_loc100"   --->   Operation 214 'load' 'p_loc100_load' <Predicate = true> <Delay = 0.00>
ST_4 : Operation 215 [1/1] (0.00ns)   --->   "%p_loc101_load = load i32 %p_loc101"   --->   Operation 215 'load' 'p_loc101_load' <Predicate = true> <Delay = 0.00>
ST_4 : Operation 216 [1/1] (0.00ns)   --->   "%p_loc102_load = load i32 %p_loc102"   --->   Operation 216 'load' 'p_loc102_load' <Predicate = true> <Delay = 0.00>
ST_4 : Operation 217 [1/1] (0.00ns)   --->   "%p_loc103_load = load i32 %p_loc103"   --->   Operation 217 'load' 'p_loc103_load' <Predicate = true> <Delay = 0.00>
ST_4 : Operation 218 [1/1] (0.00ns)   --->   "%p_loc104_load = load i32 %p_loc104"   --->   Operation 218 'load' 'p_loc104_load' <Predicate = true> <Delay = 0.00>
ST_4 : Operation 219 [1/1] (0.00ns)   --->   "%p_loc105_load = load i32 %p_loc105"   --->   Operation 219 'load' 'p_loc105_load' <Predicate = true> <Delay = 0.00>
ST_4 : Operation 220 [1/1] (0.00ns)   --->   "%p_loc106_load = load i32 %p_loc106"   --->   Operation 220 'load' 'p_loc106_load' <Predicate = true> <Delay = 0.00>
ST_4 : Operation 221 [1/1] (0.00ns)   --->   "%p_loc107_load = load i32 %p_loc107"   --->   Operation 221 'load' 'p_loc107_load' <Predicate = true> <Delay = 0.00>
ST_4 : Operation 222 [1/1] (0.00ns)   --->   "%p_loc108_load = load i32 %p_loc108"   --->   Operation 222 'load' 'p_loc108_load' <Predicate = true> <Delay = 0.00>
ST_4 : Operation 223 [1/2] (2.32ns)   --->   "%conv2_bias_load = load i2 %conv2_bias_addr" [codes_lab5/HLS_sources_final/templatedFuncs.h:156]   --->   Operation 223 'load' 'conv2_bias_load' <Predicate = true> <Delay = 2.32> <CoreInst = "ROM">   --->   Core 95 'ROM' <Latency = 1> <II = 1> <Delay = 2.32> <Storage> <Opcode : 'load'> <Ports = 0> <Width = 32> <Depth = 4> <ROM>
ST_4 : Operation 224 [1/1] (1.58ns)   --->   "%br_ln148 = br void %for.body13.i" [codes_lab5/HLS_sources_final/templatedFuncs.h:148]   --->   Operation 224 'br' 'br_ln148' <Predicate = true> <Delay = 1.58>

State 5 <SV = 4> <Delay = 6.53>
ST_5 : Operation 225 [1/1] (0.00ns)   --->   "%indvar_flatten189 = phi i12 0, void %inCh.i.split, i12 %add_ln148_2, void %for.inc.i" [codes_lab5/HLS_sources_final/templatedFuncs.h:148]   --->   Operation 225 'phi' 'indvar_flatten189' <Predicate = true> <Delay = 0.00>
ST_5 : Operation 226 [1/1] (0.00ns)   --->   "%kch = phi i3 0, void %inCh.i.split, i3 %select_ln148_4, void %for.inc.i" [codes_lab5/HLS_sources_final/templatedFuncs.h:148]   --->   Operation 226 'phi' 'kch' <Predicate = true> <Delay = 0.00>
ST_5 : Operation 227 [1/1] (0.00ns)   --->   "%indvar_flatten157 = phi i10 0, void %inCh.i.split, i10 %select_ln150_4, void %for.inc.i" [codes_lab5/HLS_sources_final/templatedFuncs.h:150]   --->   Operation 227 'phi' 'indvar_flatten157' <Predicate = true> <Delay = 0.00>
ST_5 : Operation 228 [1/1] (0.00ns)   --->   "%oh = phi i5 0, void %inCh.i.split, i5 %select_ln150_3, void %for.inc.i" [codes_lab5/HLS_sources_final/templatedFuncs.h:150]   --->   Operation 228 'phi' 'oh' <Predicate = true> <Delay = 0.00>
ST_5 : Operation 229 [1/1] (0.00ns)   --->   "%ow = phi i5 0, void %inCh.i.split, i5 %add_ln152, void %for.inc.i" [codes_lab5/HLS_sources_final/templatedFuncs.h:152]   --->   Operation 229 'phi' 'ow' <Predicate = true> <Delay = 0.00>
ST_5 : Operation 230 [1/1] (1.99ns)   --->   "%icmp_ln148 = icmp_eq  i12 %indvar_flatten189, i12 2304" [codes_lab5/HLS_sources_final/templatedFuncs.h:148]   --->   Operation 230 'icmp' 'icmp_ln148' <Predicate = true> <Delay = 1.99> <CoreInst = "Cmp">   --->   Core 9 'Cmp' <Latency = 0> <II = 1> <Delay = 1.99> <FuncUnit> <Opcode : 'icmp'> <InPorts = 2> <OutPorts = 1>
ST_5 : Operation 231 [1/1] (1.54ns)   --->   "%add_ln148_2 = add i12 %indvar_flatten189, i12 1" [codes_lab5/HLS_sources_final/templatedFuncs.h:148]   --->   Operation 231 'add' 'add_ln148_2' <Predicate = true> <Delay = 1.54> <CoreInst = "Adder">   --->   Core 1 'Adder' <Latency = 0> <II = 1> <Delay = 1.54> <FuncUnit> <Opcode : 'add' 'sub'> <InPorts = 2> <OutPorts = 1>
ST_5 : Operation 232 [1/1] (0.00ns)   --->   "%br_ln148 = br i1 %icmp_ln148, void %for.inc45.i, void %for.inc48.i" [codes_lab5/HLS_sources_final/templatedFuncs.h:148]   --->   Operation 232 'br' 'br_ln148' <Predicate = true> <Delay = 0.00>
ST_5 : Operation 233 [1/1] (1.65ns)   --->   "%add_ln148 = add i3 %kch, i3 1" [codes_lab5/HLS_sources_final/templatedFuncs.h:148]   --->   Operation 233 'add' 'add_ln148' <Predicate = (!icmp_ln148)> <Delay = 1.65> <CoreInst = "Adder">   --->   Core 1 'Adder' <Latency = 0> <II = 1> <Delay = 1.65> <FuncUnit> <Opcode : 'add' 'sub'> <InPorts = 2> <OutPorts = 1>
ST_5 : Operation 234 [1/1] (1.77ns)   --->   "%icmp_ln150 = icmp_eq  i10 %indvar_flatten157, i10 576" [codes_lab5/HLS_sources_final/templatedFuncs.h:150]   --->   Operation 234 'icmp' 'icmp_ln150' <Predicate = (!icmp_ln148)> <Delay = 1.77> <CoreInst = "Cmp">   --->   Core 9 'Cmp' <Latency = 0> <II = 1> <Delay = 1.77> <FuncUnit> <Opcode : 'icmp'> <InPorts = 2> <OutPorts = 1>
ST_5 : Operation 235 [1/1] (1.21ns)   --->   "%select_ln148 = select i1 %icmp_ln150, i5 0, i5 %oh" [codes_lab5/HLS_sources_final/templatedFuncs.h:148]   --->   Operation 235 'select' 'select_ln148' <Predicate = (!icmp_ln148)> <Delay = 1.21> <CoreInst = "Sel">   --->   Core 73 'Sel' <Latency = 0> <II = 1> <Delay = 1.21> <FuncUnit> <Opcode : 'select'> <InPorts = 3> <OutPorts = 1>
ST_5 : Operation 236 [1/1] (0.98ns)   --->   "%select_ln148_4 = select i1 %icmp_ln150, i3 %add_ln148, i3 %kch" [codes_lab5/HLS_sources_final/templatedFuncs.h:148]   --->   Operation 236 'select' 'select_ln148_4' <Predicate = (!icmp_ln148)> <Delay = 0.98> <CoreInst = "Sel">   --->   Core 73 'Sel' <Latency = 0> <II = 1> <Delay = 0.98> <FuncUnit> <Opcode : 'select'> <InPorts = 3> <OutPorts = 1>
ST_5 : Operation 237 [1/1] (0.00ns)   --->   "%zext_ln52 = zext i3 %select_ln148_4" [codes_lab5/HLS_sources_final/templatedFuncs.h:52]   --->   Operation 237 'zext' 'zext_ln52' <Predicate = (!icmp_ln148)> <Delay = 0.00>
ST_5 : Operation 238 [1/1] (3.78ns)   --->   "%mul_ln52 = mul i8 %zext_ln52, i8 26" [codes_lab5/HLS_sources_final/templatedFuncs.h:52]   --->   Operation 238 'mul' 'mul_ln52' <Predicate = (!icmp_ln148)> <Delay = 3.78> <CoreInst = "Multiplier">   --->   Core 3 'Multiplier' <Latency = 0> <II = 1> <Delay = 3.78> <FuncUnit> <Opcode : 'mul'> <InPorts = 2> <OutPorts = 1>
ST_5 : Operation 239 [1/1] (1.13ns)   --->   "%cmp15_i_mid1 = icmp_eq  i3 %add_ln148, i3 0" [codes_lab5/HLS_sources_final/templatedFuncs.h:148]   --->   Operation 239 'icmp' 'cmp15_i_mid1' <Predicate = (!icmp_ln148)> <Delay = 1.13> <CoreInst = "Cmp">   --->   Core 9 'Cmp' <Latency = 0> <II = 1> <Delay = 1.13> <FuncUnit> <Opcode : 'icmp'> <InPorts = 2> <OutPorts = 1>
ST_5 : Operation 240 [1/1] (1.13ns)   --->   "%cmp15_i63 = icmp_eq  i3 %kch, i3 0" [codes_lab5/HLS_sources_final/templatedFuncs.h:148]   --->   Operation 240 'icmp' 'cmp15_i63' <Predicate = (!icmp_ln148)> <Delay = 1.13> <CoreInst = "Cmp">   --->   Core 9 'Cmp' <Latency = 0> <II = 1> <Delay = 1.13> <FuncUnit> <Opcode : 'icmp'> <InPorts = 2> <OutPorts = 1>
ST_5 : Operation 241 [1/1] (1.13ns)   --->   "%cmp28_i_mid1 = icmp_eq  i3 %add_ln148, i3 3" [codes_lab5/HLS_sources_final/templatedFuncs.h:148]   --->   Operation 241 'icmp' 'cmp28_i_mid1' <Predicate = (!icmp_ln148)> <Delay = 1.13> <CoreInst = "Cmp">   --->   Core 9 'Cmp' <Latency = 0> <II = 1> <Delay = 1.13> <FuncUnit> <Opcode : 'icmp'> <InPorts = 2> <OutPorts = 1>
ST_5 : Operation 242 [1/1] (1.13ns)   --->   "%cmp28_i62 = icmp_eq  i3 %kch, i3 3" [codes_lab5/HLS_sources_final/templatedFuncs.h:148]   --->   Operation 242 'icmp' 'cmp28_i62' <Predicate = (!icmp_ln148)> <Delay = 1.13> <CoreInst = "Cmp">   --->   Core 9 'Cmp' <Latency = 0> <II = 1> <Delay = 1.13> <FuncUnit> <Opcode : 'icmp'> <InPorts = 2> <OutPorts = 1>
ST_5 : Operation 243 [1/1] (0.99ns)   --->   "%select_ln148_6 = select i1 %icmp_ln150, i1 %cmp28_i_mid1, i1 %cmp28_i62" [codes_lab5/HLS_sources_final/templatedFuncs.h:148]   --->   Operation 243 'select' 'select_ln148_6' <Predicate = (!icmp_ln148)> <Delay = 0.99> <CoreInst = "Sel">   --->   Core 73 'Sel' <Latency = 0> <II = 1> <Delay = 0.99> <FuncUnit> <Opcode : 'select'> <InPorts = 3> <OutPorts = 1>
ST_5 : Operation 244 [1/1] (0.00ns)   --->   "%trunc_ln148 = trunc i3 %select_ln148_4" [codes_lab5/HLS_sources_final/templatedFuncs.h:148]   --->   Operation 244 'trunc' 'trunc_ln148' <Predicate = (!icmp_ln148)> <Delay = 0.00>
ST_5 : Operation 245 [1/1] (0.00ns) (grouped into LUT with out node and_ln148)   --->   "%xor_ln148 = xor i1 %icmp_ln150, i1 1" [codes_lab5/HLS_sources_final/templatedFuncs.h:148]   --->   Operation 245 'xor' 'xor_ln148' <Predicate = (!icmp_ln148)> <Delay = 0.00> <CoreInst = "LogicGate">   --->   Core 74 'LogicGate' <Latency = 0> <II = 1> <Delay = 0.97> <FuncUnit> <Opcode : 'and' 'or' 'xor'> <InPorts = 2> <OutPorts = 1>
ST_5 : Operation 246 [1/1] (1.36ns)   --->   "%icmp_ln152 = icmp_eq  i5 %ow, i5 24" [codes_lab5/HLS_sources_final/templatedFuncs.h:152]   --->   Operation 246 'icmp' 'icmp_ln152' <Predicate = (!icmp_ln148)> <Delay = 1.36> <CoreInst = "Cmp">   --->   Core 9 'Cmp' <Latency = 0> <II = 1> <Delay = 1.36> <FuncUnit> <Opcode : 'icmp'> <InPorts = 2> <OutPorts = 1>
ST_5 : Operation 247 [1/1] (0.97ns) (out node of the LUT)   --->   "%and_ln148 = and i1 %icmp_ln152, i1 %xor_ln148" [codes_lab5/HLS_sources_final/templatedFuncs.h:148]   --->   Operation 247 'and' 'and_ln148' <Predicate = (!icmp_ln148)> <Delay = 0.97> <CoreInst = "LogicGate">   --->   Core 74 'LogicGate' <Latency = 0> <II = 1> <Delay = 0.97> <FuncUnit> <Opcode : 'and' 'or' 'xor'> <InPorts = 2> <OutPorts = 1>
ST_5 : Operation 248 [1/1] (1.78ns)   --->   "%add_ln150 = add i5 %select_ln148, i5 1" [codes_lab5/HLS_sources_final/templatedFuncs.h:150]   --->   Operation 248 'add' 'add_ln150' <Predicate = (!icmp_ln148)> <Delay = 1.78> <CoreInst = "Adder">   --->   Core 1 'Adder' <Latency = 0> <II = 1> <Delay = 1.78> <FuncUnit> <Opcode : 'add' 'sub'> <InPorts = 2> <OutPorts = 1>
ST_5 : Operation 249 [1/1] (1.21ns)   --->   "%select_ln150_3 = select i1 %and_ln148, i5 %add_ln150, i5 %select_ln148" [codes_lab5/HLS_sources_final/templatedFuncs.h:150]   --->   Operation 249 'select' 'select_ln150_3' <Predicate = (!icmp_ln148)> <Delay = 1.21> <CoreInst = "Sel">   --->   Core 73 'Sel' <Latency = 0> <II = 1> <Delay = 1.21> <FuncUnit> <Opcode : 'select'> <InPorts = 3> <OutPorts = 1>
ST_5 : Operation 250 [1/1] (0.00ns)   --->   "%store_ln144 = store i32 %p_loc_load, i32 %kernel_i_3_2_2_promoted" [codes_lab5/HLS_sources_final/templatedFuncs.h:144]   --->   Operation 250 'store' 'store_ln144' <Predicate = (icmp_ln148)> <Delay = 0.00>
ST_5 : Operation 251 [1/1] (0.00ns)   --->   "%store_ln144 = store i32 %p_loc74_load, i32 %kernel_i_3_2_0_promoted" [codes_lab5/HLS_sources_final/templatedFuncs.h:144]   --->   Operation 251 'store' 'store_ln144' <Predicate = (icmp_ln148)> <Delay = 0.00>
ST_5 : Operation 252 [1/1] (0.00ns)   --->   "%store_ln144 = store i32 %p_loc75_load, i32 %kernel_i_3_2_1_promoted" [codes_lab5/HLS_sources_final/templatedFuncs.h:144]   --->   Operation 252 'store' 'store_ln144' <Predicate = (icmp_ln148)> <Delay = 0.00>
ST_5 : Operation 253 [1/1] (0.00ns)   --->   "%store_ln144 = store i32 %p_loc76_load, i32 %kernel_i_3_0_2_promoted" [codes_lab5/HLS_sources_final/templatedFuncs.h:144]   --->   Operation 253 'store' 'store_ln144' <Predicate = (icmp_ln148)> <Delay = 0.00>
ST_5 : Operation 254 [1/1] (0.00ns)   --->   "%store_ln144 = store i32 %p_loc77_load, i32 %kernel_i_3_0_0_promoted" [codes_lab5/HLS_sources_final/templatedFuncs.h:144]   --->   Operation 254 'store' 'store_ln144' <Predicate = (icmp_ln148)> <Delay = 0.00>
ST_5 : Operation 255 [1/1] (0.00ns)   --->   "%store_ln144 = store i32 %p_loc78_load, i32 %kernel_i_3_0_1_promoted" [codes_lab5/HLS_sources_final/templatedFuncs.h:144]   --->   Operation 255 'store' 'store_ln144' <Predicate = (icmp_ln148)> <Delay = 0.00>
ST_5 : Operation 256 [1/1] (0.00ns)   --->   "%store_ln144 = store i32 %p_loc79_load, i32 %kernel_i_3_1_2_promoted" [codes_lab5/HLS_sources_final/templatedFuncs.h:144]   --->   Operation 256 'store' 'store_ln144' <Predicate = (icmp_ln148)> <Delay = 0.00>
ST_5 : Operation 257 [1/1] (0.00ns)   --->   "%store_ln144 = store i32 %p_loc80_load, i32 %kernel_i_3_1_0_promoted" [codes_lab5/HLS_sources_final/templatedFuncs.h:144]   --->   Operation 257 'store' 'store_ln144' <Predicate = (icmp_ln148)> <Delay = 0.00>
ST_5 : Operation 258 [1/1] (0.00ns)   --->   "%store_ln144 = store i32 %p_loc81_load, i32 %kernel_i_3_1_1_promoted" [codes_lab5/HLS_sources_final/templatedFuncs.h:144]   --->   Operation 258 'store' 'store_ln144' <Predicate = (icmp_ln148)> <Delay = 0.00>
ST_5 : Operation 259 [1/1] (0.00ns)   --->   "%store_ln144 = store i32 %p_loc82_load, i32 %kernel_i_0_2_2_promoted" [codes_lab5/HLS_sources_final/templatedFuncs.h:144]   --->   Operation 259 'store' 'store_ln144' <Predicate = (icmp_ln148)> <Delay = 0.00>
ST_5 : Operation 260 [1/1] (0.00ns)   --->   "%store_ln144 = store i32 %p_loc83_load, i32 %kernel_i_0_2_0_promoted" [codes_lab5/HLS_sources_final/templatedFuncs.h:144]   --->   Operation 260 'store' 'store_ln144' <Predicate = (icmp_ln148)> <Delay = 0.00>
ST_5 : Operation 261 [1/1] (0.00ns)   --->   "%store_ln144 = store i32 %p_loc84_load, i32 %kernel_i_0_2_1_promoted" [codes_lab5/HLS_sources_final/templatedFuncs.h:144]   --->   Operation 261 'store' 'store_ln144' <Predicate = (icmp_ln148)> <Delay = 0.00>
ST_5 : Operation 262 [1/1] (0.00ns)   --->   "%store_ln144 = store i32 %p_loc85_load, i32 %kernel_i_0_0_2_promoted" [codes_lab5/HLS_sources_final/templatedFuncs.h:144]   --->   Operation 262 'store' 'store_ln144' <Predicate = (icmp_ln148)> <Delay = 0.00>
ST_5 : Operation 263 [1/1] (0.00ns)   --->   "%store_ln144 = store i32 %p_loc86_load, i32 %kernel_i_0_0_0_promoted" [codes_lab5/HLS_sources_final/templatedFuncs.h:144]   --->   Operation 263 'store' 'store_ln144' <Predicate = (icmp_ln148)> <Delay = 0.00>
ST_5 : Operation 264 [1/1] (0.00ns)   --->   "%store_ln144 = store i32 %p_loc87_load, i32 %kernel_i_0_0_1_promoted" [codes_lab5/HLS_sources_final/templatedFuncs.h:144]   --->   Operation 264 'store' 'store_ln144' <Predicate = (icmp_ln148)> <Delay = 0.00>
ST_5 : Operation 265 [1/1] (0.00ns)   --->   "%store_ln144 = store i32 %p_loc88_load, i32 %kernel_i_0_1_2_promoted" [codes_lab5/HLS_sources_final/templatedFuncs.h:144]   --->   Operation 265 'store' 'store_ln144' <Predicate = (icmp_ln148)> <Delay = 0.00>
ST_5 : Operation 266 [1/1] (0.00ns)   --->   "%store_ln144 = store i32 %p_loc89_load, i32 %kernel_i_0_1_0_promoted" [codes_lab5/HLS_sources_final/templatedFuncs.h:144]   --->   Operation 266 'store' 'store_ln144' <Predicate = (icmp_ln148)> <Delay = 0.00>
ST_5 : Operation 267 [1/1] (0.00ns)   --->   "%store_ln144 = store i32 %p_loc90_load, i32 %kernel_i_0_1_1_promoted" [codes_lab5/HLS_sources_final/templatedFuncs.h:144]   --->   Operation 267 'store' 'store_ln144' <Predicate = (icmp_ln148)> <Delay = 0.00>
ST_5 : Operation 268 [1/1] (0.00ns)   --->   "%store_ln144 = store i32 %p_loc91_load, i32 %kernel_i_1_2_2_promoted" [codes_lab5/HLS_sources_final/templatedFuncs.h:144]   --->   Operation 268 'store' 'store_ln144' <Predicate = (icmp_ln148)> <Delay = 0.00>
ST_5 : Operation 269 [1/1] (0.00ns)   --->   "%store_ln144 = store i32 %p_loc92_load, i32 %kernel_i_1_2_0_promoted" [codes_lab5/HLS_sources_final/templatedFuncs.h:144]   --->   Operation 269 'store' 'store_ln144' <Predicate = (icmp_ln148)> <Delay = 0.00>
ST_5 : Operation 270 [1/1] (0.00ns)   --->   "%store_ln144 = store i32 %p_loc93_load, i32 %kernel_i_1_2_1_promoted" [codes_lab5/HLS_sources_final/templatedFuncs.h:144]   --->   Operation 270 'store' 'store_ln144' <Predicate = (icmp_ln148)> <Delay = 0.00>
ST_5 : Operation 271 [1/1] (0.00ns)   --->   "%store_ln144 = store i32 %p_loc94_load, i32 %kernel_i_1_0_2_promoted" [codes_lab5/HLS_sources_final/templatedFuncs.h:144]   --->   Operation 271 'store' 'store_ln144' <Predicate = (icmp_ln148)> <Delay = 0.00>
ST_5 : Operation 272 [1/1] (0.00ns)   --->   "%store_ln144 = store i32 %p_loc95_load, i32 %kernel_i_1_0_0_promoted" [codes_lab5/HLS_sources_final/templatedFuncs.h:144]   --->   Operation 272 'store' 'store_ln144' <Predicate = (icmp_ln148)> <Delay = 0.00>
ST_5 : Operation 273 [1/1] (0.00ns)   --->   "%store_ln144 = store i32 %p_loc96_load, i32 %kernel_i_1_0_1_promoted" [codes_lab5/HLS_sources_final/templatedFuncs.h:144]   --->   Operation 273 'store' 'store_ln144' <Predicate = (icmp_ln148)> <Delay = 0.00>
ST_5 : Operation 274 [1/1] (0.00ns)   --->   "%store_ln144 = store i32 %p_loc97_load, i32 %kernel_i_1_1_2_promoted" [codes_lab5/HLS_sources_final/templatedFuncs.h:144]   --->   Operation 274 'store' 'store_ln144' <Predicate = (icmp_ln148)> <Delay = 0.00>
ST_5 : Operation 275 [1/1] (0.00ns)   --->   "%store_ln144 = store i32 %p_loc98_load, i32 %kernel_i_1_1_0_promoted" [codes_lab5/HLS_sources_final/templatedFuncs.h:144]   --->   Operation 275 'store' 'store_ln144' <Predicate = (icmp_ln148)> <Delay = 0.00>
ST_5 : Operation 276 [1/1] (0.00ns)   --->   "%store_ln144 = store i32 %p_loc99_load, i32 %kernel_i_1_1_1_promoted" [codes_lab5/HLS_sources_final/templatedFuncs.h:144]   --->   Operation 276 'store' 'store_ln144' <Predicate = (icmp_ln148)> <Delay = 0.00>
ST_5 : Operation 277 [1/1] (0.00ns)   --->   "%store_ln144 = store i32 %p_loc100_load, i32 %kernel_i_2_2_2_promoted" [codes_lab5/HLS_sources_final/templatedFuncs.h:144]   --->   Operation 277 'store' 'store_ln144' <Predicate = (icmp_ln148)> <Delay = 0.00>
ST_5 : Operation 278 [1/1] (0.00ns)   --->   "%store_ln144 = store i32 %p_loc101_load, i32 %kernel_i_2_2_0_promoted" [codes_lab5/HLS_sources_final/templatedFuncs.h:144]   --->   Operation 278 'store' 'store_ln144' <Predicate = (icmp_ln148)> <Delay = 0.00>
ST_5 : Operation 279 [1/1] (0.00ns)   --->   "%store_ln144 = store i32 %p_loc102_load, i32 %kernel_i_2_2_1_promoted" [codes_lab5/HLS_sources_final/templatedFuncs.h:144]   --->   Operation 279 'store' 'store_ln144' <Predicate = (icmp_ln148)> <Delay = 0.00>
ST_5 : Operation 280 [1/1] (0.00ns)   --->   "%store_ln144 = store i32 %p_loc103_load, i32 %kernel_i_2_0_2_promoted" [codes_lab5/HLS_sources_final/templatedFuncs.h:144]   --->   Operation 280 'store' 'store_ln144' <Predicate = (icmp_ln148)> <Delay = 0.00>
ST_5 : Operation 281 [1/1] (0.00ns)   --->   "%store_ln144 = store i32 %p_loc104_load, i32 %kernel_i_2_0_0_promoted" [codes_lab5/HLS_sources_final/templatedFuncs.h:144]   --->   Operation 281 'store' 'store_ln144' <Predicate = (icmp_ln148)> <Delay = 0.00>
ST_5 : Operation 282 [1/1] (0.00ns)   --->   "%store_ln144 = store i32 %p_loc105_load, i32 %kernel_i_2_0_1_promoted" [codes_lab5/HLS_sources_final/templatedFuncs.h:144]   --->   Operation 282 'store' 'store_ln144' <Predicate = (icmp_ln148)> <Delay = 0.00>
ST_5 : Operation 283 [1/1] (0.00ns)   --->   "%store_ln144 = store i32 %p_loc106_load, i32 %kernel_i_2_1_2_promoted" [codes_lab5/HLS_sources_final/templatedFuncs.h:144]   --->   Operation 283 'store' 'store_ln144' <Predicate = (icmp_ln148)> <Delay = 0.00>
ST_5 : Operation 284 [1/1] (0.00ns)   --->   "%store_ln144 = store i32 %p_loc107_load, i32 %kernel_i_2_1_0_promoted" [codes_lab5/HLS_sources_final/templatedFuncs.h:144]   --->   Operation 284 'store' 'store_ln144' <Predicate = (icmp_ln148)> <Delay = 0.00>
ST_5 : Operation 285 [1/1] (0.00ns)   --->   "%store_ln144 = store i32 %p_loc108_load, i32 %kernel_i_2_1_1_promoted" [codes_lab5/HLS_sources_final/templatedFuncs.h:144]   --->   Operation 285 'store' 'store_ln144' <Predicate = (icmp_ln148)> <Delay = 0.00>
ST_5 : Operation 286 [1/1] (1.58ns)   --->   "%store_ln144 = store i3 %add_ln144, i3 %n_f" [codes_lab5/HLS_sources_final/templatedFuncs.h:144]   --->   Operation 286 'store' 'store_ln144' <Predicate = (icmp_ln148)> <Delay = 1.58>
ST_5 : Operation 287 [1/1] (0.00ns)   --->   "%br_ln144 = br void %inCh.i" [codes_lab5/HLS_sources_final/templatedFuncs.h:144]   --->   Operation 287 'br' 'br_ln144' <Predicate = (icmp_ln148)> <Delay = 0.00>

State 6 <SV = 5> <Delay = 5.69>
ST_6 : Operation 288 [1/1] (0.00ns)   --->   "%window_i_1_1_promoted154211_load = load i32 %window_i_1_1_promoted154211"   --->   Operation 288 'load' 'window_i_1_1_promoted154211_load' <Predicate = true> <Delay = 0.00>
ST_6 : Operation 289 [1/1] (0.00ns)   --->   "%window_i_1_0_promoted156215_load = load i32 %window_i_1_0_promoted156215"   --->   Operation 289 'load' 'window_i_1_0_promoted156215_load' <Predicate = true> <Delay = 0.00>
ST_6 : Operation 290 [1/1] (0.00ns)   --->   "%window_i_1_2_promoted158219_load = load i32 %window_i_1_2_promoted158219"   --->   Operation 290 'load' 'window_i_1_2_promoted158219_load' <Predicate = true> <Delay = 0.00>
ST_6 : Operation 291 [1/1] (0.00ns)   --->   "%window_i_0_1_promoted160223_load = load i32 %window_i_0_1_promoted160223"   --->   Operation 291 'load' 'window_i_0_1_promoted160223_load' <Predicate = true> <Delay = 0.00>
ST_6 : Operation 292 [1/1] (0.00ns)   --->   "%window_i_0_0_promoted162227_load = load i32 %window_i_0_0_promoted162227"   --->   Operation 292 'load' 'window_i_0_0_promoted162227_load' <Predicate = true> <Delay = 0.00>
ST_6 : Operation 293 [1/1] (0.00ns)   --->   "%window_i_0_2_promoted164231_load = load i32 %window_i_0_2_promoted164231"   --->   Operation 293 'load' 'window_i_0_2_promoted164231_load' <Predicate = true> <Delay = 0.00>
ST_6 : Operation 294 [1/1] (0.00ns)   --->   "%window_i_2_1_promoted166235_load = load i32 %window_i_2_1_promoted166235"   --->   Operation 294 'load' 'window_i_2_1_promoted166235_load' <Predicate = true> <Delay = 0.00>
ST_6 : Operation 295 [1/1] (0.00ns)   --->   "%window_i_2_0_promoted168239_load = load i32 %window_i_2_0_promoted168239"   --->   Operation 295 'load' 'window_i_2_0_promoted168239_load' <Predicate = true> <Delay = 0.00>
ST_6 : Operation 296 [1/1] (0.00ns)   --->   "%window_i_2_2_promoted170243_load = load i32 %window_i_2_2_promoted170243"   --->   Operation 296 'load' 'window_i_2_2_promoted170243_load' <Predicate = true> <Delay = 0.00>
ST_6 : Operation 297 [1/1] (0.00ns) (grouped into LUT with out node select_ln150)   --->   "%or_ln150 = or i1 %and_ln148, i1 %icmp_ln150" [codes_lab5/HLS_sources_final/templatedFuncs.h:150]   --->   Operation 297 'or' 'or_ln150' <Predicate = true> <Delay = 0.00> <CoreInst = "LogicGate">   --->   Core 74 'LogicGate' <Latency = 0> <II = 1> <Delay = 0.97> <FuncUnit> <Opcode : 'and' 'or' 'xor'> <InPorts = 2> <OutPorts = 1>
ST_6 : Operation 298 [1/1] (1.21ns) (out node of the LUT)   --->   "%select_ln150 = select i1 %or_ln150, i5 0, i5 %ow" [codes_lab5/HLS_sources_final/templatedFuncs.h:150]   --->   Operation 298 'select' 'select_ln150' <Predicate = true> <Delay = 1.21> <CoreInst = "Sel">   --->   Core 73 'Sel' <Latency = 0> <II = 1> <Delay = 1.21> <FuncUnit> <Opcode : 'select'> <InPorts = 3> <OutPorts = 1>
ST_6 : Operation 299 [1/1] (0.00ns)   --->   "%zext_ln156_6 = zext i5 %select_ln150_3" [codes_lab5/HLS_sources_final/templatedFuncs.h:156]   --->   Operation 299 'zext' 'zext_ln156_6' <Predicate = true> <Delay = 0.00>
ST_6 : Operation 300 [1/1] (1.82ns)   --->   "%add_ln156 = add i10 %sext_ln144, i10 %zext_ln156_6" [codes_lab5/HLS_sources_final/templatedFuncs.h:156]   --->   Operation 300 'add' 'add_ln156' <Predicate = true> <Delay = 1.82> <CoreInst = "Adder">   --->   Core 1 'Adder' <Latency = 0> <II = 1> <Delay = 1.73> <FuncUnit> <Opcode : 'add' 'sub'> <InPorts = 2> <OutPorts = 1>
ST_6 : Operation 301 [1/1] (0.00ns)   --->   "%trunc_ln156 = trunc i10 %add_ln156" [codes_lab5/HLS_sources_final/templatedFuncs.h:156]   --->   Operation 301 'trunc' 'trunc_ln156' <Predicate = true> <Delay = 0.00>
ST_6 : Operation 302 [1/1] (0.00ns)   --->   "%p_shl4 = bitconcatenate i11 @_ssdm_op_BitConcatenate.i11.i7.i4, i7 %trunc_ln156, i4 0" [codes_lab5/HLS_sources_final/templatedFuncs.h:156]   --->   Operation 302 'bitconcatenate' 'p_shl4' <Predicate = true> <Delay = 0.00>
ST_6 : Operation 303 [1/1] (0.00ns)   --->   "%trunc_ln156_1 = trunc i10 %add_ln156" [codes_lab5/HLS_sources_final/templatedFuncs.h:156]   --->   Operation 303 'trunc' 'trunc_ln156_1' <Predicate = true> <Delay = 0.00>
ST_6 : Operation 304 [1/1] (0.00ns)   --->   "%p_shl5 = bitconcatenate i11 @_ssdm_op_BitConcatenate.i11.i9.i2, i9 %trunc_ln156_1, i2 0" [codes_lab5/HLS_sources_final/templatedFuncs.h:156]   --->   Operation 304 'bitconcatenate' 'p_shl5' <Predicate = true> <Delay = 0.00>
ST_6 : Operation 305 [1/1] (0.00ns) (grouped into TernaryAdder)   --->   "%sub_ln156_1 = sub i11 %p_shl4, i11 %p_shl5" [codes_lab5/HLS_sources_final/templatedFuncs.h:156]   --->   Operation 305 'sub' 'sub_ln156_1' <Predicate = true> <Delay = 0.00> <CoreInst = "TAddSub">   --->   Core 10 'TAddSub' <Latency = 0> <II = 1> <Delay = 1.87> <IPBlock> <Opcode : 'add' 'sub'> <InPorts = 3> <OutPorts = 1> <Sync> <CReg>
ST_6 : Operation 306 [1/1] (0.00ns)   --->   "%trunc_ln152 = trunc i5 %select_ln150" [codes_lab5/HLS_sources_final/templatedFuncs.h:152]   --->   Operation 306 'trunc' 'trunc_ln152' <Predicate = true> <Delay = 0.00>
ST_6 : Operation 307 [2/2] (4.48ns)   --->   "%call_ln150 = call void @conv2_Pipeline_loadWin1_VITIS_LOOP_50_1, i32 %window_i_2_2_promoted170243_load, i32 %window_i_2_0_promoted168239_load, i32 %window_i_2_1_promoted166235_load, i32 %window_i_0_2_promoted164231_load, i32 %window_i_0_0_promoted162227_load, i32 %window_i_0_1_promoted160223_load, i32 %window_i_1_2_promoted158219_load, i32 %window_i_1_0_promoted156215_load, i32 %window_i_1_1_promoted154211_load, i5 %select_ln150_3, i8 %mul_ln52, i5 %select_ln150, i32 %mem_2, i32 %p_loc145, i32 %p_loc146, i32 %p_loc147, i32 %p_loc148, i32 %p_loc149, i32 %p_loc150, i32 %p_loc151, i32 %p_loc152, i32 %p_loc153" [codes_lab5/HLS_sources_final/templatedFuncs.h:150]   --->   Operation 307 'call' 'call_ln150' <Predicate = true> <Delay = 4.48> <CoreType = "Generic">   --->   Core 0 '' <Latency = 0> <II = 1> <Delay = 1.00> <Generic> <Opcode : >
ST_6 : Operation 308 [1/1] (0.00ns)   --->   "%lshr_ln = partselect i4 @_ssdm_op_PartSelect.i4.i5.i32.i32, i5 %select_ln150, i32 1, i32 4" [codes_lab5/HLS_sources_final/templatedFuncs.h:156]   --->   Operation 308 'partselect' 'lshr_ln' <Predicate = true> <Delay = 0.00>
ST_6 : Operation 309 [1/1] (0.00ns)   --->   "%zext_ln156_7 = zext i4 %lshr_ln" [codes_lab5/HLS_sources_final/templatedFuncs.h:156]   --->   Operation 309 'zext' 'zext_ln156_7' <Predicate = true> <Delay = 0.00>
ST_6 : Operation 310 [1/1] (3.75ns) (root node of TernaryAdder)   --->   "%add_ln156_4 = add i11 %sub_ln156_1, i11 %zext_ln156_7" [codes_lab5/HLS_sources_final/templatedFuncs.h:156]   --->   Operation 310 'add' 'add_ln156_4' <Predicate = true> <Delay = 3.75> <CoreInst = "TAddSub">   --->   Core 10 'TAddSub' <Latency = 0> <II = 1> <Delay = 1.87> <IPBlock> <Opcode : 'add' 'sub'> <InPorts = 3> <OutPorts = 1> <Sync> <CReg>

State 7 <SV = 6> <Delay = 3.25>
ST_7 : Operation 311 [1/2] (0.00ns)   --->   "%call_ln150 = call void @conv2_Pipeline_loadWin1_VITIS_LOOP_50_1, i32 %window_i_2_2_promoted170243_load, i32 %window_i_2_0_promoted168239_load, i32 %window_i_2_1_promoted166235_load, i32 %window_i_0_2_promoted164231_load, i32 %window_i_0_0_promoted162227_load, i32 %window_i_0_1_promoted160223_load, i32 %window_i_1_2_promoted158219_load, i32 %window_i_1_0_promoted156215_load, i32 %window_i_1_1_promoted154211_load, i5 %select_ln150_3, i8 %mul_ln52, i5 %select_ln150, i32 %mem_2, i32 %p_loc145, i32 %p_loc146, i32 %p_loc147, i32 %p_loc148, i32 %p_loc149, i32 %p_loc150, i32 %p_loc151, i32 %p_loc152, i32 %p_loc153" [codes_lab5/HLS_sources_final/templatedFuncs.h:150]   --->   Operation 311 'call' 'call_ln150' <Predicate = true> <Delay = 0.00> <CoreType = "Generic">   --->   Core 0 '' <Latency = 0> <II = 1> <Delay = 1.00> <Generic> <Opcode : >
ST_7 : Operation 312 [1/1] (0.00ns)   --->   "%zext_ln156_8 = zext i11 %add_ln156_4" [codes_lab5/HLS_sources_final/templatedFuncs.h:156]   --->   Operation 312 'zext' 'zext_ln156_8' <Predicate = true> <Delay = 0.00>
ST_7 : Operation 313 [1/1] (0.00ns)   --->   "%mem_3_0_addr = getelementptr i32 %mem_3_0, i64 0, i64 %zext_ln156_8" [codes_lab5/HLS_sources_final/templatedFuncs.h:156]   --->   Operation 313 'getelementptr' 'mem_3_0_addr' <Predicate = true> <Delay = 0.00>
ST_7 : Operation 314 [1/1] (0.00ns)   --->   "%mem_3_1_addr = getelementptr i32 %mem_3_1, i64 0, i64 %zext_ln156_8" [codes_lab5/HLS_sources_final/templatedFuncs.h:156]   --->   Operation 314 'getelementptr' 'mem_3_1_addr' <Predicate = true> <Delay = 0.00>
ST_7 : Operation 315 [2/2] (3.25ns)   --->   "%mem_3_0_load = load i11 %mem_3_0_addr" [codes_lab5/HLS_sources_final/templatedFuncs.h:156]   --->   Operation 315 'load' 'mem_3_0_load' <Predicate = true> <Delay = 3.25> <CoreInst = "RAM">   --->   Core 82 'RAM' <Latency = 1> <II = 1> <Delay = 3.25> <Storage> <Opcode : 'load' 'store'> <Ports = 2> <Width = 32> <Depth = 1152> <RAM>
ST_7 : Operation 316 [2/2] (3.25ns)   --->   "%mem_3_1_load = load i11 %mem_3_1_addr" [codes_lab5/HLS_sources_final/templatedFuncs.h:156]   --->   Operation 316 'load' 'mem_3_1_load' <Predicate = true> <Delay = 3.25> <CoreInst = "RAM">   --->   Core 82 'RAM' <Latency = 1> <II = 1> <Delay = 3.25> <Storage> <Opcode : 'load' 'store'> <Ports = 2> <Width = 32> <Depth = 1152> <RAM>

State 8 <SV = 7> <Delay = 5.83>
ST_8 : Operation 317 [1/1] (0.00ns) (grouped into LUT with out node prev_sum)   --->   "%select_ln148_5 = select i1 %icmp_ln150, i1 %cmp15_i_mid1, i1 %cmp15_i63" [codes_lab5/HLS_sources_final/templatedFuncs.h:148]   --->   Operation 317 'select' 'select_ln148_5' <Predicate = true> <Delay = 0.00> <CoreInst = "Sel">   --->   Core 73 'Sel' <Latency = 0> <II = 1> <Delay = 0.99> <FuncUnit> <Opcode : 'select'> <InPorts = 3> <OutPorts = 1>
ST_8 : Operation 318 [1/2] (3.25ns)   --->   "%mem_3_0_load = load i11 %mem_3_0_addr" [codes_lab5/HLS_sources_final/templatedFuncs.h:156]   --->   Operation 318 'load' 'mem_3_0_load' <Predicate = true> <Delay = 3.25> <CoreInst = "RAM">   --->   Core 82 'RAM' <Latency = 1> <II = 1> <Delay = 3.25> <Storage> <Opcode : 'load' 'store'> <Ports = 2> <Width = 32> <Depth = 1152> <RAM>
ST_8 : Operation 319 [1/2] (3.25ns)   --->   "%mem_3_1_load = load i11 %mem_3_1_addr" [codes_lab5/HLS_sources_final/templatedFuncs.h:156]   --->   Operation 319 'load' 'mem_3_1_load' <Predicate = true> <Delay = 3.25> <CoreInst = "RAM">   --->   Core 82 'RAM' <Latency = 1> <II = 1> <Delay = 3.25> <Storage> <Opcode : 'load' 'store'> <Ports = 2> <Width = 32> <Depth = 1152> <RAM>
ST_8 : Operation 320 [1/1] (1.58ns)   --->   "%tmp = mux i32 @_ssdm_op_Mux.ap_auto.2float.i1, i32 %mem_3_0_load, i32 %mem_3_1_load, i1 %trunc_ln152" [codes_lab5/HLS_sources_final/templatedFuncs.h:156]   --->   Operation 320 'mux' 'tmp' <Predicate = true> <Delay = 1.58> <CoreInst = "Multiplexer">   --->   Core 76 'Multiplexer' <Latency = 0> <II = 1> <Delay = 1.58> <FuncUnit> <Opcode : 'mux'> <InPorts = 2> <OutPorts = 1>
ST_8 : Operation 321 [1/1] (0.99ns) (out node of the LUT)   --->   "%prev_sum = select i1 %select_ln148_5, i32 %conv2_bias_load, i32 %tmp" [codes_lab5/HLS_sources_final/templatedFuncs.h:148]   --->   Operation 321 'select' 'prev_sum' <Predicate = true> <Delay = 0.99> <CoreInst = "Sel">   --->   Core 73 'Sel' <Latency = 0> <II = 1> <Delay = 0.69> <FuncUnit> <Opcode : 'select'> <InPorts = 3> <OutPorts = 1>

State 9 <SV = 8> <Delay = 1.82>
ST_9 : Operation 322 [1/1] (0.00ns)   --->   "%p_loc145_load = load i32 %p_loc145"   --->   Operation 322 'load' 'p_loc145_load' <Predicate = true> <Delay = 0.00>
ST_9 : Operation 323 [1/1] (0.00ns)   --->   "%p_loc146_load = load i32 %p_loc146"   --->   Operation 323 'load' 'p_loc146_load' <Predicate = true> <Delay = 0.00>
ST_9 : Operation 324 [1/1] (0.00ns)   --->   "%p_loc147_load = load i32 %p_loc147"   --->   Operation 324 'load' 'p_loc147_load' <Predicate = true> <Delay = 0.00>
ST_9 : Operation 325 [1/1] (0.00ns)   --->   "%p_loc148_load = load i32 %p_loc148"   --->   Operation 325 'load' 'p_loc148_load' <Predicate = true> <Delay = 0.00>
ST_9 : Operation 326 [1/1] (0.00ns)   --->   "%p_loc149_load = load i32 %p_loc149"   --->   Operation 326 'load' 'p_loc149_load' <Predicate = true> <Delay = 0.00>
ST_9 : Operation 327 [1/1] (0.00ns)   --->   "%p_loc150_load = load i32 %p_loc150"   --->   Operation 327 'load' 'p_loc150_load' <Predicate = true> <Delay = 0.00>
ST_9 : Operation 328 [1/1] (0.00ns)   --->   "%p_loc151_load = load i32 %p_loc151"   --->   Operation 328 'load' 'p_loc151_load' <Predicate = true> <Delay = 0.00>
ST_9 : Operation 329 [1/1] (0.00ns)   --->   "%p_loc152_load = load i32 %p_loc152"   --->   Operation 329 'load' 'p_loc152_load' <Predicate = true> <Delay = 0.00>
ST_9 : Operation 330 [1/1] (0.00ns)   --->   "%p_loc153_load = load i32 %p_loc153"   --->   Operation 330 'load' 'p_loc153_load' <Predicate = true> <Delay = 0.00>
ST_9 : Operation 331 [26/26] (1.82ns)   --->   "%sum = call i32 @conv2D<4>, i2 %trunc_ln148, i32 %p_loc86_load, i32 %p_loc87_load, i32 %p_loc85_load, i32 %p_loc89_load, i32 %p_loc90_load, i32 %p_loc88_load, i32 %p_loc83_load, i32 %p_loc84_load, i32 %p_loc82_load, i32 %p_loc95_load, i32 %p_loc96_load, i32 %p_loc94_load, i32 %p_loc98_load, i32 %p_loc99_load, i32 %p_loc97_load, i32 %p_loc92_load, i32 %p_loc93_load, i32 %p_loc91_load, i32 %p_loc104_load, i32 %p_loc105_load, i32 %p_loc103_load, i32 %p_loc107_load, i32 %p_loc108_load, i32 %p_loc106_load, i32 %p_loc101_load, i32 %p_loc102_load, i32 %p_loc100_load, i32 %p_loc77_load, i32 %p_loc78_load, i32 %p_loc76_load, i32 %p_loc80_load, i32 %p_loc81_load, i32 %p_loc79_load, i32 %p_loc74_load, i32 %p_loc75_load, i32 %p_loc_load, i32 %p_loc149_load, i32 %p_loc150_load, i32 %p_loc148_load, i32 %p_loc152_load, i32 %p_loc153_load, i32 %p_loc151_load, i32 %p_loc146_load, i32 %p_loc147_load, i32 %p_loc145_load, i32 %prev_sum" [codes_lab5/HLS_sources_final/templatedFuncs.h:157]   --->   Operation 331 'call' 'sum' <Predicate = true> <Delay = 1.82> <CoreType = "Generic">   --->   Core 0 '' <Latency = 0> <II = 1> <Delay = 1.00> <Generic> <Opcode : >

State 10 <SV = 9> <Delay = 7.25>
ST_10 : Operation 332 [25/26] (7.25ns)   --->   "%sum = call i32 @conv2D<4>, i2 %trunc_ln148, i32 %p_loc86_load, i32 %p_loc87_load, i32 %p_loc85_load, i32 %p_loc89_load, i32 %p_loc90_load, i32 %p_loc88_load, i32 %p_loc83_load, i32 %p_loc84_load, i32 %p_loc82_load, i32 %p_loc95_load, i32 %p_loc96_load, i32 %p_loc94_load, i32 %p_loc98_load, i32 %p_loc99_load, i32 %p_loc97_load, i32 %p_loc92_load, i32 %p_loc93_load, i32 %p_loc91_load, i32 %p_loc104_load, i32 %p_loc105_load, i32 %p_loc103_load, i32 %p_loc107_load, i32 %p_loc108_load, i32 %p_loc106_load, i32 %p_loc101_load, i32 %p_loc102_load, i32 %p_loc100_load, i32 %p_loc77_load, i32 %p_loc78_load, i32 %p_loc76_load, i32 %p_loc80_load, i32 %p_loc81_load, i32 %p_loc79_load, i32 %p_loc74_load, i32 %p_loc75_load, i32 %p_loc_load, i32 %p_loc149_load, i32 %p_loc150_load, i32 %p_loc148_load, i32 %p_loc152_load, i32 %p_loc153_load, i32 %p_loc151_load, i32 %p_loc146_load, i32 %p_loc147_load, i32 %p_loc145_load, i32 %prev_sum" [codes_lab5/HLS_sources_final/templatedFuncs.h:157]   --->   Operation 332 'call' 'sum' <Predicate = true> <Delay = 7.25> <CoreType = "Generic">   --->   Core 0 '' <Latency = 0> <II = 1> <Delay = 1.00> <Generic> <Opcode : >

State 11 <SV = 10> <Delay = 7.25>
ST_11 : Operation 333 [24/26] (7.25ns)   --->   "%sum = call i32 @conv2D<4>, i2 %trunc_ln148, i32 %p_loc86_load, i32 %p_loc87_load, i32 %p_loc85_load, i32 %p_loc89_load, i32 %p_loc90_load, i32 %p_loc88_load, i32 %p_loc83_load, i32 %p_loc84_load, i32 %p_loc82_load, i32 %p_loc95_load, i32 %p_loc96_load, i32 %p_loc94_load, i32 %p_loc98_load, i32 %p_loc99_load, i32 %p_loc97_load, i32 %p_loc92_load, i32 %p_loc93_load, i32 %p_loc91_load, i32 %p_loc104_load, i32 %p_loc105_load, i32 %p_loc103_load, i32 %p_loc107_load, i32 %p_loc108_load, i32 %p_loc106_load, i32 %p_loc101_load, i32 %p_loc102_load, i32 %p_loc100_load, i32 %p_loc77_load, i32 %p_loc78_load, i32 %p_loc76_load, i32 %p_loc80_load, i32 %p_loc81_load, i32 %p_loc79_load, i32 %p_loc74_load, i32 %p_loc75_load, i32 %p_loc_load, i32 %p_loc149_load, i32 %p_loc150_load, i32 %p_loc148_load, i32 %p_loc152_load, i32 %p_loc153_load, i32 %p_loc151_load, i32 %p_loc146_load, i32 %p_loc147_load, i32 %p_loc145_load, i32 %prev_sum" [codes_lab5/HLS_sources_final/templatedFuncs.h:157]   --->   Operation 333 'call' 'sum' <Predicate = true> <Delay = 7.25> <CoreType = "Generic">   --->   Core 0 '' <Latency = 0> <II = 1> <Delay = 1.00> <Generic> <Opcode : >

State 12 <SV = 11> <Delay = 7.25>
ST_12 : Operation 334 [23/26] (7.25ns)   --->   "%sum = call i32 @conv2D<4>, i2 %trunc_ln148, i32 %p_loc86_load, i32 %p_loc87_load, i32 %p_loc85_load, i32 %p_loc89_load, i32 %p_loc90_load, i32 %p_loc88_load, i32 %p_loc83_load, i32 %p_loc84_load, i32 %p_loc82_load, i32 %p_loc95_load, i32 %p_loc96_load, i32 %p_loc94_load, i32 %p_loc98_load, i32 %p_loc99_load, i32 %p_loc97_load, i32 %p_loc92_load, i32 %p_loc93_load, i32 %p_loc91_load, i32 %p_loc104_load, i32 %p_loc105_load, i32 %p_loc103_load, i32 %p_loc107_load, i32 %p_loc108_load, i32 %p_loc106_load, i32 %p_loc101_load, i32 %p_loc102_load, i32 %p_loc100_load, i32 %p_loc77_load, i32 %p_loc78_load, i32 %p_loc76_load, i32 %p_loc80_load, i32 %p_loc81_load, i32 %p_loc79_load, i32 %p_loc74_load, i32 %p_loc75_load, i32 %p_loc_load, i32 %p_loc149_load, i32 %p_loc150_load, i32 %p_loc148_load, i32 %p_loc152_load, i32 %p_loc153_load, i32 %p_loc151_load, i32 %p_loc146_load, i32 %p_loc147_load, i32 %p_loc145_load, i32 %prev_sum" [codes_lab5/HLS_sources_final/templatedFuncs.h:157]   --->   Operation 334 'call' 'sum' <Predicate = true> <Delay = 7.25> <CoreType = "Generic">   --->   Core 0 '' <Latency = 0> <II = 1> <Delay = 1.00> <Generic> <Opcode : >

State 13 <SV = 12> <Delay = 7.25>
ST_13 : Operation 335 [22/26] (7.25ns)   --->   "%sum = call i32 @conv2D<4>, i2 %trunc_ln148, i32 %p_loc86_load, i32 %p_loc87_load, i32 %p_loc85_load, i32 %p_loc89_load, i32 %p_loc90_load, i32 %p_loc88_load, i32 %p_loc83_load, i32 %p_loc84_load, i32 %p_loc82_load, i32 %p_loc95_load, i32 %p_loc96_load, i32 %p_loc94_load, i32 %p_loc98_load, i32 %p_loc99_load, i32 %p_loc97_load, i32 %p_loc92_load, i32 %p_loc93_load, i32 %p_loc91_load, i32 %p_loc104_load, i32 %p_loc105_load, i32 %p_loc103_load, i32 %p_loc107_load, i32 %p_loc108_load, i32 %p_loc106_load, i32 %p_loc101_load, i32 %p_loc102_load, i32 %p_loc100_load, i32 %p_loc77_load, i32 %p_loc78_load, i32 %p_loc76_load, i32 %p_loc80_load, i32 %p_loc81_load, i32 %p_loc79_load, i32 %p_loc74_load, i32 %p_loc75_load, i32 %p_loc_load, i32 %p_loc149_load, i32 %p_loc150_load, i32 %p_loc148_load, i32 %p_loc152_load, i32 %p_loc153_load, i32 %p_loc151_load, i32 %p_loc146_load, i32 %p_loc147_load, i32 %p_loc145_load, i32 %prev_sum" [codes_lab5/HLS_sources_final/templatedFuncs.h:157]   --->   Operation 335 'call' 'sum' <Predicate = true> <Delay = 7.25> <CoreType = "Generic">   --->   Core 0 '' <Latency = 0> <II = 1> <Delay = 1.00> <Generic> <Opcode : >

State 14 <SV = 13> <Delay = 7.25>
ST_14 : Operation 336 [21/26] (7.25ns)   --->   "%sum = call i32 @conv2D<4>, i2 %trunc_ln148, i32 %p_loc86_load, i32 %p_loc87_load, i32 %p_loc85_load, i32 %p_loc89_load, i32 %p_loc90_load, i32 %p_loc88_load, i32 %p_loc83_load, i32 %p_loc84_load, i32 %p_loc82_load, i32 %p_loc95_load, i32 %p_loc96_load, i32 %p_loc94_load, i32 %p_loc98_load, i32 %p_loc99_load, i32 %p_loc97_load, i32 %p_loc92_load, i32 %p_loc93_load, i32 %p_loc91_load, i32 %p_loc104_load, i32 %p_loc105_load, i32 %p_loc103_load, i32 %p_loc107_load, i32 %p_loc108_load, i32 %p_loc106_load, i32 %p_loc101_load, i32 %p_loc102_load, i32 %p_loc100_load, i32 %p_loc77_load, i32 %p_loc78_load, i32 %p_loc76_load, i32 %p_loc80_load, i32 %p_loc81_load, i32 %p_loc79_load, i32 %p_loc74_load, i32 %p_loc75_load, i32 %p_loc_load, i32 %p_loc149_load, i32 %p_loc150_load, i32 %p_loc148_load, i32 %p_loc152_load, i32 %p_loc153_load, i32 %p_loc151_load, i32 %p_loc146_load, i32 %p_loc147_load, i32 %p_loc145_load, i32 %prev_sum" [codes_lab5/HLS_sources_final/templatedFuncs.h:157]   --->   Operation 336 'call' 'sum' <Predicate = true> <Delay = 7.25> <CoreType = "Generic">   --->   Core 0 '' <Latency = 0> <II = 1> <Delay = 1.00> <Generic> <Opcode : >

State 15 <SV = 14> <Delay = 7.25>
ST_15 : Operation 337 [20/26] (7.25ns)   --->   "%sum = call i32 @conv2D<4>, i2 %trunc_ln148, i32 %p_loc86_load, i32 %p_loc87_load, i32 %p_loc85_load, i32 %p_loc89_load, i32 %p_loc90_load, i32 %p_loc88_load, i32 %p_loc83_load, i32 %p_loc84_load, i32 %p_loc82_load, i32 %p_loc95_load, i32 %p_loc96_load, i32 %p_loc94_load, i32 %p_loc98_load, i32 %p_loc99_load, i32 %p_loc97_load, i32 %p_loc92_load, i32 %p_loc93_load, i32 %p_loc91_load, i32 %p_loc104_load, i32 %p_loc105_load, i32 %p_loc103_load, i32 %p_loc107_load, i32 %p_loc108_load, i32 %p_loc106_load, i32 %p_loc101_load, i32 %p_loc102_load, i32 %p_loc100_load, i32 %p_loc77_load, i32 %p_loc78_load, i32 %p_loc76_load, i32 %p_loc80_load, i32 %p_loc81_load, i32 %p_loc79_load, i32 %p_loc74_load, i32 %p_loc75_load, i32 %p_loc_load, i32 %p_loc149_load, i32 %p_loc150_load, i32 %p_loc148_load, i32 %p_loc152_load, i32 %p_loc153_load, i32 %p_loc151_load, i32 %p_loc146_load, i32 %p_loc147_load, i32 %p_loc145_load, i32 %prev_sum" [codes_lab5/HLS_sources_final/templatedFuncs.h:157]   --->   Operation 337 'call' 'sum' <Predicate = true> <Delay = 7.25> <CoreType = "Generic">   --->   Core 0 '' <Latency = 0> <II = 1> <Delay = 1.00> <Generic> <Opcode : >

State 16 <SV = 15> <Delay = 7.25>
ST_16 : Operation 338 [19/26] (7.25ns)   --->   "%sum = call i32 @conv2D<4>, i2 %trunc_ln148, i32 %p_loc86_load, i32 %p_loc87_load, i32 %p_loc85_load, i32 %p_loc89_load, i32 %p_loc90_load, i32 %p_loc88_load, i32 %p_loc83_load, i32 %p_loc84_load, i32 %p_loc82_load, i32 %p_loc95_load, i32 %p_loc96_load, i32 %p_loc94_load, i32 %p_loc98_load, i32 %p_loc99_load, i32 %p_loc97_load, i32 %p_loc92_load, i32 %p_loc93_load, i32 %p_loc91_load, i32 %p_loc104_load, i32 %p_loc105_load, i32 %p_loc103_load, i32 %p_loc107_load, i32 %p_loc108_load, i32 %p_loc106_load, i32 %p_loc101_load, i32 %p_loc102_load, i32 %p_loc100_load, i32 %p_loc77_load, i32 %p_loc78_load, i32 %p_loc76_load, i32 %p_loc80_load, i32 %p_loc81_load, i32 %p_loc79_load, i32 %p_loc74_load, i32 %p_loc75_load, i32 %p_loc_load, i32 %p_loc149_load, i32 %p_loc150_load, i32 %p_loc148_load, i32 %p_loc152_load, i32 %p_loc153_load, i32 %p_loc151_load, i32 %p_loc146_load, i32 %p_loc147_load, i32 %p_loc145_load, i32 %prev_sum" [codes_lab5/HLS_sources_final/templatedFuncs.h:157]   --->   Operation 338 'call' 'sum' <Predicate = true> <Delay = 7.25> <CoreType = "Generic">   --->   Core 0 '' <Latency = 0> <II = 1> <Delay = 1.00> <Generic> <Opcode : >

State 17 <SV = 16> <Delay = 7.25>
ST_17 : Operation 339 [18/26] (7.25ns)   --->   "%sum = call i32 @conv2D<4>, i2 %trunc_ln148, i32 %p_loc86_load, i32 %p_loc87_load, i32 %p_loc85_load, i32 %p_loc89_load, i32 %p_loc90_load, i32 %p_loc88_load, i32 %p_loc83_load, i32 %p_loc84_load, i32 %p_loc82_load, i32 %p_loc95_load, i32 %p_loc96_load, i32 %p_loc94_load, i32 %p_loc98_load, i32 %p_loc99_load, i32 %p_loc97_load, i32 %p_loc92_load, i32 %p_loc93_load, i32 %p_loc91_load, i32 %p_loc104_load, i32 %p_loc105_load, i32 %p_loc103_load, i32 %p_loc107_load, i32 %p_loc108_load, i32 %p_loc106_load, i32 %p_loc101_load, i32 %p_loc102_load, i32 %p_loc100_load, i32 %p_loc77_load, i32 %p_loc78_load, i32 %p_loc76_load, i32 %p_loc80_load, i32 %p_loc81_load, i32 %p_loc79_load, i32 %p_loc74_load, i32 %p_loc75_load, i32 %p_loc_load, i32 %p_loc149_load, i32 %p_loc150_load, i32 %p_loc148_load, i32 %p_loc152_load, i32 %p_loc153_load, i32 %p_loc151_load, i32 %p_loc146_load, i32 %p_loc147_load, i32 %p_loc145_load, i32 %prev_sum" [codes_lab5/HLS_sources_final/templatedFuncs.h:157]   --->   Operation 339 'call' 'sum' <Predicate = true> <Delay = 7.25> <CoreType = "Generic">   --->   Core 0 '' <Latency = 0> <II = 1> <Delay = 1.00> <Generic> <Opcode : >

State 18 <SV = 17> <Delay = 7.25>
ST_18 : Operation 340 [17/26] (7.25ns)   --->   "%sum = call i32 @conv2D<4>, i2 %trunc_ln148, i32 %p_loc86_load, i32 %p_loc87_load, i32 %p_loc85_load, i32 %p_loc89_load, i32 %p_loc90_load, i32 %p_loc88_load, i32 %p_loc83_load, i32 %p_loc84_load, i32 %p_loc82_load, i32 %p_loc95_load, i32 %p_loc96_load, i32 %p_loc94_load, i32 %p_loc98_load, i32 %p_loc99_load, i32 %p_loc97_load, i32 %p_loc92_load, i32 %p_loc93_load, i32 %p_loc91_load, i32 %p_loc104_load, i32 %p_loc105_load, i32 %p_loc103_load, i32 %p_loc107_load, i32 %p_loc108_load, i32 %p_loc106_load, i32 %p_loc101_load, i32 %p_loc102_load, i32 %p_loc100_load, i32 %p_loc77_load, i32 %p_loc78_load, i32 %p_loc76_load, i32 %p_loc80_load, i32 %p_loc81_load, i32 %p_loc79_load, i32 %p_loc74_load, i32 %p_loc75_load, i32 %p_loc_load, i32 %p_loc149_load, i32 %p_loc150_load, i32 %p_loc148_load, i32 %p_loc152_load, i32 %p_loc153_load, i32 %p_loc151_load, i32 %p_loc146_load, i32 %p_loc147_load, i32 %p_loc145_load, i32 %prev_sum" [codes_lab5/HLS_sources_final/templatedFuncs.h:157]   --->   Operation 340 'call' 'sum' <Predicate = true> <Delay = 7.25> <CoreType = "Generic">   --->   Core 0 '' <Latency = 0> <II = 1> <Delay = 1.00> <Generic> <Opcode : >

State 19 <SV = 18> <Delay = 7.25>
ST_19 : Operation 341 [16/26] (7.25ns)   --->   "%sum = call i32 @conv2D<4>, i2 %trunc_ln148, i32 %p_loc86_load, i32 %p_loc87_load, i32 %p_loc85_load, i32 %p_loc89_load, i32 %p_loc90_load, i32 %p_loc88_load, i32 %p_loc83_load, i32 %p_loc84_load, i32 %p_loc82_load, i32 %p_loc95_load, i32 %p_loc96_load, i32 %p_loc94_load, i32 %p_loc98_load, i32 %p_loc99_load, i32 %p_loc97_load, i32 %p_loc92_load, i32 %p_loc93_load, i32 %p_loc91_load, i32 %p_loc104_load, i32 %p_loc105_load, i32 %p_loc103_load, i32 %p_loc107_load, i32 %p_loc108_load, i32 %p_loc106_load, i32 %p_loc101_load, i32 %p_loc102_load, i32 %p_loc100_load, i32 %p_loc77_load, i32 %p_loc78_load, i32 %p_loc76_load, i32 %p_loc80_load, i32 %p_loc81_load, i32 %p_loc79_load, i32 %p_loc74_load, i32 %p_loc75_load, i32 %p_loc_load, i32 %p_loc149_load, i32 %p_loc150_load, i32 %p_loc148_load, i32 %p_loc152_load, i32 %p_loc153_load, i32 %p_loc151_load, i32 %p_loc146_load, i32 %p_loc147_load, i32 %p_loc145_load, i32 %prev_sum" [codes_lab5/HLS_sources_final/templatedFuncs.h:157]   --->   Operation 341 'call' 'sum' <Predicate = true> <Delay = 7.25> <CoreType = "Generic">   --->   Core 0 '' <Latency = 0> <II = 1> <Delay = 1.00> <Generic> <Opcode : >

State 20 <SV = 19> <Delay = 7.25>
ST_20 : Operation 342 [15/26] (7.25ns)   --->   "%sum = call i32 @conv2D<4>, i2 %trunc_ln148, i32 %p_loc86_load, i32 %p_loc87_load, i32 %p_loc85_load, i32 %p_loc89_load, i32 %p_loc90_load, i32 %p_loc88_load, i32 %p_loc83_load, i32 %p_loc84_load, i32 %p_loc82_load, i32 %p_loc95_load, i32 %p_loc96_load, i32 %p_loc94_load, i32 %p_loc98_load, i32 %p_loc99_load, i32 %p_loc97_load, i32 %p_loc92_load, i32 %p_loc93_load, i32 %p_loc91_load, i32 %p_loc104_load, i32 %p_loc105_load, i32 %p_loc103_load, i32 %p_loc107_load, i32 %p_loc108_load, i32 %p_loc106_load, i32 %p_loc101_load, i32 %p_loc102_load, i32 %p_loc100_load, i32 %p_loc77_load, i32 %p_loc78_load, i32 %p_loc76_load, i32 %p_loc80_load, i32 %p_loc81_load, i32 %p_loc79_load, i32 %p_loc74_load, i32 %p_loc75_load, i32 %p_loc_load, i32 %p_loc149_load, i32 %p_loc150_load, i32 %p_loc148_load, i32 %p_loc152_load, i32 %p_loc153_load, i32 %p_loc151_load, i32 %p_loc146_load, i32 %p_loc147_load, i32 %p_loc145_load, i32 %prev_sum" [codes_lab5/HLS_sources_final/templatedFuncs.h:157]   --->   Operation 342 'call' 'sum' <Predicate = true> <Delay = 7.25> <CoreType = "Generic">   --->   Core 0 '' <Latency = 0> <II = 1> <Delay = 1.00> <Generic> <Opcode : >

State 21 <SV = 20> <Delay = 7.25>
ST_21 : Operation 343 [14/26] (7.25ns)   --->   "%sum = call i32 @conv2D<4>, i2 %trunc_ln148, i32 %p_loc86_load, i32 %p_loc87_load, i32 %p_loc85_load, i32 %p_loc89_load, i32 %p_loc90_load, i32 %p_loc88_load, i32 %p_loc83_load, i32 %p_loc84_load, i32 %p_loc82_load, i32 %p_loc95_load, i32 %p_loc96_load, i32 %p_loc94_load, i32 %p_loc98_load, i32 %p_loc99_load, i32 %p_loc97_load, i32 %p_loc92_load, i32 %p_loc93_load, i32 %p_loc91_load, i32 %p_loc104_load, i32 %p_loc105_load, i32 %p_loc103_load, i32 %p_loc107_load, i32 %p_loc108_load, i32 %p_loc106_load, i32 %p_loc101_load, i32 %p_loc102_load, i32 %p_loc100_load, i32 %p_loc77_load, i32 %p_loc78_load, i32 %p_loc76_load, i32 %p_loc80_load, i32 %p_loc81_load, i32 %p_loc79_load, i32 %p_loc74_load, i32 %p_loc75_load, i32 %p_loc_load, i32 %p_loc149_load, i32 %p_loc150_load, i32 %p_loc148_load, i32 %p_loc152_load, i32 %p_loc153_load, i32 %p_loc151_load, i32 %p_loc146_load, i32 %p_loc147_load, i32 %p_loc145_load, i32 %prev_sum" [codes_lab5/HLS_sources_final/templatedFuncs.h:157]   --->   Operation 343 'call' 'sum' <Predicate = true> <Delay = 7.25> <CoreType = "Generic">   --->   Core 0 '' <Latency = 0> <II = 1> <Delay = 1.00> <Generic> <Opcode : >

State 22 <SV = 21> <Delay = 7.25>
ST_22 : Operation 344 [13/26] (7.25ns)   --->   "%sum = call i32 @conv2D<4>, i2 %trunc_ln148, i32 %p_loc86_load, i32 %p_loc87_load, i32 %p_loc85_load, i32 %p_loc89_load, i32 %p_loc90_load, i32 %p_loc88_load, i32 %p_loc83_load, i32 %p_loc84_load, i32 %p_loc82_load, i32 %p_loc95_load, i32 %p_loc96_load, i32 %p_loc94_load, i32 %p_loc98_load, i32 %p_loc99_load, i32 %p_loc97_load, i32 %p_loc92_load, i32 %p_loc93_load, i32 %p_loc91_load, i32 %p_loc104_load, i32 %p_loc105_load, i32 %p_loc103_load, i32 %p_loc107_load, i32 %p_loc108_load, i32 %p_loc106_load, i32 %p_loc101_load, i32 %p_loc102_load, i32 %p_loc100_load, i32 %p_loc77_load, i32 %p_loc78_load, i32 %p_loc76_load, i32 %p_loc80_load, i32 %p_loc81_load, i32 %p_loc79_load, i32 %p_loc74_load, i32 %p_loc75_load, i32 %p_loc_load, i32 %p_loc149_load, i32 %p_loc150_load, i32 %p_loc148_load, i32 %p_loc152_load, i32 %p_loc153_load, i32 %p_loc151_load, i32 %p_loc146_load, i32 %p_loc147_load, i32 %p_loc145_load, i32 %prev_sum" [codes_lab5/HLS_sources_final/templatedFuncs.h:157]   --->   Operation 344 'call' 'sum' <Predicate = true> <Delay = 7.25> <CoreType = "Generic">   --->   Core 0 '' <Latency = 0> <II = 1> <Delay = 1.00> <Generic> <Opcode : >

State 23 <SV = 22> <Delay = 7.25>
ST_23 : Operation 345 [12/26] (7.25ns)   --->   "%sum = call i32 @conv2D<4>, i2 %trunc_ln148, i32 %p_loc86_load, i32 %p_loc87_load, i32 %p_loc85_load, i32 %p_loc89_load, i32 %p_loc90_load, i32 %p_loc88_load, i32 %p_loc83_load, i32 %p_loc84_load, i32 %p_loc82_load, i32 %p_loc95_load, i32 %p_loc96_load, i32 %p_loc94_load, i32 %p_loc98_load, i32 %p_loc99_load, i32 %p_loc97_load, i32 %p_loc92_load, i32 %p_loc93_load, i32 %p_loc91_load, i32 %p_loc104_load, i32 %p_loc105_load, i32 %p_loc103_load, i32 %p_loc107_load, i32 %p_loc108_load, i32 %p_loc106_load, i32 %p_loc101_load, i32 %p_loc102_load, i32 %p_loc100_load, i32 %p_loc77_load, i32 %p_loc78_load, i32 %p_loc76_load, i32 %p_loc80_load, i32 %p_loc81_load, i32 %p_loc79_load, i32 %p_loc74_load, i32 %p_loc75_load, i32 %p_loc_load, i32 %p_loc149_load, i32 %p_loc150_load, i32 %p_loc148_load, i32 %p_loc152_load, i32 %p_loc153_load, i32 %p_loc151_load, i32 %p_loc146_load, i32 %p_loc147_load, i32 %p_loc145_load, i32 %prev_sum" [codes_lab5/HLS_sources_final/templatedFuncs.h:157]   --->   Operation 345 'call' 'sum' <Predicate = true> <Delay = 7.25> <CoreType = "Generic">   --->   Core 0 '' <Latency = 0> <II = 1> <Delay = 1.00> <Generic> <Opcode : >

State 24 <SV = 23> <Delay = 7.25>
ST_24 : Operation 346 [11/26] (7.25ns)   --->   "%sum = call i32 @conv2D<4>, i2 %trunc_ln148, i32 %p_loc86_load, i32 %p_loc87_load, i32 %p_loc85_load, i32 %p_loc89_load, i32 %p_loc90_load, i32 %p_loc88_load, i32 %p_loc83_load, i32 %p_loc84_load, i32 %p_loc82_load, i32 %p_loc95_load, i32 %p_loc96_load, i32 %p_loc94_load, i32 %p_loc98_load, i32 %p_loc99_load, i32 %p_loc97_load, i32 %p_loc92_load, i32 %p_loc93_load, i32 %p_loc91_load, i32 %p_loc104_load, i32 %p_loc105_load, i32 %p_loc103_load, i32 %p_loc107_load, i32 %p_loc108_load, i32 %p_loc106_load, i32 %p_loc101_load, i32 %p_loc102_load, i32 %p_loc100_load, i32 %p_loc77_load, i32 %p_loc78_load, i32 %p_loc76_load, i32 %p_loc80_load, i32 %p_loc81_load, i32 %p_loc79_load, i32 %p_loc74_load, i32 %p_loc75_load, i32 %p_loc_load, i32 %p_loc149_load, i32 %p_loc150_load, i32 %p_loc148_load, i32 %p_loc152_load, i32 %p_loc153_load, i32 %p_loc151_load, i32 %p_loc146_load, i32 %p_loc147_load, i32 %p_loc145_load, i32 %prev_sum" [codes_lab5/HLS_sources_final/templatedFuncs.h:157]   --->   Operation 346 'call' 'sum' <Predicate = true> <Delay = 7.25> <CoreType = "Generic">   --->   Core 0 '' <Latency = 0> <II = 1> <Delay = 1.00> <Generic> <Opcode : >

State 25 <SV = 24> <Delay = 7.25>
ST_25 : Operation 347 [10/26] (7.25ns)   --->   "%sum = call i32 @conv2D<4>, i2 %trunc_ln148, i32 %p_loc86_load, i32 %p_loc87_load, i32 %p_loc85_load, i32 %p_loc89_load, i32 %p_loc90_load, i32 %p_loc88_load, i32 %p_loc83_load, i32 %p_loc84_load, i32 %p_loc82_load, i32 %p_loc95_load, i32 %p_loc96_load, i32 %p_loc94_load, i32 %p_loc98_load, i32 %p_loc99_load, i32 %p_loc97_load, i32 %p_loc92_load, i32 %p_loc93_load, i32 %p_loc91_load, i32 %p_loc104_load, i32 %p_loc105_load, i32 %p_loc103_load, i32 %p_loc107_load, i32 %p_loc108_load, i32 %p_loc106_load, i32 %p_loc101_load, i32 %p_loc102_load, i32 %p_loc100_load, i32 %p_loc77_load, i32 %p_loc78_load, i32 %p_loc76_load, i32 %p_loc80_load, i32 %p_loc81_load, i32 %p_loc79_load, i32 %p_loc74_load, i32 %p_loc75_load, i32 %p_loc_load, i32 %p_loc149_load, i32 %p_loc150_load, i32 %p_loc148_load, i32 %p_loc152_load, i32 %p_loc153_load, i32 %p_loc151_load, i32 %p_loc146_load, i32 %p_loc147_load, i32 %p_loc145_load, i32 %prev_sum" [codes_lab5/HLS_sources_final/templatedFuncs.h:157]   --->   Operation 347 'call' 'sum' <Predicate = true> <Delay = 7.25> <CoreType = "Generic">   --->   Core 0 '' <Latency = 0> <II = 1> <Delay = 1.00> <Generic> <Opcode : >

State 26 <SV = 25> <Delay = 7.25>
ST_26 : Operation 348 [9/26] (7.25ns)   --->   "%sum = call i32 @conv2D<4>, i2 %trunc_ln148, i32 %p_loc86_load, i32 %p_loc87_load, i32 %p_loc85_load, i32 %p_loc89_load, i32 %p_loc90_load, i32 %p_loc88_load, i32 %p_loc83_load, i32 %p_loc84_load, i32 %p_loc82_load, i32 %p_loc95_load, i32 %p_loc96_load, i32 %p_loc94_load, i32 %p_loc98_load, i32 %p_loc99_load, i32 %p_loc97_load, i32 %p_loc92_load, i32 %p_loc93_load, i32 %p_loc91_load, i32 %p_loc104_load, i32 %p_loc105_load, i32 %p_loc103_load, i32 %p_loc107_load, i32 %p_loc108_load, i32 %p_loc106_load, i32 %p_loc101_load, i32 %p_loc102_load, i32 %p_loc100_load, i32 %p_loc77_load, i32 %p_loc78_load, i32 %p_loc76_load, i32 %p_loc80_load, i32 %p_loc81_load, i32 %p_loc79_load, i32 %p_loc74_load, i32 %p_loc75_load, i32 %p_loc_load, i32 %p_loc149_load, i32 %p_loc150_load, i32 %p_loc148_load, i32 %p_loc152_load, i32 %p_loc153_load, i32 %p_loc151_load, i32 %p_loc146_load, i32 %p_loc147_load, i32 %p_loc145_load, i32 %prev_sum" [codes_lab5/HLS_sources_final/templatedFuncs.h:157]   --->   Operation 348 'call' 'sum' <Predicate = true> <Delay = 7.25> <CoreType = "Generic">   --->   Core 0 '' <Latency = 0> <II = 1> <Delay = 1.00> <Generic> <Opcode : >

State 27 <SV = 26> <Delay = 7.25>
ST_27 : Operation 349 [8/26] (7.25ns)   --->   "%sum = call i32 @conv2D<4>, i2 %trunc_ln148, i32 %p_loc86_load, i32 %p_loc87_load, i32 %p_loc85_load, i32 %p_loc89_load, i32 %p_loc90_load, i32 %p_loc88_load, i32 %p_loc83_load, i32 %p_loc84_load, i32 %p_loc82_load, i32 %p_loc95_load, i32 %p_loc96_load, i32 %p_loc94_load, i32 %p_loc98_load, i32 %p_loc99_load, i32 %p_loc97_load, i32 %p_loc92_load, i32 %p_loc93_load, i32 %p_loc91_load, i32 %p_loc104_load, i32 %p_loc105_load, i32 %p_loc103_load, i32 %p_loc107_load, i32 %p_loc108_load, i32 %p_loc106_load, i32 %p_loc101_load, i32 %p_loc102_load, i32 %p_loc100_load, i32 %p_loc77_load, i32 %p_loc78_load, i32 %p_loc76_load, i32 %p_loc80_load, i32 %p_loc81_load, i32 %p_loc79_load, i32 %p_loc74_load, i32 %p_loc75_load, i32 %p_loc_load, i32 %p_loc149_load, i32 %p_loc150_load, i32 %p_loc148_load, i32 %p_loc152_load, i32 %p_loc153_load, i32 %p_loc151_load, i32 %p_loc146_load, i32 %p_loc147_load, i32 %p_loc145_load, i32 %prev_sum" [codes_lab5/HLS_sources_final/templatedFuncs.h:157]   --->   Operation 349 'call' 'sum' <Predicate = true> <Delay = 7.25> <CoreType = "Generic">   --->   Core 0 '' <Latency = 0> <II = 1> <Delay = 1.00> <Generic> <Opcode : >

State 28 <SV = 27> <Delay = 7.25>
ST_28 : Operation 350 [7/26] (7.25ns)   --->   "%sum = call i32 @conv2D<4>, i2 %trunc_ln148, i32 %p_loc86_load, i32 %p_loc87_load, i32 %p_loc85_load, i32 %p_loc89_load, i32 %p_loc90_load, i32 %p_loc88_load, i32 %p_loc83_load, i32 %p_loc84_load, i32 %p_loc82_load, i32 %p_loc95_load, i32 %p_loc96_load, i32 %p_loc94_load, i32 %p_loc98_load, i32 %p_loc99_load, i32 %p_loc97_load, i32 %p_loc92_load, i32 %p_loc93_load, i32 %p_loc91_load, i32 %p_loc104_load, i32 %p_loc105_load, i32 %p_loc103_load, i32 %p_loc107_load, i32 %p_loc108_load, i32 %p_loc106_load, i32 %p_loc101_load, i32 %p_loc102_load, i32 %p_loc100_load, i32 %p_loc77_load, i32 %p_loc78_load, i32 %p_loc76_load, i32 %p_loc80_load, i32 %p_loc81_load, i32 %p_loc79_load, i32 %p_loc74_load, i32 %p_loc75_load, i32 %p_loc_load, i32 %p_loc149_load, i32 %p_loc150_load, i32 %p_loc148_load, i32 %p_loc152_load, i32 %p_loc153_load, i32 %p_loc151_load, i32 %p_loc146_load, i32 %p_loc147_load, i32 %p_loc145_load, i32 %prev_sum" [codes_lab5/HLS_sources_final/templatedFuncs.h:157]   --->   Operation 350 'call' 'sum' <Predicate = true> <Delay = 7.25> <CoreType = "Generic">   --->   Core 0 '' <Latency = 0> <II = 1> <Delay = 1.00> <Generic> <Opcode : >

State 29 <SV = 28> <Delay = 7.25>
ST_29 : Operation 351 [6/26] (7.25ns)   --->   "%sum = call i32 @conv2D<4>, i2 %trunc_ln148, i32 %p_loc86_load, i32 %p_loc87_load, i32 %p_loc85_load, i32 %p_loc89_load, i32 %p_loc90_load, i32 %p_loc88_load, i32 %p_loc83_load, i32 %p_loc84_load, i32 %p_loc82_load, i32 %p_loc95_load, i32 %p_loc96_load, i32 %p_loc94_load, i32 %p_loc98_load, i32 %p_loc99_load, i32 %p_loc97_load, i32 %p_loc92_load, i32 %p_loc93_load, i32 %p_loc91_load, i32 %p_loc104_load, i32 %p_loc105_load, i32 %p_loc103_load, i32 %p_loc107_load, i32 %p_loc108_load, i32 %p_loc106_load, i32 %p_loc101_load, i32 %p_loc102_load, i32 %p_loc100_load, i32 %p_loc77_load, i32 %p_loc78_load, i32 %p_loc76_load, i32 %p_loc80_load, i32 %p_loc81_load, i32 %p_loc79_load, i32 %p_loc74_load, i32 %p_loc75_load, i32 %p_loc_load, i32 %p_loc149_load, i32 %p_loc150_load, i32 %p_loc148_load, i32 %p_loc152_load, i32 %p_loc153_load, i32 %p_loc151_load, i32 %p_loc146_load, i32 %p_loc147_load, i32 %p_loc145_load, i32 %prev_sum" [codes_lab5/HLS_sources_final/templatedFuncs.h:157]   --->   Operation 351 'call' 'sum' <Predicate = true> <Delay = 7.25> <CoreType = "Generic">   --->   Core 0 '' <Latency = 0> <II = 1> <Delay = 1.00> <Generic> <Opcode : >

State 30 <SV = 29> <Delay = 7.25>
ST_30 : Operation 352 [5/26] (7.25ns)   --->   "%sum = call i32 @conv2D<4>, i2 %trunc_ln148, i32 %p_loc86_load, i32 %p_loc87_load, i32 %p_loc85_load, i32 %p_loc89_load, i32 %p_loc90_load, i32 %p_loc88_load, i32 %p_loc83_load, i32 %p_loc84_load, i32 %p_loc82_load, i32 %p_loc95_load, i32 %p_loc96_load, i32 %p_loc94_load, i32 %p_loc98_load, i32 %p_loc99_load, i32 %p_loc97_load, i32 %p_loc92_load, i32 %p_loc93_load, i32 %p_loc91_load, i32 %p_loc104_load, i32 %p_loc105_load, i32 %p_loc103_load, i32 %p_loc107_load, i32 %p_loc108_load, i32 %p_loc106_load, i32 %p_loc101_load, i32 %p_loc102_load, i32 %p_loc100_load, i32 %p_loc77_load, i32 %p_loc78_load, i32 %p_loc76_load, i32 %p_loc80_load, i32 %p_loc81_load, i32 %p_loc79_load, i32 %p_loc74_load, i32 %p_loc75_load, i32 %p_loc_load, i32 %p_loc149_load, i32 %p_loc150_load, i32 %p_loc148_load, i32 %p_loc152_load, i32 %p_loc153_load, i32 %p_loc151_load, i32 %p_loc146_load, i32 %p_loc147_load, i32 %p_loc145_load, i32 %prev_sum" [codes_lab5/HLS_sources_final/templatedFuncs.h:157]   --->   Operation 352 'call' 'sum' <Predicate = true> <Delay = 7.25> <CoreType = "Generic">   --->   Core 0 '' <Latency = 0> <II = 1> <Delay = 1.00> <Generic> <Opcode : >

State 31 <SV = 30> <Delay = 7.25>
ST_31 : Operation 353 [4/26] (7.25ns)   --->   "%sum = call i32 @conv2D<4>, i2 %trunc_ln148, i32 %p_loc86_load, i32 %p_loc87_load, i32 %p_loc85_load, i32 %p_loc89_load, i32 %p_loc90_load, i32 %p_loc88_load, i32 %p_loc83_load, i32 %p_loc84_load, i32 %p_loc82_load, i32 %p_loc95_load, i32 %p_loc96_load, i32 %p_loc94_load, i32 %p_loc98_load, i32 %p_loc99_load, i32 %p_loc97_load, i32 %p_loc92_load, i32 %p_loc93_load, i32 %p_loc91_load, i32 %p_loc104_load, i32 %p_loc105_load, i32 %p_loc103_load, i32 %p_loc107_load, i32 %p_loc108_load, i32 %p_loc106_load, i32 %p_loc101_load, i32 %p_loc102_load, i32 %p_loc100_load, i32 %p_loc77_load, i32 %p_loc78_load, i32 %p_loc76_load, i32 %p_loc80_load, i32 %p_loc81_load, i32 %p_loc79_load, i32 %p_loc74_load, i32 %p_loc75_load, i32 %p_loc_load, i32 %p_loc149_load, i32 %p_loc150_load, i32 %p_loc148_load, i32 %p_loc152_load, i32 %p_loc153_load, i32 %p_loc151_load, i32 %p_loc146_load, i32 %p_loc147_load, i32 %p_loc145_load, i32 %prev_sum" [codes_lab5/HLS_sources_final/templatedFuncs.h:157]   --->   Operation 353 'call' 'sum' <Predicate = true> <Delay = 7.25> <CoreType = "Generic">   --->   Core 0 '' <Latency = 0> <II = 1> <Delay = 1.00> <Generic> <Opcode : >

State 32 <SV = 31> <Delay = 7.25>
ST_32 : Operation 354 [3/26] (7.25ns)   --->   "%sum = call i32 @conv2D<4>, i2 %trunc_ln148, i32 %p_loc86_load, i32 %p_loc87_load, i32 %p_loc85_load, i32 %p_loc89_load, i32 %p_loc90_load, i32 %p_loc88_load, i32 %p_loc83_load, i32 %p_loc84_load, i32 %p_loc82_load, i32 %p_loc95_load, i32 %p_loc96_load, i32 %p_loc94_load, i32 %p_loc98_load, i32 %p_loc99_load, i32 %p_loc97_load, i32 %p_loc92_load, i32 %p_loc93_load, i32 %p_loc91_load, i32 %p_loc104_load, i32 %p_loc105_load, i32 %p_loc103_load, i32 %p_loc107_load, i32 %p_loc108_load, i32 %p_loc106_load, i32 %p_loc101_load, i32 %p_loc102_load, i32 %p_loc100_load, i32 %p_loc77_load, i32 %p_loc78_load, i32 %p_loc76_load, i32 %p_loc80_load, i32 %p_loc81_load, i32 %p_loc79_load, i32 %p_loc74_load, i32 %p_loc75_load, i32 %p_loc_load, i32 %p_loc149_load, i32 %p_loc150_load, i32 %p_loc148_load, i32 %p_loc152_load, i32 %p_loc153_load, i32 %p_loc151_load, i32 %p_loc146_load, i32 %p_loc147_load, i32 %p_loc145_load, i32 %prev_sum" [codes_lab5/HLS_sources_final/templatedFuncs.h:157]   --->   Operation 354 'call' 'sum' <Predicate = true> <Delay = 7.25> <CoreType = "Generic">   --->   Core 0 '' <Latency = 0> <II = 1> <Delay = 1.00> <Generic> <Opcode : >

State 33 <SV = 32> <Delay = 7.25>
ST_33 : Operation 355 [2/26] (7.25ns)   --->   "%sum = call i32 @conv2D<4>, i2 %trunc_ln148, i32 %p_loc86_load, i32 %p_loc87_load, i32 %p_loc85_load, i32 %p_loc89_load, i32 %p_loc90_load, i32 %p_loc88_load, i32 %p_loc83_load, i32 %p_loc84_load, i32 %p_loc82_load, i32 %p_loc95_load, i32 %p_loc96_load, i32 %p_loc94_load, i32 %p_loc98_load, i32 %p_loc99_load, i32 %p_loc97_load, i32 %p_loc92_load, i32 %p_loc93_load, i32 %p_loc91_load, i32 %p_loc104_load, i32 %p_loc105_load, i32 %p_loc103_load, i32 %p_loc107_load, i32 %p_loc108_load, i32 %p_loc106_load, i32 %p_loc101_load, i32 %p_loc102_load, i32 %p_loc100_load, i32 %p_loc77_load, i32 %p_loc78_load, i32 %p_loc76_load, i32 %p_loc80_load, i32 %p_loc81_load, i32 %p_loc79_load, i32 %p_loc74_load, i32 %p_loc75_load, i32 %p_loc_load, i32 %p_loc149_load, i32 %p_loc150_load, i32 %p_loc148_load, i32 %p_loc152_load, i32 %p_loc153_load, i32 %p_loc151_load, i32 %p_loc146_load, i32 %p_loc147_load, i32 %p_loc145_load, i32 %prev_sum" [codes_lab5/HLS_sources_final/templatedFuncs.h:157]   --->   Operation 355 'call' 'sum' <Predicate = true> <Delay = 7.25> <CoreType = "Generic">   --->   Core 0 '' <Latency = 0> <II = 1> <Delay = 1.00> <Generic> <Opcode : >

State 34 <SV = 33> <Delay = 7.25>
ST_34 : Operation 356 [1/1] (0.00ns)   --->   "%specloopname_ln0 = specloopname void @_ssdm_op_SpecLoopName, void @inCh_VS_HS_str"   --->   Operation 356 'specloopname' 'specloopname_ln0' <Predicate = true> <Delay = 0.00>
ST_34 : Operation 357 [1/1] (0.00ns)   --->   "%empty_128 = speclooptripcount i32 @_ssdm_op_SpecLoopTripCount, i64 2304, i64 2304, i64 2304"   --->   Operation 357 'speclooptripcount' 'empty_128' <Predicate = true> <Delay = 0.00>
ST_34 : Operation 358 [1/1] (0.00ns)   --->   "%specloopname_ln0 = specloopname void @_ssdm_op_SpecLoopName, void @VS_HS_str"   --->   Operation 358 'specloopname' 'specloopname_ln0' <Predicate = true> <Delay = 0.00>
ST_34 : Operation 359 [1/1] (0.00ns)   --->   "%specloopname_ln152 = specloopname void @_ssdm_op_SpecLoopName, void @empty_8" [codes_lab5/HLS_sources_final/templatedFuncs.h:152]   --->   Operation 359 'specloopname' 'specloopname_ln152' <Predicate = true> <Delay = 0.00>
ST_34 : Operation 360 [1/26] (7.25ns)   --->   "%sum = call i32 @conv2D<4>, i2 %trunc_ln148, i32 %p_loc86_load, i32 %p_loc87_load, i32 %p_loc85_load, i32 %p_loc89_load, i32 %p_loc90_load, i32 %p_loc88_load, i32 %p_loc83_load, i32 %p_loc84_load, i32 %p_loc82_load, i32 %p_loc95_load, i32 %p_loc96_load, i32 %p_loc94_load, i32 %p_loc98_load, i32 %p_loc99_load, i32 %p_loc97_load, i32 %p_loc92_load, i32 %p_loc93_load, i32 %p_loc91_load, i32 %p_loc104_load, i32 %p_loc105_load, i32 %p_loc103_load, i32 %p_loc107_load, i32 %p_loc108_load, i32 %p_loc106_load, i32 %p_loc101_load, i32 %p_loc102_load, i32 %p_loc100_load, i32 %p_loc77_load, i32 %p_loc78_load, i32 %p_loc76_load, i32 %p_loc80_load, i32 %p_loc81_load, i32 %p_loc79_load, i32 %p_loc74_load, i32 %p_loc75_load, i32 %p_loc_load, i32 %p_loc149_load, i32 %p_loc150_load, i32 %p_loc148_load, i32 %p_loc152_load, i32 %p_loc153_load, i32 %p_loc151_load, i32 %p_loc146_load, i32 %p_loc147_load, i32 %p_loc145_load, i32 %prev_sum" [codes_lab5/HLS_sources_final/templatedFuncs.h:157]   --->   Operation 360 'call' 'sum' <Predicate = true> <Delay = 7.25> <CoreType = "Generic">   --->   Core 0 '' <Latency = 0> <II = 1> <Delay = 1.00> <Generic> <Opcode : >
ST_34 : Operation 361 [1/1] (0.00ns)   --->   "%br_ln159 = br i1 %select_ln148_6, void %if.else.i, void %if.then.i" [codes_lab5/HLS_sources_final/templatedFuncs.h:159]   --->   Operation 361 'br' 'br_ln159' <Predicate = true> <Delay = 0.00>
ST_34 : Operation 362 [1/1] (0.00ns)   --->   "%br_ln163 = br i1 %trunc_ln152, void %arrayidx358.i2.case.0, void %arrayidx358.i2.case.1" [codes_lab5/HLS_sources_final/templatedFuncs.h:163]   --->   Operation 362 'br' 'br_ln163' <Predicate = (!select_ln148_6)> <Delay = 0.00>

State 35 <SV = 34> <Delay = 3.25>
ST_35 : Operation 363 [1/1] (3.25ns)   --->   "%store_ln163 = store i32 %sum, i11 %mem_3_0_addr" [codes_lab5/HLS_sources_final/templatedFuncs.h:163]   --->   Operation 363 'store' 'store_ln163' <Predicate = (!trunc_ln152)> <Delay = 3.25> <CoreInst = "RAM">   --->   Core 82 'RAM' <Latency = 1> <II = 1> <Delay = 3.25> <Storage> <Opcode : 'load' 'store'> <Ports = 2> <Width = 32> <Depth = 1152> <RAM>
ST_35 : Operation 364 [1/1] (0.00ns)   --->   "%br_ln163 = br void %arrayidx358.i2.exit" [codes_lab5/HLS_sources_final/templatedFuncs.h:163]   --->   Operation 364 'br' 'br_ln163' <Predicate = (!trunc_ln152)> <Delay = 0.00>
ST_35 : Operation 365 [1/1] (3.25ns)   --->   "%store_ln163 = store i32 %sum, i11 %mem_3_1_addr" [codes_lab5/HLS_sources_final/templatedFuncs.h:163]   --->   Operation 365 'store' 'store_ln163' <Predicate = (trunc_ln152)> <Delay = 3.25> <CoreInst = "RAM">   --->   Core 82 'RAM' <Latency = 1> <II = 1> <Delay = 3.25> <Storage> <Opcode : 'load' 'store'> <Ports = 2> <Width = 32> <Depth = 1152> <RAM>
ST_35 : Operation 366 [1/1] (0.00ns)   --->   "%br_ln163 = br void %arrayidx358.i2.exit" [codes_lab5/HLS_sources_final/templatedFuncs.h:163]   --->   Operation 366 'br' 'br_ln163' <Predicate = (trunc_ln152)> <Delay = 0.00>
ST_35 : Operation 367 [1/1] (0.00ns)   --->   "%br_ln0 = br void %for.inc.i"   --->   Operation 367 'br' 'br_ln0' <Predicate = true> <Delay = 0.00>

State 36 <SV = 34> <Delay = 5.43>
ST_36 : Operation 368 [2/2] (5.43ns)   --->   "%tmp_12 = fcmp_olt  i32 %sum, i32 0" [codes_lab5/HLS_sources_final/templatedFuncs.h:61]   --->   Operation 368 'fcmp' 'tmp_12' <Predicate = true> <Delay = 5.43> <CoreInst = "FCompare">   --->   Core 19 'FCompare' <Latency = 1> <II = 1> <Delay = 5.43> <FuncUnit> <Opcode : 'fcmp'> <InPorts = 2> <OutPorts = 1>

State 37 <SV = 35> <Delay = 6.40>
ST_37 : Operation 369 [1/1] (0.00ns)   --->   "%bitcast_ln61 = bitcast i32 %sum" [codes_lab5/HLS_sources_final/templatedFuncs.h:61]   --->   Operation 369 'bitcast' 'bitcast_ln61' <Predicate = true> <Delay = 0.00>
ST_37 : Operation 370 [1/1] (0.00ns)   --->   "%tmp_11 = partselect i8 @_ssdm_op_PartSelect.i8.i32.i32.i32, i32 %bitcast_ln61, i32 23, i32 30" [codes_lab5/HLS_sources_final/templatedFuncs.h:61]   --->   Operation 370 'partselect' 'tmp_11' <Predicate = true> <Delay = 0.00>
ST_37 : Operation 371 [1/1] (0.00ns)   --->   "%trunc_ln61 = trunc i32 %bitcast_ln61" [codes_lab5/HLS_sources_final/templatedFuncs.h:61]   --->   Operation 371 'trunc' 'trunc_ln61' <Predicate = true> <Delay = 0.00>
ST_37 : Operation 372 [1/1] (1.55ns)   --->   "%icmp_ln61 = icmp_ne  i8 %tmp_11, i8 255" [codes_lab5/HLS_sources_final/templatedFuncs.h:61]   --->   Operation 372 'icmp' 'icmp_ln61' <Predicate = true> <Delay = 1.55> <CoreInst = "Cmp">   --->   Core 9 'Cmp' <Latency = 0> <II = 1> <Delay = 1.55> <FuncUnit> <Opcode : 'icmp'> <InPorts = 2> <OutPorts = 1>
ST_37 : Operation 373 [1/1] (2.44ns)   --->   "%icmp_ln61_2 = icmp_eq  i23 %trunc_ln61, i23 0" [codes_lab5/HLS_sources_final/templatedFuncs.h:61]   --->   Operation 373 'icmp' 'icmp_ln61_2' <Predicate = true> <Delay = 2.44> <CoreInst = "Cmp">   --->   Core 9 'Cmp' <Latency = 0> <II = 1> <Delay = 2.44> <FuncUnit> <Opcode : 'icmp'> <InPorts = 2> <OutPorts = 1>
ST_37 : Operation 374 [1/1] (0.00ns) (grouped into LUT with out node select_ln61)   --->   "%or_ln61 = or i1 %icmp_ln61_2, i1 %icmp_ln61" [codes_lab5/HLS_sources_final/templatedFuncs.h:61]   --->   Operation 374 'or' 'or_ln61' <Predicate = true> <Delay = 0.00> <CoreInst = "LogicGate">   --->   Core 74 'LogicGate' <Latency = 0> <II = 1> <Delay = 0.97> <FuncUnit> <Opcode : 'and' 'or' 'xor'> <InPorts = 2> <OutPorts = 1>
ST_37 : Operation 375 [1/2] (5.43ns)   --->   "%tmp_12 = fcmp_olt  i32 %sum, i32 0" [codes_lab5/HLS_sources_final/templatedFuncs.h:61]   --->   Operation 375 'fcmp' 'tmp_12' <Predicate = true> <Delay = 5.43> <CoreInst = "FCompare">   --->   Core 19 'FCompare' <Latency = 1> <II = 1> <Delay = 5.43> <FuncUnit> <Opcode : 'fcmp'> <InPorts = 2> <OutPorts = 1>
ST_37 : Operation 376 [1/1] (0.00ns) (grouped into LUT with out node select_ln61)   --->   "%and_ln61 = and i1 %or_ln61, i1 %tmp_12" [codes_lab5/HLS_sources_final/templatedFuncs.h:61]   --->   Operation 376 'and' 'and_ln61' <Predicate = true> <Delay = 0.00> <CoreInst = "LogicGate">   --->   Core 74 'LogicGate' <Latency = 0> <II = 1> <Delay = 0.97> <FuncUnit> <Opcode : 'and' 'or' 'xor'> <InPorts = 2> <OutPorts = 1>
ST_37 : Operation 377 [1/1] (0.97ns) (out node of the LUT)   --->   "%select_ln61 = select i1 %and_ln61, i32 0, i32 %sum" [codes_lab5/HLS_sources_final/templatedFuncs.h:61]   --->   Operation 377 'select' 'select_ln61' <Predicate = true> <Delay = 0.97> <CoreInst = "Sel">   --->   Core 73 'Sel' <Latency = 0> <II = 1> <Delay = 0.69> <FuncUnit> <Opcode : 'select'> <InPorts = 3> <OutPorts = 1>
ST_37 : Operation 378 [1/1] (0.00ns)   --->   "%br_ln160 = br i1 %trunc_ln152, void %arrayidx358.i2.case.02, void %arrayidx358.i2.case.13" [codes_lab5/HLS_sources_final/templatedFuncs.h:160]   --->   Operation 378 'br' 'br_ln160' <Predicate = true> <Delay = 0.00>

State 38 <SV = 36> <Delay = 3.25>
ST_38 : Operation 379 [1/1] (3.25ns)   --->   "%store_ln160 = store i32 %select_ln61, i11 %mem_3_0_addr" [codes_lab5/HLS_sources_final/templatedFuncs.h:160]   --->   Operation 379 'store' 'store_ln160' <Predicate = (select_ln148_6 & !trunc_ln152)> <Delay = 3.25> <CoreInst = "RAM">   --->   Core 82 'RAM' <Latency = 1> <II = 1> <Delay = 3.25> <Storage> <Opcode : 'load' 'store'> <Ports = 2> <Width = 32> <Depth = 1152> <RAM>
ST_38 : Operation 380 [1/1] (0.00ns)   --->   "%br_ln160 = br void %arrayidx358.i2.exit1" [codes_lab5/HLS_sources_final/templatedFuncs.h:160]   --->   Operation 380 'br' 'br_ln160' <Predicate = (select_ln148_6 & !trunc_ln152)> <Delay = 0.00>
ST_38 : Operation 381 [1/1] (3.25ns)   --->   "%store_ln160 = store i32 %select_ln61, i11 %mem_3_1_addr" [codes_lab5/HLS_sources_final/templatedFuncs.h:160]   --->   Operation 381 'store' 'store_ln160' <Predicate = (select_ln148_6 & trunc_ln152)> <Delay = 3.25> <CoreInst = "RAM">   --->   Core 82 'RAM' <Latency = 1> <II = 1> <Delay = 3.25> <Storage> <Opcode : 'load' 'store'> <Ports = 2> <Width = 32> <Depth = 1152> <RAM>
ST_38 : Operation 382 [1/1] (0.00ns)   --->   "%br_ln160 = br void %arrayidx358.i2.exit1" [codes_lab5/HLS_sources_final/templatedFuncs.h:160]   --->   Operation 382 'br' 'br_ln160' <Predicate = (select_ln148_6 & trunc_ln152)> <Delay = 0.00>
ST_38 : Operation 383 [1/1] (0.00ns)   --->   "%br_ln161 = br void %for.inc.i" [codes_lab5/HLS_sources_final/templatedFuncs.h:161]   --->   Operation 383 'br' 'br_ln161' <Predicate = (select_ln148_6)> <Delay = 0.00>
ST_38 : Operation 384 [1/1] (1.78ns)   --->   "%add_ln152 = add i5 %select_ln150, i5 1" [codes_lab5/HLS_sources_final/templatedFuncs.h:152]   --->   Operation 384 'add' 'add_ln152' <Predicate = true> <Delay = 1.78> <CoreInst = "Adder">   --->   Core 1 'Adder' <Latency = 0> <II = 1> <Delay = 1.78> <FuncUnit> <Opcode : 'add' 'sub'> <InPorts = 2> <OutPorts = 1>
ST_38 : Operation 385 [1/1] (1.73ns)   --->   "%add_ln150_2 = add i10 %indvar_flatten157, i10 1" [codes_lab5/HLS_sources_final/templatedFuncs.h:150]   --->   Operation 385 'add' 'add_ln150_2' <Predicate = (!icmp_ln150)> <Delay = 1.73> <CoreInst = "Adder">   --->   Core 1 'Adder' <Latency = 0> <II = 1> <Delay = 1.73> <FuncUnit> <Opcode : 'add' 'sub'> <InPorts = 2> <OutPorts = 1>
ST_38 : Operation 386 [1/1] (0.68ns)   --->   "%select_ln150_4 = select i1 %icmp_ln150, i10 1, i10 %add_ln150_2" [codes_lab5/HLS_sources_final/templatedFuncs.h:150]   --->   Operation 386 'select' 'select_ln150_4' <Predicate = true> <Delay = 0.68> <CoreInst = "Sel">   --->   Core 73 'Sel' <Latency = 0> <II = 1> <Delay = 0.68> <FuncUnit> <Opcode : 'select'> <InPorts = 3> <OutPorts = 1>
ST_38 : Operation 387 [1/1] (0.00ns)   --->   "%store_ln152 = store i32 %p_loc145_load, i32 %window_i_2_2_promoted170243" [codes_lab5/HLS_sources_final/templatedFuncs.h:152]   --->   Operation 387 'store' 'store_ln152' <Predicate = true> <Delay = 0.00>
ST_38 : Operation 388 [1/1] (0.00ns)   --->   "%store_ln152 = store i32 %p_loc146_load, i32 %window_i_2_0_promoted168239" [codes_lab5/HLS_sources_final/templatedFuncs.h:152]   --->   Operation 388 'store' 'store_ln152' <Predicate = true> <Delay = 0.00>
ST_38 : Operation 389 [1/1] (0.00ns)   --->   "%store_ln152 = store i32 %p_loc147_load, i32 %window_i_2_1_promoted166235" [codes_lab5/HLS_sources_final/templatedFuncs.h:152]   --->   Operation 389 'store' 'store_ln152' <Predicate = true> <Delay = 0.00>
ST_38 : Operation 390 [1/1] (0.00ns)   --->   "%store_ln152 = store i32 %p_loc148_load, i32 %window_i_0_2_promoted164231" [codes_lab5/HLS_sources_final/templatedFuncs.h:152]   --->   Operation 390 'store' 'store_ln152' <Predicate = true> <Delay = 0.00>
ST_38 : Operation 391 [1/1] (0.00ns)   --->   "%store_ln152 = store i32 %p_loc149_load, i32 %window_i_0_0_promoted162227" [codes_lab5/HLS_sources_final/templatedFuncs.h:152]   --->   Operation 391 'store' 'store_ln152' <Predicate = true> <Delay = 0.00>
ST_38 : Operation 392 [1/1] (0.00ns)   --->   "%store_ln152 = store i32 %p_loc150_load, i32 %window_i_0_1_promoted160223" [codes_lab5/HLS_sources_final/templatedFuncs.h:152]   --->   Operation 392 'store' 'store_ln152' <Predicate = true> <Delay = 0.00>
ST_38 : Operation 393 [1/1] (0.00ns)   --->   "%store_ln152 = store i32 %p_loc151_load, i32 %window_i_1_2_promoted158219" [codes_lab5/HLS_sources_final/templatedFuncs.h:152]   --->   Operation 393 'store' 'store_ln152' <Predicate = true> <Delay = 0.00>
ST_38 : Operation 394 [1/1] (0.00ns)   --->   "%store_ln152 = store i32 %p_loc152_load, i32 %window_i_1_0_promoted156215" [codes_lab5/HLS_sources_final/templatedFuncs.h:152]   --->   Operation 394 'store' 'store_ln152' <Predicate = true> <Delay = 0.00>
ST_38 : Operation 395 [1/1] (0.00ns)   --->   "%store_ln152 = store i32 %p_loc153_load, i32 %window_i_1_1_promoted154211" [codes_lab5/HLS_sources_final/templatedFuncs.h:152]   --->   Operation 395 'store' 'store_ln152' <Predicate = true> <Delay = 0.00>
ST_38 : Operation 396 [1/1] (0.00ns)   --->   "%br_ln152 = br void %for.body13.i" [codes_lab5/HLS_sources_final/templatedFuncs.h:152]   --->   Operation 396 'br' 'br_ln152' <Predicate = true> <Delay = 0.00>


============================================================
+ Verbose Summary: Binding
============================================================
STG Binding: 
---------------- STG Properties BEGIN ----------------
- Is combinational: 0
- Is one-state seq: 0
- Is datapath-only: 0
- Is pipelined: 0
- Is top level: 0
Port [ Return ] is wired: 1; IO mode=ap_ctrl_hs:ce=0
Port [ mem_2]:  wired=1; compound=1; hidden=0; nouse=0; global=0; static=0; extern=0; dir=0; type=1; pingpong=1; private_global=0; MemPort=[13]; IO mode=ap_memory:ce=0
Port [ mem_3_0]:  wired=1; compound=1; hidden=0; nouse=0; global=0; static=0; extern=0; dir=2; type=1; pingpong=1; private_global=0; MemPort=[23]; IO mode=ap_memory:ce=0
Port [ mem_3_1]:  wired=1; compound=1; hidden=0; nouse=0; global=0; static=0; extern=0; dir=2; type=1; pingpong=1; private_global=0; MemPort=[23]; IO mode=ap_memory:ce=0
Port [ conv2_weight]:  wired=0; compound=1; hidden=1; nouse=1; global=1; static=1; extern=0; dir=0; type=1; pingpong=0; private_global=0; MemPort=[1]; IO mode=ap_memory:ce=0
Port [ conv2_bias]:  wired=0; compound=1; hidden=1; nouse=0; global=1; static=1; extern=0; dir=0; type=1; pingpong=0; private_global=1; MemPort=[1]; IO mode=ap_memory:ce=0
---------------- STG Properties END ------------------

---------------- Datapath Model BEGIN ----------------

<LifeTime>
<method=bitvector/>
n_f                              (alloca           ) [ 011111111111111111111111111111111111111]
kernel_i_2_1_1_promoted          (alloca           ) [ 001111111111111111111111111111111111111]
kernel_i_2_1_0_promoted          (alloca           ) [ 001111111111111111111111111111111111111]
kernel_i_2_1_2_promoted          (alloca           ) [ 001111111111111111111111111111111111111]
kernel_i_2_0_1_promoted          (alloca           ) [ 001111111111111111111111111111111111111]
kernel_i_2_0_0_promoted          (alloca           ) [ 001111111111111111111111111111111111111]
kernel_i_2_0_2_promoted          (alloca           ) [ 001111111111111111111111111111111111111]
kernel_i_2_2_1_promoted          (alloca           ) [ 001111111111111111111111111111111111111]
kernel_i_2_2_0_promoted          (alloca           ) [ 001111111111111111111111111111111111111]
kernel_i_2_2_2_promoted          (alloca           ) [ 001111111111111111111111111111111111111]
kernel_i_1_1_1_promoted          (alloca           ) [ 001111111111111111111111111111111111111]
kernel_i_1_1_0_promoted          (alloca           ) [ 001111111111111111111111111111111111111]
kernel_i_1_1_2_promoted          (alloca           ) [ 001111111111111111111111111111111111111]
kernel_i_1_0_1_promoted          (alloca           ) [ 001111111111111111111111111111111111111]
kernel_i_1_0_0_promoted          (alloca           ) [ 001111111111111111111111111111111111111]
kernel_i_1_0_2_promoted          (alloca           ) [ 001111111111111111111111111111111111111]
kernel_i_1_2_1_promoted          (alloca           ) [ 001111111111111111111111111111111111111]
kernel_i_1_2_0_promoted          (alloca           ) [ 001111111111111111111111111111111111111]
kernel_i_1_2_2_promoted          (alloca           ) [ 001111111111111111111111111111111111111]
kernel_i_0_1_1_promoted          (alloca           ) [ 001111111111111111111111111111111111111]
kernel_i_0_1_0_promoted          (alloca           ) [ 001111111111111111111111111111111111111]
kernel_i_0_1_2_promoted          (alloca           ) [ 001111111111111111111111111111111111111]
kernel_i_0_0_1_promoted          (alloca           ) [ 001111111111111111111111111111111111111]
kernel_i_0_0_0_promoted          (alloca           ) [ 001111111111111111111111111111111111111]
kernel_i_0_0_2_promoted          (alloca           ) [ 001111111111111111111111111111111111111]
kernel_i_0_2_1_promoted          (alloca           ) [ 001111111111111111111111111111111111111]
kernel_i_0_2_0_promoted          (alloca           ) [ 001111111111111111111111111111111111111]
kernel_i_0_2_2_promoted          (alloca           ) [ 001111111111111111111111111111111111111]
kernel_i_3_1_1_promoted          (alloca           ) [ 001111111111111111111111111111111111111]
kernel_i_3_1_0_promoted          (alloca           ) [ 001111111111111111111111111111111111111]
kernel_i_3_1_2_promoted          (alloca           ) [ 001111111111111111111111111111111111111]
kernel_i_3_0_1_promoted          (alloca           ) [ 001111111111111111111111111111111111111]
kernel_i_3_0_0_promoted          (alloca           ) [ 001111111111111111111111111111111111111]
kernel_i_3_0_2_promoted          (alloca           ) [ 001111111111111111111111111111111111111]
kernel_i_3_2_1_promoted          (alloca           ) [ 001111111111111111111111111111111111111]
kernel_i_3_2_0_promoted          (alloca           ) [ 001111111111111111111111111111111111111]
kernel_i_3_2_2_promoted          (alloca           ) [ 001111111111111111111111111111111111111]
window_i_1_1_promoted154211      (alloca           ) [ 001111111111111111111111111111111111111]
window_i_1_0_promoted156215      (alloca           ) [ 001111111111111111111111111111111111111]
window_i_1_2_promoted158219      (alloca           ) [ 001111111111111111111111111111111111111]
window_i_0_1_promoted160223      (alloca           ) [ 001111111111111111111111111111111111111]
window_i_0_0_promoted162227      (alloca           ) [ 001111111111111111111111111111111111111]
window_i_0_2_promoted164231      (alloca           ) [ 001111111111111111111111111111111111111]
window_i_2_1_promoted166235      (alloca           ) [ 001111111111111111111111111111111111111]
window_i_2_0_promoted168239      (alloca           ) [ 001111111111111111111111111111111111111]
window_i_2_2_promoted170243      (alloca           ) [ 001111111111111111111111111111111111111]
p_loc153                         (alloca           ) [ 001111111111111111111111111111111111111]
p_loc152                         (alloca           ) [ 001111111111111111111111111111111111111]
p_loc151                         (alloca           ) [ 001111111111111111111111111111111111111]
p_loc150                         (alloca           ) [ 001111111111111111111111111111111111111]
p_loc149                         (alloca           ) [ 001111111111111111111111111111111111111]
p_loc148                         (alloca           ) [ 001111111111111111111111111111111111111]
p_loc147                         (alloca           ) [ 001111111111111111111111111111111111111]
p_loc146                         (alloca           ) [ 001111111111111111111111111111111111111]
p_loc145                         (alloca           ) [ 001111111111111111111111111111111111111]
p_loc108                         (alloca           ) [ 001111111111111111111111111111111111111]
p_loc107                         (alloca           ) [ 001111111111111111111111111111111111111]
p_loc106                         (alloca           ) [ 001111111111111111111111111111111111111]
p_loc105                         (alloca           ) [ 001111111111111111111111111111111111111]
p_loc104                         (alloca           ) [ 001111111111111111111111111111111111111]
p_loc103                         (alloca           ) [ 001111111111111111111111111111111111111]
p_loc102                         (alloca           ) [ 001111111111111111111111111111111111111]
p_loc101                         (alloca           ) [ 001111111111111111111111111111111111111]
p_loc100                         (alloca           ) [ 001111111111111111111111111111111111111]
p_loc99                          (alloca           ) [ 001111111111111111111111111111111111111]
p_loc98                          (alloca           ) [ 001111111111111111111111111111111111111]
p_loc97                          (alloca           ) [ 001111111111111111111111111111111111111]
p_loc96                          (alloca           ) [ 001111111111111111111111111111111111111]
p_loc95                          (alloca           ) [ 001111111111111111111111111111111111111]
p_loc94                          (alloca           ) [ 001111111111111111111111111111111111111]
p_loc93                          (alloca           ) [ 001111111111111111111111111111111111111]
p_loc92                          (alloca           ) [ 001111111111111111111111111111111111111]
p_loc91                          (alloca           ) [ 001111111111111111111111111111111111111]
p_loc90                          (alloca           ) [ 001111111111111111111111111111111111111]
p_loc89                          (alloca           ) [ 001111111111111111111111111111111111111]
p_loc88                          (alloca           ) [ 001111111111111111111111111111111111111]
p_loc87                          (alloca           ) [ 001111111111111111111111111111111111111]
p_loc86                          (alloca           ) [ 001111111111111111111111111111111111111]
p_loc85                          (alloca           ) [ 001111111111111111111111111111111111111]
p_loc84                          (alloca           ) [ 001111111111111111111111111111111111111]
p_loc83                          (alloca           ) [ 001111111111111111111111111111111111111]
p_loc82                          (alloca           ) [ 001111111111111111111111111111111111111]
p_loc81                          (alloca           ) [ 001111111111111111111111111111111111111]
p_loc80                          (alloca           ) [ 001111111111111111111111111111111111111]
p_loc79                          (alloca           ) [ 001111111111111111111111111111111111111]
p_loc78                          (alloca           ) [ 001111111111111111111111111111111111111]
p_loc77                          (alloca           ) [ 001111111111111111111111111111111111111]
p_loc76                          (alloca           ) [ 001111111111111111111111111111111111111]
p_loc75                          (alloca           ) [ 001111111111111111111111111111111111111]
p_loc74                          (alloca           ) [ 001111111111111111111111111111111111111]
p_loc                            (alloca           ) [ 001111111111111111111111111111111111111]
store_ln144                      (store            ) [ 000000000000000000000000000000000000000]
br_ln144                         (br               ) [ 000000000000000000000000000000000000000]
n_f_2                            (load             ) [ 000110000000000000000000000000000000000]
icmp_ln144                       (icmp             ) [ 001111111111111111111111111111111111111]
empty                            (speclooptripcount) [ 000000000000000000000000000000000000000]
add_ln144                        (add              ) [ 000111111111111111111111111111111111111]
br_ln144                         (br               ) [ 000000000000000000000000000000000000000]
kernel_i_2_1_1_promoted_load     (load             ) [ 000100000000000000000000000000000000000]
kernel_i_2_1_0_promoted_load     (load             ) [ 000100000000000000000000000000000000000]
kernel_i_2_1_2_promoted_load     (load             ) [ 000100000000000000000000000000000000000]
kernel_i_2_0_1_promoted_load     (load             ) [ 000100000000000000000000000000000000000]
kernel_i_2_0_0_promoted_load     (load             ) [ 000100000000000000000000000000000000000]
kernel_i_2_0_2_promoted_load     (load             ) [ 000100000000000000000000000000000000000]
kernel_i_2_2_1_promoted_load     (load             ) [ 000100000000000000000000000000000000000]
kernel_i_2_2_0_promoted_load     (load             ) [ 000100000000000000000000000000000000000]
kernel_i_2_2_2_promoted_load     (load             ) [ 000100000000000000000000000000000000000]
kernel_i_1_1_1_promoted_load     (load             ) [ 000100000000000000000000000000000000000]
kernel_i_1_1_0_promoted_load     (load             ) [ 000100000000000000000000000000000000000]
kernel_i_1_1_2_promoted_load     (load             ) [ 000100000000000000000000000000000000000]
kernel_i_1_0_1_promoted_load     (load             ) [ 000100000000000000000000000000000000000]
kernel_i_1_0_0_promoted_load     (load             ) [ 000100000000000000000000000000000000000]
kernel_i_1_0_2_promoted_load     (load             ) [ 000100000000000000000000000000000000000]
kernel_i_1_2_1_promoted_load     (load             ) [ 000100000000000000000000000000000000000]
kernel_i_1_2_0_promoted_load     (load             ) [ 000100000000000000000000000000000000000]
kernel_i_1_2_2_promoted_load     (load             ) [ 000100000000000000000000000000000000000]
kernel_i_0_1_1_promoted_load     (load             ) [ 000100000000000000000000000000000000000]
kernel_i_0_1_0_promoted_load     (load             ) [ 000100000000000000000000000000000000000]
kernel_i_0_1_2_promoted_load     (load             ) [ 000100000000000000000000000000000000000]
kernel_i_0_0_1_promoted_load     (load             ) [ 000100000000000000000000000000000000000]
kernel_i_0_0_0_promoted_load     (load             ) [ 000100000000000000000000000000000000000]
kernel_i_0_0_2_promoted_load     (load             ) [ 000100000000000000000000000000000000000]
kernel_i_0_2_1_promoted_load     (load             ) [ 000100000000000000000000000000000000000]
kernel_i_0_2_0_promoted_load     (load             ) [ 000100000000000000000000000000000000000]
kernel_i_0_2_2_promoted_load     (load             ) [ 000100000000000000000000000000000000000]
kernel_i_3_1_1_promoted_load     (load             ) [ 000100000000000000000000000000000000000]
kernel_i_3_1_0_promoted_load     (load             ) [ 000100000000000000000000000000000000000]
kernel_i_3_1_2_promoted_load     (load             ) [ 000100000000000000000000000000000000000]
kernel_i_3_0_1_promoted_load     (load             ) [ 000100000000000000000000000000000000000]
kernel_i_3_0_0_promoted_load     (load             ) [ 000100000000000000000000000000000000000]
kernel_i_3_0_2_promoted_load     (load             ) [ 000100000000000000000000000000000000000]
kernel_i_3_2_1_promoted_load     (load             ) [ 000100000000000000000000000000000000000]
kernel_i_3_2_0_promoted_load     (load             ) [ 000100000000000000000000000000000000000]
kernel_i_3_2_2_promoted_load     (load             ) [ 000100000000000000000000000000000000000]
or_ln                            (bitconcatenate   ) [ 000100000000000000000000000000000000000]
ret_ln33                         (ret              ) [ 000000000000000000000000000000000000000]
zext_ln144                       (zext             ) [ 000000000000000000000000000000000000000]
call_ln30                        (call             ) [ 000000000000000000000000000000000000000]
conv2_bias_addr                  (getelementptr    ) [ 000010000000000000000000000000000000000]
tmp_s                            (bitconcatenate   ) [ 000000000000000000000000000000000000000]
zext_ln30                        (zext             ) [ 000000000000000000000000000000000000000]
tmp_25                           (bitconcatenate   ) [ 000000000000000000000000000000000000000]
zext_ln156                       (zext             ) [ 000000000000000000000000000000000000000]
sub_ln156                        (sub              ) [ 000000000000000000000000000000000000000]
sext_ln144                       (sext             ) [ 000001111111111111111111111111111111111]
specloopname_ln144               (specloopname     ) [ 000000000000000000000000000000000000000]
p_loc_load                       (load             ) [ 000001111111111111111111111111111111111]
p_loc74_load                     (load             ) [ 000001111111111111111111111111111111111]
p_loc75_load                     (load             ) [ 000001111111111111111111111111111111111]
p_loc76_load                     (load             ) [ 000001111111111111111111111111111111111]
p_loc77_load                     (load             ) [ 000001111111111111111111111111111111111]
p_loc78_load                     (load             ) [ 000001111111111111111111111111111111111]
p_loc79_load                     (load             ) [ 000001111111111111111111111111111111111]
p_loc80_load                     (load             ) [ 000001111111111111111111111111111111111]
p_loc81_load                     (load             ) [ 000001111111111111111111111111111111111]
p_loc82_load                     (load             ) [ 000001111111111111111111111111111111111]
p_loc83_load                     (load             ) [ 000001111111111111111111111111111111111]
p_loc84_load                     (load             ) [ 000001111111111111111111111111111111111]
p_loc85_load                     (load             ) [ 000001111111111111111111111111111111111]
p_loc86_load                     (load             ) [ 000001111111111111111111111111111111111]
p_loc87_load                     (load             ) [ 000001111111111111111111111111111111111]
p_loc88_load                     (load             ) [ 000001111111111111111111111111111111111]
p_loc89_load                     (load             ) [ 000001111111111111111111111111111111111]
p_loc90_load                     (load             ) [ 000001111111111111111111111111111111111]
p_loc91_load                     (load             ) [ 000001111111111111111111111111111111111]
p_loc92_load                     (load             ) [ 000001111111111111111111111111111111111]
p_loc93_load                     (load             ) [ 000001111111111111111111111111111111111]
p_loc94_load                     (load             ) [ 000001111111111111111111111111111111111]
p_loc95_load                     (load             ) [ 000001111111111111111111111111111111111]
p_loc96_load                     (load             ) [ 000001111111111111111111111111111111111]
p_loc97_load                     (load             ) [ 000001111111111111111111111111111111111]
p_loc98_load                     (load             ) [ 000001111111111111111111111111111111111]
p_loc99_load                     (load             ) [ 000001111111111111111111111111111111111]
p_loc100_load                    (load             ) [ 000001111111111111111111111111111111111]
p_loc101_load                    (load             ) [ 000001111111111111111111111111111111111]
p_loc102_load                    (load             ) [ 000001111111111111111111111111111111111]
p_loc103_load                    (load             ) [ 000001111111111111111111111111111111111]
p_loc104_load                    (load             ) [ 000001111111111111111111111111111111111]
p_loc105_load                    (load             ) [ 000001111111111111111111111111111111111]
p_loc106_load                    (load             ) [ 000001111111111111111111111111111111111]
p_loc107_load                    (load             ) [ 000001111111111111111111111111111111111]
p_loc108_load                    (load             ) [ 000001111111111111111111111111111111111]
conv2_bias_load                  (load             ) [ 000001111111111111111111111111111111111]
br_ln148                         (br               ) [ 001111111111111111111111111111111111111]
indvar_flatten189                (phi              ) [ 000001000000000000000000000000000000000]
kch                              (phi              ) [ 000001000000000000000000000000000000000]
indvar_flatten157                (phi              ) [ 000001111111111111111111111111111111111]
oh                               (phi              ) [ 000001000000000000000000000000000000000]
ow                               (phi              ) [ 000001100000000000000000000000000000000]
icmp_ln148                       (icmp             ) [ 001111111111111111111111111111111111111]
add_ln148_2                      (add              ) [ 001111111111111111111111111111111111111]
br_ln148                         (br               ) [ 000000000000000000000000000000000000000]
add_ln148                        (add              ) [ 000000000000000000000000000000000000000]
icmp_ln150                       (icmp             ) [ 000000111111111111111111111111111111111]
select_ln148                     (select           ) [ 000000000000000000000000000000000000000]
select_ln148_4                   (select           ) [ 001111111111111111111111111111111111111]
zext_ln52                        (zext             ) [ 000000000000000000000000000000000000000]
mul_ln52                         (mul              ) [ 000000110000000000000000000000000000000]
cmp15_i_mid1                     (icmp             ) [ 000000111000000000000000000000000000000]
cmp15_i63                        (icmp             ) [ 000000111000000000000000000000000000000]
cmp28_i_mid1                     (icmp             ) [ 000000000000000000000000000000000000000]
cmp28_i62                        (icmp             ) [ 000000000000000000000000000000000000000]
select_ln148_6                   (select           ) [ 000000111111111111111111111111111111111]
trunc_ln148                      (trunc            ) [ 000000111111111111111111111111111110000]
xor_ln148                        (xor              ) [ 000000000000000000000000000000000000000]
icmp_ln152                       (icmp             ) [ 000000000000000000000000000000000000000]
and_ln148                        (and              ) [ 000000100000000000000000000000000000000]
add_ln150                        (add              ) [ 000000000000000000000000000000000000000]
select_ln150_3                   (select           ) [ 001111111111111111111111111111111111111]
store_ln144                      (store            ) [ 000000000000000000000000000000000000000]
store_ln144                      (store            ) [ 000000000000000000000000000000000000000]
store_ln144                      (store            ) [ 000000000000000000000000000000000000000]
store_ln144                      (store            ) [ 000000000000000000000000000000000000000]
store_ln144                      (store            ) [ 000000000000000000000000000000000000000]
store_ln144                      (store            ) [ 000000000000000000000000000000000000000]
store_ln144                      (store            ) [ 000000000000000000000000000000000000000]
store_ln144                      (store            ) [ 000000000000000000000000000000000000000]
store_ln144                      (store            ) [ 000000000000000000000000000000000000000]
store_ln144                      (store            ) [ 000000000000000000000000000000000000000]
store_ln144                      (store            ) [ 000000000000000000000000000000000000000]
store_ln144                      (store            ) [ 000000000000000000000000000000000000000]
store_ln144                      (store            ) [ 000000000000000000000000000000000000000]
store_ln144                      (store            ) [ 000000000000000000000000000000000000000]
store_ln144                      (store            ) [ 000000000000000000000000000000000000000]
store_ln144                      (store            ) [ 000000000000000000000000000000000000000]
store_ln144                      (store            ) [ 000000000000000000000000000000000000000]
store_ln144                      (store            ) [ 000000000000000000000000000000000000000]
store_ln144                      (store            ) [ 000000000000000000000000000000000000000]
store_ln144                      (store            ) [ 000000000000000000000000000000000000000]
store_ln144                      (store            ) [ 000000000000000000000000000000000000000]
store_ln144                      (store            ) [ 000000000000000000000000000000000000000]
store_ln144                      (store            ) [ 000000000000000000000000000000000000000]
store_ln144                      (store            ) [ 000000000000000000000000000000000000000]
store_ln144                      (store            ) [ 000000000000000000000000000000000000000]
store_ln144                      (store            ) [ 000000000000000000000000000000000000000]
store_ln144                      (store            ) [ 000000000000000000000000000000000000000]
store_ln144                      (store            ) [ 000000000000000000000000000000000000000]
store_ln144                      (store            ) [ 000000000000000000000000000000000000000]
store_ln144                      (store            ) [ 000000000000000000000000000000000000000]
store_ln144                      (store            ) [ 000000000000000000000000000000000000000]
store_ln144                      (store            ) [ 000000000000000000000000000000000000000]
store_ln144                      (store            ) [ 000000000000000000000000000000000000000]
store_ln144                      (store            ) [ 000000000000000000000000000000000000000]
store_ln144                      (store            ) [ 000000000000000000000000000000000000000]
store_ln144                      (store            ) [ 000000000000000000000000000000000000000]
store_ln144                      (store            ) [ 000000000000000000000000000000000000000]
br_ln144                         (br               ) [ 000000000000000000000000000000000000000]
window_i_1_1_promoted154211_load (load             ) [ 000000010000000000000000000000000000000]
window_i_1_0_promoted156215_load (load             ) [ 000000010000000000000000000000000000000]
window_i_1_2_promoted158219_load (load             ) [ 000000010000000000000000000000000000000]
window_i_0_1_promoted160223_load (load             ) [ 000000010000000000000000000000000000000]
window_i_0_0_promoted162227_load (load             ) [ 000000010000000000000000000000000000000]
window_i_0_2_promoted164231_load (load             ) [ 000000010000000000000000000000000000000]
window_i_2_1_promoted166235_load (load             ) [ 000000010000000000000000000000000000000]
window_i_2_0_promoted168239_load (load             ) [ 000000010000000000000000000000000000000]
window_i_2_2_promoted170243_load (load             ) [ 000000010000000000000000000000000000000]
or_ln150                         (or               ) [ 000000000000000000000000000000000000000]
select_ln150                     (select           ) [ 000000011111111111111111111111111111111]
zext_ln156_6                     (zext             ) [ 000000000000000000000000000000000000000]
add_ln156                        (add              ) [ 000000000000000000000000000000000000000]
trunc_ln156                      (trunc            ) [ 000000000000000000000000000000000000000]
p_shl4                           (bitconcatenate   ) [ 000000000000000000000000000000000000000]
trunc_ln156_1                    (trunc            ) [ 000000000000000000000000000000000000000]
p_shl5                           (bitconcatenate   ) [ 000000000000000000000000000000000000000]
sub_ln156_1                      (sub              ) [ 000000000000000000000000000000000000000]
trunc_ln152                      (trunc            ) [ 000000011111111111111111111111111111111]
lshr_ln                          (partselect       ) [ 000000000000000000000000000000000000000]
zext_ln156_7                     (zext             ) [ 000000000000000000000000000000000000000]
add_ln156_4                      (add              ) [ 000000010000000000000000000000000000000]
call_ln150                       (call             ) [ 000000000000000000000000000000000000000]
zext_ln156_8                     (zext             ) [ 000000000000000000000000000000000000000]
mem_3_0_addr                     (getelementptr    ) [ 000000001111111111111111111111111111111]
mem_3_1_addr                     (getelementptr    ) [ 000000001111111111111111111111111111111]
select_ln148_5                   (select           ) [ 000000000000000000000000000000000000000]
mem_3_0_load                     (load             ) [ 000000000000000000000000000000000000000]
mem_3_1_load                     (load             ) [ 000000000000000000000000000000000000000]
tmp                              (mux              ) [ 000000000000000000000000000000000000000]
prev_sum                         (select           ) [ 000000000111111111111111111111111110000]
p_loc145_load                    (load             ) [ 000000000011111111111111111111111111111]
p_loc146_load                    (load             ) [ 000000000011111111111111111111111111111]
p_loc147_load                    (load             ) [ 000000000011111111111111111111111111111]
p_loc148_load                    (load             ) [ 000000000011111111111111111111111111111]
p_loc149_load                    (load             ) [ 000000000011111111111111111111111111111]
p_loc150_load                    (load             ) [ 000000000011111111111111111111111111111]
p_loc151_load                    (load             ) [ 000000000011111111111111111111111111111]
p_loc152_load                    (load             ) [ 000000000011111111111111111111111111111]
p_loc153_load                    (load             ) [ 000000000011111111111111111111111111111]
specloopname_ln0                 (specloopname     ) [ 000000000000000000000000000000000000000]
empty_128                        (speclooptripcount) [ 000000000000000000000000000000000000000]
specloopname_ln0                 (specloopname     ) [ 000000000000000000000000000000000000000]
specloopname_ln152               (specloopname     ) [ 000000000000000000000000000000000000000]
sum                              (call             ) [ 000000000000000000000000000000000001110]
br_ln159                         (br               ) [ 000000000000000000000000000000000000000]
br_ln163                         (br               ) [ 000000000000000000000000000000000000000]
store_ln163                      (store            ) [ 000000000000000000000000000000000000000]
br_ln163                         (br               ) [ 000000000000000000000000000000000000000]
store_ln163                      (store            ) [ 000000000000000000000000000000000000000]
br_ln163                         (br               ) [ 000000000000000000000000000000000000000]
br_ln0                           (br               ) [ 000000000000000000000000000000000000000]
bitcast_ln61                     (bitcast          ) [ 000000000000000000000000000000000000000]
tmp_11                           (partselect       ) [ 000000000000000000000000000000000000000]
trunc_ln61                       (trunc            ) [ 000000000000000000000000000000000000000]
icmp_ln61                        (icmp             ) [ 000000000000000000000000000000000000000]
icmp_ln61_2                      (icmp             ) [ 000000000000000000000000000000000000000]
or_ln61                          (or               ) [ 000000000000000000000000000000000000000]
tmp_12                           (fcmp             ) [ 000000000000000000000000000000000000000]
and_ln61                         (and              ) [ 000000000000000000000000000000000000000]
select_ln61                      (select           ) [ 001111111111111111111111111111111111001]
br_ln160                         (br               ) [ 000000000000000000000000000000000000000]
store_ln160                      (store            ) [ 000000000000000000000000000000000000000]
br_ln160                         (br               ) [ 000000000000000000000000000000000000000]
store_ln160                      (store            ) [ 000000000000000000000000000000000000000]
br_ln160                         (br               ) [ 000000000000000000000000000000000000000]
br_ln161                         (br               ) [ 000000000000000000000000000000000000000]
add_ln152                        (add              ) [ 001111111111111111111111111111111111111]
add_ln150_2                      (add              ) [ 000000000000000000000000000000000000000]
select_ln150_4                   (select           ) [ 001111111111111111111111111111111111111]
store_ln152                      (store            ) [ 000000000000000000000000000000000000000]
store_ln152                      (store            ) [ 000000000000000000000000000000000000000]
store_ln152                      (store            ) [ 000000000000000000000000000000000000000]
store_ln152                      (store            ) [ 000000000000000000000000000000000000000]
store_ln152                      (store            ) [ 000000000000000000000000000000000000000]
store_ln152                      (store            ) [ 000000000000000000000000000000000000000]
store_ln152                      (store            ) [ 000000000000000000000000000000000000000]
store_ln152                      (store            ) [ 000000000000000000000000000000000000000]
store_ln152                      (store            ) [ 000000000000000000000000000000000000000]
br_ln152                         (br               ) [ 001111111111111111111111111111111111111]
</LifeTime>

<model>

<comp_list>
<comp id="0" class="1000" name="mem_2">
<pin_list>
<pin id="1" dir="1" index="0" bw="1" slack="0"/>
</pin_list>
<bind>
<StgValue><ssdm name="mem_2"/><MemPortTyVec>1 3 </MemPortTyVec>
</StgValue>
</bind>
</comp>

<comp id="2" class="1000" name="mem_3_0">
<pin_list>
<pin id="3" dir="1" index="0" bw="1" slack="0"/>
</pin_list>
<bind>
<StgValue><ssdm name="mem_3_0"/><MemPortTyVec>2 3 </MemPortTyVec>
</StgValue>
</bind>
</comp>

<comp id="4" class="1000" name="mem_3_1">
<pin_list>
<pin id="5" dir="1" index="0" bw="1" slack="0"/>
</pin_list>
<bind>
<StgValue><ssdm name="mem_3_1"/><MemPortTyVec>2 3 </MemPortTyVec>
</StgValue>
</bind>
</comp>

<comp id="6" class="1000" name="conv2_weight">
<pin_list>
<pin id="7" dir="1" index="0" bw="1" slack="0"/>
</pin_list>
<bind>
<StgValue><ssdm name="conv2_weight"/><MemPortTyVec>1 </MemPortTyVec>
</StgValue>
</bind>
</comp>

<comp id="8" class="1000" name="conv2_bias">
<pin_list>
<pin id="9" dir="1" index="0" bw="1" slack="0"/>
</pin_list>
<bind>
<StgValue><ssdm name="conv2_bias"/><MemPortTyVec>1 </MemPortTyVec>
</StgValue>
</bind>
</comp>

<comp id="10" class="1001" name="const_10">
<pin_list>
<pin id="11" dir="1" index="0" bw="1" slack="0"/>
</pin_list>
<bind>
<StgValue><ssdm name=""/></StgValue>
</bind>
</comp>

<comp id="12" class="1001" name="const_12">
<pin_list>
<pin id="13" dir="1" index="0" bw="1" slack="0"/>
</pin_list>
<bind>
<StgValue><ssdm name=""/></StgValue>
</bind>
</comp>

<comp id="14" class="1001" name="const_14">
<pin_list>
<pin id="15" dir="1" index="0" bw="1" slack="0"/>
</pin_list>
<bind>
<StgValue><ssdm name=""/></StgValue>
</bind>
</comp>

<comp id="16" class="1001" name="const_16">
<pin_list>
<pin id="17" dir="1" index="0" bw="1" slack="0"/>
</pin_list>
<bind>
<StgValue><ssdm name=""/></StgValue>
</bind>
</comp>

<comp id="18" class="1001" name="const_18">
<pin_list>
<pin id="19" dir="1" index="0" bw="1" slack="2147483647"/>
</pin_list>
<bind>
<StgValue><ssdm name="_ssdm_op_SpecLoopTripCount"/></StgValue>
</bind>
</comp>

<comp id="20" class="1001" name="const_20">
<pin_list>
<pin id="21" dir="1" index="0" bw="1" slack="2147483647"/>
</pin_list>
<bind>
<StgValue><ssdm name=""/></StgValue>
</bind>
</comp>

<comp id="22" class="1001" name="const_22">
<pin_list>
<pin id="23" dir="1" index="0" bw="1" slack="0"/>
</pin_list>
<bind>
<StgValue><ssdm name=""/></StgValue>
</bind>
</comp>

<comp id="24" class="1001" name="const_24">
<pin_list>
<pin id="25" dir="1" index="0" bw="1" slack="0"/>
</pin_list>
<bind>
<StgValue><ssdm name="_ssdm_op_BitConcatenate.i8.i3.i3.i2"/></StgValue>
</bind>
</comp>

<comp id="26" class="1001" name="const_26">
<pin_list>
<pin id="27" dir="1" index="0" bw="1" slack="0"/>
</pin_list>
<bind>
<StgValue><ssdm name=""/></StgValue>
</bind>
</comp>

<comp id="28" class="1001" name="const_28">
<pin_list>
<pin id="29" dir="1" index="0" bw="1" slack="0"/>
</pin_list>
<bind>
<StgValue><ssdm name="conv2_Pipeline_Fil_load_ch_Fil_load_r_Fil_load_c"/></StgValue>
</bind>
</comp>

<comp id="30" class="1001" name="const_30">
<pin_list>
<pin id="31" dir="1" index="0" bw="1" slack="0"/>
</pin_list>
<bind>
<StgValue><ssdm name=""/></StgValue>
</bind>
</comp>

<comp id="32" class="1001" name="const_32">
<pin_list>
<pin id="33" dir="1" index="0" bw="1" slack="0"/>
</pin_list>
<bind>
<StgValue><ssdm name="_ssdm_op_BitConcatenate.i8.i3.i5"/></StgValue>
</bind>
</comp>

<comp id="34" class="1001" name="const_34">
<pin_list>
<pin id="35" dir="1" index="0" bw="1" slack="0"/>
</pin_list>
<bind>
<StgValue><ssdm name=""/></StgValue>
</bind>
</comp>

<comp id="36" class="1001" name="const_36">
<pin_list>
<pin id="37" dir="1" index="0" bw="1" slack="0"/>
</pin_list>
<bind>
<StgValue><ssdm name="_ssdm_op_BitConcatenate.i6.i3.i3"/></StgValue>
</bind>
</comp>

<comp id="38" class="1001" name="const_38">
<pin_list>
<pin id="39" dir="1" index="0" bw="1" slack="2147483647"/>
</pin_list>
<bind>
<StgValue><ssdm name="_ssdm_op_SpecLoopName"/></StgValue>
</bind>
</comp>

<comp id="40" class="1001" name="const_40">
<pin_list>
<pin id="41" dir="1" index="0" bw="1" slack="2147483647"/>
</pin_list>
<bind>
<StgValue><ssdm name="empty_7"/></StgValue>
</bind>
</comp>

<comp id="42" class="1001" name="const_42">
<pin_list>
<pin id="43" dir="1" index="0" bw="1" slack="1"/>
</pin_list>
<bind>
<StgValue><ssdm name=""/></StgValue>
</bind>
</comp>

<comp id="44" class="1001" name="const_44">
<pin_list>
<pin id="45" dir="1" index="0" bw="1" slack="1"/>
</pin_list>
<bind>
<StgValue><ssdm name=""/></StgValue>
</bind>
</comp>

<comp id="46" class="1001" name="const_46">
<pin_list>
<pin id="47" dir="1" index="0" bw="1" slack="0"/>
</pin_list>
<bind>
<StgValue><ssdm name=""/></StgValue>
</bind>
</comp>

<comp id="48" class="1001" name="const_48">
<pin_list>
<pin id="49" dir="1" index="0" bw="1" slack="0"/>
</pin_list>
<bind>
<StgValue><ssdm name=""/></StgValue>
</bind>
</comp>

<comp id="50" class="1001" name="const_50">
<pin_list>
<pin id="51" dir="1" index="0" bw="1" slack="0"/>
</pin_list>
<bind>
<StgValue><ssdm name=""/></StgValue>
</bind>
</comp>

<comp id="52" class="1001" name="const_52">
<pin_list>
<pin id="53" dir="1" index="0" bw="1" slack="0"/>
</pin_list>
<bind>
<StgValue><ssdm name=""/></StgValue>
</bind>
</comp>

<comp id="54" class="1001" name="const_54">
<pin_list>
<pin id="55" dir="1" index="0" bw="1" slack="0"/>
</pin_list>
<bind>
<StgValue><ssdm name=""/></StgValue>
</bind>
</comp>

<comp id="56" class="1001" name="const_56">
<pin_list>
<pin id="57" dir="1" index="0" bw="1" slack="0"/>
</pin_list>
<bind>
<StgValue><ssdm name=""/></StgValue>
</bind>
</comp>

<comp id="58" class="1001" name="const_58">
<pin_list>
<pin id="59" dir="1" index="0" bw="1" slack="0"/>
</pin_list>
<bind>
<StgValue><ssdm name=""/></StgValue>
</bind>
</comp>

<comp id="60" class="1001" name="const_60">
<pin_list>
<pin id="61" dir="1" index="0" bw="1" slack="0"/>
</pin_list>
<bind>
<StgValue><ssdm name=""/></StgValue>
</bind>
</comp>

<comp id="62" class="1001" name="const_62">
<pin_list>
<pin id="63" dir="1" index="0" bw="1" slack="0"/>
</pin_list>
<bind>
<StgValue><ssdm name="_ssdm_op_BitConcatenate.i11.i7.i4"/></StgValue>
</bind>
</comp>

<comp id="64" class="1001" name="const_64">
<pin_list>
<pin id="65" dir="1" index="0" bw="1" slack="0"/>
</pin_list>
<bind>
<StgValue><ssdm name=""/></StgValue>
</bind>
</comp>

<comp id="66" class="1001" name="const_66">
<pin_list>
<pin id="67" dir="1" index="0" bw="1" slack="0"/>
</pin_list>
<bind>
<StgValue><ssdm name="_ssdm_op_BitConcatenate.i11.i9.i2"/></StgValue>
</bind>
</comp>

<comp id="68" class="1001" name="const_68">
<pin_list>
<pin id="69" dir="1" index="0" bw="1" slack="0"/>
</pin_list>
<bind>
<StgValue><ssdm name="conv2_Pipeline_loadWin1_VITIS_LOOP_50_1"/></StgValue>
</bind>
</comp>

<comp id="70" class="1001" name="const_70">
<pin_list>
<pin id="71" dir="1" index="0" bw="1" slack="0"/>
</pin_list>
<bind>
<StgValue><ssdm name="_ssdm_op_PartSelect.i4.i5.i32.i32"/></StgValue>
</bind>
</comp>

<comp id="72" class="1001" name="const_72">
<pin_list>
<pin id="73" dir="1" index="0" bw="1" slack="0"/>
</pin_list>
<bind>
<StgValue><ssdm name=""/></StgValue>
</bind>
</comp>

<comp id="74" class="1001" name="const_74">
<pin_list>
<pin id="75" dir="1" index="0" bw="1" slack="0"/>
</pin_list>
<bind>
<StgValue><ssdm name="_ssdm_op_Mux.ap_auto.2float.i1"/></StgValue>
</bind>
</comp>

<comp id="76" class="1001" name="const_76">
<pin_list>
<pin id="77" dir="1" index="0" bw="1" slack="0"/>
</pin_list>
<bind>
<StgValue><ssdm name="conv2D<4>"/></StgValue>
</bind>
</comp>

<comp id="78" class="1001" name="const_78">
<pin_list>
<pin id="79" dir="1" index="0" bw="1" slack="2147483647"/>
</pin_list>
<bind>
<StgValue><ssdm name="inCh_VS_HS_str"/></StgValue>
</bind>
</comp>

<comp id="80" class="1001" name="const_80">
<pin_list>
<pin id="81" dir="1" index="0" bw="1" slack="2147483647"/>
</pin_list>
<bind>
<StgValue><ssdm name=""/></StgValue>
</bind>
</comp>

<comp id="82" class="1001" name="const_82">
<pin_list>
<pin id="83" dir="1" index="0" bw="1" slack="2147483647"/>
</pin_list>
<bind>
<StgValue><ssdm name="VS_HS_str"/></StgValue>
</bind>
</comp>

<comp id="84" class="1001" name="const_84">
<pin_list>
<pin id="85" dir="1" index="0" bw="1" slack="2147483647"/>
</pin_list>
<bind>
<StgValue><ssdm name="empty_8"/></StgValue>
</bind>
</comp>

<comp id="86" class="1001" name="const_86">
<pin_list>
<pin id="87" dir="1" index="0" bw="1" slack="0"/>
</pin_list>
<bind>
<StgValue><ssdm name=""/></StgValue>
</bind>
</comp>

<comp id="88" class="1001" name="const_88">
<pin_list>
<pin id="89" dir="1" index="0" bw="1" slack="0"/>
</pin_list>
<bind>
<StgValue><ssdm name="_ssdm_op_PartSelect.i8.i32.i32.i32"/></StgValue>
</bind>
</comp>

<comp id="90" class="1001" name="const_90">
<pin_list>
<pin id="91" dir="1" index="0" bw="1" slack="0"/>
</pin_list>
<bind>
<StgValue><ssdm name=""/></StgValue>
</bind>
</comp>

<comp id="92" class="1001" name="const_92">
<pin_list>
<pin id="93" dir="1" index="0" bw="1" slack="0"/>
</pin_list>
<bind>
<StgValue><ssdm name=""/></StgValue>
</bind>
</comp>

<comp id="94" class="1001" name="const_94">
<pin_list>
<pin id="95" dir="1" index="0" bw="1" slack="0"/>
</pin_list>
<bind>
<StgValue><ssdm name=""/></StgValue>
</bind>
</comp>

<comp id="96" class="1001" name="const_96">
<pin_list>
<pin id="97" dir="1" index="0" bw="1" slack="0"/>
</pin_list>
<bind>
<StgValue><ssdm name=""/></StgValue>
</bind>
</comp>

<comp id="98" class="1001" name="const_98">
<pin_list>
<pin id="99" dir="1" index="0" bw="1" slack="0"/>
</pin_list>
<bind>
<StgValue><ssdm name=""/></StgValue>
</bind>
</comp>

<comp id="100" class="1004" name="n_f_fu_100">
<pin_list>
<pin id="101" dir="0" index="0" bw="1" slack="0"/>
<pin id="102" dir="1" index="1" bw="3" slack="0"/>
</pin_list>
<bind>
<opcode="alloca(26) " fcode="alloca"/>
<opset="n_f/1 "/>
</bind>
</comp>

<comp id="104" class="1004" name="kernel_i_2_1_1_promoted_fu_104">
<pin_list>
<pin id="105" dir="0" index="0" bw="1" slack="0"/>
<pin id="106" dir="1" index="1" bw="32" slack="1"/>
</pin_list>
<bind>
<opcode="alloca(26) " fcode="alloca"/>
<opset="kernel_i_2_1_1_promoted/1 "/>
</bind>
</comp>

<comp id="108" class="1004" name="kernel_i_2_1_0_promoted_fu_108">
<pin_list>
<pin id="109" dir="0" index="0" bw="1" slack="0"/>
<pin id="110" dir="1" index="1" bw="32" slack="1"/>
</pin_list>
<bind>
<opcode="alloca(26) " fcode="alloca"/>
<opset="kernel_i_2_1_0_promoted/1 "/>
</bind>
</comp>

<comp id="112" class="1004" name="kernel_i_2_1_2_promoted_fu_112">
<pin_list>
<pin id="113" dir="0" index="0" bw="1" slack="0"/>
<pin id="114" dir="1" index="1" bw="32" slack="1"/>
</pin_list>
<bind>
<opcode="alloca(26) " fcode="alloca"/>
<opset="kernel_i_2_1_2_promoted/1 "/>
</bind>
</comp>

<comp id="116" class="1004" name="kernel_i_2_0_1_promoted_fu_116">
<pin_list>
<pin id="117" dir="0" index="0" bw="1" slack="0"/>
<pin id="118" dir="1" index="1" bw="32" slack="1"/>
</pin_list>
<bind>
<opcode="alloca(26) " fcode="alloca"/>
<opset="kernel_i_2_0_1_promoted/1 "/>
</bind>
</comp>

<comp id="120" class="1004" name="kernel_i_2_0_0_promoted_fu_120">
<pin_list>
<pin id="121" dir="0" index="0" bw="1" slack="0"/>
<pin id="122" dir="1" index="1" bw="32" slack="1"/>
</pin_list>
<bind>
<opcode="alloca(26) " fcode="alloca"/>
<opset="kernel_i_2_0_0_promoted/1 "/>
</bind>
</comp>

<comp id="124" class="1004" name="kernel_i_2_0_2_promoted_fu_124">
<pin_list>
<pin id="125" dir="0" index="0" bw="1" slack="0"/>
<pin id="126" dir="1" index="1" bw="32" slack="1"/>
</pin_list>
<bind>
<opcode="alloca(26) " fcode="alloca"/>
<opset="kernel_i_2_0_2_promoted/1 "/>
</bind>
</comp>

<comp id="128" class="1004" name="kernel_i_2_2_1_promoted_fu_128">
<pin_list>
<pin id="129" dir="0" index="0" bw="1" slack="0"/>
<pin id="130" dir="1" index="1" bw="32" slack="1"/>
</pin_list>
<bind>
<opcode="alloca(26) " fcode="alloca"/>
<opset="kernel_i_2_2_1_promoted/1 "/>
</bind>
</comp>

<comp id="132" class="1004" name="kernel_i_2_2_0_promoted_fu_132">
<pin_list>
<pin id="133" dir="0" index="0" bw="1" slack="0"/>
<pin id="134" dir="1" index="1" bw="32" slack="1"/>
</pin_list>
<bind>
<opcode="alloca(26) " fcode="alloca"/>
<opset="kernel_i_2_2_0_promoted/1 "/>
</bind>
</comp>

<comp id="136" class="1004" name="kernel_i_2_2_2_promoted_fu_136">
<pin_list>
<pin id="137" dir="0" index="0" bw="1" slack="0"/>
<pin id="138" dir="1" index="1" bw="32" slack="1"/>
</pin_list>
<bind>
<opcode="alloca(26) " fcode="alloca"/>
<opset="kernel_i_2_2_2_promoted/1 "/>
</bind>
</comp>

<comp id="140" class="1004" name="kernel_i_1_1_1_promoted_fu_140">
<pin_list>
<pin id="141" dir="0" index="0" bw="1" slack="0"/>
<pin id="142" dir="1" index="1" bw="32" slack="1"/>
</pin_list>
<bind>
<opcode="alloca(26) " fcode="alloca"/>
<opset="kernel_i_1_1_1_promoted/1 "/>
</bind>
</comp>

<comp id="144" class="1004" name="kernel_i_1_1_0_promoted_fu_144">
<pin_list>
<pin id="145" dir="0" index="0" bw="1" slack="0"/>
<pin id="146" dir="1" index="1" bw="32" slack="1"/>
</pin_list>
<bind>
<opcode="alloca(26) " fcode="alloca"/>
<opset="kernel_i_1_1_0_promoted/1 "/>
</bind>
</comp>

<comp id="148" class="1004" name="kernel_i_1_1_2_promoted_fu_148">
<pin_list>
<pin id="149" dir="0" index="0" bw="1" slack="0"/>
<pin id="150" dir="1" index="1" bw="32" slack="1"/>
</pin_list>
<bind>
<opcode="alloca(26) " fcode="alloca"/>
<opset="kernel_i_1_1_2_promoted/1 "/>
</bind>
</comp>

<comp id="152" class="1004" name="kernel_i_1_0_1_promoted_fu_152">
<pin_list>
<pin id="153" dir="0" index="0" bw="1" slack="0"/>
<pin id="154" dir="1" index="1" bw="32" slack="1"/>
</pin_list>
<bind>
<opcode="alloca(26) " fcode="alloca"/>
<opset="kernel_i_1_0_1_promoted/1 "/>
</bind>
</comp>

<comp id="156" class="1004" name="kernel_i_1_0_0_promoted_fu_156">
<pin_list>
<pin id="157" dir="0" index="0" bw="1" slack="0"/>
<pin id="158" dir="1" index="1" bw="32" slack="1"/>
</pin_list>
<bind>
<opcode="alloca(26) " fcode="alloca"/>
<opset="kernel_i_1_0_0_promoted/1 "/>
</bind>
</comp>

<comp id="160" class="1004" name="kernel_i_1_0_2_promoted_fu_160">
<pin_list>
<pin id="161" dir="0" index="0" bw="1" slack="0"/>
<pin id="162" dir="1" index="1" bw="32" slack="1"/>
</pin_list>
<bind>
<opcode="alloca(26) " fcode="alloca"/>
<opset="kernel_i_1_0_2_promoted/1 "/>
</bind>
</comp>

<comp id="164" class="1004" name="kernel_i_1_2_1_promoted_fu_164">
<pin_list>
<pin id="165" dir="0" index="0" bw="1" slack="0"/>
<pin id="166" dir="1" index="1" bw="32" slack="1"/>
</pin_list>
<bind>
<opcode="alloca(26) " fcode="alloca"/>
<opset="kernel_i_1_2_1_promoted/1 "/>
</bind>
</comp>

<comp id="168" class="1004" name="kernel_i_1_2_0_promoted_fu_168">
<pin_list>
<pin id="169" dir="0" index="0" bw="1" slack="0"/>
<pin id="170" dir="1" index="1" bw="32" slack="1"/>
</pin_list>
<bind>
<opcode="alloca(26) " fcode="alloca"/>
<opset="kernel_i_1_2_0_promoted/1 "/>
</bind>
</comp>

<comp id="172" class="1004" name="kernel_i_1_2_2_promoted_fu_172">
<pin_list>
<pin id="173" dir="0" index="0" bw="1" slack="0"/>
<pin id="174" dir="1" index="1" bw="32" slack="1"/>
</pin_list>
<bind>
<opcode="alloca(26) " fcode="alloca"/>
<opset="kernel_i_1_2_2_promoted/1 "/>
</bind>
</comp>

<comp id="176" class="1004" name="kernel_i_0_1_1_promoted_fu_176">
<pin_list>
<pin id="177" dir="0" index="0" bw="1" slack="0"/>
<pin id="178" dir="1" index="1" bw="32" slack="1"/>
</pin_list>
<bind>
<opcode="alloca(26) " fcode="alloca"/>
<opset="kernel_i_0_1_1_promoted/1 "/>
</bind>
</comp>

<comp id="180" class="1004" name="kernel_i_0_1_0_promoted_fu_180">
<pin_list>
<pin id="181" dir="0" index="0" bw="1" slack="0"/>
<pin id="182" dir="1" index="1" bw="32" slack="1"/>
</pin_list>
<bind>
<opcode="alloca(26) " fcode="alloca"/>
<opset="kernel_i_0_1_0_promoted/1 "/>
</bind>
</comp>

<comp id="184" class="1004" name="kernel_i_0_1_2_promoted_fu_184">
<pin_list>
<pin id="185" dir="0" index="0" bw="1" slack="0"/>
<pin id="186" dir="1" index="1" bw="32" slack="1"/>
</pin_list>
<bind>
<opcode="alloca(26) " fcode="alloca"/>
<opset="kernel_i_0_1_2_promoted/1 "/>
</bind>
</comp>

<comp id="188" class="1004" name="kernel_i_0_0_1_promoted_fu_188">
<pin_list>
<pin id="189" dir="0" index="0" bw="1" slack="0"/>
<pin id="190" dir="1" index="1" bw="32" slack="1"/>
</pin_list>
<bind>
<opcode="alloca(26) " fcode="alloca"/>
<opset="kernel_i_0_0_1_promoted/1 "/>
</bind>
</comp>

<comp id="192" class="1004" name="kernel_i_0_0_0_promoted_fu_192">
<pin_list>
<pin id="193" dir="0" index="0" bw="1" slack="0"/>
<pin id="194" dir="1" index="1" bw="32" slack="1"/>
</pin_list>
<bind>
<opcode="alloca(26) " fcode="alloca"/>
<opset="kernel_i_0_0_0_promoted/1 "/>
</bind>
</comp>

<comp id="196" class="1004" name="kernel_i_0_0_2_promoted_fu_196">
<pin_list>
<pin id="197" dir="0" index="0" bw="1" slack="0"/>
<pin id="198" dir="1" index="1" bw="32" slack="1"/>
</pin_list>
<bind>
<opcode="alloca(26) " fcode="alloca"/>
<opset="kernel_i_0_0_2_promoted/1 "/>
</bind>
</comp>

<comp id="200" class="1004" name="kernel_i_0_2_1_promoted_fu_200">
<pin_list>
<pin id="201" dir="0" index="0" bw="1" slack="0"/>
<pin id="202" dir="1" index="1" bw="32" slack="1"/>
</pin_list>
<bind>
<opcode="alloca(26) " fcode="alloca"/>
<opset="kernel_i_0_2_1_promoted/1 "/>
</bind>
</comp>

<comp id="204" class="1004" name="kernel_i_0_2_0_promoted_fu_204">
<pin_list>
<pin id="205" dir="0" index="0" bw="1" slack="0"/>
<pin id="206" dir="1" index="1" bw="32" slack="1"/>
</pin_list>
<bind>
<opcode="alloca(26) " fcode="alloca"/>
<opset="kernel_i_0_2_0_promoted/1 "/>
</bind>
</comp>

<comp id="208" class="1004" name="kernel_i_0_2_2_promoted_fu_208">
<pin_list>
<pin id="209" dir="0" index="0" bw="1" slack="0"/>
<pin id="210" dir="1" index="1" bw="32" slack="1"/>
</pin_list>
<bind>
<opcode="alloca(26) " fcode="alloca"/>
<opset="kernel_i_0_2_2_promoted/1 "/>
</bind>
</comp>

<comp id="212" class="1004" name="kernel_i_3_1_1_promoted_fu_212">
<pin_list>
<pin id="213" dir="0" index="0" bw="1" slack="0"/>
<pin id="214" dir="1" index="1" bw="32" slack="1"/>
</pin_list>
<bind>
<opcode="alloca(26) " fcode="alloca"/>
<opset="kernel_i_3_1_1_promoted/1 "/>
</bind>
</comp>

<comp id="216" class="1004" name="kernel_i_3_1_0_promoted_fu_216">
<pin_list>
<pin id="217" dir="0" index="0" bw="1" slack="0"/>
<pin id="218" dir="1" index="1" bw="32" slack="1"/>
</pin_list>
<bind>
<opcode="alloca(26) " fcode="alloca"/>
<opset="kernel_i_3_1_0_promoted/1 "/>
</bind>
</comp>

<comp id="220" class="1004" name="kernel_i_3_1_2_promoted_fu_220">
<pin_list>
<pin id="221" dir="0" index="0" bw="1" slack="0"/>
<pin id="222" dir="1" index="1" bw="32" slack="1"/>
</pin_list>
<bind>
<opcode="alloca(26) " fcode="alloca"/>
<opset="kernel_i_3_1_2_promoted/1 "/>
</bind>
</comp>

<comp id="224" class="1004" name="kernel_i_3_0_1_promoted_fu_224">
<pin_list>
<pin id="225" dir="0" index="0" bw="1" slack="0"/>
<pin id="226" dir="1" index="1" bw="32" slack="1"/>
</pin_list>
<bind>
<opcode="alloca(26) " fcode="alloca"/>
<opset="kernel_i_3_0_1_promoted/1 "/>
</bind>
</comp>

<comp id="228" class="1004" name="kernel_i_3_0_0_promoted_fu_228">
<pin_list>
<pin id="229" dir="0" index="0" bw="1" slack="0"/>
<pin id="230" dir="1" index="1" bw="32" slack="1"/>
</pin_list>
<bind>
<opcode="alloca(26) " fcode="alloca"/>
<opset="kernel_i_3_0_0_promoted/1 "/>
</bind>
</comp>

<comp id="232" class="1004" name="kernel_i_3_0_2_promoted_fu_232">
<pin_list>
<pin id="233" dir="0" index="0" bw="1" slack="0"/>
<pin id="234" dir="1" index="1" bw="32" slack="1"/>
</pin_list>
<bind>
<opcode="alloca(26) " fcode="alloca"/>
<opset="kernel_i_3_0_2_promoted/1 "/>
</bind>
</comp>

<comp id="236" class="1004" name="kernel_i_3_2_1_promoted_fu_236">
<pin_list>
<pin id="237" dir="0" index="0" bw="1" slack="0"/>
<pin id="238" dir="1" index="1" bw="32" slack="1"/>
</pin_list>
<bind>
<opcode="alloca(26) " fcode="alloca"/>
<opset="kernel_i_3_2_1_promoted/1 "/>
</bind>
</comp>

<comp id="240" class="1004" name="kernel_i_3_2_0_promoted_fu_240">
<pin_list>
<pin id="241" dir="0" index="0" bw="1" slack="0"/>
<pin id="242" dir="1" index="1" bw="32" slack="1"/>
</pin_list>
<bind>
<opcode="alloca(26) " fcode="alloca"/>
<opset="kernel_i_3_2_0_promoted/1 "/>
</bind>
</comp>

<comp id="244" class="1004" name="kernel_i_3_2_2_promoted_fu_244">
<pin_list>
<pin id="245" dir="0" index="0" bw="1" slack="0"/>
<pin id="246" dir="1" index="1" bw="32" slack="1"/>
</pin_list>
<bind>
<opcode="alloca(26) " fcode="alloca"/>
<opset="kernel_i_3_2_2_promoted/1 "/>
</bind>
</comp>

<comp id="248" class="1004" name="window_i_1_1_promoted154211_fu_248">
<pin_list>
<pin id="249" dir="0" index="0" bw="1" slack="0"/>
<pin id="250" dir="1" index="1" bw="32" slack="5"/>
</pin_list>
<bind>
<opcode="alloca(26) " fcode="alloca"/>
<opset="window_i_1_1_promoted154211/1 "/>
</bind>
</comp>

<comp id="252" class="1004" name="window_i_1_0_promoted156215_fu_252">
<pin_list>
<pin id="253" dir="0" index="0" bw="1" slack="0"/>
<pin id="254" dir="1" index="1" bw="32" slack="5"/>
</pin_list>
<bind>
<opcode="alloca(26) " fcode="alloca"/>
<opset="window_i_1_0_promoted156215/1 "/>
</bind>
</comp>

<comp id="256" class="1004" name="window_i_1_2_promoted158219_fu_256">
<pin_list>
<pin id="257" dir="0" index="0" bw="1" slack="0"/>
<pin id="258" dir="1" index="1" bw="32" slack="5"/>
</pin_list>
<bind>
<opcode="alloca(26) " fcode="alloca"/>
<opset="window_i_1_2_promoted158219/1 "/>
</bind>
</comp>

<comp id="260" class="1004" name="window_i_0_1_promoted160223_fu_260">
<pin_list>
<pin id="261" dir="0" index="0" bw="1" slack="0"/>
<pin id="262" dir="1" index="1" bw="32" slack="5"/>
</pin_list>
<bind>
<opcode="alloca(26) " fcode="alloca"/>
<opset="window_i_0_1_promoted160223/1 "/>
</bind>
</comp>

<comp id="264" class="1004" name="window_i_0_0_promoted162227_fu_264">
<pin_list>
<pin id="265" dir="0" index="0" bw="1" slack="0"/>
<pin id="266" dir="1" index="1" bw="32" slack="5"/>
</pin_list>
<bind>
<opcode="alloca(26) " fcode="alloca"/>
<opset="window_i_0_0_promoted162227/1 "/>
</bind>
</comp>

<comp id="268" class="1004" name="window_i_0_2_promoted164231_fu_268">
<pin_list>
<pin id="269" dir="0" index="0" bw="1" slack="0"/>
<pin id="270" dir="1" index="1" bw="32" slack="5"/>
</pin_list>
<bind>
<opcode="alloca(26) " fcode="alloca"/>
<opset="window_i_0_2_promoted164231/1 "/>
</bind>
</comp>

<comp id="272" class="1004" name="window_i_2_1_promoted166235_fu_272">
<pin_list>
<pin id="273" dir="0" index="0" bw="1" slack="0"/>
<pin id="274" dir="1" index="1" bw="32" slack="5"/>
</pin_list>
<bind>
<opcode="alloca(26) " fcode="alloca"/>
<opset="window_i_2_1_promoted166235/1 "/>
</bind>
</comp>

<comp id="276" class="1004" name="window_i_2_0_promoted168239_fu_276">
<pin_list>
<pin id="277" dir="0" index="0" bw="1" slack="0"/>
<pin id="278" dir="1" index="1" bw="32" slack="5"/>
</pin_list>
<bind>
<opcode="alloca(26) " fcode="alloca"/>
<opset="window_i_2_0_promoted168239/1 "/>
</bind>
</comp>

<comp id="280" class="1004" name="window_i_2_2_promoted170243_fu_280">
<pin_list>
<pin id="281" dir="0" index="0" bw="1" slack="0"/>
<pin id="282" dir="1" index="1" bw="32" slack="5"/>
</pin_list>
<bind>
<opcode="alloca(26) " fcode="alloca"/>
<opset="window_i_2_2_promoted170243/1 "/>
</bind>
</comp>

<comp id="284" class="1004" name="p_loc153_fu_284">
<pin_list>
<pin id="285" dir="0" index="0" bw="1" slack="0"/>
<pin id="286" dir="1" index="1" bw="32" slack="5"/>
</pin_list>
<bind>
<opcode="alloca(26) " fcode="alloca"/>
<opset="p_loc153/1 "/>
</bind>
</comp>

<comp id="288" class="1004" name="p_loc152_fu_288">
<pin_list>
<pin id="289" dir="0" index="0" bw="1" slack="0"/>
<pin id="290" dir="1" index="1" bw="32" slack="5"/>
</pin_list>
<bind>
<opcode="alloca(26) " fcode="alloca"/>
<opset="p_loc152/1 "/>
</bind>
</comp>

<comp id="292" class="1004" name="p_loc151_fu_292">
<pin_list>
<pin id="293" dir="0" index="0" bw="1" slack="0"/>
<pin id="294" dir="1" index="1" bw="32" slack="5"/>
</pin_list>
<bind>
<opcode="alloca(26) " fcode="alloca"/>
<opset="p_loc151/1 "/>
</bind>
</comp>

<comp id="296" class="1004" name="p_loc150_fu_296">
<pin_list>
<pin id="297" dir="0" index="0" bw="1" slack="0"/>
<pin id="298" dir="1" index="1" bw="32" slack="5"/>
</pin_list>
<bind>
<opcode="alloca(26) " fcode="alloca"/>
<opset="p_loc150/1 "/>
</bind>
</comp>

<comp id="300" class="1004" name="p_loc149_fu_300">
<pin_list>
<pin id="301" dir="0" index="0" bw="1" slack="0"/>
<pin id="302" dir="1" index="1" bw="32" slack="5"/>
</pin_list>
<bind>
<opcode="alloca(26) " fcode="alloca"/>
<opset="p_loc149/1 "/>
</bind>
</comp>

<comp id="304" class="1004" name="p_loc148_fu_304">
<pin_list>
<pin id="305" dir="0" index="0" bw="1" slack="0"/>
<pin id="306" dir="1" index="1" bw="32" slack="5"/>
</pin_list>
<bind>
<opcode="alloca(26) " fcode="alloca"/>
<opset="p_loc148/1 "/>
</bind>
</comp>

<comp id="308" class="1004" name="p_loc147_fu_308">
<pin_list>
<pin id="309" dir="0" index="0" bw="1" slack="0"/>
<pin id="310" dir="1" index="1" bw="32" slack="5"/>
</pin_list>
<bind>
<opcode="alloca(26) " fcode="alloca"/>
<opset="p_loc147/1 "/>
</bind>
</comp>

<comp id="312" class="1004" name="p_loc146_fu_312">
<pin_list>
<pin id="313" dir="0" index="0" bw="1" slack="0"/>
<pin id="314" dir="1" index="1" bw="32" slack="5"/>
</pin_list>
<bind>
<opcode="alloca(26) " fcode="alloca"/>
<opset="p_loc146/1 "/>
</bind>
</comp>

<comp id="316" class="1004" name="p_loc145_fu_316">
<pin_list>
<pin id="317" dir="0" index="0" bw="1" slack="0"/>
<pin id="318" dir="1" index="1" bw="32" slack="5"/>
</pin_list>
<bind>
<opcode="alloca(26) " fcode="alloca"/>
<opset="p_loc145/1 "/>
</bind>
</comp>

<comp id="320" class="1004" name="p_loc108_fu_320">
<pin_list>
<pin id="321" dir="0" index="0" bw="1" slack="0"/>
<pin id="322" dir="1" index="1" bw="32" slack="1"/>
</pin_list>
<bind>
<opcode="alloca(26) " fcode="alloca"/>
<opset="p_loc108/1 "/>
</bind>
</comp>

<comp id="324" class="1004" name="p_loc107_fu_324">
<pin_list>
<pin id="325" dir="0" index="0" bw="1" slack="0"/>
<pin id="326" dir="1" index="1" bw="32" slack="1"/>
</pin_list>
<bind>
<opcode="alloca(26) " fcode="alloca"/>
<opset="p_loc107/1 "/>
</bind>
</comp>

<comp id="328" class="1004" name="p_loc106_fu_328">
<pin_list>
<pin id="329" dir="0" index="0" bw="1" slack="0"/>
<pin id="330" dir="1" index="1" bw="32" slack="1"/>
</pin_list>
<bind>
<opcode="alloca(26) " fcode="alloca"/>
<opset="p_loc106/1 "/>
</bind>
</comp>

<comp id="332" class="1004" name="p_loc105_fu_332">
<pin_list>
<pin id="333" dir="0" index="0" bw="1" slack="0"/>
<pin id="334" dir="1" index="1" bw="32" slack="1"/>
</pin_list>
<bind>
<opcode="alloca(26) " fcode="alloca"/>
<opset="p_loc105/1 "/>
</bind>
</comp>

<comp id="336" class="1004" name="p_loc104_fu_336">
<pin_list>
<pin id="337" dir="0" index="0" bw="1" slack="0"/>
<pin id="338" dir="1" index="1" bw="32" slack="1"/>
</pin_list>
<bind>
<opcode="alloca(26) " fcode="alloca"/>
<opset="p_loc104/1 "/>
</bind>
</comp>

<comp id="340" class="1004" name="p_loc103_fu_340">
<pin_list>
<pin id="341" dir="0" index="0" bw="1" slack="0"/>
<pin id="342" dir="1" index="1" bw="32" slack="1"/>
</pin_list>
<bind>
<opcode="alloca(26) " fcode="alloca"/>
<opset="p_loc103/1 "/>
</bind>
</comp>

<comp id="344" class="1004" name="p_loc102_fu_344">
<pin_list>
<pin id="345" dir="0" index="0" bw="1" slack="0"/>
<pin id="346" dir="1" index="1" bw="32" slack="1"/>
</pin_list>
<bind>
<opcode="alloca(26) " fcode="alloca"/>
<opset="p_loc102/1 "/>
</bind>
</comp>

<comp id="348" class="1004" name="p_loc101_fu_348">
<pin_list>
<pin id="349" dir="0" index="0" bw="1" slack="0"/>
<pin id="350" dir="1" index="1" bw="32" slack="1"/>
</pin_list>
<bind>
<opcode="alloca(26) " fcode="alloca"/>
<opset="p_loc101/1 "/>
</bind>
</comp>

<comp id="352" class="1004" name="p_loc100_fu_352">
<pin_list>
<pin id="353" dir="0" index="0" bw="1" slack="0"/>
<pin id="354" dir="1" index="1" bw="32" slack="1"/>
</pin_list>
<bind>
<opcode="alloca(26) " fcode="alloca"/>
<opset="p_loc100/1 "/>
</bind>
</comp>

<comp id="356" class="1004" name="p_loc99_fu_356">
<pin_list>
<pin id="357" dir="0" index="0" bw="1" slack="0"/>
<pin id="358" dir="1" index="1" bw="32" slack="1"/>
</pin_list>
<bind>
<opcode="alloca(26) " fcode="alloca"/>
<opset="p_loc99/1 "/>
</bind>
</comp>

<comp id="360" class="1004" name="p_loc98_fu_360">
<pin_list>
<pin id="361" dir="0" index="0" bw="1" slack="0"/>
<pin id="362" dir="1" index="1" bw="32" slack="1"/>
</pin_list>
<bind>
<opcode="alloca(26) " fcode="alloca"/>
<opset="p_loc98/1 "/>
</bind>
</comp>

<comp id="364" class="1004" name="p_loc97_fu_364">
<pin_list>
<pin id="365" dir="0" index="0" bw="1" slack="0"/>
<pin id="366" dir="1" index="1" bw="32" slack="1"/>
</pin_list>
<bind>
<opcode="alloca(26) " fcode="alloca"/>
<opset="p_loc97/1 "/>
</bind>
</comp>

<comp id="368" class="1004" name="p_loc96_fu_368">
<pin_list>
<pin id="369" dir="0" index="0" bw="1" slack="0"/>
<pin id="370" dir="1" index="1" bw="32" slack="1"/>
</pin_list>
<bind>
<opcode="alloca(26) " fcode="alloca"/>
<opset="p_loc96/1 "/>
</bind>
</comp>

<comp id="372" class="1004" name="p_loc95_fu_372">
<pin_list>
<pin id="373" dir="0" index="0" bw="1" slack="0"/>
<pin id="374" dir="1" index="1" bw="32" slack="1"/>
</pin_list>
<bind>
<opcode="alloca(26) " fcode="alloca"/>
<opset="p_loc95/1 "/>
</bind>
</comp>

<comp id="376" class="1004" name="p_loc94_fu_376">
<pin_list>
<pin id="377" dir="0" index="0" bw="1" slack="0"/>
<pin id="378" dir="1" index="1" bw="32" slack="1"/>
</pin_list>
<bind>
<opcode="alloca(26) " fcode="alloca"/>
<opset="p_loc94/1 "/>
</bind>
</comp>

<comp id="380" class="1004" name="p_loc93_fu_380">
<pin_list>
<pin id="381" dir="0" index="0" bw="1" slack="0"/>
<pin id="382" dir="1" index="1" bw="32" slack="1"/>
</pin_list>
<bind>
<opcode="alloca(26) " fcode="alloca"/>
<opset="p_loc93/1 "/>
</bind>
</comp>

<comp id="384" class="1004" name="p_loc92_fu_384">
<pin_list>
<pin id="385" dir="0" index="0" bw="1" slack="0"/>
<pin id="386" dir="1" index="1" bw="32" slack="1"/>
</pin_list>
<bind>
<opcode="alloca(26) " fcode="alloca"/>
<opset="p_loc92/1 "/>
</bind>
</comp>

<comp id="388" class="1004" name="p_loc91_fu_388">
<pin_list>
<pin id="389" dir="0" index="0" bw="1" slack="0"/>
<pin id="390" dir="1" index="1" bw="32" slack="1"/>
</pin_list>
<bind>
<opcode="alloca(26) " fcode="alloca"/>
<opset="p_loc91/1 "/>
</bind>
</comp>

<comp id="392" class="1004" name="p_loc90_fu_392">
<pin_list>
<pin id="393" dir="0" index="0" bw="1" slack="0"/>
<pin id="394" dir="1" index="1" bw="32" slack="1"/>
</pin_list>
<bind>
<opcode="alloca(26) " fcode="alloca"/>
<opset="p_loc90/1 "/>
</bind>
</comp>

<comp id="396" class="1004" name="p_loc89_fu_396">
<pin_list>
<pin id="397" dir="0" index="0" bw="1" slack="0"/>
<pin id="398" dir="1" index="1" bw="32" slack="1"/>
</pin_list>
<bind>
<opcode="alloca(26) " fcode="alloca"/>
<opset="p_loc89/1 "/>
</bind>
</comp>

<comp id="400" class="1004" name="p_loc88_fu_400">
<pin_list>
<pin id="401" dir="0" index="0" bw="1" slack="0"/>
<pin id="402" dir="1" index="1" bw="32" slack="1"/>
</pin_list>
<bind>
<opcode="alloca(26) " fcode="alloca"/>
<opset="p_loc88/1 "/>
</bind>
</comp>

<comp id="404" class="1004" name="p_loc87_fu_404">
<pin_list>
<pin id="405" dir="0" index="0" bw="1" slack="0"/>
<pin id="406" dir="1" index="1" bw="32" slack="1"/>
</pin_list>
<bind>
<opcode="alloca(26) " fcode="alloca"/>
<opset="p_loc87/1 "/>
</bind>
</comp>

<comp id="408" class="1004" name="p_loc86_fu_408">
<pin_list>
<pin id="409" dir="0" index="0" bw="1" slack="0"/>
<pin id="410" dir="1" index="1" bw="32" slack="1"/>
</pin_list>
<bind>
<opcode="alloca(26) " fcode="alloca"/>
<opset="p_loc86/1 "/>
</bind>
</comp>

<comp id="412" class="1004" name="p_loc85_fu_412">
<pin_list>
<pin id="413" dir="0" index="0" bw="1" slack="0"/>
<pin id="414" dir="1" index="1" bw="32" slack="1"/>
</pin_list>
<bind>
<opcode="alloca(26) " fcode="alloca"/>
<opset="p_loc85/1 "/>
</bind>
</comp>

<comp id="416" class="1004" name="p_loc84_fu_416">
<pin_list>
<pin id="417" dir="0" index="0" bw="1" slack="0"/>
<pin id="418" dir="1" index="1" bw="32" slack="1"/>
</pin_list>
<bind>
<opcode="alloca(26) " fcode="alloca"/>
<opset="p_loc84/1 "/>
</bind>
</comp>

<comp id="420" class="1004" name="p_loc83_fu_420">
<pin_list>
<pin id="421" dir="0" index="0" bw="1" slack="0"/>
<pin id="422" dir="1" index="1" bw="32" slack="1"/>
</pin_list>
<bind>
<opcode="alloca(26) " fcode="alloca"/>
<opset="p_loc83/1 "/>
</bind>
</comp>

<comp id="424" class="1004" name="p_loc82_fu_424">
<pin_list>
<pin id="425" dir="0" index="0" bw="1" slack="0"/>
<pin id="426" dir="1" index="1" bw="32" slack="1"/>
</pin_list>
<bind>
<opcode="alloca(26) " fcode="alloca"/>
<opset="p_loc82/1 "/>
</bind>
</comp>

<comp id="428" class="1004" name="p_loc81_fu_428">
<pin_list>
<pin id="429" dir="0" index="0" bw="1" slack="0"/>
<pin id="430" dir="1" index="1" bw="32" slack="1"/>
</pin_list>
<bind>
<opcode="alloca(26) " fcode="alloca"/>
<opset="p_loc81/1 "/>
</bind>
</comp>

<comp id="432" class="1004" name="p_loc80_fu_432">
<pin_list>
<pin id="433" dir="0" index="0" bw="1" slack="0"/>
<pin id="434" dir="1" index="1" bw="32" slack="1"/>
</pin_list>
<bind>
<opcode="alloca(26) " fcode="alloca"/>
<opset="p_loc80/1 "/>
</bind>
</comp>

<comp id="436" class="1004" name="p_loc79_fu_436">
<pin_list>
<pin id="437" dir="0" index="0" bw="1" slack="0"/>
<pin id="438" dir="1" index="1" bw="32" slack="1"/>
</pin_list>
<bind>
<opcode="alloca(26) " fcode="alloca"/>
<opset="p_loc79/1 "/>
</bind>
</comp>

<comp id="440" class="1004" name="p_loc78_fu_440">
<pin_list>
<pin id="441" dir="0" index="0" bw="1" slack="0"/>
<pin id="442" dir="1" index="1" bw="32" slack="1"/>
</pin_list>
<bind>
<opcode="alloca(26) " fcode="alloca"/>
<opset="p_loc78/1 "/>
</bind>
</comp>

<comp id="444" class="1004" name="p_loc77_fu_444">
<pin_list>
<pin id="445" dir="0" index="0" bw="1" slack="0"/>
<pin id="446" dir="1" index="1" bw="32" slack="1"/>
</pin_list>
<bind>
<opcode="alloca(26) " fcode="alloca"/>
<opset="p_loc77/1 "/>
</bind>
</comp>

<comp id="448" class="1004" name="p_loc76_fu_448">
<pin_list>
<pin id="449" dir="0" index="0" bw="1" slack="0"/>
<pin id="450" dir="1" index="1" bw="32" slack="1"/>
</pin_list>
<bind>
<opcode="alloca(26) " fcode="alloca"/>
<opset="p_loc76/1 "/>
</bind>
</comp>

<comp id="452" class="1004" name="p_loc75_fu_452">
<pin_list>
<pin id="453" dir="0" index="0" bw="1" slack="0"/>
<pin id="454" dir="1" index="1" bw="32" slack="1"/>
</pin_list>
<bind>
<opcode="alloca(26) " fcode="alloca"/>
<opset="p_loc75/1 "/>
</bind>
</comp>

<comp id="456" class="1004" name="p_loc74_fu_456">
<pin_list>
<pin id="457" dir="0" index="0" bw="1" slack="0"/>
<pin id="458" dir="1" index="1" bw="32" slack="1"/>
</pin_list>
<bind>
<opcode="alloca(26) " fcode="alloca"/>
<opset="p_loc74/1 "/>
</bind>
</comp>

<comp id="460" class="1004" name="p_loc_fu_460">
<pin_list>
<pin id="461" dir="0" index="0" bw="1" slack="0"/>
<pin id="462" dir="1" index="1" bw="32" slack="1"/>
</pin_list>
<bind>
<opcode="alloca(26) " fcode="alloca"/>
<opset="p_loc/1 "/>
</bind>
</comp>

<comp id="464" class="1004" name="conv2_bias_addr_gep_fu_464">
<pin_list>
<pin id="465" dir="0" index="0" bw="32" slack="0"/>
<pin id="466" dir="0" index="1" bw="1" slack="0"/>
<pin id="467" dir="0" index="2" bw="3" slack="0"/>
<pin id="468" dir="1" index="3" bw="2" slack="0"/>
</pin_list>
<bind>
<opcode="getelementptr(29) " fcode="getelementptr"/>
<opset="conv2_bias_addr/3 "/>
</bind>
</comp>

<comp id="471" class="1004" name="grp_access_fu_471">
<pin_list>
<pin id="472" dir="0" index="0" bw="2" slack="0"/>
<pin id="473" dir="0" index="1" bw="32" slack="2147483647"/>
<pin id="474" dir="0" index="2" bw="0" slack="2147483647"/>
<pin id="475" dir="1" index="3" bw="32" slack="4"/>
</pin_list>
<bind>
<opcode="load(27) " fcode="load"/>
<opset="conv2_bias_load/3 "/>
</bind>
</comp>

<comp id="477" class="1004" name="mem_3_0_addr_gep_fu_477">
<pin_list>
<pin id="478" dir="0" index="0" bw="32" slack="0"/>
<pin id="479" dir="0" index="1" bw="1" slack="0"/>
<pin id="480" dir="0" index="2" bw="11" slack="0"/>
<pin id="481" dir="1" index="3" bw="11" slack="0"/>
</pin_list>
<bind>
<opcode="getelementptr(29) " fcode="getelementptr"/>
<opset="mem_3_0_addr/7 "/>
</bind>
</comp>

<comp id="484" class="1004" name="mem_3_1_addr_gep_fu_484">
<pin_list>
<pin id="485" dir="0" index="0" bw="32" slack="0"/>
<pin id="486" dir="0" index="1" bw="1" slack="0"/>
<pin id="487" dir="0" index="2" bw="11" slack="0"/>
<pin id="488" dir="1" index="3" bw="11" slack="0"/>
</pin_list>
<bind>
<opcode="getelementptr(29) " fcode="getelementptr"/>
<opset="mem_3_1_addr/7 "/>
</bind>
</comp>

<comp id="491" class="1004" name="grp_access_fu_491">
<pin_list>
<pin id="492" dir="0" index="0" bw="11" slack="0"/>
<pin id="493" dir="0" index="1" bw="32" slack="1"/>
<pin id="494" dir="0" index="2" bw="0" slack="2147483647"/>
<pin id="495" dir="1" index="3" bw="32" slack="0"/>
</pin_list>
<bind>
<opcode="load(27) store(28) " fcode="store"/>
<opset="mem_3_0_load/7 store_ln163/35 store_ln160/38 "/>
</bind>
</comp>

<comp id="497" class="1004" name="grp_access_fu_497">
<pin_list>
<pin id="498" dir="0" index="0" bw="11" slack="0"/>
<pin id="499" dir="0" index="1" bw="32" slack="1"/>
<pin id="500" dir="0" index="2" bw="0" slack="2147483647"/>
<pin id="501" dir="1" index="3" bw="32" slack="0"/>
</pin_list>
<bind>
<opcode="load(27) store(28) " fcode="store"/>
<opset="mem_3_1_load/7 store_ln163/35 store_ln160/38 "/>
</bind>
</comp>

<comp id="503" class="1005" name="indvar_flatten189_reg_503">
<pin_list>
<pin id="504" dir="0" index="0" bw="12" slack="1"/>
<pin id="505" dir="1" index="1" bw="12" slack="1"/>
</pin_list>
<bind>
<opset="indvar_flatten189 (phireg) "/>
</bind>
</comp>

<comp id="507" class="1004" name="indvar_flatten189_phi_fu_507">
<pin_list>
<pin id="508" dir="0" index="0" bw="1" slack="1"/>
<pin id="509" dir="0" index="1" bw="0" slack="2147483647"/>
<pin id="510" dir="0" index="2" bw="12" slack="0"/>
<pin id="511" dir="0" index="3" bw="0" slack="2147483647"/>
<pin id="512" dir="1" index="4" bw="12" slack="0"/>
</pin_list>
<bind>
<opcode="phi(47) " fcode="phi"/>
<opset="indvar_flatten189/5 "/>
</bind>
</comp>

<comp id="514" class="1005" name="kch_reg_514">
<pin_list>
<pin id="515" dir="0" index="0" bw="3" slack="1"/>
<pin id="516" dir="1" index="1" bw="3" slack="1"/>
</pin_list>
<bind>
<opset="kch (phireg) "/>
</bind>
</comp>

<comp id="518" class="1004" name="kch_phi_fu_518">
<pin_list>
<pin id="519" dir="0" index="0" bw="1" slack="1"/>
<pin id="520" dir="0" index="1" bw="0" slack="2147483647"/>
<pin id="521" dir="0" index="2" bw="3" slack="0"/>
<pin id="522" dir="0" index="3" bw="0" slack="2147483647"/>
<pin id="523" dir="1" index="4" bw="3" slack="0"/>
</pin_list>
<bind>
<opcode="phi(47) " fcode="phi"/>
<opset="kch/5 "/>
</bind>
</comp>

<comp id="525" class="1005" name="indvar_flatten157_reg_525">
<pin_list>
<pin id="526" dir="0" index="0" bw="10" slack="1"/>
<pin id="527" dir="1" index="1" bw="10" slack="1"/>
</pin_list>
<bind>
<opset="indvar_flatten157 (phireg) "/>
</bind>
</comp>

<comp id="529" class="1004" name="indvar_flatten157_phi_fu_529">
<pin_list>
<pin id="530" dir="0" index="0" bw="1" slack="1"/>
<pin id="531" dir="0" index="1" bw="0" slack="2147483647"/>
<pin id="532" dir="0" index="2" bw="10" slack="1"/>
<pin id="533" dir="0" index="3" bw="0" slack="2147483647"/>
<pin id="534" dir="1" index="4" bw="10" slack="0"/>
</pin_list>
<bind>
<opcode="phi(47) " fcode="phi"/>
<opset="indvar_flatten157/5 "/>
</bind>
</comp>

<comp id="537" class="1005" name="oh_reg_537">
<pin_list>
<pin id="538" dir="0" index="0" bw="5" slack="1"/>
<pin id="539" dir="1" index="1" bw="5" slack="1"/>
</pin_list>
<bind>
<opset="oh (phireg) "/>
</bind>
</comp>

<comp id="541" class="1004" name="oh_phi_fu_541">
<pin_list>
<pin id="542" dir="0" index="0" bw="1" slack="1"/>
<pin id="543" dir="0" index="1" bw="0" slack="2147483647"/>
<pin id="544" dir="0" index="2" bw="5" slack="0"/>
<pin id="545" dir="0" index="3" bw="0" slack="2147483647"/>
<pin id="546" dir="1" index="4" bw="5" slack="0"/>
</pin_list>
<bind>
<opcode="phi(47) " fcode="phi"/>
<opset="oh/5 "/>
</bind>
</comp>

<comp id="548" class="1005" name="ow_reg_548">
<pin_list>
<pin id="549" dir="0" index="0" bw="5" slack="1"/>
<pin id="550" dir="1" index="1" bw="5" slack="1"/>
</pin_list>
<bind>
<opset="ow (phireg) "/>
</bind>
</comp>

<comp id="552" class="1004" name="ow_phi_fu_552">
<pin_list>
<pin id="553" dir="0" index="0" bw="1" slack="1"/>
<pin id="554" dir="0" index="1" bw="0" slack="2147483647"/>
<pin id="555" dir="0" index="2" bw="5" slack="1"/>
<pin id="556" dir="0" index="3" bw="0" slack="2147483647"/>
<pin id="557" dir="1" index="4" bw="5" slack="0"/>
</pin_list>
<bind>
<opcode="phi(47) " fcode="phi"/>
<opset="ow/5 "/>
</bind>
</comp>

<comp id="560" class="1004" name="grp_conv2_Pipeline_Fil_load_ch_Fil_load_r_Fil_load_c_fu_560">
<pin_list>
<pin id="561" dir="0" index="0" bw="0" slack="0"/>
<pin id="562" dir="0" index="1" bw="32" slack="0"/>
<pin id="563" dir="0" index="2" bw="32" slack="0"/>
<pin id="564" dir="0" index="3" bw="32" slack="0"/>
<pin id="565" dir="0" index="4" bw="32" slack="0"/>
<pin id="566" dir="0" index="5" bw="32" slack="0"/>
<pin id="567" dir="0" index="6" bw="32" slack="0"/>
<pin id="568" dir="0" index="7" bw="32" slack="0"/>
<pin id="569" dir="0" index="8" bw="32" slack="0"/>
<pin id="570" dir="0" index="9" bw="32" slack="0"/>
<pin id="571" dir="0" index="10" bw="32" slack="0"/>
<pin id="572" dir="0" index="11" bw="32" slack="0"/>
<pin id="573" dir="0" index="12" bw="32" slack="0"/>
<pin id="574" dir="0" index="13" bw="32" slack="0"/>
<pin id="575" dir="0" index="14" bw="32" slack="0"/>
<pin id="576" dir="0" index="15" bw="32" slack="0"/>
<pin id="577" dir="0" index="16" bw="32" slack="0"/>
<pin id="578" dir="0" index="17" bw="32" slack="0"/>
<pin id="579" dir="0" index="18" bw="32" slack="0"/>
<pin id="580" dir="0" index="19" bw="32" slack="0"/>
<pin id="581" dir="0" index="20" bw="32" slack="0"/>
<pin id="582" dir="0" index="21" bw="32" slack="0"/>
<pin id="583" dir="0" index="22" bw="32" slack="0"/>
<pin id="584" dir="0" index="23" bw="32" slack="0"/>
<pin id="585" dir="0" index="24" bw="32" slack="0"/>
<pin id="586" dir="0" index="25" bw="32" slack="0"/>
<pin id="587" dir="0" index="26" bw="32" slack="0"/>
<pin id="588" dir="0" index="27" bw="32" slack="0"/>
<pin id="589" dir="0" index="28" bw="32" slack="0"/>
<pin id="590" dir="0" index="29" bw="32" slack="0"/>
<pin id="591" dir="0" index="30" bw="32" slack="0"/>
<pin id="592" dir="0" index="31" bw="32" slack="0"/>
<pin id="593" dir="0" index="32" bw="32" slack="0"/>
<pin id="594" dir="0" index="33" bw="32" slack="0"/>
<pin id="595" dir="0" index="34" bw="32" slack="0"/>
<pin id="596" dir="0" index="35" bw="32" slack="0"/>
<pin id="597" dir="0" index="36" bw="32" slack="0"/>
<pin id="598" dir="0" index="37" bw="8" slack="0"/>
<pin id="599" dir="0" index="38" bw="32" slack="1"/>
<pin id="600" dir="0" index="39" bw="32" slack="1"/>
<pin id="601" dir="0" index="40" bw="32" slack="1"/>
<pin id="602" dir="0" index="41" bw="32" slack="1"/>
<pin id="603" dir="0" index="42" bw="32" slack="1"/>
<pin id="604" dir="0" index="43" bw="32" slack="1"/>
<pin id="605" dir="0" index="44" bw="32" slack="1"/>
<pin id="606" dir="0" index="45" bw="32" slack="1"/>
<pin id="607" dir="0" index="46" bw="32" slack="1"/>
<pin id="608" dir="0" index="47" bw="32" slack="1"/>
<pin id="609" dir="0" index="48" bw="32" slack="1"/>
<pin id="610" dir="0" index="49" bw="32" slack="1"/>
<pin id="611" dir="0" index="50" bw="32" slack="1"/>
<pin id="612" dir="0" index="51" bw="32" slack="1"/>
<pin id="613" dir="0" index="52" bw="32" slack="1"/>
<pin id="614" dir="0" index="53" bw="32" slack="1"/>
<pin id="615" dir="0" index="54" bw="32" slack="1"/>
<pin id="616" dir="0" index="55" bw="32" slack="1"/>
<pin id="617" dir="0" index="56" bw="32" slack="1"/>
<pin id="618" dir="0" index="57" bw="32" slack="1"/>
<pin id="619" dir="0" index="58" bw="32" slack="1"/>
<pin id="620" dir="0" index="59" bw="32" slack="1"/>
<pin id="621" dir="0" index="60" bw="32" slack="1"/>
<pin id="622" dir="0" index="61" bw="32" slack="1"/>
<pin id="623" dir="0" index="62" bw="32" slack="1"/>
<pin id="624" dir="0" index="63" bw="32" slack="1"/>
<pin id="625" dir="0" index="64" bw="32" slack="1"/>
<pin id="626" dir="0" index="65" bw="32" slack="1"/>
<pin id="627" dir="0" index="66" bw="32" slack="1"/>
<pin id="628" dir="0" index="67" bw="32" slack="1"/>
<pin id="629" dir="0" index="68" bw="32" slack="1"/>
<pin id="630" dir="0" index="69" bw="32" slack="1"/>
<pin id="631" dir="0" index="70" bw="32" slack="1"/>
<pin id="632" dir="0" index="71" bw="32" slack="1"/>
<pin id="633" dir="0" index="72" bw="32" slack="1"/>
<pin id="634" dir="0" index="73" bw="32" slack="1"/>
<pin id="635" dir="0" index="74" bw="32" slack="0"/>
<pin id="636" dir="1" index="75" bw="0" slack="2147483647"/>
</pin_list>
<bind>
<opcode="call(48) " fcode="call"/>
<opset="call_ln30/2 "/>
</bind>
</comp>

<comp id="639" class="1004" name="grp_conv2_Pipeline_loadWin1_VITIS_LOOP_50_1_fu_639">
<pin_list>
<pin id="640" dir="0" index="0" bw="0" slack="0"/>
<pin id="641" dir="0" index="1" bw="32" slack="0"/>
<pin id="642" dir="0" index="2" bw="32" slack="0"/>
<pin id="643" dir="0" index="3" bw="32" slack="0"/>
<pin id="644" dir="0" index="4" bw="32" slack="0"/>
<pin id="645" dir="0" index="5" bw="32" slack="0"/>
<pin id="646" dir="0" index="6" bw="32" slack="0"/>
<pin id="647" dir="0" index="7" bw="32" slack="0"/>
<pin id="648" dir="0" index="8" bw="32" slack="0"/>
<pin id="649" dir="0" index="9" bw="32" slack="0"/>
<pin id="650" dir="0" index="10" bw="5" slack="1"/>
<pin id="651" dir="0" index="11" bw="8" slack="1"/>
<pin id="652" dir="0" index="12" bw="5" slack="0"/>
<pin id="653" dir="0" index="13" bw="32" slack="0"/>
<pin id="654" dir="0" index="14" bw="32" slack="5"/>
<pin id="655" dir="0" index="15" bw="32" slack="5"/>
<pin id="656" dir="0" index="16" bw="32" slack="5"/>
<pin id="657" dir="0" index="17" bw="32" slack="5"/>
<pin id="658" dir="0" index="18" bw="32" slack="5"/>
<pin id="659" dir="0" index="19" bw="32" slack="5"/>
<pin id="660" dir="0" index="20" bw="32" slack="5"/>
<pin id="661" dir="0" index="21" bw="32" slack="5"/>
<pin id="662" dir="0" index="22" bw="32" slack="5"/>
<pin id="663" dir="1" index="23" bw="0" slack="2147483647"/>
</pin_list>
<bind>
<opcode="call(48) " fcode="call"/>
<opset="call_ln150/6 "/>
</bind>
</comp>

<comp id="666" class="1004" name="grp_conv2D_4_s_fu_666">
<pin_list>
<pin id="667" dir="0" index="0" bw="32" slack="0"/>
<pin id="668" dir="0" index="1" bw="2" slack="4"/>
<pin id="669" dir="0" index="2" bw="32" slack="2147483647"/>
<pin id="670" dir="0" index="3" bw="32" slack="2147483647"/>
<pin id="671" dir="0" index="4" bw="32" slack="2147483647"/>
<pin id="672" dir="0" index="5" bw="32" slack="2147483647"/>
<pin id="673" dir="0" index="6" bw="32" slack="2147483647"/>
<pin id="674" dir="0" index="7" bw="32" slack="2147483647"/>
<pin id="675" dir="0" index="8" bw="32" slack="2147483647"/>
<pin id="676" dir="0" index="9" bw="32" slack="2147483647"/>
<pin id="677" dir="0" index="10" bw="32" slack="2147483647"/>
<pin id="678" dir="0" index="11" bw="32" slack="2147483647"/>
<pin id="679" dir="0" index="12" bw="32" slack="2147483647"/>
<pin id="680" dir="0" index="13" bw="32" slack="2147483647"/>
<pin id="681" dir="0" index="14" bw="32" slack="2147483647"/>
<pin id="682" dir="0" index="15" bw="32" slack="2147483647"/>
<pin id="683" dir="0" index="16" bw="32" slack="2147483647"/>
<pin id="684" dir="0" index="17" bw="32" slack="2147483647"/>
<pin id="685" dir="0" index="18" bw="32" slack="2147483647"/>
<pin id="686" dir="0" index="19" bw="32" slack="2147483647"/>
<pin id="687" dir="0" index="20" bw="32" slack="2147483647"/>
<pin id="688" dir="0" index="21" bw="32" slack="2147483647"/>
<pin id="689" dir="0" index="22" bw="32" slack="2147483647"/>
<pin id="690" dir="0" index="23" bw="32" slack="2147483647"/>
<pin id="691" dir="0" index="24" bw="32" slack="2147483647"/>
<pin id="692" dir="0" index="25" bw="32" slack="2147483647"/>
<pin id="693" dir="0" index="26" bw="32" slack="2147483647"/>
<pin id="694" dir="0" index="27" bw="32" slack="2147483647"/>
<pin id="695" dir="0" index="28" bw="32" slack="2147483647"/>
<pin id="696" dir="0" index="29" bw="32" slack="2147483647"/>
<pin id="697" dir="0" index="30" bw="32" slack="2147483647"/>
<pin id="698" dir="0" index="31" bw="32" slack="2147483647"/>
<pin id="699" dir="0" index="32" bw="32" slack="2147483647"/>
<pin id="700" dir="0" index="33" bw="32" slack="2147483647"/>
<pin id="701" dir="0" index="34" bw="32" slack="2147483647"/>
<pin id="702" dir="0" index="35" bw="32" slack="2147483647"/>
<pin id="703" dir="0" index="36" bw="32" slack="2147483647"/>
<pin id="704" dir="0" index="37" bw="32" slack="2147483647"/>
<pin id="705" dir="0" index="38" bw="32" slack="0"/>
<pin id="706" dir="0" index="39" bw="32" slack="0"/>
<pin id="707" dir="0" index="40" bw="32" slack="0"/>
<pin id="708" dir="0" index="41" bw="32" slack="0"/>
<pin id="709" dir="0" index="42" bw="32" slack="0"/>
<pin id="710" dir="0" index="43" bw="32" slack="0"/>
<pin id="711" dir="0" index="44" bw="32" slack="0"/>
<pin id="712" dir="0" index="45" bw="32" slack="0"/>
<pin id="713" dir="0" index="46" bw="32" slack="0"/>
<pin id="714" dir="0" index="47" bw="32" slack="1"/>
<pin id="715" dir="1" index="48" bw="32" slack="1"/>
</pin_list>
<bind>
<opcode="call(48) " fcode="call"/>
<opset="sum/9 "/>
</bind>
</comp>

<comp id="717" class="1004" name="grp_fu_717">
<pin_list>
<pin id="718" dir="0" index="0" bw="32" slack="1"/>
<pin id="719" dir="0" index="1" bw="32" slack="0"/>
<pin id="720" dir="1" index="2" bw="1" slack="0"/>
</pin_list>
<bind>
<opcode="fcmp(46) " fcode="fcmp"/>
<opset="tmp_12/36 "/>
</bind>
</comp>

<comp id="722" class="1004" name="store_ln144_store_fu_722">
<pin_list>
<pin id="723" dir="0" index="0" bw="1" slack="0"/>
<pin id="724" dir="0" index="1" bw="3" slack="0"/>
<pin id="725" dir="1" index="2" bw="0" slack="2147483647"/>
</pin_list>
<bind>
<opcode="store(28) " fcode="store"/>
<opset="store_ln144/1 "/>
</bind>
</comp>

<comp id="727" class="1004" name="n_f_2_load_fu_727">
<pin_list>
<pin id="728" dir="0" index="0" bw="3" slack="1"/>
<pin id="729" dir="1" index="1" bw="3" slack="0"/>
</pin_list>
<bind>
<opcode="load(27) " fcode="load"/>
<opset="n_f_2/2 "/>
</bind>
</comp>

<comp id="730" class="1004" name="icmp_ln144_fu_730">
<pin_list>
<pin id="731" dir="0" index="0" bw="3" slack="0"/>
<pin id="732" dir="0" index="1" bw="3" slack="0"/>
<pin id="733" dir="1" index="2" bw="1" slack="2147483647"/>
</pin_list>
<bind>
<opcode="icmp(45) " fcode="icmp"/>
<opset="icmp_ln144/2 "/>
</bind>
</comp>

<comp id="736" class="1004" name="add_ln144_fu_736">
<pin_list>
<pin id="737" dir="0" index="0" bw="3" slack="0"/>
<pin id="738" dir="0" index="1" bw="1" slack="0"/>
<pin id="739" dir="1" index="2" bw="3" slack="3"/>
</pin_list>
<bind>
<opcode="add(8) " fcode="add"/>
<opset="add_ln144/2 "/>
</bind>
</comp>

<comp id="742" class="1004" name="kernel_i_2_1_1_promoted_load_load_fu_742">
<pin_list>
<pin id="743" dir="0" index="0" bw="32" slack="1"/>
<pin id="744" dir="1" index="1" bw="32" slack="0"/>
</pin_list>
<bind>
<opcode="load(27) " fcode="load"/>
<opset="kernel_i_2_1_1_promoted_load/2 "/>
</bind>
</comp>

<comp id="746" class="1004" name="kernel_i_2_1_0_promoted_load_load_fu_746">
<pin_list>
<pin id="747" dir="0" index="0" bw="32" slack="1"/>
<pin id="748" dir="1" index="1" bw="32" slack="0"/>
</pin_list>
<bind>
<opcode="load(27) " fcode="load"/>
<opset="kernel_i_2_1_0_promoted_load/2 "/>
</bind>
</comp>

<comp id="750" class="1004" name="kernel_i_2_1_2_promoted_load_load_fu_750">
<pin_list>
<pin id="751" dir="0" index="0" bw="32" slack="1"/>
<pin id="752" dir="1" index="1" bw="32" slack="0"/>
</pin_list>
<bind>
<opcode="load(27) " fcode="load"/>
<opset="kernel_i_2_1_2_promoted_load/2 "/>
</bind>
</comp>

<comp id="754" class="1004" name="kernel_i_2_0_1_promoted_load_load_fu_754">
<pin_list>
<pin id="755" dir="0" index="0" bw="32" slack="1"/>
<pin id="756" dir="1" index="1" bw="32" slack="0"/>
</pin_list>
<bind>
<opcode="load(27) " fcode="load"/>
<opset="kernel_i_2_0_1_promoted_load/2 "/>
</bind>
</comp>

<comp id="758" class="1004" name="kernel_i_2_0_0_promoted_load_load_fu_758">
<pin_list>
<pin id="759" dir="0" index="0" bw="32" slack="1"/>
<pin id="760" dir="1" index="1" bw="32" slack="0"/>
</pin_list>
<bind>
<opcode="load(27) " fcode="load"/>
<opset="kernel_i_2_0_0_promoted_load/2 "/>
</bind>
</comp>

<comp id="762" class="1004" name="kernel_i_2_0_2_promoted_load_load_fu_762">
<pin_list>
<pin id="763" dir="0" index="0" bw="32" slack="1"/>
<pin id="764" dir="1" index="1" bw="32" slack="0"/>
</pin_list>
<bind>
<opcode="load(27) " fcode="load"/>
<opset="kernel_i_2_0_2_promoted_load/2 "/>
</bind>
</comp>

<comp id="766" class="1004" name="kernel_i_2_2_1_promoted_load_load_fu_766">
<pin_list>
<pin id="767" dir="0" index="0" bw="32" slack="1"/>
<pin id="768" dir="1" index="1" bw="32" slack="0"/>
</pin_list>
<bind>
<opcode="load(27) " fcode="load"/>
<opset="kernel_i_2_2_1_promoted_load/2 "/>
</bind>
</comp>

<comp id="770" class="1004" name="kernel_i_2_2_0_promoted_load_load_fu_770">
<pin_list>
<pin id="771" dir="0" index="0" bw="32" slack="1"/>
<pin id="772" dir="1" index="1" bw="32" slack="0"/>
</pin_list>
<bind>
<opcode="load(27) " fcode="load"/>
<opset="kernel_i_2_2_0_promoted_load/2 "/>
</bind>
</comp>

<comp id="774" class="1004" name="kernel_i_2_2_2_promoted_load_load_fu_774">
<pin_list>
<pin id="775" dir="0" index="0" bw="32" slack="1"/>
<pin id="776" dir="1" index="1" bw="32" slack="0"/>
</pin_list>
<bind>
<opcode="load(27) " fcode="load"/>
<opset="kernel_i_2_2_2_promoted_load/2 "/>
</bind>
</comp>

<comp id="778" class="1004" name="kernel_i_1_1_1_promoted_load_load_fu_778">
<pin_list>
<pin id="779" dir="0" index="0" bw="32" slack="1"/>
<pin id="780" dir="1" index="1" bw="32" slack="0"/>
</pin_list>
<bind>
<opcode="load(27) " fcode="load"/>
<opset="kernel_i_1_1_1_promoted_load/2 "/>
</bind>
</comp>

<comp id="782" class="1004" name="kernel_i_1_1_0_promoted_load_load_fu_782">
<pin_list>
<pin id="783" dir="0" index="0" bw="32" slack="1"/>
<pin id="784" dir="1" index="1" bw="32" slack="0"/>
</pin_list>
<bind>
<opcode="load(27) " fcode="load"/>
<opset="kernel_i_1_1_0_promoted_load/2 "/>
</bind>
</comp>

<comp id="786" class="1004" name="kernel_i_1_1_2_promoted_load_load_fu_786">
<pin_list>
<pin id="787" dir="0" index="0" bw="32" slack="1"/>
<pin id="788" dir="1" index="1" bw="32" slack="0"/>
</pin_list>
<bind>
<opcode="load(27) " fcode="load"/>
<opset="kernel_i_1_1_2_promoted_load/2 "/>
</bind>
</comp>

<comp id="790" class="1004" name="kernel_i_1_0_1_promoted_load_load_fu_790">
<pin_list>
<pin id="791" dir="0" index="0" bw="32" slack="1"/>
<pin id="792" dir="1" index="1" bw="32" slack="0"/>
</pin_list>
<bind>
<opcode="load(27) " fcode="load"/>
<opset="kernel_i_1_0_1_promoted_load/2 "/>
</bind>
</comp>

<comp id="794" class="1004" name="kernel_i_1_0_0_promoted_load_load_fu_794">
<pin_list>
<pin id="795" dir="0" index="0" bw="32" slack="1"/>
<pin id="796" dir="1" index="1" bw="32" slack="0"/>
</pin_list>
<bind>
<opcode="load(27) " fcode="load"/>
<opset="kernel_i_1_0_0_promoted_load/2 "/>
</bind>
</comp>

<comp id="798" class="1004" name="kernel_i_1_0_2_promoted_load_load_fu_798">
<pin_list>
<pin id="799" dir="0" index="0" bw="32" slack="1"/>
<pin id="800" dir="1" index="1" bw="32" slack="0"/>
</pin_list>
<bind>
<opcode="load(27) " fcode="load"/>
<opset="kernel_i_1_0_2_promoted_load/2 "/>
</bind>
</comp>

<comp id="802" class="1004" name="kernel_i_1_2_1_promoted_load_load_fu_802">
<pin_list>
<pin id="803" dir="0" index="0" bw="32" slack="1"/>
<pin id="804" dir="1" index="1" bw="32" slack="0"/>
</pin_list>
<bind>
<opcode="load(27) " fcode="load"/>
<opset="kernel_i_1_2_1_promoted_load/2 "/>
</bind>
</comp>

<comp id="806" class="1004" name="kernel_i_1_2_0_promoted_load_load_fu_806">
<pin_list>
<pin id="807" dir="0" index="0" bw="32" slack="1"/>
<pin id="808" dir="1" index="1" bw="32" slack="0"/>
</pin_list>
<bind>
<opcode="load(27) " fcode="load"/>
<opset="kernel_i_1_2_0_promoted_load/2 "/>
</bind>
</comp>

<comp id="810" class="1004" name="kernel_i_1_2_2_promoted_load_load_fu_810">
<pin_list>
<pin id="811" dir="0" index="0" bw="32" slack="1"/>
<pin id="812" dir="1" index="1" bw="32" slack="0"/>
</pin_list>
<bind>
<opcode="load(27) " fcode="load"/>
<opset="kernel_i_1_2_2_promoted_load/2 "/>
</bind>
</comp>

<comp id="814" class="1004" name="kernel_i_0_1_1_promoted_load_load_fu_814">
<pin_list>
<pin id="815" dir="0" index="0" bw="32" slack="1"/>
<pin id="816" dir="1" index="1" bw="32" slack="0"/>
</pin_list>
<bind>
<opcode="load(27) " fcode="load"/>
<opset="kernel_i_0_1_1_promoted_load/2 "/>
</bind>
</comp>

<comp id="818" class="1004" name="kernel_i_0_1_0_promoted_load_load_fu_818">
<pin_list>
<pin id="819" dir="0" index="0" bw="32" slack="1"/>
<pin id="820" dir="1" index="1" bw="32" slack="0"/>
</pin_list>
<bind>
<opcode="load(27) " fcode="load"/>
<opset="kernel_i_0_1_0_promoted_load/2 "/>
</bind>
</comp>

<comp id="822" class="1004" name="kernel_i_0_1_2_promoted_load_load_fu_822">
<pin_list>
<pin id="823" dir="0" index="0" bw="32" slack="1"/>
<pin id="824" dir="1" index="1" bw="32" slack="0"/>
</pin_list>
<bind>
<opcode="load(27) " fcode="load"/>
<opset="kernel_i_0_1_2_promoted_load/2 "/>
</bind>
</comp>

<comp id="826" class="1004" name="kernel_i_0_0_1_promoted_load_load_fu_826">
<pin_list>
<pin id="827" dir="0" index="0" bw="32" slack="1"/>
<pin id="828" dir="1" index="1" bw="32" slack="0"/>
</pin_list>
<bind>
<opcode="load(27) " fcode="load"/>
<opset="kernel_i_0_0_1_promoted_load/2 "/>
</bind>
</comp>

<comp id="830" class="1004" name="kernel_i_0_0_0_promoted_load_load_fu_830">
<pin_list>
<pin id="831" dir="0" index="0" bw="32" slack="1"/>
<pin id="832" dir="1" index="1" bw="32" slack="0"/>
</pin_list>
<bind>
<opcode="load(27) " fcode="load"/>
<opset="kernel_i_0_0_0_promoted_load/2 "/>
</bind>
</comp>

<comp id="834" class="1004" name="kernel_i_0_0_2_promoted_load_load_fu_834">
<pin_list>
<pin id="835" dir="0" index="0" bw="32" slack="1"/>
<pin id="836" dir="1" index="1" bw="32" slack="0"/>
</pin_list>
<bind>
<opcode="load(27) " fcode="load"/>
<opset="kernel_i_0_0_2_promoted_load/2 "/>
</bind>
</comp>

<comp id="838" class="1004" name="kernel_i_0_2_1_promoted_load_load_fu_838">
<pin_list>
<pin id="839" dir="0" index="0" bw="32" slack="1"/>
<pin id="840" dir="1" index="1" bw="32" slack="0"/>
</pin_list>
<bind>
<opcode="load(27) " fcode="load"/>
<opset="kernel_i_0_2_1_promoted_load/2 "/>
</bind>
</comp>

<comp id="842" class="1004" name="kernel_i_0_2_0_promoted_load_load_fu_842">
<pin_list>
<pin id="843" dir="0" index="0" bw="32" slack="1"/>
<pin id="844" dir="1" index="1" bw="32" slack="0"/>
</pin_list>
<bind>
<opcode="load(27) " fcode="load"/>
<opset="kernel_i_0_2_0_promoted_load/2 "/>
</bind>
</comp>

<comp id="846" class="1004" name="kernel_i_0_2_2_promoted_load_load_fu_846">
<pin_list>
<pin id="847" dir="0" index="0" bw="32" slack="1"/>
<pin id="848" dir="1" index="1" bw="32" slack="0"/>
</pin_list>
<bind>
<opcode="load(27) " fcode="load"/>
<opset="kernel_i_0_2_2_promoted_load/2 "/>
</bind>
</comp>

<comp id="850" class="1004" name="kernel_i_3_1_1_promoted_load_load_fu_850">
<pin_list>
<pin id="851" dir="0" index="0" bw="32" slack="1"/>
<pin id="852" dir="1" index="1" bw="32" slack="0"/>
</pin_list>
<bind>
<opcode="load(27) " fcode="load"/>
<opset="kernel_i_3_1_1_promoted_load/2 "/>
</bind>
</comp>

<comp id="854" class="1004" name="kernel_i_3_1_0_promoted_load_load_fu_854">
<pin_list>
<pin id="855" dir="0" index="0" bw="32" slack="1"/>
<pin id="856" dir="1" index="1" bw="32" slack="0"/>
</pin_list>
<bind>
<opcode="load(27) " fcode="load"/>
<opset="kernel_i_3_1_0_promoted_load/2 "/>
</bind>
</comp>

<comp id="858" class="1004" name="kernel_i_3_1_2_promoted_load_load_fu_858">
<pin_list>
<pin id="859" dir="0" index="0" bw="32" slack="1"/>
<pin id="860" dir="1" index="1" bw="32" slack="0"/>
</pin_list>
<bind>
<opcode="load(27) " fcode="load"/>
<opset="kernel_i_3_1_2_promoted_load/2 "/>
</bind>
</comp>

<comp id="862" class="1004" name="kernel_i_3_0_1_promoted_load_load_fu_862">
<pin_list>
<pin id="863" dir="0" index="0" bw="32" slack="1"/>
<pin id="864" dir="1" index="1" bw="32" slack="0"/>
</pin_list>
<bind>
<opcode="load(27) " fcode="load"/>
<opset="kernel_i_3_0_1_promoted_load/2 "/>
</bind>
</comp>

<comp id="866" class="1004" name="kernel_i_3_0_0_promoted_load_load_fu_866">
<pin_list>
<pin id="867" dir="0" index="0" bw="32" slack="1"/>
<pin id="868" dir="1" index="1" bw="32" slack="0"/>
</pin_list>
<bind>
<opcode="load(27) " fcode="load"/>
<opset="kernel_i_3_0_0_promoted_load/2 "/>
</bind>
</comp>

<comp id="870" class="1004" name="kernel_i_3_0_2_promoted_load_load_fu_870">
<pin_list>
<pin id="871" dir="0" index="0" bw="32" slack="1"/>
<pin id="872" dir="1" index="1" bw="32" slack="0"/>
</pin_list>
<bind>
<opcode="load(27) " fcode="load"/>
<opset="kernel_i_3_0_2_promoted_load/2 "/>
</bind>
</comp>

<comp id="874" class="1004" name="kernel_i_3_2_1_promoted_load_load_fu_874">
<pin_list>
<pin id="875" dir="0" index="0" bw="32" slack="1"/>
<pin id="876" dir="1" index="1" bw="32" slack="0"/>
</pin_list>
<bind>
<opcode="load(27) " fcode="load"/>
<opset="kernel_i_3_2_1_promoted_load/2 "/>
</bind>
</comp>

<comp id="878" class="1004" name="kernel_i_3_2_0_promoted_load_load_fu_878">
<pin_list>
<pin id="879" dir="0" index="0" bw="32" slack="1"/>
<pin id="880" dir="1" index="1" bw="32" slack="0"/>
</pin_list>
<bind>
<opcode="load(27) " fcode="load"/>
<opset="kernel_i_3_2_0_promoted_load/2 "/>
</bind>
</comp>

<comp id="882" class="1004" name="kernel_i_3_2_2_promoted_load_load_fu_882">
<pin_list>
<pin id="883" dir="0" index="0" bw="32" slack="1"/>
<pin id="884" dir="1" index="1" bw="32" slack="0"/>
</pin_list>
<bind>
<opcode="load(27) " fcode="load"/>
<opset="kernel_i_3_2_2_promoted_load/2 "/>
</bind>
</comp>

<comp id="886" class="1004" name="or_ln_fu_886">
<pin_list>
<pin id="887" dir="0" index="0" bw="8" slack="0"/>
<pin id="888" dir="0" index="1" bw="3" slack="0"/>
<pin id="889" dir="0" index="2" bw="3" slack="0"/>
<pin id="890" dir="0" index="3" bw="1" slack="0"/>
<pin id="891" dir="1" index="4" bw="8" slack="0"/>
</pin_list>
<bind>
<opcode="bitconcatenate(1004) " fcode="bitconcatenate"/>
<opset="or_ln/2 "/>
</bind>
</comp>

<comp id="897" class="1004" name="zext_ln144_fu_897">
<pin_list>
<pin id="898" dir="0" index="0" bw="3" slack="2147483647"/>
<pin id="899" dir="1" index="1" bw="64" slack="0"/>
</pin_list>
<bind>
<opcode="zext(34) " fcode="zext"/>
<opset="zext_ln144/3 "/>
</bind>
</comp>

<comp id="901" class="1004" name="tmp_s_fu_901">
<pin_list>
<pin id="902" dir="0" index="0" bw="8" slack="0"/>
<pin id="903" dir="0" index="1" bw="3" slack="2147483647"/>
<pin id="904" dir="0" index="2" bw="1" slack="0"/>
<pin id="905" dir="1" index="3" bw="8" slack="0"/>
</pin_list>
<bind>
<opcode="bitconcatenate(1004) " fcode="bitconcatenate"/>
<opset="tmp_s/4 "/>
</bind>
</comp>

<comp id="908" class="1004" name="zext_ln30_fu_908">
<pin_list>
<pin id="909" dir="0" index="0" bw="8" slack="0"/>
<pin id="910" dir="1" index="1" bw="9" slack="0"/>
</pin_list>
<bind>
<opcode="zext(34) " fcode="zext"/>
<opset="zext_ln30/4 "/>
</bind>
</comp>

<comp id="912" class="1004" name="tmp_25_fu_912">
<pin_list>
<pin id="913" dir="0" index="0" bw="6" slack="0"/>
<pin id="914" dir="0" index="1" bw="3" slack="2147483647"/>
<pin id="915" dir="0" index="2" bw="1" slack="0"/>
<pin id="916" dir="1" index="3" bw="6" slack="0"/>
</pin_list>
<bind>
<opcode="bitconcatenate(1004) " fcode="bitconcatenate"/>
<opset="tmp_25/4 "/>
</bind>
</comp>

<comp id="919" class="1004" name="zext_ln156_fu_919">
<pin_list>
<pin id="920" dir="0" index="0" bw="6" slack="0"/>
<pin id="921" dir="1" index="1" bw="9" slack="0"/>
</pin_list>
<bind>
<opcode="zext(34) " fcode="zext"/>
<opset="zext_ln156/4 "/>
</bind>
</comp>

<comp id="923" class="1004" name="sub_ln156_fu_923">
<pin_list>
<pin id="924" dir="0" index="0" bw="8" slack="0"/>
<pin id="925" dir="0" index="1" bw="6" slack="0"/>
<pin id="926" dir="1" index="2" bw="9" slack="0"/>
</pin_list>
<bind>
<opcode="sub(10) " fcode="sub"/>
<opset="sub_ln156/4 "/>
</bind>
</comp>

<comp id="929" class="1004" name="sext_ln144_fu_929">
<pin_list>
<pin id="930" dir="0" index="0" bw="9" slack="0"/>
<pin id="931" dir="1" index="1" bw="10" slack="2"/>
</pin_list>
<bind>
<opcode="sext(35) " fcode="sext"/>
<opset="sext_ln144/4 "/>
</bind>
</comp>

<comp id="933" class="1004" name="p_loc_load_load_fu_933">
<pin_list>
<pin id="934" dir="0" index="0" bw="32" slack="3"/>
<pin id="935" dir="1" index="1" bw="32" slack="2147483647"/>
</pin_list>
<bind>
<opcode="load(27) " fcode="load"/>
<opset="p_loc_load/4 "/>
</bind>
</comp>

<comp id="936" class="1004" name="p_loc74_load_load_fu_936">
<pin_list>
<pin id="937" dir="0" index="0" bw="32" slack="3"/>
<pin id="938" dir="1" index="1" bw="32" slack="2147483647"/>
</pin_list>
<bind>
<opcode="load(27) " fcode="load"/>
<opset="p_loc74_load/4 "/>
</bind>
</comp>

<comp id="939" class="1004" name="p_loc75_load_load_fu_939">
<pin_list>
<pin id="940" dir="0" index="0" bw="32" slack="3"/>
<pin id="941" dir="1" index="1" bw="32" slack="2147483647"/>
</pin_list>
<bind>
<opcode="load(27) " fcode="load"/>
<opset="p_loc75_load/4 "/>
</bind>
</comp>

<comp id="942" class="1004" name="p_loc76_load_load_fu_942">
<pin_list>
<pin id="943" dir="0" index="0" bw="32" slack="3"/>
<pin id="944" dir="1" index="1" bw="32" slack="2147483647"/>
</pin_list>
<bind>
<opcode="load(27) " fcode="load"/>
<opset="p_loc76_load/4 "/>
</bind>
</comp>

<comp id="945" class="1004" name="p_loc77_load_load_fu_945">
<pin_list>
<pin id="946" dir="0" index="0" bw="32" slack="3"/>
<pin id="947" dir="1" index="1" bw="32" slack="2147483647"/>
</pin_list>
<bind>
<opcode="load(27) " fcode="load"/>
<opset="p_loc77_load/4 "/>
</bind>
</comp>

<comp id="948" class="1004" name="p_loc78_load_load_fu_948">
<pin_list>
<pin id="949" dir="0" index="0" bw="32" slack="3"/>
<pin id="950" dir="1" index="1" bw="32" slack="2147483647"/>
</pin_list>
<bind>
<opcode="load(27) " fcode="load"/>
<opset="p_loc78_load/4 "/>
</bind>
</comp>

<comp id="951" class="1004" name="p_loc79_load_load_fu_951">
<pin_list>
<pin id="952" dir="0" index="0" bw="32" slack="3"/>
<pin id="953" dir="1" index="1" bw="32" slack="2147483647"/>
</pin_list>
<bind>
<opcode="load(27) " fcode="load"/>
<opset="p_loc79_load/4 "/>
</bind>
</comp>

<comp id="954" class="1004" name="p_loc80_load_load_fu_954">
<pin_list>
<pin id="955" dir="0" index="0" bw="32" slack="3"/>
<pin id="956" dir="1" index="1" bw="32" slack="2147483647"/>
</pin_list>
<bind>
<opcode="load(27) " fcode="load"/>
<opset="p_loc80_load/4 "/>
</bind>
</comp>

<comp id="957" class="1004" name="p_loc81_load_load_fu_957">
<pin_list>
<pin id="958" dir="0" index="0" bw="32" slack="3"/>
<pin id="959" dir="1" index="1" bw="32" slack="2147483647"/>
</pin_list>
<bind>
<opcode="load(27) " fcode="load"/>
<opset="p_loc81_load/4 "/>
</bind>
</comp>

<comp id="960" class="1004" name="p_loc82_load_load_fu_960">
<pin_list>
<pin id="961" dir="0" index="0" bw="32" slack="3"/>
<pin id="962" dir="1" index="1" bw="32" slack="2147483647"/>
</pin_list>
<bind>
<opcode="load(27) " fcode="load"/>
<opset="p_loc82_load/4 "/>
</bind>
</comp>

<comp id="963" class="1004" name="p_loc83_load_load_fu_963">
<pin_list>
<pin id="964" dir="0" index="0" bw="32" slack="3"/>
<pin id="965" dir="1" index="1" bw="32" slack="2147483647"/>
</pin_list>
<bind>
<opcode="load(27) " fcode="load"/>
<opset="p_loc83_load/4 "/>
</bind>
</comp>

<comp id="966" class="1004" name="p_loc84_load_load_fu_966">
<pin_list>
<pin id="967" dir="0" index="0" bw="32" slack="3"/>
<pin id="968" dir="1" index="1" bw="32" slack="2147483647"/>
</pin_list>
<bind>
<opcode="load(27) " fcode="load"/>
<opset="p_loc84_load/4 "/>
</bind>
</comp>

<comp id="969" class="1004" name="p_loc85_load_load_fu_969">
<pin_list>
<pin id="970" dir="0" index="0" bw="32" slack="3"/>
<pin id="971" dir="1" index="1" bw="32" slack="2147483647"/>
</pin_list>
<bind>
<opcode="load(27) " fcode="load"/>
<opset="p_loc85_load/4 "/>
</bind>
</comp>

<comp id="972" class="1004" name="p_loc86_load_load_fu_972">
<pin_list>
<pin id="973" dir="0" index="0" bw="32" slack="3"/>
<pin id="974" dir="1" index="1" bw="32" slack="2147483647"/>
</pin_list>
<bind>
<opcode="load(27) " fcode="load"/>
<opset="p_loc86_load/4 "/>
</bind>
</comp>

<comp id="975" class="1004" name="p_loc87_load_load_fu_975">
<pin_list>
<pin id="976" dir="0" index="0" bw="32" slack="3"/>
<pin id="977" dir="1" index="1" bw="32" slack="2147483647"/>
</pin_list>
<bind>
<opcode="load(27) " fcode="load"/>
<opset="p_loc87_load/4 "/>
</bind>
</comp>

<comp id="978" class="1004" name="p_loc88_load_load_fu_978">
<pin_list>
<pin id="979" dir="0" index="0" bw="32" slack="3"/>
<pin id="980" dir="1" index="1" bw="32" slack="2147483647"/>
</pin_list>
<bind>
<opcode="load(27) " fcode="load"/>
<opset="p_loc88_load/4 "/>
</bind>
</comp>

<comp id="981" class="1004" name="p_loc89_load_load_fu_981">
<pin_list>
<pin id="982" dir="0" index="0" bw="32" slack="3"/>
<pin id="983" dir="1" index="1" bw="32" slack="2147483647"/>
</pin_list>
<bind>
<opcode="load(27) " fcode="load"/>
<opset="p_loc89_load/4 "/>
</bind>
</comp>

<comp id="984" class="1004" name="p_loc90_load_load_fu_984">
<pin_list>
<pin id="985" dir="0" index="0" bw="32" slack="3"/>
<pin id="986" dir="1" index="1" bw="32" slack="2147483647"/>
</pin_list>
<bind>
<opcode="load(27) " fcode="load"/>
<opset="p_loc90_load/4 "/>
</bind>
</comp>

<comp id="987" class="1004" name="p_loc91_load_load_fu_987">
<pin_list>
<pin id="988" dir="0" index="0" bw="32" slack="3"/>
<pin id="989" dir="1" index="1" bw="32" slack="2147483647"/>
</pin_list>
<bind>
<opcode="load(27) " fcode="load"/>
<opset="p_loc91_load/4 "/>
</bind>
</comp>

<comp id="990" class="1004" name="p_loc92_load_load_fu_990">
<pin_list>
<pin id="991" dir="0" index="0" bw="32" slack="3"/>
<pin id="992" dir="1" index="1" bw="32" slack="2147483647"/>
</pin_list>
<bind>
<opcode="load(27) " fcode="load"/>
<opset="p_loc92_load/4 "/>
</bind>
</comp>

<comp id="993" class="1004" name="p_loc93_load_load_fu_993">
<pin_list>
<pin id="994" dir="0" index="0" bw="32" slack="3"/>
<pin id="995" dir="1" index="1" bw="32" slack="2147483647"/>
</pin_list>
<bind>
<opcode="load(27) " fcode="load"/>
<opset="p_loc93_load/4 "/>
</bind>
</comp>

<comp id="996" class="1004" name="p_loc94_load_load_fu_996">
<pin_list>
<pin id="997" dir="0" index="0" bw="32" slack="3"/>
<pin id="998" dir="1" index="1" bw="32" slack="2147483647"/>
</pin_list>
<bind>
<opcode="load(27) " fcode="load"/>
<opset="p_loc94_load/4 "/>
</bind>
</comp>

<comp id="999" class="1004" name="p_loc95_load_load_fu_999">
<pin_list>
<pin id="1000" dir="0" index="0" bw="32" slack="3"/>
<pin id="1001" dir="1" index="1" bw="32" slack="2147483647"/>
</pin_list>
<bind>
<opcode="load(27) " fcode="load"/>
<opset="p_loc95_load/4 "/>
</bind>
</comp>

<comp id="1002" class="1004" name="p_loc96_load_load_fu_1002">
<pin_list>
<pin id="1003" dir="0" index="0" bw="32" slack="3"/>
<pin id="1004" dir="1" index="1" bw="32" slack="2147483647"/>
</pin_list>
<bind>
<opcode="load(27) " fcode="load"/>
<opset="p_loc96_load/4 "/>
</bind>
</comp>

<comp id="1005" class="1004" name="p_loc97_load_load_fu_1005">
<pin_list>
<pin id="1006" dir="0" index="0" bw="32" slack="3"/>
<pin id="1007" dir="1" index="1" bw="32" slack="2147483647"/>
</pin_list>
<bind>
<opcode="load(27) " fcode="load"/>
<opset="p_loc97_load/4 "/>
</bind>
</comp>

<comp id="1008" class="1004" name="p_loc98_load_load_fu_1008">
<pin_list>
<pin id="1009" dir="0" index="0" bw="32" slack="3"/>
<pin id="1010" dir="1" index="1" bw="32" slack="2147483647"/>
</pin_list>
<bind>
<opcode="load(27) " fcode="load"/>
<opset="p_loc98_load/4 "/>
</bind>
</comp>

<comp id="1011" class="1004" name="p_loc99_load_load_fu_1011">
<pin_list>
<pin id="1012" dir="0" index="0" bw="32" slack="3"/>
<pin id="1013" dir="1" index="1" bw="32" slack="2147483647"/>
</pin_list>
<bind>
<opcode="load(27) " fcode="load"/>
<opset="p_loc99_load/4 "/>
</bind>
</comp>

<comp id="1014" class="1004" name="p_loc100_load_load_fu_1014">
<pin_list>
<pin id="1015" dir="0" index="0" bw="32" slack="3"/>
<pin id="1016" dir="1" index="1" bw="32" slack="2147483647"/>
</pin_list>
<bind>
<opcode="load(27) " fcode="load"/>
<opset="p_loc100_load/4 "/>
</bind>
</comp>

<comp id="1017" class="1004" name="p_loc101_load_load_fu_1017">
<pin_list>
<pin id="1018" dir="0" index="0" bw="32" slack="3"/>
<pin id="1019" dir="1" index="1" bw="32" slack="2147483647"/>
</pin_list>
<bind>
<opcode="load(27) " fcode="load"/>
<opset="p_loc101_load/4 "/>
</bind>
</comp>

<comp id="1020" class="1004" name="p_loc102_load_load_fu_1020">
<pin_list>
<pin id="1021" dir="0" index="0" bw="32" slack="3"/>
<pin id="1022" dir="1" index="1" bw="32" slack="2147483647"/>
</pin_list>
<bind>
<opcode="load(27) " fcode="load"/>
<opset="p_loc102_load/4 "/>
</bind>
</comp>

<comp id="1023" class="1004" name="p_loc103_load_load_fu_1023">
<pin_list>
<pin id="1024" dir="0" index="0" bw="32" slack="3"/>
<pin id="1025" dir="1" index="1" bw="32" slack="2147483647"/>
</pin_list>
<bind>
<opcode="load(27) " fcode="load"/>
<opset="p_loc103_load/4 "/>
</bind>
</comp>

<comp id="1026" class="1004" name="p_loc104_load_load_fu_1026">
<pin_list>
<pin id="1027" dir="0" index="0" bw="32" slack="3"/>
<pin id="1028" dir="1" index="1" bw="32" slack="2147483647"/>
</pin_list>
<bind>
<opcode="load(27) " fcode="load"/>
<opset="p_loc104_load/4 "/>
</bind>
</comp>

<comp id="1029" class="1004" name="p_loc105_load_load_fu_1029">
<pin_list>
<pin id="1030" dir="0" index="0" bw="32" slack="3"/>
<pin id="1031" dir="1" index="1" bw="32" slack="2147483647"/>
</pin_list>
<bind>
<opcode="load(27) " fcode="load"/>
<opset="p_loc105_load/4 "/>
</bind>
</comp>

<comp id="1032" class="1004" name="p_loc106_load_load_fu_1032">
<pin_list>
<pin id="1033" dir="0" index="0" bw="32" slack="3"/>
<pin id="1034" dir="1" index="1" bw="32" slack="2147483647"/>
</pin_list>
<bind>
<opcode="load(27) " fcode="load"/>
<opset="p_loc106_load/4 "/>
</bind>
</comp>

<comp id="1035" class="1004" name="p_loc107_load_load_fu_1035">
<pin_list>
<pin id="1036" dir="0" index="0" bw="32" slack="3"/>
<pin id="1037" dir="1" index="1" bw="32" slack="2147483647"/>
</pin_list>
<bind>
<opcode="load(27) " fcode="load"/>
<opset="p_loc107_load/4 "/>
</bind>
</comp>

<comp id="1038" class="1004" name="p_loc108_load_load_fu_1038">
<pin_list>
<pin id="1039" dir="0" index="0" bw="32" slack="3"/>
<pin id="1040" dir="1" index="1" bw="32" slack="2147483647"/>
</pin_list>
<bind>
<opcode="load(27) " fcode="load"/>
<opset="p_loc108_load/4 "/>
</bind>
</comp>

<comp id="1041" class="1004" name="icmp_ln148_fu_1041">
<pin_list>
<pin id="1042" dir="0" index="0" bw="12" slack="0"/>
<pin id="1043" dir="0" index="1" bw="12" slack="0"/>
<pin id="1044" dir="1" index="2" bw="1" slack="2147483647"/>
</pin_list>
<bind>
<opcode="icmp(45) " fcode="icmp"/>
<opset="icmp_ln148/5 "/>
</bind>
</comp>

<comp id="1047" class="1004" name="add_ln148_2_fu_1047">
<pin_list>
<pin id="1048" dir="0" index="0" bw="12" slack="0"/>
<pin id="1049" dir="0" index="1" bw="1" slack="0"/>
<pin id="1050" dir="1" index="2" bw="12" slack="0"/>
</pin_list>
<bind>
<opcode="add(8) " fcode="add"/>
<opset="add_ln148_2/5 "/>
</bind>
</comp>

<comp id="1053" class="1004" name="add_ln148_fu_1053">
<pin_list>
<pin id="1054" dir="0" index="0" bw="3" slack="0"/>
<pin id="1055" dir="0" index="1" bw="1" slack="0"/>
<pin id="1056" dir="1" index="2" bw="3" slack="0"/>
</pin_list>
<bind>
<opcode="add(8) " fcode="add"/>
<opset="add_ln148/5 "/>
</bind>
</comp>

<comp id="1059" class="1004" name="icmp_ln150_fu_1059">
<pin_list>
<pin id="1060" dir="0" index="0" bw="10" slack="0"/>
<pin id="1061" dir="0" index="1" bw="10" slack="0"/>
<pin id="1062" dir="1" index="2" bw="1" slack="0"/>
</pin_list>
<bind>
<opcode="icmp(45) " fcode="icmp"/>
<opset="icmp_ln150/5 "/>
</bind>
</comp>

<comp id="1065" class="1004" name="select_ln148_fu_1065">
<pin_list>
<pin id="1066" dir="0" index="0" bw="1" slack="0"/>
<pin id="1067" dir="0" index="1" bw="5" slack="0"/>
<pin id="1068" dir="0" index="2" bw="5" slack="0"/>
<pin id="1069" dir="1" index="3" bw="5" slack="0"/>
</pin_list>
<bind>
<opcode="select(49) " fcode="select"/>
<opset="select_ln148/5 "/>
</bind>
</comp>

<comp id="1073" class="1004" name="select_ln148_4_fu_1073">
<pin_list>
<pin id="1074" dir="0" index="0" bw="1" slack="0"/>
<pin id="1075" dir="0" index="1" bw="3" slack="0"/>
<pin id="1076" dir="0" index="2" bw="3" slack="0"/>
<pin id="1077" dir="1" index="3" bw="3" slack="0"/>
</pin_list>
<bind>
<opcode="select(49) " fcode="select"/>
<opset="select_ln148_4/5 "/>
</bind>
</comp>

<comp id="1081" class="1004" name="zext_ln52_fu_1081">
<pin_list>
<pin id="1082" dir="0" index="0" bw="3" slack="0"/>
<pin id="1083" dir="1" index="1" bw="8" slack="0"/>
</pin_list>
<bind>
<opcode="zext(34) " fcode="zext"/>
<opset="zext_ln52/5 "/>
</bind>
</comp>

<comp id="1085" class="1004" name="mul_ln52_fu_1085">
<pin_list>
<pin id="1086" dir="0" index="0" bw="3" slack="0"/>
<pin id="1087" dir="0" index="1" bw="6" slack="0"/>
<pin id="1088" dir="1" index="2" bw="8" slack="1"/>
</pin_list>
<bind>
<opcode="mul(12) " fcode="mul"/>
<opset="mul_ln52/5 "/>
</bind>
</comp>

<comp id="1091" class="1004" name="cmp15_i_mid1_fu_1091">
<pin_list>
<pin id="1092" dir="0" index="0" bw="3" slack="0"/>
<pin id="1093" dir="0" index="1" bw="3" slack="0"/>
<pin id="1094" dir="1" index="2" bw="1" slack="3"/>
</pin_list>
<bind>
<opcode="icmp(45) " fcode="icmp"/>
<opset="cmp15_i_mid1/5 "/>
</bind>
</comp>

<comp id="1097" class="1004" name="cmp15_i63_fu_1097">
<pin_list>
<pin id="1098" dir="0" index="0" bw="3" slack="0"/>
<pin id="1099" dir="0" index="1" bw="3" slack="0"/>
<pin id="1100" dir="1" index="2" bw="1" slack="3"/>
</pin_list>
<bind>
<opcode="icmp(45) " fcode="icmp"/>
<opset="cmp15_i63/5 "/>
</bind>
</comp>

<comp id="1103" class="1004" name="cmp28_i_mid1_fu_1103">
<pin_list>
<pin id="1104" dir="0" index="0" bw="3" slack="0"/>
<pin id="1105" dir="0" index="1" bw="3" slack="0"/>
<pin id="1106" dir="1" index="2" bw="1" slack="0"/>
</pin_list>
<bind>
<opcode="icmp(45) " fcode="icmp"/>
<opset="cmp28_i_mid1/5 "/>
</bind>
</comp>

<comp id="1109" class="1004" name="cmp28_i62_fu_1109">
<pin_list>
<pin id="1110" dir="0" index="0" bw="3" slack="0"/>
<pin id="1111" dir="0" index="1" bw="3" slack="0"/>
<pin id="1112" dir="1" index="2" bw="1" slack="0"/>
</pin_list>
<bind>
<opcode="icmp(45) " fcode="icmp"/>
<opset="cmp28_i62/5 "/>
</bind>
</comp>

<comp id="1115" class="1004" name="select_ln148_6_fu_1115">
<pin_list>
<pin id="1116" dir="0" index="0" bw="1" slack="0"/>
<pin id="1117" dir="0" index="1" bw="1" slack="0"/>
<pin id="1118" dir="0" index="2" bw="1" slack="0"/>
<pin id="1119" dir="1" index="3" bw="1" slack="29"/>
</pin_list>
<bind>
<opcode="select(49) " fcode="select"/>
<opset="select_ln148_6/5 "/>
</bind>
</comp>

<comp id="1123" class="1004" name="trunc_ln148_fu_1123">
<pin_list>
<pin id="1124" dir="0" index="0" bw="3" slack="0"/>
<pin id="1125" dir="1" index="1" bw="2" slack="4"/>
</pin_list>
<bind>
<opcode="trunc(33) " fcode="trunc"/>
<opset="trunc_ln148/5 "/>
</bind>
</comp>

<comp id="1127" class="1004" name="xor_ln148_fu_1127">
<pin_list>
<pin id="1128" dir="0" index="0" bw="1" slack="0"/>
<pin id="1129" dir="0" index="1" bw="1" slack="0"/>
<pin id="1130" dir="1" index="2" bw="1" slack="0"/>
</pin_list>
<bind>
<opcode="xor(25) " fcode="xor"/>
<opset="xor_ln148/5 "/>
</bind>
</comp>

<comp id="1133" class="1004" name="icmp_ln152_fu_1133">
<pin_list>
<pin id="1134" dir="0" index="0" bw="5" slack="0"/>
<pin id="1135" dir="0" index="1" bw="5" slack="0"/>
<pin id="1136" dir="1" index="2" bw="1" slack="0"/>
</pin_list>
<bind>
<opcode="icmp(45) " fcode="icmp"/>
<opset="icmp_ln152/5 "/>
</bind>
</comp>

<comp id="1139" class="1004" name="and_ln148_fu_1139">
<pin_list>
<pin id="1140" dir="0" index="0" bw="1" slack="0"/>
<pin id="1141" dir="0" index="1" bw="1" slack="0"/>
<pin id="1142" dir="1" index="2" bw="1" slack="0"/>
</pin_list>
<bind>
<opcode="and(23) " fcode="and"/>
<opset="and_ln148/5 "/>
</bind>
</comp>

<comp id="1145" class="1004" name="add_ln150_fu_1145">
<pin_list>
<pin id="1146" dir="0" index="0" bw="5" slack="0"/>
<pin id="1147" dir="0" index="1" bw="1" slack="0"/>
<pin id="1148" dir="1" index="2" bw="5" slack="0"/>
</pin_list>
<bind>
<opcode="add(8) " fcode="add"/>
<opset="add_ln150/5 "/>
</bind>
</comp>

<comp id="1151" class="1004" name="select_ln150_3_fu_1151">
<pin_list>
<pin id="1152" dir="0" index="0" bw="1" slack="0"/>
<pin id="1153" dir="0" index="1" bw="5" slack="0"/>
<pin id="1154" dir="0" index="2" bw="5" slack="0"/>
<pin id="1155" dir="1" index="3" bw="5" slack="0"/>
</pin_list>
<bind>
<opcode="select(49) " fcode="select"/>
<opset="select_ln150_3/5 "/>
</bind>
</comp>

<comp id="1159" class="1004" name="store_ln144_store_fu_1159">
<pin_list>
<pin id="1160" dir="0" index="0" bw="32" slack="2147483647"/>
<pin id="1161" dir="0" index="1" bw="32" slack="4"/>
<pin id="1162" dir="1" index="2" bw="0" slack="2147483647"/>
</pin_list>
<bind>
<opcode="store(28) " fcode="store"/>
<opset="store_ln144/5 "/>
</bind>
</comp>

<comp id="1163" class="1004" name="store_ln144_store_fu_1163">
<pin_list>
<pin id="1164" dir="0" index="0" bw="32" slack="2147483647"/>
<pin id="1165" dir="0" index="1" bw="32" slack="4"/>
<pin id="1166" dir="1" index="2" bw="0" slack="2147483647"/>
</pin_list>
<bind>
<opcode="store(28) " fcode="store"/>
<opset="store_ln144/5 "/>
</bind>
</comp>

<comp id="1167" class="1004" name="store_ln144_store_fu_1167">
<pin_list>
<pin id="1168" dir="0" index="0" bw="32" slack="2147483647"/>
<pin id="1169" dir="0" index="1" bw="32" slack="4"/>
<pin id="1170" dir="1" index="2" bw="0" slack="2147483647"/>
</pin_list>
<bind>
<opcode="store(28) " fcode="store"/>
<opset="store_ln144/5 "/>
</bind>
</comp>

<comp id="1171" class="1004" name="store_ln144_store_fu_1171">
<pin_list>
<pin id="1172" dir="0" index="0" bw="32" slack="2147483647"/>
<pin id="1173" dir="0" index="1" bw="32" slack="4"/>
<pin id="1174" dir="1" index="2" bw="0" slack="2147483647"/>
</pin_list>
<bind>
<opcode="store(28) " fcode="store"/>
<opset="store_ln144/5 "/>
</bind>
</comp>

<comp id="1175" class="1004" name="store_ln144_store_fu_1175">
<pin_list>
<pin id="1176" dir="0" index="0" bw="32" slack="2147483647"/>
<pin id="1177" dir="0" index="1" bw="32" slack="4"/>
<pin id="1178" dir="1" index="2" bw="0" slack="2147483647"/>
</pin_list>
<bind>
<opcode="store(28) " fcode="store"/>
<opset="store_ln144/5 "/>
</bind>
</comp>

<comp id="1179" class="1004" name="store_ln144_store_fu_1179">
<pin_list>
<pin id="1180" dir="0" index="0" bw="32" slack="2147483647"/>
<pin id="1181" dir="0" index="1" bw="32" slack="4"/>
<pin id="1182" dir="1" index="2" bw="0" slack="2147483647"/>
</pin_list>
<bind>
<opcode="store(28) " fcode="store"/>
<opset="store_ln144/5 "/>
</bind>
</comp>

<comp id="1183" class="1004" name="store_ln144_store_fu_1183">
<pin_list>
<pin id="1184" dir="0" index="0" bw="32" slack="2147483647"/>
<pin id="1185" dir="0" index="1" bw="32" slack="4"/>
<pin id="1186" dir="1" index="2" bw="0" slack="2147483647"/>
</pin_list>
<bind>
<opcode="store(28) " fcode="store"/>
<opset="store_ln144/5 "/>
</bind>
</comp>

<comp id="1187" class="1004" name="store_ln144_store_fu_1187">
<pin_list>
<pin id="1188" dir="0" index="0" bw="32" slack="2147483647"/>
<pin id="1189" dir="0" index="1" bw="32" slack="4"/>
<pin id="1190" dir="1" index="2" bw="0" slack="2147483647"/>
</pin_list>
<bind>
<opcode="store(28) " fcode="store"/>
<opset="store_ln144/5 "/>
</bind>
</comp>

<comp id="1191" class="1004" name="store_ln144_store_fu_1191">
<pin_list>
<pin id="1192" dir="0" index="0" bw="32" slack="2147483647"/>
<pin id="1193" dir="0" index="1" bw="32" slack="4"/>
<pin id="1194" dir="1" index="2" bw="0" slack="2147483647"/>
</pin_list>
<bind>
<opcode="store(28) " fcode="store"/>
<opset="store_ln144/5 "/>
</bind>
</comp>

<comp id="1195" class="1004" name="store_ln144_store_fu_1195">
<pin_list>
<pin id="1196" dir="0" index="0" bw="32" slack="2147483647"/>
<pin id="1197" dir="0" index="1" bw="32" slack="4"/>
<pin id="1198" dir="1" index="2" bw="0" slack="2147483647"/>
</pin_list>
<bind>
<opcode="store(28) " fcode="store"/>
<opset="store_ln144/5 "/>
</bind>
</comp>

<comp id="1199" class="1004" name="store_ln144_store_fu_1199">
<pin_list>
<pin id="1200" dir="0" index="0" bw="32" slack="2147483647"/>
<pin id="1201" dir="0" index="1" bw="32" slack="4"/>
<pin id="1202" dir="1" index="2" bw="0" slack="2147483647"/>
</pin_list>
<bind>
<opcode="store(28) " fcode="store"/>
<opset="store_ln144/5 "/>
</bind>
</comp>

<comp id="1203" class="1004" name="store_ln144_store_fu_1203">
<pin_list>
<pin id="1204" dir="0" index="0" bw="32" slack="2147483647"/>
<pin id="1205" dir="0" index="1" bw="32" slack="4"/>
<pin id="1206" dir="1" index="2" bw="0" slack="2147483647"/>
</pin_list>
<bind>
<opcode="store(28) " fcode="store"/>
<opset="store_ln144/5 "/>
</bind>
</comp>

<comp id="1207" class="1004" name="store_ln144_store_fu_1207">
<pin_list>
<pin id="1208" dir="0" index="0" bw="32" slack="2147483647"/>
<pin id="1209" dir="0" index="1" bw="32" slack="4"/>
<pin id="1210" dir="1" index="2" bw="0" slack="2147483647"/>
</pin_list>
<bind>
<opcode="store(28) " fcode="store"/>
<opset="store_ln144/5 "/>
</bind>
</comp>

<comp id="1211" class="1004" name="store_ln144_store_fu_1211">
<pin_list>
<pin id="1212" dir="0" index="0" bw="32" slack="2147483647"/>
<pin id="1213" dir="0" index="1" bw="32" slack="4"/>
<pin id="1214" dir="1" index="2" bw="0" slack="2147483647"/>
</pin_list>
<bind>
<opcode="store(28) " fcode="store"/>
<opset="store_ln144/5 "/>
</bind>
</comp>

<comp id="1215" class="1004" name="store_ln144_store_fu_1215">
<pin_list>
<pin id="1216" dir="0" index="0" bw="32" slack="2147483647"/>
<pin id="1217" dir="0" index="1" bw="32" slack="4"/>
<pin id="1218" dir="1" index="2" bw="0" slack="2147483647"/>
</pin_list>
<bind>
<opcode="store(28) " fcode="store"/>
<opset="store_ln144/5 "/>
</bind>
</comp>

<comp id="1219" class="1004" name="store_ln144_store_fu_1219">
<pin_list>
<pin id="1220" dir="0" index="0" bw="32" slack="2147483647"/>
<pin id="1221" dir="0" index="1" bw="32" slack="4"/>
<pin id="1222" dir="1" index="2" bw="0" slack="2147483647"/>
</pin_list>
<bind>
<opcode="store(28) " fcode="store"/>
<opset="store_ln144/5 "/>
</bind>
</comp>

<comp id="1223" class="1004" name="store_ln144_store_fu_1223">
<pin_list>
<pin id="1224" dir="0" index="0" bw="32" slack="2147483647"/>
<pin id="1225" dir="0" index="1" bw="32" slack="4"/>
<pin id="1226" dir="1" index="2" bw="0" slack="2147483647"/>
</pin_list>
<bind>
<opcode="store(28) " fcode="store"/>
<opset="store_ln144/5 "/>
</bind>
</comp>

<comp id="1227" class="1004" name="store_ln144_store_fu_1227">
<pin_list>
<pin id="1228" dir="0" index="0" bw="32" slack="2147483647"/>
<pin id="1229" dir="0" index="1" bw="32" slack="4"/>
<pin id="1230" dir="1" index="2" bw="0" slack="2147483647"/>
</pin_list>
<bind>
<opcode="store(28) " fcode="store"/>
<opset="store_ln144/5 "/>
</bind>
</comp>

<comp id="1231" class="1004" name="store_ln144_store_fu_1231">
<pin_list>
<pin id="1232" dir="0" index="0" bw="32" slack="2147483647"/>
<pin id="1233" dir="0" index="1" bw="32" slack="4"/>
<pin id="1234" dir="1" index="2" bw="0" slack="2147483647"/>
</pin_list>
<bind>
<opcode="store(28) " fcode="store"/>
<opset="store_ln144/5 "/>
</bind>
</comp>

<comp id="1235" class="1004" name="store_ln144_store_fu_1235">
<pin_list>
<pin id="1236" dir="0" index="0" bw="32" slack="2147483647"/>
<pin id="1237" dir="0" index="1" bw="32" slack="4"/>
<pin id="1238" dir="1" index="2" bw="0" slack="2147483647"/>
</pin_list>
<bind>
<opcode="store(28) " fcode="store"/>
<opset="store_ln144/5 "/>
</bind>
</comp>

<comp id="1239" class="1004" name="store_ln144_store_fu_1239">
<pin_list>
<pin id="1240" dir="0" index="0" bw="32" slack="2147483647"/>
<pin id="1241" dir="0" index="1" bw="32" slack="4"/>
<pin id="1242" dir="1" index="2" bw="0" slack="2147483647"/>
</pin_list>
<bind>
<opcode="store(28) " fcode="store"/>
<opset="store_ln144/5 "/>
</bind>
</comp>

<comp id="1243" class="1004" name="store_ln144_store_fu_1243">
<pin_list>
<pin id="1244" dir="0" index="0" bw="32" slack="2147483647"/>
<pin id="1245" dir="0" index="1" bw="32" slack="4"/>
<pin id="1246" dir="1" index="2" bw="0" slack="2147483647"/>
</pin_list>
<bind>
<opcode="store(28) " fcode="store"/>
<opset="store_ln144/5 "/>
</bind>
</comp>

<comp id="1247" class="1004" name="store_ln144_store_fu_1247">
<pin_list>
<pin id="1248" dir="0" index="0" bw="32" slack="2147483647"/>
<pin id="1249" dir="0" index="1" bw="32" slack="4"/>
<pin id="1250" dir="1" index="2" bw="0" slack="2147483647"/>
</pin_list>
<bind>
<opcode="store(28) " fcode="store"/>
<opset="store_ln144/5 "/>
</bind>
</comp>

<comp id="1251" class="1004" name="store_ln144_store_fu_1251">
<pin_list>
<pin id="1252" dir="0" index="0" bw="32" slack="2147483647"/>
<pin id="1253" dir="0" index="1" bw="32" slack="4"/>
<pin id="1254" dir="1" index="2" bw="0" slack="2147483647"/>
</pin_list>
<bind>
<opcode="store(28) " fcode="store"/>
<opset="store_ln144/5 "/>
</bind>
</comp>

<comp id="1255" class="1004" name="store_ln144_store_fu_1255">
<pin_list>
<pin id="1256" dir="0" index="0" bw="32" slack="2147483647"/>
<pin id="1257" dir="0" index="1" bw="32" slack="4"/>
<pin id="1258" dir="1" index="2" bw="0" slack="2147483647"/>
</pin_list>
<bind>
<opcode="store(28) " fcode="store"/>
<opset="store_ln144/5 "/>
</bind>
</comp>

<comp id="1259" class="1004" name="store_ln144_store_fu_1259">
<pin_list>
<pin id="1260" dir="0" index="0" bw="32" slack="2147483647"/>
<pin id="1261" dir="0" index="1" bw="32" slack="4"/>
<pin id="1262" dir="1" index="2" bw="0" slack="2147483647"/>
</pin_list>
<bind>
<opcode="store(28) " fcode="store"/>
<opset="store_ln144/5 "/>
</bind>
</comp>

<comp id="1263" class="1004" name="store_ln144_store_fu_1263">
<pin_list>
<pin id="1264" dir="0" index="0" bw="32" slack="2147483647"/>
<pin id="1265" dir="0" index="1" bw="32" slack="4"/>
<pin id="1266" dir="1" index="2" bw="0" slack="2147483647"/>
</pin_list>
<bind>
<opcode="store(28) " fcode="store"/>
<opset="store_ln144/5 "/>
</bind>
</comp>

<comp id="1267" class="1004" name="store_ln144_store_fu_1267">
<pin_list>
<pin id="1268" dir="0" index="0" bw="32" slack="2147483647"/>
<pin id="1269" dir="0" index="1" bw="32" slack="4"/>
<pin id="1270" dir="1" index="2" bw="0" slack="2147483647"/>
</pin_list>
<bind>
<opcode="store(28) " fcode="store"/>
<opset="store_ln144/5 "/>
</bind>
</comp>

<comp id="1271" class="1004" name="store_ln144_store_fu_1271">
<pin_list>
<pin id="1272" dir="0" index="0" bw="32" slack="2147483647"/>
<pin id="1273" dir="0" index="1" bw="32" slack="4"/>
<pin id="1274" dir="1" index="2" bw="0" slack="2147483647"/>
</pin_list>
<bind>
<opcode="store(28) " fcode="store"/>
<opset="store_ln144/5 "/>
</bind>
</comp>

<comp id="1275" class="1004" name="store_ln144_store_fu_1275">
<pin_list>
<pin id="1276" dir="0" index="0" bw="32" slack="2147483647"/>
<pin id="1277" dir="0" index="1" bw="32" slack="4"/>
<pin id="1278" dir="1" index="2" bw="0" slack="2147483647"/>
</pin_list>
<bind>
<opcode="store(28) " fcode="store"/>
<opset="store_ln144/5 "/>
</bind>
</comp>

<comp id="1279" class="1004" name="store_ln144_store_fu_1279">
<pin_list>
<pin id="1280" dir="0" index="0" bw="32" slack="2147483647"/>
<pin id="1281" dir="0" index="1" bw="32" slack="4"/>
<pin id="1282" dir="1" index="2" bw="0" slack="2147483647"/>
</pin_list>
<bind>
<opcode="store(28) " fcode="store"/>
<opset="store_ln144/5 "/>
</bind>
</comp>

<comp id="1283" class="1004" name="store_ln144_store_fu_1283">
<pin_list>
<pin id="1284" dir="0" index="0" bw="32" slack="2147483647"/>
<pin id="1285" dir="0" index="1" bw="32" slack="4"/>
<pin id="1286" dir="1" index="2" bw="0" slack="2147483647"/>
</pin_list>
<bind>
<opcode="store(28) " fcode="store"/>
<opset="store_ln144/5 "/>
</bind>
</comp>

<comp id="1287" class="1004" name="store_ln144_store_fu_1287">
<pin_list>
<pin id="1288" dir="0" index="0" bw="32" slack="2147483647"/>
<pin id="1289" dir="0" index="1" bw="32" slack="4"/>
<pin id="1290" dir="1" index="2" bw="0" slack="2147483647"/>
</pin_list>
<bind>
<opcode="store(28) " fcode="store"/>
<opset="store_ln144/5 "/>
</bind>
</comp>

<comp id="1291" class="1004" name="store_ln144_store_fu_1291">
<pin_list>
<pin id="1292" dir="0" index="0" bw="32" slack="2147483647"/>
<pin id="1293" dir="0" index="1" bw="32" slack="4"/>
<pin id="1294" dir="1" index="2" bw="0" slack="2147483647"/>
</pin_list>
<bind>
<opcode="store(28) " fcode="store"/>
<opset="store_ln144/5 "/>
</bind>
</comp>

<comp id="1295" class="1004" name="store_ln144_store_fu_1295">
<pin_list>
<pin id="1296" dir="0" index="0" bw="32" slack="2147483647"/>
<pin id="1297" dir="0" index="1" bw="32" slack="4"/>
<pin id="1298" dir="1" index="2" bw="0" slack="2147483647"/>
</pin_list>
<bind>
<opcode="store(28) " fcode="store"/>
<opset="store_ln144/5 "/>
</bind>
</comp>

<comp id="1299" class="1004" name="store_ln144_store_fu_1299">
<pin_list>
<pin id="1300" dir="0" index="0" bw="32" slack="2147483647"/>
<pin id="1301" dir="0" index="1" bw="32" slack="4"/>
<pin id="1302" dir="1" index="2" bw="0" slack="2147483647"/>
</pin_list>
<bind>
<opcode="store(28) " fcode="store"/>
<opset="store_ln144/5 "/>
</bind>
</comp>

<comp id="1303" class="1004" name="store_ln144_store_fu_1303">
<pin_list>
<pin id="1304" dir="0" index="0" bw="3" slack="3"/>
<pin id="1305" dir="0" index="1" bw="3" slack="4"/>
<pin id="1306" dir="1" index="2" bw="0" slack="2147483647"/>
</pin_list>
<bind>
<opcode="store(28) " fcode="store"/>
<opset="store_ln144/5 "/>
</bind>
</comp>

<comp id="1307" class="1004" name="window_i_1_1_promoted154211_load_load_fu_1307">
<pin_list>
<pin id="1308" dir="0" index="0" bw="32" slack="5"/>
<pin id="1309" dir="1" index="1" bw="32" slack="0"/>
</pin_list>
<bind>
<opcode="load(27) " fcode="load"/>
<opset="window_i_1_1_promoted154211_load/6 "/>
</bind>
</comp>

<comp id="1311" class="1004" name="window_i_1_0_promoted156215_load_load_fu_1311">
<pin_list>
<pin id="1312" dir="0" index="0" bw="32" slack="5"/>
<pin id="1313" dir="1" index="1" bw="32" slack="0"/>
</pin_list>
<bind>
<opcode="load(27) " fcode="load"/>
<opset="window_i_1_0_promoted156215_load/6 "/>
</bind>
</comp>

<comp id="1315" class="1004" name="window_i_1_2_promoted158219_load_load_fu_1315">
<pin_list>
<pin id="1316" dir="0" index="0" bw="32" slack="5"/>
<pin id="1317" dir="1" index="1" bw="32" slack="0"/>
</pin_list>
<bind>
<opcode="load(27) " fcode="load"/>
<opset="window_i_1_2_promoted158219_load/6 "/>
</bind>
</comp>

<comp id="1319" class="1004" name="window_i_0_1_promoted160223_load_load_fu_1319">
<pin_list>
<pin id="1320" dir="0" index="0" bw="32" slack="5"/>
<pin id="1321" dir="1" index="1" bw="32" slack="0"/>
</pin_list>
<bind>
<opcode="load(27) " fcode="load"/>
<opset="window_i_0_1_promoted160223_load/6 "/>
</bind>
</comp>

<comp id="1323" class="1004" name="window_i_0_0_promoted162227_load_load_fu_1323">
<pin_list>
<pin id="1324" dir="0" index="0" bw="32" slack="5"/>
<pin id="1325" dir="1" index="1" bw="32" slack="0"/>
</pin_list>
<bind>
<opcode="load(27) " fcode="load"/>
<opset="window_i_0_0_promoted162227_load/6 "/>
</bind>
</comp>

<comp id="1327" class="1004" name="window_i_0_2_promoted164231_load_load_fu_1327">
<pin_list>
<pin id="1328" dir="0" index="0" bw="32" slack="5"/>
<pin id="1329" dir="1" index="1" bw="32" slack="0"/>
</pin_list>
<bind>
<opcode="load(27) " fcode="load"/>
<opset="window_i_0_2_promoted164231_load/6 "/>
</bind>
</comp>

<comp id="1331" class="1004" name="window_i_2_1_promoted166235_load_load_fu_1331">
<pin_list>
<pin id="1332" dir="0" index="0" bw="32" slack="5"/>
<pin id="1333" dir="1" index="1" bw="32" slack="0"/>
</pin_list>
<bind>
<opcode="load(27) " fcode="load"/>
<opset="window_i_2_1_promoted166235_load/6 "/>
</bind>
</comp>

<comp id="1335" class="1004" name="window_i_2_0_promoted168239_load_load_fu_1335">
<pin_list>
<pin id="1336" dir="0" index="0" bw="32" slack="5"/>
<pin id="1337" dir="1" index="1" bw="32" slack="0"/>
</pin_list>
<bind>
<opcode="load(27) " fcode="load"/>
<opset="window_i_2_0_promoted168239_load/6 "/>
</bind>
</comp>

<comp id="1339" class="1004" name="window_i_2_2_promoted170243_load_load_fu_1339">
<pin_list>
<pin id="1340" dir="0" index="0" bw="32" slack="5"/>
<pin id="1341" dir="1" index="1" bw="32" slack="0"/>
</pin_list>
<bind>
<opcode="load(27) " fcode="load"/>
<opset="window_i_2_2_promoted170243_load/6 "/>
</bind>
</comp>

<comp id="1343" class="1004" name="or_ln150_fu_1343">
<pin_list>
<pin id="1344" dir="0" index="0" bw="1" slack="1"/>
<pin id="1345" dir="0" index="1" bw="1" slack="1"/>
<pin id="1346" dir="1" index="2" bw="1" slack="0"/>
</pin_list>
<bind>
<opcode="or(24) " fcode="or"/>
<opset="or_ln150/6 "/>
</bind>
</comp>

<comp id="1347" class="1004" name="select_ln150_fu_1347">
<pin_list>
<pin id="1348" dir="0" index="0" bw="1" slack="0"/>
<pin id="1349" dir="0" index="1" bw="5" slack="0"/>
<pin id="1350" dir="0" index="2" bw="5" slack="1"/>
<pin id="1351" dir="1" index="3" bw="5" slack="0"/>
</pin_list>
<bind>
<opcode="select(49) " fcode="select"/>
<opset="select_ln150/6 "/>
</bind>
</comp>

<comp id="1356" class="1004" name="zext_ln156_6_fu_1356">
<pin_list>
<pin id="1357" dir="0" index="0" bw="5" slack="1"/>
<pin id="1358" dir="1" index="1" bw="10" slack="0"/>
</pin_list>
<bind>
<opcode="zext(34) " fcode="zext"/>
<opset="zext_ln156_6/6 "/>
</bind>
</comp>

<comp id="1359" class="1004" name="add_ln156_fu_1359">
<pin_list>
<pin id="1360" dir="0" index="0" bw="9" slack="2"/>
<pin id="1361" dir="0" index="1" bw="5" slack="0"/>
<pin id="1362" dir="1" index="2" bw="10" slack="0"/>
</pin_list>
<bind>
<opcode="add(8) " fcode="add"/>
<opset="add_ln156/6 "/>
</bind>
</comp>

<comp id="1364" class="1004" name="trunc_ln156_fu_1364">
<pin_list>
<pin id="1365" dir="0" index="0" bw="10" slack="0"/>
<pin id="1366" dir="1" index="1" bw="7" slack="0"/>
</pin_list>
<bind>
<opcode="trunc(33) " fcode="trunc"/>
<opset="trunc_ln156/6 "/>
</bind>
</comp>

<comp id="1368" class="1004" name="p_shl4_fu_1368">
<pin_list>
<pin id="1369" dir="0" index="0" bw="11" slack="0"/>
<pin id="1370" dir="0" index="1" bw="7" slack="0"/>
<pin id="1371" dir="0" index="2" bw="1" slack="0"/>
<pin id="1372" dir="1" index="3" bw="11" slack="0"/>
</pin_list>
<bind>
<opcode="bitconcatenate(1004) " fcode="bitconcatenate"/>
<opset="p_shl4/6 "/>
</bind>
</comp>

<comp id="1376" class="1004" name="trunc_ln156_1_fu_1376">
<pin_list>
<pin id="1377" dir="0" index="0" bw="10" slack="0"/>
<pin id="1378" dir="1" index="1" bw="9" slack="0"/>
</pin_list>
<bind>
<opcode="trunc(33) " fcode="trunc"/>
<opset="trunc_ln156_1/6 "/>
</bind>
</comp>

<comp id="1380" class="1004" name="p_shl5_fu_1380">
<pin_list>
<pin id="1381" dir="0" index="0" bw="11" slack="0"/>
<pin id="1382" dir="0" index="1" bw="9" slack="0"/>
<pin id="1383" dir="0" index="2" bw="1" slack="0"/>
<pin id="1384" dir="1" index="3" bw="11" slack="0"/>
</pin_list>
<bind>
<opcode="bitconcatenate(1004) " fcode="bitconcatenate"/>
<opset="p_shl5/6 "/>
</bind>
</comp>

<comp id="1388" class="1004" name="sub_ln156_1_fu_1388">
<pin_list>
<pin id="1389" dir="0" index="0" bw="11" slack="0"/>
<pin id="1390" dir="0" index="1" bw="11" slack="0"/>
<pin id="1391" dir="1" index="2" bw="11" slack="0"/>
</pin_list>
<bind>
<opcode="sub(10) " fcode="sub"/>
<opset="sub_ln156_1/6 "/>
</bind>
</comp>

<comp id="1394" class="1004" name="trunc_ln152_fu_1394">
<pin_list>
<pin id="1395" dir="0" index="0" bw="5" slack="0"/>
<pin id="1396" dir="1" index="1" bw="1" slack="2"/>
</pin_list>
<bind>
<opcode="trunc(33) " fcode="trunc"/>
<opset="trunc_ln152/6 "/>
</bind>
</comp>

<comp id="1398" class="1004" name="lshr_ln_fu_1398">
<pin_list>
<pin id="1399" dir="0" index="0" bw="4" slack="0"/>
<pin id="1400" dir="0" index="1" bw="5" slack="0"/>
<pin id="1401" dir="0" index="2" bw="1" slack="0"/>
<pin id="1402" dir="0" index="3" bw="4" slack="0"/>
<pin id="1403" dir="1" index="4" bw="4" slack="0"/>
</pin_list>
<bind>
<opcode="partselect(1002) " fcode="partselect"/>
<opset="lshr_ln/6 "/>
</bind>
</comp>

<comp id="1408" class="1004" name="zext_ln156_7_fu_1408">
<pin_list>
<pin id="1409" dir="0" index="0" bw="4" slack="0"/>
<pin id="1410" dir="1" index="1" bw="11" slack="0"/>
</pin_list>
<bind>
<opcode="zext(34) " fcode="zext"/>
<opset="zext_ln156_7/6 "/>
</bind>
</comp>

<comp id="1412" class="1004" name="add_ln156_4_fu_1412">
<pin_list>
<pin id="1413" dir="0" index="0" bw="11" slack="0"/>
<pin id="1414" dir="0" index="1" bw="4" slack="0"/>
<pin id="1415" dir="1" index="2" bw="11" slack="1"/>
</pin_list>
<bind>
<opcode="add(8) " fcode="add"/>
<opset="add_ln156_4/6 "/>
</bind>
</comp>

<comp id="1418" class="1004" name="zext_ln156_8_fu_1418">
<pin_list>
<pin id="1419" dir="0" index="0" bw="11" slack="1"/>
<pin id="1420" dir="1" index="1" bw="64" slack="0"/>
</pin_list>
<bind>
<opcode="zext(34) " fcode="zext"/>
<opset="zext_ln156_8/7 "/>
</bind>
</comp>

<comp id="1423" class="1004" name="select_ln148_5_fu_1423">
<pin_list>
<pin id="1424" dir="0" index="0" bw="1" slack="3"/>
<pin id="1425" dir="0" index="1" bw="1" slack="3"/>
<pin id="1426" dir="0" index="2" bw="1" slack="3"/>
<pin id="1427" dir="1" index="3" bw="1" slack="0"/>
</pin_list>
<bind>
<opcode="select(49) " fcode="select"/>
<opset="select_ln148_5/8 "/>
</bind>
</comp>

<comp id="1428" class="1004" name="tmp_fu_1428">
<pin_list>
<pin id="1429" dir="0" index="0" bw="32" slack="0"/>
<pin id="1430" dir="0" index="1" bw="32" slack="0"/>
<pin id="1431" dir="0" index="2" bw="32" slack="0"/>
<pin id="1432" dir="0" index="3" bw="1" slack="2"/>
<pin id="1433" dir="1" index="4" bw="32" slack="0"/>
</pin_list>
<bind>
<opcode="mux(1196) " fcode="mux"/>
<opset="tmp/8 "/>
</bind>
</comp>

<comp id="1437" class="1004" name="prev_sum_fu_1437">
<pin_list>
<pin id="1438" dir="0" index="0" bw="1" slack="0"/>
<pin id="1439" dir="0" index="1" bw="32" slack="4"/>
<pin id="1440" dir="0" index="2" bw="32" slack="0"/>
<pin id="1441" dir="1" index="3" bw="32" slack="1"/>
</pin_list>
<bind>
<opcode="select(49) " fcode="select"/>
<opset="prev_sum/8 "/>
</bind>
</comp>

<comp id="1444" class="1004" name="p_loc145_load_load_fu_1444">
<pin_list>
<pin id="1445" dir="0" index="0" bw="32" slack="8"/>
<pin id="1446" dir="1" index="1" bw="32" slack="0"/>
</pin_list>
<bind>
<opcode="load(27) " fcode="load"/>
<opset="p_loc145_load/9 "/>
</bind>
</comp>

<comp id="1448" class="1004" name="p_loc146_load_load_fu_1448">
<pin_list>
<pin id="1449" dir="0" index="0" bw="32" slack="8"/>
<pin id="1450" dir="1" index="1" bw="32" slack="0"/>
</pin_list>
<bind>
<opcode="load(27) " fcode="load"/>
<opset="p_loc146_load/9 "/>
</bind>
</comp>

<comp id="1452" class="1004" name="p_loc147_load_load_fu_1452">
<pin_list>
<pin id="1453" dir="0" index="0" bw="32" slack="8"/>
<pin id="1454" dir="1" index="1" bw="32" slack="0"/>
</pin_list>
<bind>
<opcode="load(27) " fcode="load"/>
<opset="p_loc147_load/9 "/>
</bind>
</comp>

<comp id="1456" class="1004" name="p_loc148_load_load_fu_1456">
<pin_list>
<pin id="1457" dir="0" index="0" bw="32" slack="8"/>
<pin id="1458" dir="1" index="1" bw="32" slack="0"/>
</pin_list>
<bind>
<opcode="load(27) " fcode="load"/>
<opset="p_loc148_load/9 "/>
</bind>
</comp>

<comp id="1460" class="1004" name="p_loc149_load_load_fu_1460">
<pin_list>
<pin id="1461" dir="0" index="0" bw="32" slack="8"/>
<pin id="1462" dir="1" index="1" bw="32" slack="0"/>
</pin_list>
<bind>
<opcode="load(27) " fcode="load"/>
<opset="p_loc149_load/9 "/>
</bind>
</comp>

<comp id="1464" class="1004" name="p_loc150_load_load_fu_1464">
<pin_list>
<pin id="1465" dir="0" index="0" bw="32" slack="8"/>
<pin id="1466" dir="1" index="1" bw="32" slack="0"/>
</pin_list>
<bind>
<opcode="load(27) " fcode="load"/>
<opset="p_loc150_load/9 "/>
</bind>
</comp>

<comp id="1468" class="1004" name="p_loc151_load_load_fu_1468">
<pin_list>
<pin id="1469" dir="0" index="0" bw="32" slack="8"/>
<pin id="1470" dir="1" index="1" bw="32" slack="0"/>
</pin_list>
<bind>
<opcode="load(27) " fcode="load"/>
<opset="p_loc151_load/9 "/>
</bind>
</comp>

<comp id="1472" class="1004" name="p_loc152_load_load_fu_1472">
<pin_list>
<pin id="1473" dir="0" index="0" bw="32" slack="8"/>
<pin id="1474" dir="1" index="1" bw="32" slack="0"/>
</pin_list>
<bind>
<opcode="load(27) " fcode="load"/>
<opset="p_loc152_load/9 "/>
</bind>
</comp>

<comp id="1476" class="1004" name="p_loc153_load_load_fu_1476">
<pin_list>
<pin id="1477" dir="0" index="0" bw="32" slack="8"/>
<pin id="1478" dir="1" index="1" bw="32" slack="0"/>
</pin_list>
<bind>
<opcode="load(27) " fcode="load"/>
<opset="p_loc153_load/9 "/>
</bind>
</comp>

<comp id="1480" class="1004" name="bitcast_ln61_fu_1480">
<pin_list>
<pin id="1481" dir="0" index="0" bw="32" slack="2"/>
<pin id="1482" dir="1" index="1" bw="32" slack="0"/>
</pin_list>
<bind>
<opcode="bitcast(44) " fcode="bitcast"/>
<opset="bitcast_ln61/37 "/>
</bind>
</comp>

<comp id="1483" class="1004" name="tmp_11_fu_1483">
<pin_list>
<pin id="1484" dir="0" index="0" bw="8" slack="0"/>
<pin id="1485" dir="0" index="1" bw="32" slack="0"/>
<pin id="1486" dir="0" index="2" bw="6" slack="0"/>
<pin id="1487" dir="0" index="3" bw="6" slack="0"/>
<pin id="1488" dir="1" index="4" bw="8" slack="0"/>
</pin_list>
<bind>
<opcode="partselect(1002) " fcode="partselect"/>
<opset="tmp_11/37 "/>
</bind>
</comp>

<comp id="1493" class="1004" name="trunc_ln61_fu_1493">
<pin_list>
<pin id="1494" dir="0" index="0" bw="32" slack="0"/>
<pin id="1495" dir="1" index="1" bw="23" slack="0"/>
</pin_list>
<bind>
<opcode="trunc(33) " fcode="trunc"/>
<opset="trunc_ln61/37 "/>
</bind>
</comp>

<comp id="1497" class="1004" name="icmp_ln61_fu_1497">
<pin_list>
<pin id="1498" dir="0" index="0" bw="8" slack="0"/>
<pin id="1499" dir="0" index="1" bw="8" slack="0"/>
<pin id="1500" dir="1" index="2" bw="1" slack="0"/>
</pin_list>
<bind>
<opcode="icmp(45) " fcode="icmp"/>
<opset="icmp_ln61/37 "/>
</bind>
</comp>

<comp id="1503" class="1004" name="icmp_ln61_2_fu_1503">
<pin_list>
<pin id="1504" dir="0" index="0" bw="23" slack="0"/>
<pin id="1505" dir="0" index="1" bw="23" slack="0"/>
<pin id="1506" dir="1" index="2" bw="1" slack="0"/>
</pin_list>
<bind>
<opcode="icmp(45) " fcode="icmp"/>
<opset="icmp_ln61_2/37 "/>
</bind>
</comp>

<comp id="1509" class="1004" name="or_ln61_fu_1509">
<pin_list>
<pin id="1510" dir="0" index="0" bw="1" slack="0"/>
<pin id="1511" dir="0" index="1" bw="1" slack="0"/>
<pin id="1512" dir="1" index="2" bw="1" slack="0"/>
</pin_list>
<bind>
<opcode="or(24) " fcode="or"/>
<opset="or_ln61/37 "/>
</bind>
</comp>

<comp id="1515" class="1004" name="and_ln61_fu_1515">
<pin_list>
<pin id="1516" dir="0" index="0" bw="1" slack="0"/>
<pin id="1517" dir="0" index="1" bw="1" slack="0"/>
<pin id="1518" dir="1" index="2" bw="1" slack="0"/>
</pin_list>
<bind>
<opcode="and(23) " fcode="and"/>
<opset="and_ln61/37 "/>
</bind>
</comp>

<comp id="1521" class="1004" name="select_ln61_fu_1521">
<pin_list>
<pin id="1522" dir="0" index="0" bw="1" slack="0"/>
<pin id="1523" dir="0" index="1" bw="32" slack="0"/>
<pin id="1524" dir="0" index="2" bw="32" slack="2"/>
<pin id="1525" dir="1" index="3" bw="32" slack="1"/>
</pin_list>
<bind>
<opcode="select(49) " fcode="select"/>
<opset="select_ln61/37 "/>
</bind>
</comp>

<comp id="1528" class="1004" name="add_ln152_fu_1528">
<pin_list>
<pin id="1529" dir="0" index="0" bw="5" slack="31"/>
<pin id="1530" dir="0" index="1" bw="1" slack="0"/>
<pin id="1531" dir="1" index="2" bw="5" slack="1"/>
</pin_list>
<bind>
<opcode="add(8) " fcode="add"/>
<opset="add_ln152/38 "/>
</bind>
</comp>

<comp id="1533" class="1004" name="add_ln150_2_fu_1533">
<pin_list>
<pin id="1534" dir="0" index="0" bw="10" slack="32"/>
<pin id="1535" dir="0" index="1" bw="1" slack="0"/>
<pin id="1536" dir="1" index="2" bw="10" slack="0"/>
</pin_list>
<bind>
<opcode="add(8) " fcode="add"/>
<opset="add_ln150_2/38 "/>
</bind>
</comp>

<comp id="1539" class="1004" name="select_ln150_4_fu_1539">
<pin_list>
<pin id="1540" dir="0" index="0" bw="1" slack="32"/>
<pin id="1541" dir="0" index="1" bw="10" slack="0"/>
<pin id="1542" dir="0" index="2" bw="10" slack="0"/>
<pin id="1543" dir="1" index="3" bw="10" slack="1"/>
</pin_list>
<bind>
<opcode="select(49) " fcode="select"/>
<opset="select_ln150_4/38 "/>
</bind>
</comp>

<comp id="1546" class="1004" name="store_ln152_store_fu_1546">
<pin_list>
<pin id="1547" dir="0" index="0" bw="32" slack="2147483647"/>
<pin id="1548" dir="0" index="1" bw="32" slack="36"/>
<pin id="1549" dir="1" index="2" bw="0" slack="2147483647"/>
</pin_list>
<bind>
<opcode="store(28) " fcode="store"/>
<opset="store_ln152/38 "/>
</bind>
</comp>

<comp id="1550" class="1004" name="store_ln152_store_fu_1550">
<pin_list>
<pin id="1551" dir="0" index="0" bw="32" slack="2147483647"/>
<pin id="1552" dir="0" index="1" bw="32" slack="36"/>
<pin id="1553" dir="1" index="2" bw="0" slack="2147483647"/>
</pin_list>
<bind>
<opcode="store(28) " fcode="store"/>
<opset="store_ln152/38 "/>
</bind>
</comp>

<comp id="1554" class="1004" name="store_ln152_store_fu_1554">
<pin_list>
<pin id="1555" dir="0" index="0" bw="32" slack="2147483647"/>
<pin id="1556" dir="0" index="1" bw="32" slack="36"/>
<pin id="1557" dir="1" index="2" bw="0" slack="2147483647"/>
</pin_list>
<bind>
<opcode="store(28) " fcode="store"/>
<opset="store_ln152/38 "/>
</bind>
</comp>

<comp id="1558" class="1004" name="store_ln152_store_fu_1558">
<pin_list>
<pin id="1559" dir="0" index="0" bw="32" slack="2147483647"/>
<pin id="1560" dir="0" index="1" bw="32" slack="36"/>
<pin id="1561" dir="1" index="2" bw="0" slack="2147483647"/>
</pin_list>
<bind>
<opcode="store(28) " fcode="store"/>
<opset="store_ln152/38 "/>
</bind>
</comp>

<comp id="1562" class="1004" name="store_ln152_store_fu_1562">
<pin_list>
<pin id="1563" dir="0" index="0" bw="32" slack="2147483647"/>
<pin id="1564" dir="0" index="1" bw="32" slack="36"/>
<pin id="1565" dir="1" index="2" bw="0" slack="2147483647"/>
</pin_list>
<bind>
<opcode="store(28) " fcode="store"/>
<opset="store_ln152/38 "/>
</bind>
</comp>

<comp id="1566" class="1004" name="store_ln152_store_fu_1566">
<pin_list>
<pin id="1567" dir="0" index="0" bw="32" slack="2147483647"/>
<pin id="1568" dir="0" index="1" bw="32" slack="36"/>
<pin id="1569" dir="1" index="2" bw="0" slack="2147483647"/>
</pin_list>
<bind>
<opcode="store(28) " fcode="store"/>
<opset="store_ln152/38 "/>
</bind>
</comp>

<comp id="1570" class="1004" name="store_ln152_store_fu_1570">
<pin_list>
<pin id="1571" dir="0" index="0" bw="32" slack="2147483647"/>
<pin id="1572" dir="0" index="1" bw="32" slack="36"/>
<pin id="1573" dir="1" index="2" bw="0" slack="2147483647"/>
</pin_list>
<bind>
<opcode="store(28) " fcode="store"/>
<opset="store_ln152/38 "/>
</bind>
</comp>

<comp id="1574" class="1004" name="store_ln152_store_fu_1574">
<pin_list>
<pin id="1575" dir="0" index="0" bw="32" slack="2147483647"/>
<pin id="1576" dir="0" index="1" bw="32" slack="36"/>
<pin id="1577" dir="1" index="2" bw="0" slack="2147483647"/>
</pin_list>
<bind>
<opcode="store(28) " fcode="store"/>
<opset="store_ln152/38 "/>
</bind>
</comp>

<comp id="1578" class="1004" name="store_ln152_store_fu_1578">
<pin_list>
<pin id="1579" dir="0" index="0" bw="32" slack="2147483647"/>
<pin id="1580" dir="0" index="1" bw="32" slack="36"/>
<pin id="1581" dir="1" index="2" bw="0" slack="2147483647"/>
</pin_list>
<bind>
<opcode="store(28) " fcode="store"/>
<opset="store_ln152/38 "/>
</bind>
</comp>

<comp id="1582" class="1005" name="n_f_reg_1582">
<pin_list>
<pin id="1583" dir="0" index="0" bw="3" slack="0"/>
<pin id="1584" dir="1" index="1" bw="3" slack="0"/>
</pin_list>
<bind>
<opset="n_f "/>
</bind>
</comp>

<comp id="1589" class="1005" name="kernel_i_2_1_1_promoted_reg_1589">
<pin_list>
<pin id="1590" dir="0" index="0" bw="32" slack="1"/>
<pin id="1591" dir="1" index="1" bw="32" slack="1"/>
</pin_list>
<bind>
<opset="kernel_i_2_1_1_promoted "/>
</bind>
</comp>

<comp id="1595" class="1005" name="kernel_i_2_1_0_promoted_reg_1595">
<pin_list>
<pin id="1596" dir="0" index="0" bw="32" slack="1"/>
<pin id="1597" dir="1" index="1" bw="32" slack="1"/>
</pin_list>
<bind>
<opset="kernel_i_2_1_0_promoted "/>
</bind>
</comp>

<comp id="1601" class="1005" name="kernel_i_2_1_2_promoted_reg_1601">
<pin_list>
<pin id="1602" dir="0" index="0" bw="32" slack="1"/>
<pin id="1603" dir="1" index="1" bw="32" slack="1"/>
</pin_list>
<bind>
<opset="kernel_i_2_1_2_promoted "/>
</bind>
</comp>

<comp id="1607" class="1005" name="kernel_i_2_0_1_promoted_reg_1607">
<pin_list>
<pin id="1608" dir="0" index="0" bw="32" slack="1"/>
<pin id="1609" dir="1" index="1" bw="32" slack="1"/>
</pin_list>
<bind>
<opset="kernel_i_2_0_1_promoted "/>
</bind>
</comp>

<comp id="1613" class="1005" name="kernel_i_2_0_0_promoted_reg_1613">
<pin_list>
<pin id="1614" dir="0" index="0" bw="32" slack="1"/>
<pin id="1615" dir="1" index="1" bw="32" slack="1"/>
</pin_list>
<bind>
<opset="kernel_i_2_0_0_promoted "/>
</bind>
</comp>

<comp id="1619" class="1005" name="kernel_i_2_0_2_promoted_reg_1619">
<pin_list>
<pin id="1620" dir="0" index="0" bw="32" slack="1"/>
<pin id="1621" dir="1" index="1" bw="32" slack="1"/>
</pin_list>
<bind>
<opset="kernel_i_2_0_2_promoted "/>
</bind>
</comp>

<comp id="1625" class="1005" name="kernel_i_2_2_1_promoted_reg_1625">
<pin_list>
<pin id="1626" dir="0" index="0" bw="32" slack="1"/>
<pin id="1627" dir="1" index="1" bw="32" slack="1"/>
</pin_list>
<bind>
<opset="kernel_i_2_2_1_promoted "/>
</bind>
</comp>

<comp id="1631" class="1005" name="kernel_i_2_2_0_promoted_reg_1631">
<pin_list>
<pin id="1632" dir="0" index="0" bw="32" slack="1"/>
<pin id="1633" dir="1" index="1" bw="32" slack="1"/>
</pin_list>
<bind>
<opset="kernel_i_2_2_0_promoted "/>
</bind>
</comp>

<comp id="1637" class="1005" name="kernel_i_2_2_2_promoted_reg_1637">
<pin_list>
<pin id="1638" dir="0" index="0" bw="32" slack="1"/>
<pin id="1639" dir="1" index="1" bw="32" slack="1"/>
</pin_list>
<bind>
<opset="kernel_i_2_2_2_promoted "/>
</bind>
</comp>

<comp id="1643" class="1005" name="kernel_i_1_1_1_promoted_reg_1643">
<pin_list>
<pin id="1644" dir="0" index="0" bw="32" slack="1"/>
<pin id="1645" dir="1" index="1" bw="32" slack="1"/>
</pin_list>
<bind>
<opset="kernel_i_1_1_1_promoted "/>
</bind>
</comp>

<comp id="1649" class="1005" name="kernel_i_1_1_0_promoted_reg_1649">
<pin_list>
<pin id="1650" dir="0" index="0" bw="32" slack="1"/>
<pin id="1651" dir="1" index="1" bw="32" slack="1"/>
</pin_list>
<bind>
<opset="kernel_i_1_1_0_promoted "/>
</bind>
</comp>

<comp id="1655" class="1005" name="kernel_i_1_1_2_promoted_reg_1655">
<pin_list>
<pin id="1656" dir="0" index="0" bw="32" slack="1"/>
<pin id="1657" dir="1" index="1" bw="32" slack="1"/>
</pin_list>
<bind>
<opset="kernel_i_1_1_2_promoted "/>
</bind>
</comp>

<comp id="1661" class="1005" name="kernel_i_1_0_1_promoted_reg_1661">
<pin_list>
<pin id="1662" dir="0" index="0" bw="32" slack="1"/>
<pin id="1663" dir="1" index="1" bw="32" slack="1"/>
</pin_list>
<bind>
<opset="kernel_i_1_0_1_promoted "/>
</bind>
</comp>

<comp id="1667" class="1005" name="kernel_i_1_0_0_promoted_reg_1667">
<pin_list>
<pin id="1668" dir="0" index="0" bw="32" slack="1"/>
<pin id="1669" dir="1" index="1" bw="32" slack="1"/>
</pin_list>
<bind>
<opset="kernel_i_1_0_0_promoted "/>
</bind>
</comp>

<comp id="1673" class="1005" name="kernel_i_1_0_2_promoted_reg_1673">
<pin_list>
<pin id="1674" dir="0" index="0" bw="32" slack="1"/>
<pin id="1675" dir="1" index="1" bw="32" slack="1"/>
</pin_list>
<bind>
<opset="kernel_i_1_0_2_promoted "/>
</bind>
</comp>

<comp id="1679" class="1005" name="kernel_i_1_2_1_promoted_reg_1679">
<pin_list>
<pin id="1680" dir="0" index="0" bw="32" slack="1"/>
<pin id="1681" dir="1" index="1" bw="32" slack="1"/>
</pin_list>
<bind>
<opset="kernel_i_1_2_1_promoted "/>
</bind>
</comp>

<comp id="1685" class="1005" name="kernel_i_1_2_0_promoted_reg_1685">
<pin_list>
<pin id="1686" dir="0" index="0" bw="32" slack="1"/>
<pin id="1687" dir="1" index="1" bw="32" slack="1"/>
</pin_list>
<bind>
<opset="kernel_i_1_2_0_promoted "/>
</bind>
</comp>

<comp id="1691" class="1005" name="kernel_i_1_2_2_promoted_reg_1691">
<pin_list>
<pin id="1692" dir="0" index="0" bw="32" slack="1"/>
<pin id="1693" dir="1" index="1" bw="32" slack="1"/>
</pin_list>
<bind>
<opset="kernel_i_1_2_2_promoted "/>
</bind>
</comp>

<comp id="1697" class="1005" name="kernel_i_0_1_1_promoted_reg_1697">
<pin_list>
<pin id="1698" dir="0" index="0" bw="32" slack="1"/>
<pin id="1699" dir="1" index="1" bw="32" slack="1"/>
</pin_list>
<bind>
<opset="kernel_i_0_1_1_promoted "/>
</bind>
</comp>

<comp id="1703" class="1005" name="kernel_i_0_1_0_promoted_reg_1703">
<pin_list>
<pin id="1704" dir="0" index="0" bw="32" slack="1"/>
<pin id="1705" dir="1" index="1" bw="32" slack="1"/>
</pin_list>
<bind>
<opset="kernel_i_0_1_0_promoted "/>
</bind>
</comp>

<comp id="1709" class="1005" name="kernel_i_0_1_2_promoted_reg_1709">
<pin_list>
<pin id="1710" dir="0" index="0" bw="32" slack="1"/>
<pin id="1711" dir="1" index="1" bw="32" slack="1"/>
</pin_list>
<bind>
<opset="kernel_i_0_1_2_promoted "/>
</bind>
</comp>

<comp id="1715" class="1005" name="kernel_i_0_0_1_promoted_reg_1715">
<pin_list>
<pin id="1716" dir="0" index="0" bw="32" slack="1"/>
<pin id="1717" dir="1" index="1" bw="32" slack="1"/>
</pin_list>
<bind>
<opset="kernel_i_0_0_1_promoted "/>
</bind>
</comp>

<comp id="1721" class="1005" name="kernel_i_0_0_0_promoted_reg_1721">
<pin_list>
<pin id="1722" dir="0" index="0" bw="32" slack="1"/>
<pin id="1723" dir="1" index="1" bw="32" slack="1"/>
</pin_list>
<bind>
<opset="kernel_i_0_0_0_promoted "/>
</bind>
</comp>

<comp id="1727" class="1005" name="kernel_i_0_0_2_promoted_reg_1727">
<pin_list>
<pin id="1728" dir="0" index="0" bw="32" slack="1"/>
<pin id="1729" dir="1" index="1" bw="32" slack="1"/>
</pin_list>
<bind>
<opset="kernel_i_0_0_2_promoted "/>
</bind>
</comp>

<comp id="1733" class="1005" name="kernel_i_0_2_1_promoted_reg_1733">
<pin_list>
<pin id="1734" dir="0" index="0" bw="32" slack="1"/>
<pin id="1735" dir="1" index="1" bw="32" slack="1"/>
</pin_list>
<bind>
<opset="kernel_i_0_2_1_promoted "/>
</bind>
</comp>

<comp id="1739" class="1005" name="kernel_i_0_2_0_promoted_reg_1739">
<pin_list>
<pin id="1740" dir="0" index="0" bw="32" slack="1"/>
<pin id="1741" dir="1" index="1" bw="32" slack="1"/>
</pin_list>
<bind>
<opset="kernel_i_0_2_0_promoted "/>
</bind>
</comp>

<comp id="1745" class="1005" name="kernel_i_0_2_2_promoted_reg_1745">
<pin_list>
<pin id="1746" dir="0" index="0" bw="32" slack="1"/>
<pin id="1747" dir="1" index="1" bw="32" slack="1"/>
</pin_list>
<bind>
<opset="kernel_i_0_2_2_promoted "/>
</bind>
</comp>

<comp id="1751" class="1005" name="kernel_i_3_1_1_promoted_reg_1751">
<pin_list>
<pin id="1752" dir="0" index="0" bw="32" slack="1"/>
<pin id="1753" dir="1" index="1" bw="32" slack="1"/>
</pin_list>
<bind>
<opset="kernel_i_3_1_1_promoted "/>
</bind>
</comp>

<comp id="1757" class="1005" name="kernel_i_3_1_0_promoted_reg_1757">
<pin_list>
<pin id="1758" dir="0" index="0" bw="32" slack="1"/>
<pin id="1759" dir="1" index="1" bw="32" slack="1"/>
</pin_list>
<bind>
<opset="kernel_i_3_1_0_promoted "/>
</bind>
</comp>

<comp id="1763" class="1005" name="kernel_i_3_1_2_promoted_reg_1763">
<pin_list>
<pin id="1764" dir="0" index="0" bw="32" slack="1"/>
<pin id="1765" dir="1" index="1" bw="32" slack="1"/>
</pin_list>
<bind>
<opset="kernel_i_3_1_2_promoted "/>
</bind>
</comp>

<comp id="1769" class="1005" name="kernel_i_3_0_1_promoted_reg_1769">
<pin_list>
<pin id="1770" dir="0" index="0" bw="32" slack="1"/>
<pin id="1771" dir="1" index="1" bw="32" slack="1"/>
</pin_list>
<bind>
<opset="kernel_i_3_0_1_promoted "/>
</bind>
</comp>

<comp id="1775" class="1005" name="kernel_i_3_0_0_promoted_reg_1775">
<pin_list>
<pin id="1776" dir="0" index="0" bw="32" slack="1"/>
<pin id="1777" dir="1" index="1" bw="32" slack="1"/>
</pin_list>
<bind>
<opset="kernel_i_3_0_0_promoted "/>
</bind>
</comp>

<comp id="1781" class="1005" name="kernel_i_3_0_2_promoted_reg_1781">
<pin_list>
<pin id="1782" dir="0" index="0" bw="32" slack="1"/>
<pin id="1783" dir="1" index="1" bw="32" slack="1"/>
</pin_list>
<bind>
<opset="kernel_i_3_0_2_promoted "/>
</bind>
</comp>

<comp id="1787" class="1005" name="kernel_i_3_2_1_promoted_reg_1787">
<pin_list>
<pin id="1788" dir="0" index="0" bw="32" slack="1"/>
<pin id="1789" dir="1" index="1" bw="32" slack="1"/>
</pin_list>
<bind>
<opset="kernel_i_3_2_1_promoted "/>
</bind>
</comp>

<comp id="1793" class="1005" name="kernel_i_3_2_0_promoted_reg_1793">
<pin_list>
<pin id="1794" dir="0" index="0" bw="32" slack="1"/>
<pin id="1795" dir="1" index="1" bw="32" slack="1"/>
</pin_list>
<bind>
<opset="kernel_i_3_2_0_promoted "/>
</bind>
</comp>

<comp id="1799" class="1005" name="kernel_i_3_2_2_promoted_reg_1799">
<pin_list>
<pin id="1800" dir="0" index="0" bw="32" slack="1"/>
<pin id="1801" dir="1" index="1" bw="32" slack="1"/>
</pin_list>
<bind>
<opset="kernel_i_3_2_2_promoted "/>
</bind>
</comp>

<comp id="1805" class="1005" name="window_i_1_1_promoted154211_reg_1805">
<pin_list>
<pin id="1806" dir="0" index="0" bw="32" slack="5"/>
<pin id="1807" dir="1" index="1" bw="32" slack="5"/>
</pin_list>
<bind>
<opset="window_i_1_1_promoted154211 "/>
</bind>
</comp>

<comp id="1811" class="1005" name="window_i_1_0_promoted156215_reg_1811">
<pin_list>
<pin id="1812" dir="0" index="0" bw="32" slack="5"/>
<pin id="1813" dir="1" index="1" bw="32" slack="5"/>
</pin_list>
<bind>
<opset="window_i_1_0_promoted156215 "/>
</bind>
</comp>

<comp id="1817" class="1005" name="window_i_1_2_promoted158219_reg_1817">
<pin_list>
<pin id="1818" dir="0" index="0" bw="32" slack="5"/>
<pin id="1819" dir="1" index="1" bw="32" slack="5"/>
</pin_list>
<bind>
<opset="window_i_1_2_promoted158219 "/>
</bind>
</comp>

<comp id="1823" class="1005" name="window_i_0_1_promoted160223_reg_1823">
<pin_list>
<pin id="1824" dir="0" index="0" bw="32" slack="5"/>
<pin id="1825" dir="1" index="1" bw="32" slack="5"/>
</pin_list>
<bind>
<opset="window_i_0_1_promoted160223 "/>
</bind>
</comp>

<comp id="1829" class="1005" name="window_i_0_0_promoted162227_reg_1829">
<pin_list>
<pin id="1830" dir="0" index="0" bw="32" slack="5"/>
<pin id="1831" dir="1" index="1" bw="32" slack="5"/>
</pin_list>
<bind>
<opset="window_i_0_0_promoted162227 "/>
</bind>
</comp>

<comp id="1835" class="1005" name="window_i_0_2_promoted164231_reg_1835">
<pin_list>
<pin id="1836" dir="0" index="0" bw="32" slack="5"/>
<pin id="1837" dir="1" index="1" bw="32" slack="5"/>
</pin_list>
<bind>
<opset="window_i_0_2_promoted164231 "/>
</bind>
</comp>

<comp id="1841" class="1005" name="window_i_2_1_promoted166235_reg_1841">
<pin_list>
<pin id="1842" dir="0" index="0" bw="32" slack="5"/>
<pin id="1843" dir="1" index="1" bw="32" slack="5"/>
</pin_list>
<bind>
<opset="window_i_2_1_promoted166235 "/>
</bind>
</comp>

<comp id="1847" class="1005" name="window_i_2_0_promoted168239_reg_1847">
<pin_list>
<pin id="1848" dir="0" index="0" bw="32" slack="5"/>
<pin id="1849" dir="1" index="1" bw="32" slack="5"/>
</pin_list>
<bind>
<opset="window_i_2_0_promoted168239 "/>
</bind>
</comp>

<comp id="1853" class="1005" name="window_i_2_2_promoted170243_reg_1853">
<pin_list>
<pin id="1854" dir="0" index="0" bw="32" slack="5"/>
<pin id="1855" dir="1" index="1" bw="32" slack="5"/>
</pin_list>
<bind>
<opset="window_i_2_2_promoted170243 "/>
</bind>
</comp>

<comp id="1859" class="1005" name="p_loc153_reg_1859">
<pin_list>
<pin id="1860" dir="0" index="0" bw="32" slack="5"/>
<pin id="1861" dir="1" index="1" bw="32" slack="5"/>
</pin_list>
<bind>
<opset="p_loc153 "/>
</bind>
</comp>

<comp id="1865" class="1005" name="p_loc152_reg_1865">
<pin_list>
<pin id="1866" dir="0" index="0" bw="32" slack="5"/>
<pin id="1867" dir="1" index="1" bw="32" slack="5"/>
</pin_list>
<bind>
<opset="p_loc152 "/>
</bind>
</comp>

<comp id="1871" class="1005" name="p_loc151_reg_1871">
<pin_list>
<pin id="1872" dir="0" index="0" bw="32" slack="5"/>
<pin id="1873" dir="1" index="1" bw="32" slack="5"/>
</pin_list>
<bind>
<opset="p_loc151 "/>
</bind>
</comp>

<comp id="1877" class="1005" name="p_loc150_reg_1877">
<pin_list>
<pin id="1878" dir="0" index="0" bw="32" slack="5"/>
<pin id="1879" dir="1" index="1" bw="32" slack="5"/>
</pin_list>
<bind>
<opset="p_loc150 "/>
</bind>
</comp>

<comp id="1883" class="1005" name="p_loc149_reg_1883">
<pin_list>
<pin id="1884" dir="0" index="0" bw="32" slack="5"/>
<pin id="1885" dir="1" index="1" bw="32" slack="5"/>
</pin_list>
<bind>
<opset="p_loc149 "/>
</bind>
</comp>

<comp id="1889" class="1005" name="p_loc148_reg_1889">
<pin_list>
<pin id="1890" dir="0" index="0" bw="32" slack="5"/>
<pin id="1891" dir="1" index="1" bw="32" slack="5"/>
</pin_list>
<bind>
<opset="p_loc148 "/>
</bind>
</comp>

<comp id="1895" class="1005" name="p_loc147_reg_1895">
<pin_list>
<pin id="1896" dir="0" index="0" bw="32" slack="5"/>
<pin id="1897" dir="1" index="1" bw="32" slack="5"/>
</pin_list>
<bind>
<opset="p_loc147 "/>
</bind>
</comp>

<comp id="1901" class="1005" name="p_loc146_reg_1901">
<pin_list>
<pin id="1902" dir="0" index="0" bw="32" slack="5"/>
<pin id="1903" dir="1" index="1" bw="32" slack="5"/>
</pin_list>
<bind>
<opset="p_loc146 "/>
</bind>
</comp>

<comp id="1907" class="1005" name="p_loc145_reg_1907">
<pin_list>
<pin id="1908" dir="0" index="0" bw="32" slack="5"/>
<pin id="1909" dir="1" index="1" bw="32" slack="5"/>
</pin_list>
<bind>
<opset="p_loc145 "/>
</bind>
</comp>

<comp id="1913" class="1005" name="p_loc108_reg_1913">
<pin_list>
<pin id="1914" dir="0" index="0" bw="32" slack="1"/>
<pin id="1915" dir="1" index="1" bw="32" slack="1"/>
</pin_list>
<bind>
<opset="p_loc108 "/>
</bind>
</comp>

<comp id="1919" class="1005" name="p_loc107_reg_1919">
<pin_list>
<pin id="1920" dir="0" index="0" bw="32" slack="1"/>
<pin id="1921" dir="1" index="1" bw="32" slack="1"/>
</pin_list>
<bind>
<opset="p_loc107 "/>
</bind>
</comp>

<comp id="1925" class="1005" name="p_loc106_reg_1925">
<pin_list>
<pin id="1926" dir="0" index="0" bw="32" slack="1"/>
<pin id="1927" dir="1" index="1" bw="32" slack="1"/>
</pin_list>
<bind>
<opset="p_loc106 "/>
</bind>
</comp>

<comp id="1931" class="1005" name="p_loc105_reg_1931">
<pin_list>
<pin id="1932" dir="0" index="0" bw="32" slack="1"/>
<pin id="1933" dir="1" index="1" bw="32" slack="1"/>
</pin_list>
<bind>
<opset="p_loc105 "/>
</bind>
</comp>

<comp id="1937" class="1005" name="p_loc104_reg_1937">
<pin_list>
<pin id="1938" dir="0" index="0" bw="32" slack="1"/>
<pin id="1939" dir="1" index="1" bw="32" slack="1"/>
</pin_list>
<bind>
<opset="p_loc104 "/>
</bind>
</comp>

<comp id="1943" class="1005" name="p_loc103_reg_1943">
<pin_list>
<pin id="1944" dir="0" index="0" bw="32" slack="1"/>
<pin id="1945" dir="1" index="1" bw="32" slack="1"/>
</pin_list>
<bind>
<opset="p_loc103 "/>
</bind>
</comp>

<comp id="1949" class="1005" name="p_loc102_reg_1949">
<pin_list>
<pin id="1950" dir="0" index="0" bw="32" slack="1"/>
<pin id="1951" dir="1" index="1" bw="32" slack="1"/>
</pin_list>
<bind>
<opset="p_loc102 "/>
</bind>
</comp>

<comp id="1955" class="1005" name="p_loc101_reg_1955">
<pin_list>
<pin id="1956" dir="0" index="0" bw="32" slack="1"/>
<pin id="1957" dir="1" index="1" bw="32" slack="1"/>
</pin_list>
<bind>
<opset="p_loc101 "/>
</bind>
</comp>

<comp id="1961" class="1005" name="p_loc100_reg_1961">
<pin_list>
<pin id="1962" dir="0" index="0" bw="32" slack="1"/>
<pin id="1963" dir="1" index="1" bw="32" slack="1"/>
</pin_list>
<bind>
<opset="p_loc100 "/>
</bind>
</comp>

<comp id="1967" class="1005" name="p_loc99_reg_1967">
<pin_list>
<pin id="1968" dir="0" index="0" bw="32" slack="1"/>
<pin id="1969" dir="1" index="1" bw="32" slack="1"/>
</pin_list>
<bind>
<opset="p_loc99 "/>
</bind>
</comp>

<comp id="1973" class="1005" name="p_loc98_reg_1973">
<pin_list>
<pin id="1974" dir="0" index="0" bw="32" slack="1"/>
<pin id="1975" dir="1" index="1" bw="32" slack="1"/>
</pin_list>
<bind>
<opset="p_loc98 "/>
</bind>
</comp>

<comp id="1979" class="1005" name="p_loc97_reg_1979">
<pin_list>
<pin id="1980" dir="0" index="0" bw="32" slack="1"/>
<pin id="1981" dir="1" index="1" bw="32" slack="1"/>
</pin_list>
<bind>
<opset="p_loc97 "/>
</bind>
</comp>

<comp id="1985" class="1005" name="p_loc96_reg_1985">
<pin_list>
<pin id="1986" dir="0" index="0" bw="32" slack="1"/>
<pin id="1987" dir="1" index="1" bw="32" slack="1"/>
</pin_list>
<bind>
<opset="p_loc96 "/>
</bind>
</comp>

<comp id="1991" class="1005" name="p_loc95_reg_1991">
<pin_list>
<pin id="1992" dir="0" index="0" bw="32" slack="1"/>
<pin id="1993" dir="1" index="1" bw="32" slack="1"/>
</pin_list>
<bind>
<opset="p_loc95 "/>
</bind>
</comp>

<comp id="1997" class="1005" name="p_loc94_reg_1997">
<pin_list>
<pin id="1998" dir="0" index="0" bw="32" slack="1"/>
<pin id="1999" dir="1" index="1" bw="32" slack="1"/>
</pin_list>
<bind>
<opset="p_loc94 "/>
</bind>
</comp>

<comp id="2003" class="1005" name="p_loc93_reg_2003">
<pin_list>
<pin id="2004" dir="0" index="0" bw="32" slack="1"/>
<pin id="2005" dir="1" index="1" bw="32" slack="1"/>
</pin_list>
<bind>
<opset="p_loc93 "/>
</bind>
</comp>

<comp id="2009" class="1005" name="p_loc92_reg_2009">
<pin_list>
<pin id="2010" dir="0" index="0" bw="32" slack="1"/>
<pin id="2011" dir="1" index="1" bw="32" slack="1"/>
</pin_list>
<bind>
<opset="p_loc92 "/>
</bind>
</comp>

<comp id="2015" class="1005" name="p_loc91_reg_2015">
<pin_list>
<pin id="2016" dir="0" index="0" bw="32" slack="1"/>
<pin id="2017" dir="1" index="1" bw="32" slack="1"/>
</pin_list>
<bind>
<opset="p_loc91 "/>
</bind>
</comp>

<comp id="2021" class="1005" name="p_loc90_reg_2021">
<pin_list>
<pin id="2022" dir="0" index="0" bw="32" slack="1"/>
<pin id="2023" dir="1" index="1" bw="32" slack="1"/>
</pin_list>
<bind>
<opset="p_loc90 "/>
</bind>
</comp>

<comp id="2027" class="1005" name="p_loc89_reg_2027">
<pin_list>
<pin id="2028" dir="0" index="0" bw="32" slack="1"/>
<pin id="2029" dir="1" index="1" bw="32" slack="1"/>
</pin_list>
<bind>
<opset="p_loc89 "/>
</bind>
</comp>

<comp id="2033" class="1005" name="p_loc88_reg_2033">
<pin_list>
<pin id="2034" dir="0" index="0" bw="32" slack="1"/>
<pin id="2035" dir="1" index="1" bw="32" slack="1"/>
</pin_list>
<bind>
<opset="p_loc88 "/>
</bind>
</comp>

<comp id="2039" class="1005" name="p_loc87_reg_2039">
<pin_list>
<pin id="2040" dir="0" index="0" bw="32" slack="1"/>
<pin id="2041" dir="1" index="1" bw="32" slack="1"/>
</pin_list>
<bind>
<opset="p_loc87 "/>
</bind>
</comp>

<comp id="2045" class="1005" name="p_loc86_reg_2045">
<pin_list>
<pin id="2046" dir="0" index="0" bw="32" slack="1"/>
<pin id="2047" dir="1" index="1" bw="32" slack="1"/>
</pin_list>
<bind>
<opset="p_loc86 "/>
</bind>
</comp>

<comp id="2051" class="1005" name="p_loc85_reg_2051">
<pin_list>
<pin id="2052" dir="0" index="0" bw="32" slack="1"/>
<pin id="2053" dir="1" index="1" bw="32" slack="1"/>
</pin_list>
<bind>
<opset="p_loc85 "/>
</bind>
</comp>

<comp id="2057" class="1005" name="p_loc84_reg_2057">
<pin_list>
<pin id="2058" dir="0" index="0" bw="32" slack="1"/>
<pin id="2059" dir="1" index="1" bw="32" slack="1"/>
</pin_list>
<bind>
<opset="p_loc84 "/>
</bind>
</comp>

<comp id="2063" class="1005" name="p_loc83_reg_2063">
<pin_list>
<pin id="2064" dir="0" index="0" bw="32" slack="1"/>
<pin id="2065" dir="1" index="1" bw="32" slack="1"/>
</pin_list>
<bind>
<opset="p_loc83 "/>
</bind>
</comp>

<comp id="2069" class="1005" name="p_loc82_reg_2069">
<pin_list>
<pin id="2070" dir="0" index="0" bw="32" slack="1"/>
<pin id="2071" dir="1" index="1" bw="32" slack="1"/>
</pin_list>
<bind>
<opset="p_loc82 "/>
</bind>
</comp>

<comp id="2075" class="1005" name="p_loc81_reg_2075">
<pin_list>
<pin id="2076" dir="0" index="0" bw="32" slack="1"/>
<pin id="2077" dir="1" index="1" bw="32" slack="1"/>
</pin_list>
<bind>
<opset="p_loc81 "/>
</bind>
</comp>

<comp id="2081" class="1005" name="p_loc80_reg_2081">
<pin_list>
<pin id="2082" dir="0" index="0" bw="32" slack="1"/>
<pin id="2083" dir="1" index="1" bw="32" slack="1"/>
</pin_list>
<bind>
<opset="p_loc80 "/>
</bind>
</comp>

<comp id="2087" class="1005" name="p_loc79_reg_2087">
<pin_list>
<pin id="2088" dir="0" index="0" bw="32" slack="1"/>
<pin id="2089" dir="1" index="1" bw="32" slack="1"/>
</pin_list>
<bind>
<opset="p_loc79 "/>
</bind>
</comp>

<comp id="2093" class="1005" name="p_loc78_reg_2093">
<pin_list>
<pin id="2094" dir="0" index="0" bw="32" slack="1"/>
<pin id="2095" dir="1" index="1" bw="32" slack="1"/>
</pin_list>
<bind>
<opset="p_loc78 "/>
</bind>
</comp>

<comp id="2099" class="1005" name="p_loc77_reg_2099">
<pin_list>
<pin id="2100" dir="0" index="0" bw="32" slack="1"/>
<pin id="2101" dir="1" index="1" bw="32" slack="1"/>
</pin_list>
<bind>
<opset="p_loc77 "/>
</bind>
</comp>

<comp id="2105" class="1005" name="p_loc76_reg_2105">
<pin_list>
<pin id="2106" dir="0" index="0" bw="32" slack="1"/>
<pin id="2107" dir="1" index="1" bw="32" slack="1"/>
</pin_list>
<bind>
<opset="p_loc76 "/>
</bind>
</comp>

<comp id="2111" class="1005" name="p_loc75_reg_2111">
<pin_list>
<pin id="2112" dir="0" index="0" bw="32" slack="1"/>
<pin id="2113" dir="1" index="1" bw="32" slack="1"/>
</pin_list>
<bind>
<opset="p_loc75 "/>
</bind>
</comp>

<comp id="2117" class="1005" name="p_loc74_reg_2117">
<pin_list>
<pin id="2118" dir="0" index="0" bw="32" slack="1"/>
<pin id="2119" dir="1" index="1" bw="32" slack="1"/>
</pin_list>
<bind>
<opset="p_loc74 "/>
</bind>
</comp>

<comp id="2123" class="1005" name="p_loc_reg_2123">
<pin_list>
<pin id="2124" dir="0" index="0" bw="32" slack="1"/>
<pin id="2125" dir="1" index="1" bw="32" slack="1"/>
</pin_list>
<bind>
<opset="p_loc "/>
</bind>
</comp>

<comp id="2135" class="1005" name="add_ln144_reg_2135">
<pin_list>
<pin id="2136" dir="0" index="0" bw="3" slack="3"/>
<pin id="2137" dir="1" index="1" bw="3" slack="3"/>
</pin_list>
<bind>
<opset="add_ln144 "/>
</bind>
</comp>

<comp id="2248" class="1005" name="or_ln_reg_2248">
<pin_list>
<pin id="2249" dir="0" index="0" bw="8" slack="1"/>
<pin id="2250" dir="1" index="1" bw="8" slack="1"/>
</pin_list>
<bind>
<opset="or_ln "/>
</bind>
</comp>

<comp id="2253" class="1005" name="conv2_bias_addr_reg_2253">
<pin_list>
<pin id="2254" dir="0" index="0" bw="2" slack="1"/>
<pin id="2255" dir="1" index="1" bw="2" slack="1"/>
</pin_list>
<bind>
<opset="conv2_bias_addr "/>
</bind>
</comp>

<comp id="2258" class="1005" name="sext_ln144_reg_2258">
<pin_list>
<pin id="2259" dir="0" index="0" bw="10" slack="2"/>
<pin id="2260" dir="1" index="1" bw="10" slack="2"/>
</pin_list>
<bind>
<opset="sext_ln144 "/>
</bind>
</comp>

<comp id="2371" class="1005" name="conv2_bias_load_reg_2371">
<pin_list>
<pin id="2372" dir="0" index="0" bw="32" slack="4"/>
<pin id="2373" dir="1" index="1" bw="32" slack="4"/>
</pin_list>
<bind>
<opset="conv2_bias_load "/>
</bind>
</comp>

<comp id="2379" class="1005" name="add_ln148_2_reg_2379">
<pin_list>
<pin id="2380" dir="0" index="0" bw="12" slack="0"/>
<pin id="2381" dir="1" index="1" bw="12" slack="0"/>
</pin_list>
<bind>
<opset="add_ln148_2 "/>
</bind>
</comp>

<comp id="2384" class="1005" name="icmp_ln150_reg_2384">
<pin_list>
<pin id="2385" dir="0" index="0" bw="1" slack="1"/>
<pin id="2386" dir="1" index="1" bw="1" slack="1"/>
</pin_list>
<bind>
<opset="icmp_ln150 "/>
</bind>
</comp>

<comp id="2391" class="1005" name="select_ln148_4_reg_2391">
<pin_list>
<pin id="2392" dir="0" index="0" bw="3" slack="0"/>
<pin id="2393" dir="1" index="1" bw="3" slack="0"/>
</pin_list>
<bind>
<opset="select_ln148_4 "/>
</bind>
</comp>

<comp id="2396" class="1005" name="mul_ln52_reg_2396">
<pin_list>
<pin id="2397" dir="0" index="0" bw="8" slack="1"/>
<pin id="2398" dir="1" index="1" bw="8" slack="1"/>
</pin_list>
<bind>
<opset="mul_ln52 "/>
</bind>
</comp>

<comp id="2401" class="1005" name="cmp15_i_mid1_reg_2401">
<pin_list>
<pin id="2402" dir="0" index="0" bw="1" slack="3"/>
<pin id="2403" dir="1" index="1" bw="1" slack="3"/>
</pin_list>
<bind>
<opset="cmp15_i_mid1 "/>
</bind>
</comp>

<comp id="2406" class="1005" name="cmp15_i63_reg_2406">
<pin_list>
<pin id="2407" dir="0" index="0" bw="1" slack="3"/>
<pin id="2408" dir="1" index="1" bw="1" slack="3"/>
</pin_list>
<bind>
<opset="cmp15_i63 "/>
</bind>
</comp>

<comp id="2411" class="1005" name="select_ln148_6_reg_2411">
<pin_list>
<pin id="2412" dir="0" index="0" bw="1" slack="29"/>
<pin id="2413" dir="1" index="1" bw="1" slack="2147483647"/>
</pin_list>
<bind>
<opset="select_ln148_6 "/>
</bind>
</comp>

<comp id="2415" class="1005" name="trunc_ln148_reg_2415">
<pin_list>
<pin id="2416" dir="0" index="0" bw="2" slack="4"/>
<pin id="2417" dir="1" index="1" bw="2" slack="4"/>
</pin_list>
<bind>
<opset="trunc_ln148 "/>
</bind>
</comp>

<comp id="2420" class="1005" name="and_ln148_reg_2420">
<pin_list>
<pin id="2421" dir="0" index="0" bw="1" slack="1"/>
<pin id="2422" dir="1" index="1" bw="1" slack="1"/>
</pin_list>
<bind>
<opset="and_ln148 "/>
</bind>
</comp>

<comp id="2425" class="1005" name="select_ln150_3_reg_2425">
<pin_list>
<pin id="2426" dir="0" index="0" bw="5" slack="0"/>
<pin id="2427" dir="1" index="1" bw="5" slack="0"/>
</pin_list>
<bind>
<opset="select_ln150_3 "/>
</bind>
</comp>

<comp id="2459" class="1005" name="select_ln150_reg_2459">
<pin_list>
<pin id="2460" dir="0" index="0" bw="5" slack="1"/>
<pin id="2461" dir="1" index="1" bw="5" slack="1"/>
</pin_list>
<bind>
<opset="select_ln150 "/>
</bind>
</comp>

<comp id="2465" class="1005" name="trunc_ln152_reg_2465">
<pin_list>
<pin id="2466" dir="0" index="0" bw="1" slack="2"/>
<pin id="2467" dir="1" index="1" bw="1" slack="2"/>
</pin_list>
<bind>
<opset="trunc_ln152 "/>
</bind>
</comp>

<comp id="2470" class="1005" name="add_ln156_4_reg_2470">
<pin_list>
<pin id="2471" dir="0" index="0" bw="11" slack="1"/>
<pin id="2472" dir="1" index="1" bw="11" slack="1"/>
</pin_list>
<bind>
<opset="add_ln156_4 "/>
</bind>
</comp>

<comp id="2475" class="1005" name="mem_3_0_addr_reg_2475">
<pin_list>
<pin id="2476" dir="0" index="0" bw="11" slack="1"/>
<pin id="2477" dir="1" index="1" bw="11" slack="1"/>
</pin_list>
<bind>
<opset="mem_3_0_addr "/>
</bind>
</comp>

<comp id="2480" class="1005" name="mem_3_1_addr_reg_2480">
<pin_list>
<pin id="2481" dir="0" index="0" bw="11" slack="1"/>
<pin id="2482" dir="1" index="1" bw="11" slack="1"/>
</pin_list>
<bind>
<opset="mem_3_1_addr "/>
</bind>
</comp>

<comp id="2485" class="1005" name="prev_sum_reg_2485">
<pin_list>
<pin id="2486" dir="0" index="0" bw="32" slack="1"/>
<pin id="2487" dir="1" index="1" bw="32" slack="1"/>
</pin_list>
<bind>
<opset="prev_sum "/>
</bind>
</comp>

<comp id="2517" class="1005" name="sum_reg_2517">
<pin_list>
<pin id="2518" dir="0" index="0" bw="32" slack="1"/>
<pin id="2519" dir="1" index="1" bw="32" slack="1"/>
</pin_list>
<bind>
<opset="sum "/>
</bind>
</comp>

<comp id="2526" class="1005" name="select_ln61_reg_2526">
<pin_list>
<pin id="2527" dir="0" index="0" bw="32" slack="1"/>
<pin id="2528" dir="1" index="1" bw="32" slack="1"/>
</pin_list>
<bind>
<opset="select_ln61 "/>
</bind>
</comp>

<comp id="2532" class="1005" name="add_ln152_reg_2532">
<pin_list>
<pin id="2533" dir="0" index="0" bw="5" slack="1"/>
<pin id="2534" dir="1" index="1" bw="5" slack="1"/>
</pin_list>
<bind>
<opset="add_ln152 "/>
</bind>
</comp>

<comp id="2537" class="1005" name="select_ln150_4_reg_2537">
<pin_list>
<pin id="2538" dir="0" index="0" bw="10" slack="1"/>
<pin id="2539" dir="1" index="1" bw="10" slack="1"/>
</pin_list>
<bind>
<opset="select_ln150_4 "/>
</bind>
</comp>

</comp_list>

<net_list>
<net id="103"><net_src comp="10" pin="0"/><net_sink comp="100" pin=0"/></net>

<net id="107"><net_src comp="10" pin="0"/><net_sink comp="104" pin=0"/></net>

<net id="111"><net_src comp="10" pin="0"/><net_sink comp="108" pin=0"/></net>

<net id="115"><net_src comp="10" pin="0"/><net_sink comp="112" pin=0"/></net>

<net id="119"><net_src comp="10" pin="0"/><net_sink comp="116" pin=0"/></net>

<net id="123"><net_src comp="10" pin="0"/><net_sink comp="120" pin=0"/></net>

<net id="127"><net_src comp="10" pin="0"/><net_sink comp="124" pin=0"/></net>

<net id="131"><net_src comp="10" pin="0"/><net_sink comp="128" pin=0"/></net>

<net id="135"><net_src comp="10" pin="0"/><net_sink comp="132" pin=0"/></net>

<net id="139"><net_src comp="10" pin="0"/><net_sink comp="136" pin=0"/></net>

<net id="143"><net_src comp="10" pin="0"/><net_sink comp="140" pin=0"/></net>

<net id="147"><net_src comp="10" pin="0"/><net_sink comp="144" pin=0"/></net>

<net id="151"><net_src comp="10" pin="0"/><net_sink comp="148" pin=0"/></net>

<net id="155"><net_src comp="10" pin="0"/><net_sink comp="152" pin=0"/></net>

<net id="159"><net_src comp="10" pin="0"/><net_sink comp="156" pin=0"/></net>

<net id="163"><net_src comp="10" pin="0"/><net_sink comp="160" pin=0"/></net>

<net id="167"><net_src comp="10" pin="0"/><net_sink comp="164" pin=0"/></net>

<net id="171"><net_src comp="10" pin="0"/><net_sink comp="168" pin=0"/></net>

<net id="175"><net_src comp="10" pin="0"/><net_sink comp="172" pin=0"/></net>

<net id="179"><net_src comp="10" pin="0"/><net_sink comp="176" pin=0"/></net>

<net id="183"><net_src comp="10" pin="0"/><net_sink comp="180" pin=0"/></net>

<net id="187"><net_src comp="10" pin="0"/><net_sink comp="184" pin=0"/></net>

<net id="191"><net_src comp="10" pin="0"/><net_sink comp="188" pin=0"/></net>

<net id="195"><net_src comp="10" pin="0"/><net_sink comp="192" pin=0"/></net>

<net id="199"><net_src comp="10" pin="0"/><net_sink comp="196" pin=0"/></net>

<net id="203"><net_src comp="10" pin="0"/><net_sink comp="200" pin=0"/></net>

<net id="207"><net_src comp="10" pin="0"/><net_sink comp="204" pin=0"/></net>

<net id="211"><net_src comp="10" pin="0"/><net_sink comp="208" pin=0"/></net>

<net id="215"><net_src comp="10" pin="0"/><net_sink comp="212" pin=0"/></net>

<net id="219"><net_src comp="10" pin="0"/><net_sink comp="216" pin=0"/></net>

<net id="223"><net_src comp="10" pin="0"/><net_sink comp="220" pin=0"/></net>

<net id="227"><net_src comp="10" pin="0"/><net_sink comp="224" pin=0"/></net>

<net id="231"><net_src comp="10" pin="0"/><net_sink comp="228" pin=0"/></net>

<net id="235"><net_src comp="10" pin="0"/><net_sink comp="232" pin=0"/></net>

<net id="239"><net_src comp="10" pin="0"/><net_sink comp="236" pin=0"/></net>

<net id="243"><net_src comp="10" pin="0"/><net_sink comp="240" pin=0"/></net>

<net id="247"><net_src comp="10" pin="0"/><net_sink comp="244" pin=0"/></net>

<net id="251"><net_src comp="10" pin="0"/><net_sink comp="248" pin=0"/></net>

<net id="255"><net_src comp="10" pin="0"/><net_sink comp="252" pin=0"/></net>

<net id="259"><net_src comp="10" pin="0"/><net_sink comp="256" pin=0"/></net>

<net id="263"><net_src comp="10" pin="0"/><net_sink comp="260" pin=0"/></net>

<net id="267"><net_src comp="10" pin="0"/><net_sink comp="264" pin=0"/></net>

<net id="271"><net_src comp="10" pin="0"/><net_sink comp="268" pin=0"/></net>

<net id="275"><net_src comp="10" pin="0"/><net_sink comp="272" pin=0"/></net>

<net id="279"><net_src comp="10" pin="0"/><net_sink comp="276" pin=0"/></net>

<net id="283"><net_src comp="10" pin="0"/><net_sink comp="280" pin=0"/></net>

<net id="287"><net_src comp="12" pin="0"/><net_sink comp="284" pin=0"/></net>

<net id="291"><net_src comp="12" pin="0"/><net_sink comp="288" pin=0"/></net>

<net id="295"><net_src comp="12" pin="0"/><net_sink comp="292" pin=0"/></net>

<net id="299"><net_src comp="12" pin="0"/><net_sink comp="296" pin=0"/></net>

<net id="303"><net_src comp="12" pin="0"/><net_sink comp="300" pin=0"/></net>

<net id="307"><net_src comp="12" pin="0"/><net_sink comp="304" pin=0"/></net>

<net id="311"><net_src comp="12" pin="0"/><net_sink comp="308" pin=0"/></net>

<net id="315"><net_src comp="12" pin="0"/><net_sink comp="312" pin=0"/></net>

<net id="319"><net_src comp="12" pin="0"/><net_sink comp="316" pin=0"/></net>

<net id="323"><net_src comp="12" pin="0"/><net_sink comp="320" pin=0"/></net>

<net id="327"><net_src comp="12" pin="0"/><net_sink comp="324" pin=0"/></net>

<net id="331"><net_src comp="12" pin="0"/><net_sink comp="328" pin=0"/></net>

<net id="335"><net_src comp="12" pin="0"/><net_sink comp="332" pin=0"/></net>

<net id="339"><net_src comp="12" pin="0"/><net_sink comp="336" pin=0"/></net>

<net id="343"><net_src comp="12" pin="0"/><net_sink comp="340" pin=0"/></net>

<net id="347"><net_src comp="12" pin="0"/><net_sink comp="344" pin=0"/></net>

<net id="351"><net_src comp="12" pin="0"/><net_sink comp="348" pin=0"/></net>

<net id="355"><net_src comp="12" pin="0"/><net_sink comp="352" pin=0"/></net>

<net id="359"><net_src comp="12" pin="0"/><net_sink comp="356" pin=0"/></net>

<net id="363"><net_src comp="12" pin="0"/><net_sink comp="360" pin=0"/></net>

<net id="367"><net_src comp="12" pin="0"/><net_sink comp="364" pin=0"/></net>

<net id="371"><net_src comp="12" pin="0"/><net_sink comp="368" pin=0"/></net>

<net id="375"><net_src comp="12" pin="0"/><net_sink comp="372" pin=0"/></net>

<net id="379"><net_src comp="12" pin="0"/><net_sink comp="376" pin=0"/></net>

<net id="383"><net_src comp="12" pin="0"/><net_sink comp="380" pin=0"/></net>

<net id="387"><net_src comp="12" pin="0"/><net_sink comp="384" pin=0"/></net>

<net id="391"><net_src comp="12" pin="0"/><net_sink comp="388" pin=0"/></net>

<net id="395"><net_src comp="12" pin="0"/><net_sink comp="392" pin=0"/></net>

<net id="399"><net_src comp="12" pin="0"/><net_sink comp="396" pin=0"/></net>

<net id="403"><net_src comp="12" pin="0"/><net_sink comp="400" pin=0"/></net>

<net id="407"><net_src comp="12" pin="0"/><net_sink comp="404" pin=0"/></net>

<net id="411"><net_src comp="12" pin="0"/><net_sink comp="408" pin=0"/></net>

<net id="415"><net_src comp="12" pin="0"/><net_sink comp="412" pin=0"/></net>

<net id="419"><net_src comp="12" pin="0"/><net_sink comp="416" pin=0"/></net>

<net id="423"><net_src comp="12" pin="0"/><net_sink comp="420" pin=0"/></net>

<net id="427"><net_src comp="12" pin="0"/><net_sink comp="424" pin=0"/></net>

<net id="431"><net_src comp="12" pin="0"/><net_sink comp="428" pin=0"/></net>

<net id="435"><net_src comp="12" pin="0"/><net_sink comp="432" pin=0"/></net>

<net id="439"><net_src comp="12" pin="0"/><net_sink comp="436" pin=0"/></net>

<net id="443"><net_src comp="12" pin="0"/><net_sink comp="440" pin=0"/></net>

<net id="447"><net_src comp="12" pin="0"/><net_sink comp="444" pin=0"/></net>

<net id="451"><net_src comp="12" pin="0"/><net_sink comp="448" pin=0"/></net>

<net id="455"><net_src comp="12" pin="0"/><net_sink comp="452" pin=0"/></net>

<net id="459"><net_src comp="12" pin="0"/><net_sink comp="456" pin=0"/></net>

<net id="463"><net_src comp="12" pin="0"/><net_sink comp="460" pin=0"/></net>

<net id="469"><net_src comp="8" pin="0"/><net_sink comp="464" pin=0"/></net>

<net id="470"><net_src comp="30" pin="0"/><net_sink comp="464" pin=1"/></net>

<net id="476"><net_src comp="464" pin="3"/><net_sink comp="471" pin=0"/></net>

<net id="482"><net_src comp="2" pin="0"/><net_sink comp="477" pin=0"/></net>

<net id="483"><net_src comp="30" pin="0"/><net_sink comp="477" pin=1"/></net>

<net id="489"><net_src comp="4" pin="0"/><net_sink comp="484" pin=0"/></net>

<net id="490"><net_src comp="30" pin="0"/><net_sink comp="484" pin=1"/></net>

<net id="496"><net_src comp="477" pin="3"/><net_sink comp="491" pin=0"/></net>

<net id="502"><net_src comp="484" pin="3"/><net_sink comp="497" pin=0"/></net>

<net id="506"><net_src comp="42" pin="0"/><net_sink comp="503" pin=0"/></net>

<net id="513"><net_src comp="503" pin="1"/><net_sink comp="507" pin=0"/></net>

<net id="517"><net_src comp="14" pin="0"/><net_sink comp="514" pin=0"/></net>

<net id="524"><net_src comp="514" pin="1"/><net_sink comp="518" pin=0"/></net>

<net id="528"><net_src comp="44" pin="0"/><net_sink comp="525" pin=0"/></net>

<net id="535"><net_src comp="525" pin="1"/><net_sink comp="529" pin=0"/></net>

<net id="536"><net_src comp="529" pin="4"/><net_sink comp="525" pin=0"/></net>

<net id="540"><net_src comp="34" pin="0"/><net_sink comp="537" pin=0"/></net>

<net id="547"><net_src comp="537" pin="1"/><net_sink comp="541" pin=0"/></net>

<net id="551"><net_src comp="34" pin="0"/><net_sink comp="548" pin=0"/></net>

<net id="558"><net_src comp="548" pin="1"/><net_sink comp="552" pin=0"/></net>

<net id="559"><net_src comp="552" pin="4"/><net_sink comp="548" pin=0"/></net>

<net id="637"><net_src comp="28" pin="0"/><net_sink comp="560" pin=0"/></net>

<net id="638"><net_src comp="6" pin="0"/><net_sink comp="560" pin=74"/></net>

<net id="664"><net_src comp="68" pin="0"/><net_sink comp="639" pin=0"/></net>

<net id="665"><net_src comp="0" pin="0"/><net_sink comp="639" pin=13"/></net>

<net id="716"><net_src comp="76" pin="0"/><net_sink comp="666" pin=0"/></net>

<net id="721"><net_src comp="86" pin="0"/><net_sink comp="717" pin=1"/></net>

<net id="726"><net_src comp="14" pin="0"/><net_sink comp="722" pin=0"/></net>

<net id="734"><net_src comp="727" pin="1"/><net_sink comp="730" pin=0"/></net>

<net id="735"><net_src comp="16" pin="0"/><net_sink comp="730" pin=1"/></net>

<net id="740"><net_src comp="727" pin="1"/><net_sink comp="736" pin=0"/></net>

<net id="741"><net_src comp="22" pin="0"/><net_sink comp="736" pin=1"/></net>

<net id="745"><net_src comp="742" pin="1"/><net_sink comp="560" pin=36"/></net>

<net id="749"><net_src comp="746" pin="1"/><net_sink comp="560" pin=35"/></net>

<net id="753"><net_src comp="750" pin="1"/><net_sink comp="560" pin=34"/></net>

<net id="757"><net_src comp="754" pin="1"/><net_sink comp="560" pin=33"/></net>

<net id="761"><net_src comp="758" pin="1"/><net_sink comp="560" pin=32"/></net>

<net id="765"><net_src comp="762" pin="1"/><net_sink comp="560" pin=31"/></net>

<net id="769"><net_src comp="766" pin="1"/><net_sink comp="560" pin=30"/></net>

<net id="773"><net_src comp="770" pin="1"/><net_sink comp="560" pin=29"/></net>

<net id="777"><net_src comp="774" pin="1"/><net_sink comp="560" pin=28"/></net>

<net id="781"><net_src comp="778" pin="1"/><net_sink comp="560" pin=27"/></net>

<net id="785"><net_src comp="782" pin="1"/><net_sink comp="560" pin=26"/></net>

<net id="789"><net_src comp="786" pin="1"/><net_sink comp="560" pin=25"/></net>

<net id="793"><net_src comp="790" pin="1"/><net_sink comp="560" pin=24"/></net>

<net id="797"><net_src comp="794" pin="1"/><net_sink comp="560" pin=23"/></net>

<net id="801"><net_src comp="798" pin="1"/><net_sink comp="560" pin=22"/></net>

<net id="805"><net_src comp="802" pin="1"/><net_sink comp="560" pin=21"/></net>

<net id="809"><net_src comp="806" pin="1"/><net_sink comp="560" pin=20"/></net>

<net id="813"><net_src comp="810" pin="1"/><net_sink comp="560" pin=19"/></net>

<net id="817"><net_src comp="814" pin="1"/><net_sink comp="560" pin=18"/></net>

<net id="821"><net_src comp="818" pin="1"/><net_sink comp="560" pin=17"/></net>

<net id="825"><net_src comp="822" pin="1"/><net_sink comp="560" pin=16"/></net>

<net id="829"><net_src comp="826" pin="1"/><net_sink comp="560" pin=15"/></net>

<net id="833"><net_src comp="830" pin="1"/><net_sink comp="560" pin=14"/></net>

<net id="837"><net_src comp="834" pin="1"/><net_sink comp="560" pin=13"/></net>

<net id="841"><net_src comp="838" pin="1"/><net_sink comp="560" pin=12"/></net>

<net id="845"><net_src comp="842" pin="1"/><net_sink comp="560" pin=11"/></net>

<net id="849"><net_src comp="846" pin="1"/><net_sink comp="560" pin=10"/></net>

<net id="853"><net_src comp="850" pin="1"/><net_sink comp="560" pin=9"/></net>

<net id="857"><net_src comp="854" pin="1"/><net_sink comp="560" pin=8"/></net>

<net id="861"><net_src comp="858" pin="1"/><net_sink comp="560" pin=7"/></net>

<net id="865"><net_src comp="862" pin="1"/><net_sink comp="560" pin=6"/></net>

<net id="869"><net_src comp="866" pin="1"/><net_sink comp="560" pin=5"/></net>

<net id="873"><net_src comp="870" pin="1"/><net_sink comp="560" pin=4"/></net>

<net id="877"><net_src comp="874" pin="1"/><net_sink comp="560" pin=3"/></net>

<net id="881"><net_src comp="878" pin="1"/><net_sink comp="560" pin=2"/></net>

<net id="885"><net_src comp="882" pin="1"/><net_sink comp="560" pin=1"/></net>

<net id="892"><net_src comp="24" pin="0"/><net_sink comp="886" pin=0"/></net>

<net id="893"><net_src comp="727" pin="1"/><net_sink comp="886" pin=1"/></net>

<net id="894"><net_src comp="727" pin="1"/><net_sink comp="886" pin=2"/></net>

<net id="895"><net_src comp="26" pin="0"/><net_sink comp="886" pin=3"/></net>

<net id="896"><net_src comp="886" pin="4"/><net_sink comp="560" pin=37"/></net>

<net id="900"><net_src comp="897" pin="1"/><net_sink comp="464" pin=2"/></net>

<net id="906"><net_src comp="32" pin="0"/><net_sink comp="901" pin=0"/></net>

<net id="907"><net_src comp="34" pin="0"/><net_sink comp="901" pin=2"/></net>

<net id="911"><net_src comp="901" pin="3"/><net_sink comp="908" pin=0"/></net>

<net id="917"><net_src comp="36" pin="0"/><net_sink comp="912" pin=0"/></net>

<net id="918"><net_src comp="14" pin="0"/><net_sink comp="912" pin=2"/></net>

<net id="922"><net_src comp="912" pin="3"/><net_sink comp="919" pin=0"/></net>

<net id="927"><net_src comp="908" pin="1"/><net_sink comp="923" pin=0"/></net>

<net id="928"><net_src comp="919" pin="1"/><net_sink comp="923" pin=1"/></net>

<net id="932"><net_src comp="923" pin="2"/><net_sink comp="929" pin=0"/></net>

<net id="1045"><net_src comp="507" pin="4"/><net_sink comp="1041" pin=0"/></net>

<net id="1046"><net_src comp="46" pin="0"/><net_sink comp="1041" pin=1"/></net>

<net id="1051"><net_src comp="507" pin="4"/><net_sink comp="1047" pin=0"/></net>

<net id="1052"><net_src comp="48" pin="0"/><net_sink comp="1047" pin=1"/></net>

<net id="1057"><net_src comp="518" pin="4"/><net_sink comp="1053" pin=0"/></net>

<net id="1058"><net_src comp="22" pin="0"/><net_sink comp="1053" pin=1"/></net>

<net id="1063"><net_src comp="529" pin="4"/><net_sink comp="1059" pin=0"/></net>

<net id="1064"><net_src comp="50" pin="0"/><net_sink comp="1059" pin=1"/></net>

<net id="1070"><net_src comp="1059" pin="2"/><net_sink comp="1065" pin=0"/></net>

<net id="1071"><net_src comp="34" pin="0"/><net_sink comp="1065" pin=1"/></net>

<net id="1072"><net_src comp="541" pin="4"/><net_sink comp="1065" pin=2"/></net>

<net id="1078"><net_src comp="1059" pin="2"/><net_sink comp="1073" pin=0"/></net>

<net id="1079"><net_src comp="1053" pin="2"/><net_sink comp="1073" pin=1"/></net>

<net id="1080"><net_src comp="518" pin="4"/><net_sink comp="1073" pin=2"/></net>

<net id="1084"><net_src comp="1073" pin="3"/><net_sink comp="1081" pin=0"/></net>

<net id="1089"><net_src comp="1081" pin="1"/><net_sink comp="1085" pin=0"/></net>

<net id="1090"><net_src comp="52" pin="0"/><net_sink comp="1085" pin=1"/></net>

<net id="1095"><net_src comp="1053" pin="2"/><net_sink comp="1091" pin=0"/></net>

<net id="1096"><net_src comp="14" pin="0"/><net_sink comp="1091" pin=1"/></net>

<net id="1101"><net_src comp="518" pin="4"/><net_sink comp="1097" pin=0"/></net>

<net id="1102"><net_src comp="14" pin="0"/><net_sink comp="1097" pin=1"/></net>

<net id="1107"><net_src comp="1053" pin="2"/><net_sink comp="1103" pin=0"/></net>

<net id="1108"><net_src comp="54" pin="0"/><net_sink comp="1103" pin=1"/></net>

<net id="1113"><net_src comp="518" pin="4"/><net_sink comp="1109" pin=0"/></net>

<net id="1114"><net_src comp="54" pin="0"/><net_sink comp="1109" pin=1"/></net>

<net id="1120"><net_src comp="1059" pin="2"/><net_sink comp="1115" pin=0"/></net>

<net id="1121"><net_src comp="1103" pin="2"/><net_sink comp="1115" pin=1"/></net>

<net id="1122"><net_src comp="1109" pin="2"/><net_sink comp="1115" pin=2"/></net>

<net id="1126"><net_src comp="1073" pin="3"/><net_sink comp="1123" pin=0"/></net>

<net id="1131"><net_src comp="1059" pin="2"/><net_sink comp="1127" pin=0"/></net>

<net id="1132"><net_src comp="56" pin="0"/><net_sink comp="1127" pin=1"/></net>

<net id="1137"><net_src comp="552" pin="4"/><net_sink comp="1133" pin=0"/></net>

<net id="1138"><net_src comp="58" pin="0"/><net_sink comp="1133" pin=1"/></net>

<net id="1143"><net_src comp="1133" pin="2"/><net_sink comp="1139" pin=0"/></net>

<net id="1144"><net_src comp="1127" pin="2"/><net_sink comp="1139" pin=1"/></net>

<net id="1149"><net_src comp="1065" pin="3"/><net_sink comp="1145" pin=0"/></net>

<net id="1150"><net_src comp="60" pin="0"/><net_sink comp="1145" pin=1"/></net>

<net id="1156"><net_src comp="1139" pin="2"/><net_sink comp="1151" pin=0"/></net>

<net id="1157"><net_src comp="1145" pin="2"/><net_sink comp="1151" pin=1"/></net>

<net id="1158"><net_src comp="1065" pin="3"/><net_sink comp="1151" pin=2"/></net>

<net id="1310"><net_src comp="1307" pin="1"/><net_sink comp="639" pin=9"/></net>

<net id="1314"><net_src comp="1311" pin="1"/><net_sink comp="639" pin=8"/></net>

<net id="1318"><net_src comp="1315" pin="1"/><net_sink comp="639" pin=7"/></net>

<net id="1322"><net_src comp="1319" pin="1"/><net_sink comp="639" pin=6"/></net>

<net id="1326"><net_src comp="1323" pin="1"/><net_sink comp="639" pin=5"/></net>

<net id="1330"><net_src comp="1327" pin="1"/><net_sink comp="639" pin=4"/></net>

<net id="1334"><net_src comp="1331" pin="1"/><net_sink comp="639" pin=3"/></net>

<net id="1338"><net_src comp="1335" pin="1"/><net_sink comp="639" pin=2"/></net>

<net id="1342"><net_src comp="1339" pin="1"/><net_sink comp="639" pin=1"/></net>

<net id="1352"><net_src comp="1343" pin="2"/><net_sink comp="1347" pin=0"/></net>

<net id="1353"><net_src comp="34" pin="0"/><net_sink comp="1347" pin=1"/></net>

<net id="1354"><net_src comp="548" pin="1"/><net_sink comp="1347" pin=2"/></net>

<net id="1355"><net_src comp="1347" pin="3"/><net_sink comp="639" pin=12"/></net>

<net id="1363"><net_src comp="1356" pin="1"/><net_sink comp="1359" pin=1"/></net>

<net id="1367"><net_src comp="1359" pin="2"/><net_sink comp="1364" pin=0"/></net>

<net id="1373"><net_src comp="62" pin="0"/><net_sink comp="1368" pin=0"/></net>

<net id="1374"><net_src comp="1364" pin="1"/><net_sink comp="1368" pin=1"/></net>

<net id="1375"><net_src comp="64" pin="0"/><net_sink comp="1368" pin=2"/></net>

<net id="1379"><net_src comp="1359" pin="2"/><net_sink comp="1376" pin=0"/></net>

<net id="1385"><net_src comp="66" pin="0"/><net_sink comp="1380" pin=0"/></net>

<net id="1386"><net_src comp="1376" pin="1"/><net_sink comp="1380" pin=1"/></net>

<net id="1387"><net_src comp="26" pin="0"/><net_sink comp="1380" pin=2"/></net>

<net id="1392"><net_src comp="1368" pin="3"/><net_sink comp="1388" pin=0"/></net>

<net id="1393"><net_src comp="1380" pin="3"/><net_sink comp="1388" pin=1"/></net>

<net id="1397"><net_src comp="1347" pin="3"/><net_sink comp="1394" pin=0"/></net>

<net id="1404"><net_src comp="70" pin="0"/><net_sink comp="1398" pin=0"/></net>

<net id="1405"><net_src comp="1347" pin="3"/><net_sink comp="1398" pin=1"/></net>

<net id="1406"><net_src comp="10" pin="0"/><net_sink comp="1398" pin=2"/></net>

<net id="1407"><net_src comp="72" pin="0"/><net_sink comp="1398" pin=3"/></net>

<net id="1411"><net_src comp="1398" pin="4"/><net_sink comp="1408" pin=0"/></net>

<net id="1416"><net_src comp="1388" pin="2"/><net_sink comp="1412" pin=0"/></net>

<net id="1417"><net_src comp="1408" pin="1"/><net_sink comp="1412" pin=1"/></net>

<net id="1421"><net_src comp="1418" pin="1"/><net_sink comp="477" pin=2"/></net>

<net id="1422"><net_src comp="1418" pin="1"/><net_sink comp="484" pin=2"/></net>

<net id="1434"><net_src comp="74" pin="0"/><net_sink comp="1428" pin=0"/></net>

<net id="1435"><net_src comp="491" pin="3"/><net_sink comp="1428" pin=1"/></net>

<net id="1436"><net_src comp="497" pin="3"/><net_sink comp="1428" pin=2"/></net>

<net id="1442"><net_src comp="1423" pin="3"/><net_sink comp="1437" pin=0"/></net>

<net id="1443"><net_src comp="1428" pin="4"/><net_sink comp="1437" pin=2"/></net>

<net id="1447"><net_src comp="1444" pin="1"/><net_sink comp="666" pin=46"/></net>

<net id="1451"><net_src comp="1448" pin="1"/><net_sink comp="666" pin=44"/></net>

<net id="1455"><net_src comp="1452" pin="1"/><net_sink comp="666" pin=45"/></net>

<net id="1459"><net_src comp="1456" pin="1"/><net_sink comp="666" pin=40"/></net>

<net id="1463"><net_src comp="1460" pin="1"/><net_sink comp="666" pin=38"/></net>

<net id="1467"><net_src comp="1464" pin="1"/><net_sink comp="666" pin=39"/></net>

<net id="1471"><net_src comp="1468" pin="1"/><net_sink comp="666" pin=43"/></net>

<net id="1475"><net_src comp="1472" pin="1"/><net_sink comp="666" pin=41"/></net>

<net id="1479"><net_src comp="1476" pin="1"/><net_sink comp="666" pin=42"/></net>

<net id="1489"><net_src comp="88" pin="0"/><net_sink comp="1483" pin=0"/></net>

<net id="1490"><net_src comp="1480" pin="1"/><net_sink comp="1483" pin=1"/></net>

<net id="1491"><net_src comp="90" pin="0"/><net_sink comp="1483" pin=2"/></net>

<net id="1492"><net_src comp="92" pin="0"/><net_sink comp="1483" pin=3"/></net>

<net id="1496"><net_src comp="1480" pin="1"/><net_sink comp="1493" pin=0"/></net>

<net id="1501"><net_src comp="1483" pin="4"/><net_sink comp="1497" pin=0"/></net>

<net id="1502"><net_src comp="94" pin="0"/><net_sink comp="1497" pin=1"/></net>

<net id="1507"><net_src comp="1493" pin="1"/><net_sink comp="1503" pin=0"/></net>

<net id="1508"><net_src comp="96" pin="0"/><net_sink comp="1503" pin=1"/></net>

<net id="1513"><net_src comp="1503" pin="2"/><net_sink comp="1509" pin=0"/></net>

<net id="1514"><net_src comp="1497" pin="2"/><net_sink comp="1509" pin=1"/></net>

<net id="1519"><net_src comp="1509" pin="2"/><net_sink comp="1515" pin=0"/></net>

<net id="1520"><net_src comp="717" pin="2"/><net_sink comp="1515" pin=1"/></net>

<net id="1526"><net_src comp="1515" pin="2"/><net_sink comp="1521" pin=0"/></net>

<net id="1527"><net_src comp="86" pin="0"/><net_sink comp="1521" pin=1"/></net>

<net id="1532"><net_src comp="60" pin="0"/><net_sink comp="1528" pin=1"/></net>

<net id="1537"><net_src comp="525" pin="1"/><net_sink comp="1533" pin=0"/></net>

<net id="1538"><net_src comp="98" pin="0"/><net_sink comp="1533" pin=1"/></net>

<net id="1544"><net_src comp="98" pin="0"/><net_sink comp="1539" pin=1"/></net>

<net id="1545"><net_src comp="1533" pin="2"/><net_sink comp="1539" pin=2"/></net>

<net id="1585"><net_src comp="100" pin="1"/><net_sink comp="1582" pin=0"/></net>

<net id="1586"><net_src comp="1582" pin="1"/><net_sink comp="722" pin=1"/></net>

<net id="1587"><net_src comp="1582" pin="1"/><net_sink comp="727" pin=0"/></net>

<net id="1588"><net_src comp="1582" pin="1"/><net_sink comp="1303" pin=1"/></net>

<net id="1592"><net_src comp="104" pin="1"/><net_sink comp="1589" pin=0"/></net>

<net id="1593"><net_src comp="1589" pin="1"/><net_sink comp="742" pin=0"/></net>

<net id="1594"><net_src comp="1589" pin="1"/><net_sink comp="1299" pin=1"/></net>

<net id="1598"><net_src comp="108" pin="1"/><net_sink comp="1595" pin=0"/></net>

<net id="1599"><net_src comp="1595" pin="1"/><net_sink comp="746" pin=0"/></net>

<net id="1600"><net_src comp="1595" pin="1"/><net_sink comp="1295" pin=1"/></net>

<net id="1604"><net_src comp="112" pin="1"/><net_sink comp="1601" pin=0"/></net>

<net id="1605"><net_src comp="1601" pin="1"/><net_sink comp="750" pin=0"/></net>

<net id="1606"><net_src comp="1601" pin="1"/><net_sink comp="1291" pin=1"/></net>

<net id="1610"><net_src comp="116" pin="1"/><net_sink comp="1607" pin=0"/></net>

<net id="1611"><net_src comp="1607" pin="1"/><net_sink comp="754" pin=0"/></net>

<net id="1612"><net_src comp="1607" pin="1"/><net_sink comp="1287" pin=1"/></net>

<net id="1616"><net_src comp="120" pin="1"/><net_sink comp="1613" pin=0"/></net>

<net id="1617"><net_src comp="1613" pin="1"/><net_sink comp="758" pin=0"/></net>

<net id="1618"><net_src comp="1613" pin="1"/><net_sink comp="1283" pin=1"/></net>

<net id="1622"><net_src comp="124" pin="1"/><net_sink comp="1619" pin=0"/></net>

<net id="1623"><net_src comp="1619" pin="1"/><net_sink comp="762" pin=0"/></net>

<net id="1624"><net_src comp="1619" pin="1"/><net_sink comp="1279" pin=1"/></net>

<net id="1628"><net_src comp="128" pin="1"/><net_sink comp="1625" pin=0"/></net>

<net id="1629"><net_src comp="1625" pin="1"/><net_sink comp="766" pin=0"/></net>

<net id="1630"><net_src comp="1625" pin="1"/><net_sink comp="1275" pin=1"/></net>

<net id="1634"><net_src comp="132" pin="1"/><net_sink comp="1631" pin=0"/></net>

<net id="1635"><net_src comp="1631" pin="1"/><net_sink comp="770" pin=0"/></net>

<net id="1636"><net_src comp="1631" pin="1"/><net_sink comp="1271" pin=1"/></net>

<net id="1640"><net_src comp="136" pin="1"/><net_sink comp="1637" pin=0"/></net>

<net id="1641"><net_src comp="1637" pin="1"/><net_sink comp="774" pin=0"/></net>

<net id="1642"><net_src comp="1637" pin="1"/><net_sink comp="1267" pin=1"/></net>

<net id="1646"><net_src comp="140" pin="1"/><net_sink comp="1643" pin=0"/></net>

<net id="1647"><net_src comp="1643" pin="1"/><net_sink comp="778" pin=0"/></net>

<net id="1648"><net_src comp="1643" pin="1"/><net_sink comp="1263" pin=1"/></net>

<net id="1652"><net_src comp="144" pin="1"/><net_sink comp="1649" pin=0"/></net>

<net id="1653"><net_src comp="1649" pin="1"/><net_sink comp="782" pin=0"/></net>

<net id="1654"><net_src comp="1649" pin="1"/><net_sink comp="1259" pin=1"/></net>

<net id="1658"><net_src comp="148" pin="1"/><net_sink comp="1655" pin=0"/></net>

<net id="1659"><net_src comp="1655" pin="1"/><net_sink comp="786" pin=0"/></net>

<net id="1660"><net_src comp="1655" pin="1"/><net_sink comp="1255" pin=1"/></net>

<net id="1664"><net_src comp="152" pin="1"/><net_sink comp="1661" pin=0"/></net>

<net id="1665"><net_src comp="1661" pin="1"/><net_sink comp="790" pin=0"/></net>

<net id="1666"><net_src comp="1661" pin="1"/><net_sink comp="1251" pin=1"/></net>

<net id="1670"><net_src comp="156" pin="1"/><net_sink comp="1667" pin=0"/></net>

<net id="1671"><net_src comp="1667" pin="1"/><net_sink comp="794" pin=0"/></net>

<net id="1672"><net_src comp="1667" pin="1"/><net_sink comp="1247" pin=1"/></net>

<net id="1676"><net_src comp="160" pin="1"/><net_sink comp="1673" pin=0"/></net>

<net id="1677"><net_src comp="1673" pin="1"/><net_sink comp="798" pin=0"/></net>

<net id="1678"><net_src comp="1673" pin="1"/><net_sink comp="1243" pin=1"/></net>

<net id="1682"><net_src comp="164" pin="1"/><net_sink comp="1679" pin=0"/></net>

<net id="1683"><net_src comp="1679" pin="1"/><net_sink comp="802" pin=0"/></net>

<net id="1684"><net_src comp="1679" pin="1"/><net_sink comp="1239" pin=1"/></net>

<net id="1688"><net_src comp="168" pin="1"/><net_sink comp="1685" pin=0"/></net>

<net id="1689"><net_src comp="1685" pin="1"/><net_sink comp="806" pin=0"/></net>

<net id="1690"><net_src comp="1685" pin="1"/><net_sink comp="1235" pin=1"/></net>

<net id="1694"><net_src comp="172" pin="1"/><net_sink comp="1691" pin=0"/></net>

<net id="1695"><net_src comp="1691" pin="1"/><net_sink comp="810" pin=0"/></net>

<net id="1696"><net_src comp="1691" pin="1"/><net_sink comp="1231" pin=1"/></net>

<net id="1700"><net_src comp="176" pin="1"/><net_sink comp="1697" pin=0"/></net>

<net id="1701"><net_src comp="1697" pin="1"/><net_sink comp="814" pin=0"/></net>

<net id="1702"><net_src comp="1697" pin="1"/><net_sink comp="1227" pin=1"/></net>

<net id="1706"><net_src comp="180" pin="1"/><net_sink comp="1703" pin=0"/></net>

<net id="1707"><net_src comp="1703" pin="1"/><net_sink comp="818" pin=0"/></net>

<net id="1708"><net_src comp="1703" pin="1"/><net_sink comp="1223" pin=1"/></net>

<net id="1712"><net_src comp="184" pin="1"/><net_sink comp="1709" pin=0"/></net>

<net id="1713"><net_src comp="1709" pin="1"/><net_sink comp="822" pin=0"/></net>

<net id="1714"><net_src comp="1709" pin="1"/><net_sink comp="1219" pin=1"/></net>

<net id="1718"><net_src comp="188" pin="1"/><net_sink comp="1715" pin=0"/></net>

<net id="1719"><net_src comp="1715" pin="1"/><net_sink comp="826" pin=0"/></net>

<net id="1720"><net_src comp="1715" pin="1"/><net_sink comp="1215" pin=1"/></net>

<net id="1724"><net_src comp="192" pin="1"/><net_sink comp="1721" pin=0"/></net>

<net id="1725"><net_src comp="1721" pin="1"/><net_sink comp="830" pin=0"/></net>

<net id="1726"><net_src comp="1721" pin="1"/><net_sink comp="1211" pin=1"/></net>

<net id="1730"><net_src comp="196" pin="1"/><net_sink comp="1727" pin=0"/></net>

<net id="1731"><net_src comp="1727" pin="1"/><net_sink comp="834" pin=0"/></net>

<net id="1732"><net_src comp="1727" pin="1"/><net_sink comp="1207" pin=1"/></net>

<net id="1736"><net_src comp="200" pin="1"/><net_sink comp="1733" pin=0"/></net>

<net id="1737"><net_src comp="1733" pin="1"/><net_sink comp="838" pin=0"/></net>

<net id="1738"><net_src comp="1733" pin="1"/><net_sink comp="1203" pin=1"/></net>

<net id="1742"><net_src comp="204" pin="1"/><net_sink comp="1739" pin=0"/></net>

<net id="1743"><net_src comp="1739" pin="1"/><net_sink comp="842" pin=0"/></net>

<net id="1744"><net_src comp="1739" pin="1"/><net_sink comp="1199" pin=1"/></net>

<net id="1748"><net_src comp="208" pin="1"/><net_sink comp="1745" pin=0"/></net>

<net id="1749"><net_src comp="1745" pin="1"/><net_sink comp="846" pin=0"/></net>

<net id="1750"><net_src comp="1745" pin="1"/><net_sink comp="1195" pin=1"/></net>

<net id="1754"><net_src comp="212" pin="1"/><net_sink comp="1751" pin=0"/></net>

<net id="1755"><net_src comp="1751" pin="1"/><net_sink comp="850" pin=0"/></net>

<net id="1756"><net_src comp="1751" pin="1"/><net_sink comp="1191" pin=1"/></net>

<net id="1760"><net_src comp="216" pin="1"/><net_sink comp="1757" pin=0"/></net>

<net id="1761"><net_src comp="1757" pin="1"/><net_sink comp="854" pin=0"/></net>

<net id="1762"><net_src comp="1757" pin="1"/><net_sink comp="1187" pin=1"/></net>

<net id="1766"><net_src comp="220" pin="1"/><net_sink comp="1763" pin=0"/></net>

<net id="1767"><net_src comp="1763" pin="1"/><net_sink comp="858" pin=0"/></net>

<net id="1768"><net_src comp="1763" pin="1"/><net_sink comp="1183" pin=1"/></net>

<net id="1772"><net_src comp="224" pin="1"/><net_sink comp="1769" pin=0"/></net>

<net id="1773"><net_src comp="1769" pin="1"/><net_sink comp="862" pin=0"/></net>

<net id="1774"><net_src comp="1769" pin="1"/><net_sink comp="1179" pin=1"/></net>

<net id="1778"><net_src comp="228" pin="1"/><net_sink comp="1775" pin=0"/></net>

<net id="1779"><net_src comp="1775" pin="1"/><net_sink comp="866" pin=0"/></net>

<net id="1780"><net_src comp="1775" pin="1"/><net_sink comp="1175" pin=1"/></net>

<net id="1784"><net_src comp="232" pin="1"/><net_sink comp="1781" pin=0"/></net>

<net id="1785"><net_src comp="1781" pin="1"/><net_sink comp="870" pin=0"/></net>

<net id="1786"><net_src comp="1781" pin="1"/><net_sink comp="1171" pin=1"/></net>

<net id="1790"><net_src comp="236" pin="1"/><net_sink comp="1787" pin=0"/></net>

<net id="1791"><net_src comp="1787" pin="1"/><net_sink comp="874" pin=0"/></net>

<net id="1792"><net_src comp="1787" pin="1"/><net_sink comp="1167" pin=1"/></net>

<net id="1796"><net_src comp="240" pin="1"/><net_sink comp="1793" pin=0"/></net>

<net id="1797"><net_src comp="1793" pin="1"/><net_sink comp="878" pin=0"/></net>

<net id="1798"><net_src comp="1793" pin="1"/><net_sink comp="1163" pin=1"/></net>

<net id="1802"><net_src comp="244" pin="1"/><net_sink comp="1799" pin=0"/></net>

<net id="1803"><net_src comp="1799" pin="1"/><net_sink comp="882" pin=0"/></net>

<net id="1804"><net_src comp="1799" pin="1"/><net_sink comp="1159" pin=1"/></net>

<net id="1808"><net_src comp="248" pin="1"/><net_sink comp="1805" pin=0"/></net>

<net id="1809"><net_src comp="1805" pin="1"/><net_sink comp="1307" pin=0"/></net>

<net id="1810"><net_src comp="1805" pin="1"/><net_sink comp="1578" pin=1"/></net>

<net id="1814"><net_src comp="252" pin="1"/><net_sink comp="1811" pin=0"/></net>

<net id="1815"><net_src comp="1811" pin="1"/><net_sink comp="1311" pin=0"/></net>

<net id="1816"><net_src comp="1811" pin="1"/><net_sink comp="1574" pin=1"/></net>

<net id="1820"><net_src comp="256" pin="1"/><net_sink comp="1817" pin=0"/></net>

<net id="1821"><net_src comp="1817" pin="1"/><net_sink comp="1315" pin=0"/></net>

<net id="1822"><net_src comp="1817" pin="1"/><net_sink comp="1570" pin=1"/></net>

<net id="1826"><net_src comp="260" pin="1"/><net_sink comp="1823" pin=0"/></net>

<net id="1827"><net_src comp="1823" pin="1"/><net_sink comp="1319" pin=0"/></net>

<net id="1828"><net_src comp="1823" pin="1"/><net_sink comp="1566" pin=1"/></net>

<net id="1832"><net_src comp="264" pin="1"/><net_sink comp="1829" pin=0"/></net>

<net id="1833"><net_src comp="1829" pin="1"/><net_sink comp="1323" pin=0"/></net>

<net id="1834"><net_src comp="1829" pin="1"/><net_sink comp="1562" pin=1"/></net>

<net id="1838"><net_src comp="268" pin="1"/><net_sink comp="1835" pin=0"/></net>

<net id="1839"><net_src comp="1835" pin="1"/><net_sink comp="1327" pin=0"/></net>

<net id="1840"><net_src comp="1835" pin="1"/><net_sink comp="1558" pin=1"/></net>

<net id="1844"><net_src comp="272" pin="1"/><net_sink comp="1841" pin=0"/></net>

<net id="1845"><net_src comp="1841" pin="1"/><net_sink comp="1331" pin=0"/></net>

<net id="1846"><net_src comp="1841" pin="1"/><net_sink comp="1554" pin=1"/></net>

<net id="1850"><net_src comp="276" pin="1"/><net_sink comp="1847" pin=0"/></net>

<net id="1851"><net_src comp="1847" pin="1"/><net_sink comp="1335" pin=0"/></net>

<net id="1852"><net_src comp="1847" pin="1"/><net_sink comp="1550" pin=1"/></net>

<net id="1856"><net_src comp="280" pin="1"/><net_sink comp="1853" pin=0"/></net>

<net id="1857"><net_src comp="1853" pin="1"/><net_sink comp="1339" pin=0"/></net>

<net id="1858"><net_src comp="1853" pin="1"/><net_sink comp="1546" pin=1"/></net>

<net id="1862"><net_src comp="284" pin="1"/><net_sink comp="1859" pin=0"/></net>

<net id="1863"><net_src comp="1859" pin="1"/><net_sink comp="639" pin=22"/></net>

<net id="1864"><net_src comp="1859" pin="1"/><net_sink comp="1476" pin=0"/></net>

<net id="1868"><net_src comp="288" pin="1"/><net_sink comp="1865" pin=0"/></net>

<net id="1869"><net_src comp="1865" pin="1"/><net_sink comp="639" pin=21"/></net>

<net id="1870"><net_src comp="1865" pin="1"/><net_sink comp="1472" pin=0"/></net>

<net id="1874"><net_src comp="292" pin="1"/><net_sink comp="1871" pin=0"/></net>

<net id="1875"><net_src comp="1871" pin="1"/><net_sink comp="639" pin=20"/></net>

<net id="1876"><net_src comp="1871" pin="1"/><net_sink comp="1468" pin=0"/></net>

<net id="1880"><net_src comp="296" pin="1"/><net_sink comp="1877" pin=0"/></net>

<net id="1881"><net_src comp="1877" pin="1"/><net_sink comp="639" pin=19"/></net>

<net id="1882"><net_src comp="1877" pin="1"/><net_sink comp="1464" pin=0"/></net>

<net id="1886"><net_src comp="300" pin="1"/><net_sink comp="1883" pin=0"/></net>

<net id="1887"><net_src comp="1883" pin="1"/><net_sink comp="639" pin=18"/></net>

<net id="1888"><net_src comp="1883" pin="1"/><net_sink comp="1460" pin=0"/></net>

<net id="1892"><net_src comp="304" pin="1"/><net_sink comp="1889" pin=0"/></net>

<net id="1893"><net_src comp="1889" pin="1"/><net_sink comp="639" pin=17"/></net>

<net id="1894"><net_src comp="1889" pin="1"/><net_sink comp="1456" pin=0"/></net>

<net id="1898"><net_src comp="308" pin="1"/><net_sink comp="1895" pin=0"/></net>

<net id="1899"><net_src comp="1895" pin="1"/><net_sink comp="639" pin=16"/></net>

<net id="1900"><net_src comp="1895" pin="1"/><net_sink comp="1452" pin=0"/></net>

<net id="1904"><net_src comp="312" pin="1"/><net_sink comp="1901" pin=0"/></net>

<net id="1905"><net_src comp="1901" pin="1"/><net_sink comp="639" pin=15"/></net>

<net id="1906"><net_src comp="1901" pin="1"/><net_sink comp="1448" pin=0"/></net>

<net id="1910"><net_src comp="316" pin="1"/><net_sink comp="1907" pin=0"/></net>

<net id="1911"><net_src comp="1907" pin="1"/><net_sink comp="639" pin=14"/></net>

<net id="1912"><net_src comp="1907" pin="1"/><net_sink comp="1444" pin=0"/></net>

<net id="1916"><net_src comp="320" pin="1"/><net_sink comp="1913" pin=0"/></net>

<net id="1917"><net_src comp="1913" pin="1"/><net_sink comp="560" pin=73"/></net>

<net id="1918"><net_src comp="1913" pin="1"/><net_sink comp="1038" pin=0"/></net>

<net id="1922"><net_src comp="324" pin="1"/><net_sink comp="1919" pin=0"/></net>

<net id="1923"><net_src comp="1919" pin="1"/><net_sink comp="560" pin=72"/></net>

<net id="1924"><net_src comp="1919" pin="1"/><net_sink comp="1035" pin=0"/></net>

<net id="1928"><net_src comp="328" pin="1"/><net_sink comp="1925" pin=0"/></net>

<net id="1929"><net_src comp="1925" pin="1"/><net_sink comp="560" pin=71"/></net>

<net id="1930"><net_src comp="1925" pin="1"/><net_sink comp="1032" pin=0"/></net>

<net id="1934"><net_src comp="332" pin="1"/><net_sink comp="1931" pin=0"/></net>

<net id="1935"><net_src comp="1931" pin="1"/><net_sink comp="560" pin=70"/></net>

<net id="1936"><net_src comp="1931" pin="1"/><net_sink comp="1029" pin=0"/></net>

<net id="1940"><net_src comp="336" pin="1"/><net_sink comp="1937" pin=0"/></net>

<net id="1941"><net_src comp="1937" pin="1"/><net_sink comp="560" pin=69"/></net>

<net id="1942"><net_src comp="1937" pin="1"/><net_sink comp="1026" pin=0"/></net>

<net id="1946"><net_src comp="340" pin="1"/><net_sink comp="1943" pin=0"/></net>

<net id="1947"><net_src comp="1943" pin="1"/><net_sink comp="560" pin=68"/></net>

<net id="1948"><net_src comp="1943" pin="1"/><net_sink comp="1023" pin=0"/></net>

<net id="1952"><net_src comp="344" pin="1"/><net_sink comp="1949" pin=0"/></net>

<net id="1953"><net_src comp="1949" pin="1"/><net_sink comp="560" pin=67"/></net>

<net id="1954"><net_src comp="1949" pin="1"/><net_sink comp="1020" pin=0"/></net>

<net id="1958"><net_src comp="348" pin="1"/><net_sink comp="1955" pin=0"/></net>

<net id="1959"><net_src comp="1955" pin="1"/><net_sink comp="560" pin=66"/></net>

<net id="1960"><net_src comp="1955" pin="1"/><net_sink comp="1017" pin=0"/></net>

<net id="1964"><net_src comp="352" pin="1"/><net_sink comp="1961" pin=0"/></net>

<net id="1965"><net_src comp="1961" pin="1"/><net_sink comp="560" pin=65"/></net>

<net id="1966"><net_src comp="1961" pin="1"/><net_sink comp="1014" pin=0"/></net>

<net id="1970"><net_src comp="356" pin="1"/><net_sink comp="1967" pin=0"/></net>

<net id="1971"><net_src comp="1967" pin="1"/><net_sink comp="560" pin=64"/></net>

<net id="1972"><net_src comp="1967" pin="1"/><net_sink comp="1011" pin=0"/></net>

<net id="1976"><net_src comp="360" pin="1"/><net_sink comp="1973" pin=0"/></net>

<net id="1977"><net_src comp="1973" pin="1"/><net_sink comp="560" pin=63"/></net>

<net id="1978"><net_src comp="1973" pin="1"/><net_sink comp="1008" pin=0"/></net>

<net id="1982"><net_src comp="364" pin="1"/><net_sink comp="1979" pin=0"/></net>

<net id="1983"><net_src comp="1979" pin="1"/><net_sink comp="560" pin=62"/></net>

<net id="1984"><net_src comp="1979" pin="1"/><net_sink comp="1005" pin=0"/></net>

<net id="1988"><net_src comp="368" pin="1"/><net_sink comp="1985" pin=0"/></net>

<net id="1989"><net_src comp="1985" pin="1"/><net_sink comp="560" pin=61"/></net>

<net id="1990"><net_src comp="1985" pin="1"/><net_sink comp="1002" pin=0"/></net>

<net id="1994"><net_src comp="372" pin="1"/><net_sink comp="1991" pin=0"/></net>

<net id="1995"><net_src comp="1991" pin="1"/><net_sink comp="560" pin=60"/></net>

<net id="1996"><net_src comp="1991" pin="1"/><net_sink comp="999" pin=0"/></net>

<net id="2000"><net_src comp="376" pin="1"/><net_sink comp="1997" pin=0"/></net>

<net id="2001"><net_src comp="1997" pin="1"/><net_sink comp="560" pin=59"/></net>

<net id="2002"><net_src comp="1997" pin="1"/><net_sink comp="996" pin=0"/></net>

<net id="2006"><net_src comp="380" pin="1"/><net_sink comp="2003" pin=0"/></net>

<net id="2007"><net_src comp="2003" pin="1"/><net_sink comp="560" pin=58"/></net>

<net id="2008"><net_src comp="2003" pin="1"/><net_sink comp="993" pin=0"/></net>

<net id="2012"><net_src comp="384" pin="1"/><net_sink comp="2009" pin=0"/></net>

<net id="2013"><net_src comp="2009" pin="1"/><net_sink comp="560" pin=57"/></net>

<net id="2014"><net_src comp="2009" pin="1"/><net_sink comp="990" pin=0"/></net>

<net id="2018"><net_src comp="388" pin="1"/><net_sink comp="2015" pin=0"/></net>

<net id="2019"><net_src comp="2015" pin="1"/><net_sink comp="560" pin=56"/></net>

<net id="2020"><net_src comp="2015" pin="1"/><net_sink comp="987" pin=0"/></net>

<net id="2024"><net_src comp="392" pin="1"/><net_sink comp="2021" pin=0"/></net>

<net id="2025"><net_src comp="2021" pin="1"/><net_sink comp="560" pin=55"/></net>

<net id="2026"><net_src comp="2021" pin="1"/><net_sink comp="984" pin=0"/></net>

<net id="2030"><net_src comp="396" pin="1"/><net_sink comp="2027" pin=0"/></net>

<net id="2031"><net_src comp="2027" pin="1"/><net_sink comp="560" pin=54"/></net>

<net id="2032"><net_src comp="2027" pin="1"/><net_sink comp="981" pin=0"/></net>

<net id="2036"><net_src comp="400" pin="1"/><net_sink comp="2033" pin=0"/></net>

<net id="2037"><net_src comp="2033" pin="1"/><net_sink comp="560" pin=53"/></net>

<net id="2038"><net_src comp="2033" pin="1"/><net_sink comp="978" pin=0"/></net>

<net id="2042"><net_src comp="404" pin="1"/><net_sink comp="2039" pin=0"/></net>

<net id="2043"><net_src comp="2039" pin="1"/><net_sink comp="560" pin=52"/></net>

<net id="2044"><net_src comp="2039" pin="1"/><net_sink comp="975" pin=0"/></net>

<net id="2048"><net_src comp="408" pin="1"/><net_sink comp="2045" pin=0"/></net>

<net id="2049"><net_src comp="2045" pin="1"/><net_sink comp="560" pin=51"/></net>

<net id="2050"><net_src comp="2045" pin="1"/><net_sink comp="972" pin=0"/></net>

<net id="2054"><net_src comp="412" pin="1"/><net_sink comp="2051" pin=0"/></net>

<net id="2055"><net_src comp="2051" pin="1"/><net_sink comp="560" pin=50"/></net>

<net id="2056"><net_src comp="2051" pin="1"/><net_sink comp="969" pin=0"/></net>

<net id="2060"><net_src comp="416" pin="1"/><net_sink comp="2057" pin=0"/></net>

<net id="2061"><net_src comp="2057" pin="1"/><net_sink comp="560" pin=49"/></net>

<net id="2062"><net_src comp="2057" pin="1"/><net_sink comp="966" pin=0"/></net>

<net id="2066"><net_src comp="420" pin="1"/><net_sink comp="2063" pin=0"/></net>

<net id="2067"><net_src comp="2063" pin="1"/><net_sink comp="560" pin=48"/></net>

<net id="2068"><net_src comp="2063" pin="1"/><net_sink comp="963" pin=0"/></net>

<net id="2072"><net_src comp="424" pin="1"/><net_sink comp="2069" pin=0"/></net>

<net id="2073"><net_src comp="2069" pin="1"/><net_sink comp="560" pin=47"/></net>

<net id="2074"><net_src comp="2069" pin="1"/><net_sink comp="960" pin=0"/></net>

<net id="2078"><net_src comp="428" pin="1"/><net_sink comp="2075" pin=0"/></net>

<net id="2079"><net_src comp="2075" pin="1"/><net_sink comp="560" pin=46"/></net>

<net id="2080"><net_src comp="2075" pin="1"/><net_sink comp="957" pin=0"/></net>

<net id="2084"><net_src comp="432" pin="1"/><net_sink comp="2081" pin=0"/></net>

<net id="2085"><net_src comp="2081" pin="1"/><net_sink comp="560" pin=45"/></net>

<net id="2086"><net_src comp="2081" pin="1"/><net_sink comp="954" pin=0"/></net>

<net id="2090"><net_src comp="436" pin="1"/><net_sink comp="2087" pin=0"/></net>

<net id="2091"><net_src comp="2087" pin="1"/><net_sink comp="560" pin=44"/></net>

<net id="2092"><net_src comp="2087" pin="1"/><net_sink comp="951" pin=0"/></net>

<net id="2096"><net_src comp="440" pin="1"/><net_sink comp="2093" pin=0"/></net>

<net id="2097"><net_src comp="2093" pin="1"/><net_sink comp="560" pin=43"/></net>

<net id="2098"><net_src comp="2093" pin="1"/><net_sink comp="948" pin=0"/></net>

<net id="2102"><net_src comp="444" pin="1"/><net_sink comp="2099" pin=0"/></net>

<net id="2103"><net_src comp="2099" pin="1"/><net_sink comp="560" pin=42"/></net>

<net id="2104"><net_src comp="2099" pin="1"/><net_sink comp="945" pin=0"/></net>

<net id="2108"><net_src comp="448" pin="1"/><net_sink comp="2105" pin=0"/></net>

<net id="2109"><net_src comp="2105" pin="1"/><net_sink comp="560" pin=41"/></net>

<net id="2110"><net_src comp="2105" pin="1"/><net_sink comp="942" pin=0"/></net>

<net id="2114"><net_src comp="452" pin="1"/><net_sink comp="2111" pin=0"/></net>

<net id="2115"><net_src comp="2111" pin="1"/><net_sink comp="560" pin=40"/></net>

<net id="2116"><net_src comp="2111" pin="1"/><net_sink comp="939" pin=0"/></net>

<net id="2120"><net_src comp="456" pin="1"/><net_sink comp="2117" pin=0"/></net>

<net id="2121"><net_src comp="2117" pin="1"/><net_sink comp="560" pin=39"/></net>

<net id="2122"><net_src comp="2117" pin="1"/><net_sink comp="936" pin=0"/></net>

<net id="2126"><net_src comp="460" pin="1"/><net_sink comp="2123" pin=0"/></net>

<net id="2127"><net_src comp="2123" pin="1"/><net_sink comp="560" pin=38"/></net>

<net id="2128"><net_src comp="2123" pin="1"/><net_sink comp="933" pin=0"/></net>

<net id="2138"><net_src comp="736" pin="2"/><net_sink comp="2135" pin=0"/></net>

<net id="2139"><net_src comp="2135" pin="1"/><net_sink comp="1303" pin=0"/></net>

<net id="2251"><net_src comp="886" pin="4"/><net_sink comp="2248" pin=0"/></net>

<net id="2252"><net_src comp="2248" pin="1"/><net_sink comp="560" pin=37"/></net>

<net id="2256"><net_src comp="464" pin="3"/><net_sink comp="2253" pin=0"/></net>

<net id="2257"><net_src comp="2253" pin="1"/><net_sink comp="471" pin=0"/></net>

<net id="2261"><net_src comp="929" pin="1"/><net_sink comp="2258" pin=0"/></net>

<net id="2262"><net_src comp="2258" pin="1"/><net_sink comp="1359" pin=0"/></net>

<net id="2374"><net_src comp="471" pin="3"/><net_sink comp="2371" pin=0"/></net>

<net id="2375"><net_src comp="2371" pin="1"/><net_sink comp="1437" pin=1"/></net>

<net id="2382"><net_src comp="1047" pin="2"/><net_sink comp="2379" pin=0"/></net>

<net id="2383"><net_src comp="2379" pin="1"/><net_sink comp="507" pin=2"/></net>

<net id="2387"><net_src comp="1059" pin="2"/><net_sink comp="2384" pin=0"/></net>

<net id="2388"><net_src comp="2384" pin="1"/><net_sink comp="1343" pin=1"/></net>

<net id="2389"><net_src comp="2384" pin="1"/><net_sink comp="1423" pin=0"/></net>

<net id="2390"><net_src comp="2384" pin="1"/><net_sink comp="1539" pin=0"/></net>

<net id="2394"><net_src comp="1073" pin="3"/><net_sink comp="2391" pin=0"/></net>

<net id="2395"><net_src comp="2391" pin="1"/><net_sink comp="518" pin=2"/></net>

<net id="2399"><net_src comp="1085" pin="2"/><net_sink comp="2396" pin=0"/></net>

<net id="2400"><net_src comp="2396" pin="1"/><net_sink comp="639" pin=11"/></net>

<net id="2404"><net_src comp="1091" pin="2"/><net_sink comp="2401" pin=0"/></net>

<net id="2405"><net_src comp="2401" pin="1"/><net_sink comp="1423" pin=1"/></net>

<net id="2409"><net_src comp="1097" pin="2"/><net_sink comp="2406" pin=0"/></net>

<net id="2410"><net_src comp="2406" pin="1"/><net_sink comp="1423" pin=2"/></net>

<net id="2414"><net_src comp="1115" pin="3"/><net_sink comp="2411" pin=0"/></net>

<net id="2418"><net_src comp="1123" pin="1"/><net_sink comp="2415" pin=0"/></net>

<net id="2419"><net_src comp="2415" pin="1"/><net_sink comp="666" pin=1"/></net>

<net id="2423"><net_src comp="1139" pin="2"/><net_sink comp="2420" pin=0"/></net>

<net id="2424"><net_src comp="2420" pin="1"/><net_sink comp="1343" pin=0"/></net>

<net id="2428"><net_src comp="1151" pin="3"/><net_sink comp="2425" pin=0"/></net>

<net id="2429"><net_src comp="2425" pin="1"/><net_sink comp="541" pin=2"/></net>

<net id="2430"><net_src comp="2425" pin="1"/><net_sink comp="1356" pin=0"/></net>

<net id="2431"><net_src comp="2425" pin="1"/><net_sink comp="639" pin=10"/></net>

<net id="2462"><net_src comp="1347" pin="3"/><net_sink comp="2459" pin=0"/></net>

<net id="2463"><net_src comp="2459" pin="1"/><net_sink comp="639" pin=12"/></net>

<net id="2464"><net_src comp="2459" pin="1"/><net_sink comp="1528" pin=0"/></net>

<net id="2468"><net_src comp="1394" pin="1"/><net_sink comp="2465" pin=0"/></net>

<net id="2469"><net_src comp="2465" pin="1"/><net_sink comp="1428" pin=3"/></net>

<net id="2473"><net_src comp="1412" pin="2"/><net_sink comp="2470" pin=0"/></net>

<net id="2474"><net_src comp="2470" pin="1"/><net_sink comp="1418" pin=0"/></net>

<net id="2478"><net_src comp="477" pin="3"/><net_sink comp="2475" pin=0"/></net>

<net id="2479"><net_src comp="2475" pin="1"/><net_sink comp="491" pin=0"/></net>

<net id="2483"><net_src comp="484" pin="3"/><net_sink comp="2480" pin=0"/></net>

<net id="2484"><net_src comp="2480" pin="1"/><net_sink comp="497" pin=0"/></net>

<net id="2488"><net_src comp="1437" pin="3"/><net_sink comp="2485" pin=0"/></net>

<net id="2489"><net_src comp="2485" pin="1"/><net_sink comp="666" pin=47"/></net>

<net id="2520"><net_src comp="666" pin="48"/><net_sink comp="2517" pin=0"/></net>

<net id="2521"><net_src comp="2517" pin="1"/><net_sink comp="491" pin=1"/></net>

<net id="2522"><net_src comp="2517" pin="1"/><net_sink comp="497" pin=1"/></net>

<net id="2523"><net_src comp="2517" pin="1"/><net_sink comp="717" pin=0"/></net>

<net id="2524"><net_src comp="2517" pin="1"/><net_sink comp="1480" pin=0"/></net>

<net id="2525"><net_src comp="2517" pin="1"/><net_sink comp="1521" pin=2"/></net>

<net id="2529"><net_src comp="1521" pin="3"/><net_sink comp="2526" pin=0"/></net>

<net id="2530"><net_src comp="2526" pin="1"/><net_sink comp="491" pin=1"/></net>

<net id="2531"><net_src comp="2526" pin="1"/><net_sink comp="497" pin=1"/></net>

<net id="2535"><net_src comp="1528" pin="2"/><net_sink comp="2532" pin=0"/></net>

<net id="2536"><net_src comp="2532" pin="1"/><net_sink comp="552" pin=2"/></net>

<net id="2540"><net_src comp="1539" pin="3"/><net_sink comp="2537" pin=0"/></net>

<net id="2541"><net_src comp="2537" pin="1"/><net_sink comp="529" pin=2"/></net>

</net_list>

</model> 
---------------- Datapath Model END ------------------

* FSMD analyzer results:
  - Output states:
	Port: mem_3_0 | {35 38 }
	Port: mem_3_1 | {35 38 }
	Port: conv2_weight | {}
	Port: conv2_bias | {}
 - Input state : 
	Port: conv2 : mem_2 | {6 7 }
	Port: conv2 : mem_3_0 | {7 8 }
	Port: conv2 : mem_3_1 | {7 8 }
	Port: conv2 : conv2_weight | {2 3 }
	Port: conv2 : conv2_bias | {3 4 }
  - Chain level:
	State 1
		store_ln144 : 1
	State 2
		icmp_ln144 : 1
		add_ln144 : 1
		br_ln144 : 2
		or_ln : 1
		call_ln30 : 2
	State 3
		conv2_bias_addr : 1
		conv2_bias_load : 2
	State 4
		zext_ln30 : 1
		zext_ln156 : 1
		sub_ln156 : 2
		sext_ln144 : 3
	State 5
		icmp_ln148 : 1
		add_ln148_2 : 1
		br_ln148 : 2
		add_ln148 : 1
		icmp_ln150 : 1
		select_ln148 : 2
		select_ln148_4 : 2
		zext_ln52 : 3
		mul_ln52 : 4
		cmp15_i_mid1 : 2
		cmp15_i63 : 1
		cmp28_i_mid1 : 2
		cmp28_i62 : 1
		select_ln148_6 : 3
		trunc_ln148 : 3
		xor_ln148 : 2
		icmp_ln152 : 1
		and_ln148 : 2
		add_ln150 : 3
		select_ln150_3 : 2
	State 6
		add_ln156 : 1
		trunc_ln156 : 2
		p_shl4 : 3
		trunc_ln156_1 : 2
		p_shl5 : 3
		sub_ln156_1 : 4
		trunc_ln152 : 1
		call_ln150 : 1
		lshr_ln : 1
		zext_ln156_7 : 2
		add_ln156_4 : 5
	State 7
		mem_3_0_addr : 1
		mem_3_1_addr : 1
		mem_3_0_load : 2
		mem_3_1_load : 2
	State 8
		tmp : 1
		prev_sum : 2
	State 9
		sum : 1
	State 10
	State 11
	State 12
	State 13
	State 14
	State 15
	State 16
	State 17
	State 18
	State 19
	State 20
	State 21
	State 22
	State 23
	State 24
	State 25
	State 26
	State 27
	State 28
	State 29
	State 30
	State 31
	State 32
	State 33
	State 34
	State 35
	State 36
	State 37
		tmp_11 : 1
		trunc_ln61 : 1
		icmp_ln61 : 2
		icmp_ln61_2 : 2
		or_ln61 : 3
		and_ln61 : 3
		select_ln61 : 3
	State 38
		select_ln150_4 : 1


============================================================
+ Verbose Summary: Datapath Resource usage 
============================================================

* Functional unit list:
|----------|-------------------------------------------------------------|---------|---------|---------|---------|
| Operation|                       Functional Unit                       |   DSP   |  Delay  |    FF   |   LUT   |
|----------|-------------------------------------------------------------|---------|---------|---------|---------|
|          | grp_conv2_Pipeline_Fil_load_ch_Fil_load_r_Fil_load_c_fu_560 |    0    |  1.588  |   1210  |   196   |
|   call   |      grp_conv2_Pipeline_loadWin1_VITIS_LOOP_50_1_fu_639     |    1    |  3.176  |   330   |    98   |
|          |                    grp_conv2D_4_s_fu_666                    |    45   |    0    |   4284  |   6579  |
|----------|-------------------------------------------------------------|---------|---------|---------|---------|
|          |                      icmp_ln144_fu_730                      |    0    |    0    |    0    |    8    |
|          |                      icmp_ln148_fu_1041                     |    0    |    0    |    0    |    12   |
|          |                      icmp_ln150_fu_1059                     |    0    |    0    |    0    |    11   |
|          |                     cmp15_i_mid1_fu_1091                    |    0    |    0    |    0    |    8    |
|   icmp   |                      cmp15_i63_fu_1097                      |    0    |    0    |    0    |    8    |
|          |                     cmp28_i_mid1_fu_1103                    |    0    |    0    |    0    |    8    |
|          |                      cmp28_i62_fu_1109                      |    0    |    0    |    0    |    8    |
|          |                      icmp_ln152_fu_1133                     |    0    |    0    |    0    |    9    |
|          |                      icmp_ln61_fu_1497                      |    0    |    0    |    0    |    11   |
|          |                     icmp_ln61_2_fu_1503                     |    0    |    0    |    0    |    15   |
|----------|-------------------------------------------------------------|---------|---------|---------|---------|
|          |                       add_ln144_fu_736                      |    0    |    0    |    0    |    11   |
|          |                     add_ln148_2_fu_1047                     |    0    |    0    |    0    |    12   |
|          |                      add_ln148_fu_1053                      |    0    |    0    |    0    |    11   |
|    add   |                      add_ln150_fu_1145                      |    0    |    0    |    0    |    13   |
|          |                      add_ln156_fu_1359                      |    0    |    0    |    0    |    14   |
|          |                     add_ln156_4_fu_1412                     |    0    |    0    |    0    |    11   |
|          |                      add_ln152_fu_1528                      |    0    |    0    |    0    |    13   |
|          |                     add_ln150_2_fu_1533                     |    0    |    0    |    0    |    13   |
|----------|-------------------------------------------------------------|---------|---------|---------|---------|
|          |                     select_ln148_fu_1065                    |    0    |    0    |    0    |    5    |
|          |                    select_ln148_4_fu_1073                   |    0    |    0    |    0    |    3    |
|          |                    select_ln148_6_fu_1115                   |    0    |    0    |    0    |    2    |
|          |                    select_ln150_3_fu_1151                   |    0    |    0    |    0    |    5    |
|  select  |                     select_ln150_fu_1347                    |    0    |    0    |    0    |    5    |
|          |                    select_ln148_5_fu_1423                   |    0    |    0    |    0    |    2    |
|          |                       prev_sum_fu_1437                      |    0    |    0    |    0    |    32   |
|          |                     select_ln61_fu_1521                     |    0    |    0    |    0    |    32   |
|          |                    select_ln150_4_fu_1539                   |    0    |    0    |    0    |    10   |
|----------|-------------------------------------------------------------|---------|---------|---------|---------|
|    sub   |                       sub_ln156_fu_923                      |    0    |    0    |    0    |    15   |
|          |                     sub_ln156_1_fu_1388                     |    0    |    0    |    0    |    11   |
|----------|-------------------------------------------------------------|---------|---------|---------|---------|
|    mul   |                       mul_ln52_fu_1085                      |    0    |    0    |    0    |    26   |
|----------|-------------------------------------------------------------|---------|---------|---------|---------|
|    mux   |                         tmp_fu_1428                         |    0    |    0    |    0    |    9    |
|----------|-------------------------------------------------------------|---------|---------|---------|---------|
|    and   |                      and_ln148_fu_1139                      |    0    |    0    |    0    |    2    |
|          |                       and_ln61_fu_1515                      |    0    |    0    |    0    |    2    |
|----------|-------------------------------------------------------------|---------|---------|---------|---------|
|    or    |                       or_ln150_fu_1343                      |    0    |    0    |    0    |    2    |
|          |                       or_ln61_fu_1509                       |    0    |    0    |    0    |    2    |
|----------|-------------------------------------------------------------|---------|---------|---------|---------|
|    xor   |                      xor_ln148_fu_1127                      |    0    |    0    |    0    |    2    |
|----------|-------------------------------------------------------------|---------|---------|---------|---------|
|   fcmp   |                          grp_fu_717                         |    0    |    0    |    0    |    0    |
|----------|-------------------------------------------------------------|---------|---------|---------|---------|
|          |                         or_ln_fu_886                        |    0    |    0    |    0    |    0    |
|          |                         tmp_s_fu_901                        |    0    |    0    |    0    |    0    |
|bitconcatenate|                        tmp_25_fu_912                        |    0    |    0    |    0    |    0    |
|          |                        p_shl4_fu_1368                       |    0    |    0    |    0    |    0    |
|          |                        p_shl5_fu_1380                       |    0    |    0    |    0    |    0    |
|----------|-------------------------------------------------------------|---------|---------|---------|---------|
|          |                      zext_ln144_fu_897                      |    0    |    0    |    0    |    0    |
|          |                       zext_ln30_fu_908                      |    0    |    0    |    0    |    0    |
|          |                      zext_ln156_fu_919                      |    0    |    0    |    0    |    0    |
|   zext   |                      zext_ln52_fu_1081                      |    0    |    0    |    0    |    0    |
|          |                     zext_ln156_6_fu_1356                    |    0    |    0    |    0    |    0    |
|          |                     zext_ln156_7_fu_1408                    |    0    |    0    |    0    |    0    |
|          |                     zext_ln156_8_fu_1418                    |    0    |    0    |    0    |    0    |
|----------|-------------------------------------------------------------|---------|---------|---------|---------|
|   sext   |                      sext_ln144_fu_929                      |    0    |    0    |    0    |    0    |
|----------|-------------------------------------------------------------|---------|---------|---------|---------|
|          |                     trunc_ln148_fu_1123                     |    0    |    0    |    0    |    0    |
|          |                     trunc_ln156_fu_1364                     |    0    |    0    |    0    |    0    |
|   trunc  |                    trunc_ln156_1_fu_1376                    |    0    |    0    |    0    |    0    |
|          |                     trunc_ln152_fu_1394                     |    0    |    0    |    0    |    0    |
|          |                      trunc_ln61_fu_1493                     |    0    |    0    |    0    |    0    |
|----------|-------------------------------------------------------------|---------|---------|---------|---------|
|partselect|                       lshr_ln_fu_1398                       |    0    |    0    |    0    |    0    |
|          |                        tmp_11_fu_1483                       |    0    |    0    |    0    |    0    |
|----------|-------------------------------------------------------------|---------|---------|---------|---------|
|   Total  |                                                             |    46   |  4.764  |   5824  |   7236  |
|----------|-------------------------------------------------------------|---------|---------|---------|---------|

Memories:
N/A

* Register list:
+------------------------------------+--------+
|                                    |   FF   |
+------------------------------------+--------+
|         add_ln144_reg_2135         |    3   |
|        add_ln148_2_reg_2379        |   12   |
|         add_ln152_reg_2532         |    5   |
|        add_ln156_4_reg_2470        |   11   |
|         and_ln148_reg_2420         |    1   |
|         cmp15_i63_reg_2406         |    1   |
|        cmp15_i_mid1_reg_2401       |    1   |
|      conv2_bias_addr_reg_2253      |    2   |
|      conv2_bias_load_reg_2371      |   32   |
|         icmp_ln150_reg_2384        |    1   |
|      indvar_flatten157_reg_525     |   10   |
|      indvar_flatten189_reg_503     |   12   |
|             kch_reg_514            |    3   |
|  kernel_i_0_0_0_promoted_reg_1721  |   32   |
|  kernel_i_0_0_1_promoted_reg_1715  |   32   |
|  kernel_i_0_0_2_promoted_reg_1727  |   32   |
|  kernel_i_0_1_0_promoted_reg_1703  |   32   |
|  kernel_i_0_1_1_promoted_reg_1697  |   32   |
|  kernel_i_0_1_2_promoted_reg_1709  |   32   |
|  kernel_i_0_2_0_promoted_reg_1739  |   32   |
|  kernel_i_0_2_1_promoted_reg_1733  |   32   |
|  kernel_i_0_2_2_promoted_reg_1745  |   32   |
|  kernel_i_1_0_0_promoted_reg_1667  |   32   |
|  kernel_i_1_0_1_promoted_reg_1661  |   32   |
|  kernel_i_1_0_2_promoted_reg_1673  |   32   |
|  kernel_i_1_1_0_promoted_reg_1649  |   32   |
|  kernel_i_1_1_1_promoted_reg_1643  |   32   |
|  kernel_i_1_1_2_promoted_reg_1655  |   32   |
|  kernel_i_1_2_0_promoted_reg_1685  |   32   |
|  kernel_i_1_2_1_promoted_reg_1679  |   32   |
|  kernel_i_1_2_2_promoted_reg_1691  |   32   |
|  kernel_i_2_0_0_promoted_reg_1613  |   32   |
|  kernel_i_2_0_1_promoted_reg_1607  |   32   |
|  kernel_i_2_0_2_promoted_reg_1619  |   32   |
|  kernel_i_2_1_0_promoted_reg_1595  |   32   |
|  kernel_i_2_1_1_promoted_reg_1589  |   32   |
|  kernel_i_2_1_2_promoted_reg_1601  |   32   |
|  kernel_i_2_2_0_promoted_reg_1631  |   32   |
|  kernel_i_2_2_1_promoted_reg_1625  |   32   |
|  kernel_i_2_2_2_promoted_reg_1637  |   32   |
|  kernel_i_3_0_0_promoted_reg_1775  |   32   |
|  kernel_i_3_0_1_promoted_reg_1769  |   32   |
|  kernel_i_3_0_2_promoted_reg_1781  |   32   |
|  kernel_i_3_1_0_promoted_reg_1757  |   32   |
|  kernel_i_3_1_1_promoted_reg_1751  |   32   |
|  kernel_i_3_1_2_promoted_reg_1763  |   32   |
|  kernel_i_3_2_0_promoted_reg_1793  |   32   |
|  kernel_i_3_2_1_promoted_reg_1787  |   32   |
|  kernel_i_3_2_2_promoted_reg_1799  |   32   |
|        mem_3_0_addr_reg_2475       |   11   |
|        mem_3_1_addr_reg_2480       |   11   |
|          mul_ln52_reg_2396         |    8   |
|            n_f_reg_1582            |    3   |
|             oh_reg_537             |    5   |
|           or_ln_reg_2248           |    8   |
|             ow_reg_548             |    5   |
|          p_loc100_reg_1961         |   32   |
|          p_loc101_reg_1955         |   32   |
|          p_loc102_reg_1949         |   32   |
|          p_loc103_reg_1943         |   32   |
|          p_loc104_reg_1937         |   32   |
|          p_loc105_reg_1931         |   32   |
|          p_loc106_reg_1925         |   32   |
|          p_loc107_reg_1919         |   32   |
|          p_loc108_reg_1913         |   32   |
|          p_loc145_reg_1907         |   32   |
|          p_loc146_reg_1901         |   32   |
|          p_loc147_reg_1895         |   32   |
|          p_loc148_reg_1889         |   32   |
|          p_loc149_reg_1883         |   32   |
|          p_loc150_reg_1877         |   32   |
|          p_loc151_reg_1871         |   32   |
|          p_loc152_reg_1865         |   32   |
|          p_loc153_reg_1859         |   32   |
|          p_loc74_reg_2117          |   32   |
|          p_loc75_reg_2111          |   32   |
|          p_loc76_reg_2105          |   32   |
|          p_loc77_reg_2099          |   32   |
|          p_loc78_reg_2093          |   32   |
|          p_loc79_reg_2087          |   32   |
|          p_loc80_reg_2081          |   32   |
|          p_loc81_reg_2075          |   32   |
|          p_loc82_reg_2069          |   32   |
|          p_loc83_reg_2063          |   32   |
|          p_loc84_reg_2057          |   32   |
|          p_loc85_reg_2051          |   32   |
|          p_loc86_reg_2045          |   32   |
|          p_loc87_reg_2039          |   32   |
|          p_loc88_reg_2033          |   32   |
|          p_loc89_reg_2027          |   32   |
|          p_loc90_reg_2021          |   32   |
|          p_loc91_reg_2015          |   32   |
|          p_loc92_reg_2009          |   32   |
|          p_loc93_reg_2003          |   32   |
|          p_loc94_reg_1997          |   32   |
|          p_loc95_reg_1991          |   32   |
|          p_loc96_reg_1985          |   32   |
|          p_loc97_reg_1979          |   32   |
|          p_loc98_reg_1973          |   32   |
|          p_loc99_reg_1967          |   32   |
|           p_loc_reg_2123           |   32   |
|          prev_sum_reg_2485         |   32   |
|       select_ln148_4_reg_2391      |    3   |
|       select_ln148_6_reg_2411      |    1   |
|       select_ln150_3_reg_2425      |    5   |
|       select_ln150_4_reg_2537      |   10   |
|        select_ln150_reg_2459       |    5   |
|        select_ln61_reg_2526        |   32   |
|         sext_ln144_reg_2258        |   10   |
|            sum_reg_2517            |   32   |
|        trunc_ln148_reg_2415        |    2   |
|        trunc_ln152_reg_2465        |    1   |
|window_i_0_0_promoted162227_reg_1829|   32   |
|window_i_0_1_promoted160223_reg_1823|   32   |
|window_i_0_2_promoted164231_reg_1835|   32   |
|window_i_1_0_promoted156215_reg_1811|   32   |
|window_i_1_1_promoted154211_reg_1805|   32   |
|window_i_1_2_promoted158219_reg_1817|   32   |
|window_i_2_0_promoted168239_reg_1847|   32   |
|window_i_2_1_promoted166235_reg_1841|   32   |
|window_i_2_2_promoted170243_reg_1853|   32   |
+------------------------------------+--------+
|                Total               |  3158  |
+------------------------------------+--------+

* Multiplexer (MUX) list: 
|-------------------------------------------------------------|------|------|------|--------||---------||---------|
|                             Comp                            |  Pin | Size |  BW  | S x BW ||  Delay  ||   LUT   |
|-------------------------------------------------------------|------|------|------|--------||---------||---------|
|                      grp_access_fu_471                      |  p0  |   2  |   2  |    4   ||    9    |
|                      grp_access_fu_491                      |  p0  |   2  |  11  |   22   ||    9    |
|                      grp_access_fu_491                      |  p1  |   2  |  32  |   64   ||    9    |
|                      grp_access_fu_497                      |  p0  |   2  |  11  |   22   ||    9    |
|                      grp_access_fu_497                      |  p1  |   2  |  32  |   64   ||    9    |
|                  indvar_flatten157_reg_525                  |  p0  |   2  |  10  |   20   ||    9    |
|                          ow_reg_548                         |  p0  |   2  |   5  |   10   ||    9    |
| grp_conv2_Pipeline_Fil_load_ch_Fil_load_r_Fil_load_c_fu_560 |  p37 |   2  |   8  |   16   ||    9    |
|      grp_conv2_Pipeline_loadWin1_VITIS_LOOP_50_1_fu_639     |  p12 |   2  |   5  |   10   ||    9    |
|-------------------------------------------------------------|------|------|------|--------||---------||---------|
|                            Total                            |      |      |      |   232  ||  14.292 ||    81   |
|-------------------------------------------------------------|------|------|------|--------||---------||---------|



* Summary:
+-----------+--------+--------+--------+--------+
|           |   DSP  |  Delay |   FF   |   LUT  |
+-----------+--------+--------+--------+--------+
|  Function |   46   |    4   |  5824  |  7236  |
|   Memory  |    -   |    -   |    -   |    -   |
|Multiplexer|    -   |   14   |    -   |   81   |
|  Register |    -   |    -   |  3158  |    -   |
+-----------+--------+--------+--------+--------+
|   Total   |   46   |   19   |  8982  |  7317  |
+-----------+--------+--------+--------+--------+
