

================================================================
== Vitis HLS Report for 'maxPool_4_10_5_s'
================================================================
* Date:           Thu Dec 25 15:19:39 2025

* Version:        2022.1 (Build 3526262 on Mon Apr 18 15:48:16 MDT 2022)
* Project:        Day_5_final_boss
* Solution:       sol5 (Vivado IP Flow Target)
* Product family: zynq
* Target device:  xc7z020-clg400-1


================================================================
== Performance Estimates
================================================================
+ Timing: 
    * Summary: 
    +--------+----------+----------+------------+
    |  Clock |  Target  | Estimated| Uncertainty|
    +--------+----------+----------+------------+
    |ap_clk  |  10.00 ns|  7.107 ns|     2.70 ns|
    +--------+----------+----------+------------+

+ Latency: 
    * Summary: 
    +---------+---------+----------+----------+-----+-----+---------+
    |  Latency (cycles) |  Latency (absolute) |  Interval | Pipeline|
    |   min   |   max   |    min   |    max   | min | max |   Type  |
    +---------+---------+----------+----------+-----+-----+---------+
    |      108|      108|  1.080 us|  1.080 us|  108|  108|       no|
    +---------+---------+----------+----------+-----+-----+---------+

    + Detail: 
        * Instance: 
        N/A

        * Loop: 
        +-------------------+---------+---------+----------+-----------+-----------+------+----------+
        |                   |  Latency (cycles) | Iteration|  Initiation Interval  | Trip |          |
        |     Loop Name     |   min   |   max   |  Latency |  achieved |   target  | Count| Pipelined|
        +-------------------+---------+---------+----------+-----------+-----------+------+----------+
        |- MP_ch_MP_r_MP_c  |      106|      106|         8|          1|          1|   100|       yes|
        +-------------------+---------+---------+----------+-----------+-----------+------+----------+



================================================================
== Utilization Estimates
================================================================
* Summary: 
+-----------------+---------+-----+--------+-------+-----+
|       Name      | BRAM_18K| DSP |   FF   |  LUT  | URAM|
+-----------------+---------+-----+--------+-------+-----+
|DSP              |        -|    -|       -|      -|    -|
|Expression       |        -|    -|       0|    529|    -|
|FIFO             |        -|    -|       -|      -|    -|
|Instance         |        -|    -|       -|      -|    -|
|Memory           |        -|    -|       -|      -|    -|
|Multiplexer      |        -|    -|       -|    108|    -|
|Register         |        -|    -|     559|     32|    -|
+-----------------+---------+-----+--------+-------+-----+
|Total            |        0|    0|     559|    669|    0|
+-----------------+---------+-----+--------+-------+-----+
|Available        |      280|  220|  106400|  53200|    0|
+-----------------+---------+-----+--------+-------+-----+
|Utilization (%)  |        0|    0|      ~0|      1|    0|
+-----------------+---------+-----+--------+-------+-----+

+ Detail: 
    * Instance: 
    +----------------------------------+-----------------------------+---------+----+---+----+-----+
    |             Instance             |            Module           | BRAM_18K| DSP| FF| LUT| URAM|
    +----------------------------------+-----------------------------+---------+----+---+----+-----+
    |fcmp_32ns_32ns_1_2_no_dsp_1_U387  |fcmp_32ns_32ns_1_2_no_dsp_1  |        0|   0|  0|   0|    0|
    |fcmp_32ns_32ns_1_2_no_dsp_1_U388  |fcmp_32ns_32ns_1_2_no_dsp_1  |        0|   0|  0|   0|    0|
    |fcmp_32ns_32ns_1_2_no_dsp_1_U389  |fcmp_32ns_32ns_1_2_no_dsp_1  |        0|   0|  0|   0|    0|
    +----------------------------------+-----------------------------+---------+----+---+----+-----+
    |Total                             |                             |        0|   0|  0|   0|    0|
    +----------------------------------+-----------------------------+---------+----+---+----+-----+

    * DSP: 
    N/A

    * Memory: 
    N/A

    * FIFO: 
    N/A

    * Expression: 
    +---------------------------+----------+----+---+----+------------+------------+
    |       Variable Name       | Operation| DSP| FF| LUT| Bitwidth P0| Bitwidth P1|
    +---------------------------+----------+----+---+----+------------+------------+
    |add_ln181_2_fu_230_p2      |         +|   0|  0|  14|           7|           1|
    |add_ln181_fu_245_p2        |         +|   0|  0|  11|           3|           1|
    |add_ln182_2_fu_437_p2      |         +|   0|  0|  14|           6|           1|
    |add_ln182_fu_339_p2        |         +|   0|  0|  13|           4|           2|
    |add_ln183_fu_431_p2        |         +|   0|  0|  13|           4|           2|
    |add_ln185_2_fu_365_p2      |         +|   0|  0|  14|           7|           7|
    |add_ln185_3_fu_506_p2      |         +|   0|  0|   8|           8|           8|
    |add_ln185_4_fu_565_p2      |         +|   0|  0|   8|           8|           8|
    |add_ln185_fu_305_p2        |         +|   0|  0|  14|           7|           7|
    |add_ln186_2_fu_522_p2      |         +|   0|  0|   8|           8|           8|
    |add_ln186_3_fu_577_p2      |         +|   0|  0|   8|           8|           8|
    |add_ln186_fu_393_p2        |         +|   0|  0|  14|           7|           7|
    |add_ln188_2_fu_531_p2      |         +|   0|  0|   7|           6|           6|
    |add_ln188_3_fu_553_p2      |         +|   0|  0|   7|           7|           7|
    |add_ln188_4_fu_589_p2      |         +|   0|  0|   7|           7|           7|
    |add_ln188_fu_490_p2        |         +|   0|  0|   7|           6|           6|
    |and_ln185_2_fu_671_p2      |       and|   0|  0|   2|           1|           1|
    |and_ln185_fu_665_p2        |       and|   0|  0|   2|           1|           1|
    |and_ln186_2_fu_759_p2      |       and|   0|  0|   2|           1|           1|
    |and_ln186_fu_753_p2        |       and|   0|  0|   2|           1|           1|
    |and_ln188_2_fu_847_p2      |       and|   0|  0|   2|           1|           1|
    |and_ln188_fu_841_p2        |       and|   0|  0|   2|           1|           1|
    |ap_block_pp0_stage0_00001  |       and|   0|  0|   2|           1|           1|
    |ap_condition_188           |       and|   0|  0|   2|           1|           1|
    |icmp_ln181_fu_224_p2       |      icmp|   0|  0|  10|           7|           6|
    |icmp_ln182_fu_251_p2       |      icmp|   0|  0|  10|           6|           5|
    |icmp_ln183_fu_327_p2       |      icmp|   0|  0|   9|           4|           4|
    |icmp_ln185_4_fu_635_p2     |      icmp|   0|  0|  15|          23|           1|
    |icmp_ln185_5_fu_647_p2     |      icmp|   0|  0|  11|           8|           2|
    |icmp_ln185_6_fu_653_p2     |      icmp|   0|  0|  15|          23|           1|
    |icmp_ln185_fu_629_p2       |      icmp|   0|  0|  11|           8|           2|
    |icmp_ln186_4_fu_723_p2     |      icmp|   0|  0|  15|          23|           1|
    |icmp_ln186_5_fu_735_p2     |      icmp|   0|  0|  11|           8|           2|
    |icmp_ln186_6_fu_741_p2     |      icmp|   0|  0|  15|          23|           1|
    |icmp_ln186_fu_717_p2       |      icmp|   0|  0|  11|           8|           2|
    |icmp_ln188_4_fu_811_p2     |      icmp|   0|  0|  15|          23|           1|
    |icmp_ln188_5_fu_823_p2     |      icmp|   0|  0|  11|           8|           2|
    |icmp_ln188_6_fu_829_p2     |      icmp|   0|  0|  15|          23|           1|
    |icmp_ln188_fu_805_p2       |      icmp|   0|  0|  11|           8|           2|
    |ap_block_pp0_stage0_11001  |        or|   0|  0|   2|           1|           1|
    |empty_fu_208_p2            |        or|   0|  0|   4|           4|           1|
    |or_ln181_fu_333_p2         |        or|   0|  0|   2|           1|           1|
    |or_ln185_2_fu_659_p2       |        or|   0|  0|   2|           1|           1|
    |or_ln185_fu_641_p2         |        or|   0|  0|   2|           1|           1|
    |or_ln186_2_fu_747_p2       |        or|   0|  0|   2|           1|           1|
    |or_ln186_fu_729_p2         |        or|   0|  0|   2|           1|           1|
    |or_ln188_2_fu_835_p2       |        or|   0|  0|   2|           1|           1|
    |or_ln188_fu_817_p2         |        or|   0|  0|   2|           1|           1|
    |p_mid1_fu_375_p2           |        or|   0|  0|   4|           1|           4|
    |max_0_fu_677_p3            |    select|   0|  0|  32|           1|          32|
    |max_1_fu_765_p3            |    select|   0|  0|  32|           1|          32|
    |select_ln181_5_fu_265_p3   |    select|   0|  0|   4|           1|           1|
    |select_ln181_6_fu_273_p3   |    select|   0|  0|   3|           1|           3|
    |select_ln181_7_fu_311_p3   |    select|   0|  0|   4|           1|           1|
    |select_ln181_8_fu_319_p3   |    select|   0|  0|   3|           1|           1|
    |select_ln181_fu_257_p3     |    select|   0|  0|   4|           1|           1|
    |select_ln182_5_fu_353_p3   |    select|   0|  0|   4|           1|           4|
    |select_ln182_6_fu_381_p3   |    select|   0|  0|   4|           1|           4|
    |select_ln182_7_fu_413_p3   |    select|   0|  0|   3|           1|           3|
    |select_ln182_8_fu_443_p3   |    select|   0|  0|   6|           1|           1|
    |select_ln182_fu_345_p3     |    select|   0|  0|   4|           1|           4|
    |select_ln188_fu_853_p3     |    select|   0|  0|  32|           1|          32|
    |ap_enable_pp0              |       xor|   0|  0|   2|           1|           2|
    +---------------------------+----------+----+---+----+------------+------------+
    |Total                      |          |   0|  0| 529|         341|         261|
    +---------------------------+----------+----+---+----+------------+------------+

    * Multiplexer: 
    +----------------------------------------+----+-----------+-----+-----------+
    |                  Name                  | LUT| Input Size| Bits| Total Bits|
    +----------------------------------------+----+-----------+-----+-----------+
    |ap_done_int                             |   9|          2|    1|          2|
    |ap_enable_reg_pp0_iter1                 |   9|          2|    1|          2|
    |ap_sig_allocacmp_indvar_flatten24_load  |   9|          2|    7|         14|
    |ap_sig_allocacmp_indvar_flatten_load    |   9|          2|    6|         12|
    |ap_sig_allocacmp_och_load               |   9|          2|    3|          6|
    |ap_sig_allocacmp_oh_2                   |   9|          2|    4|          8|
    |ap_sig_allocacmp_ow_load                |   9|          2|    4|          8|
    |indvar_flatten24_fu_98                  |   9|          2|    7|         14|
    |indvar_flatten_fu_90                    |   9|          2|    6|         12|
    |och_fu_94                               |   9|          2|    3|          6|
    |oh_fu_86                                |   9|          2|    4|          8|
    |ow_fu_82                                |   9|          2|    4|          8|
    +----------------------------------------+----+-----------+-----+-----------+
    |Total                                   | 108|         24|   50|        100|
    +----------------------------------------+----+-----------+-----+-----------+

    * Register: 
    +--------------------------------------+----+----+-----+-----------+
    |                 Name                 | FF | LUT| Bits| Const Bits|
    +--------------------------------------+----+----+-----+-----------+
    |add_ln185_2_reg_908                   |   7|   0|    7|          0|
    |add_ln186_reg_918                     |   6|   0|    7|          1|
    |add_ln188_4_reg_959                   |   7|   0|    7|          0|
    |ap_CS_fsm                             |   1|   0|    1|          0|
    |ap_done_reg                           |   1|   0|    1|          0|
    |ap_enable_reg_pp0_iter1               |   1|   0|    1|          0|
    |ap_enable_reg_pp0_iter2               |   1|   0|    1|          0|
    |ap_enable_reg_pp0_iter3               |   1|   0|    1|          0|
    |ap_enable_reg_pp0_iter4               |   1|   0|    1|          0|
    |ap_enable_reg_pp0_iter5               |   1|   0|    1|          0|
    |ap_enable_reg_pp0_iter6               |   1|   0|    1|          0|
    |ap_enable_reg_pp0_iter7               |   1|   0|    1|          0|
    |ap_loop_exit_ready_pp0_iter1_reg      |   1|   0|    1|          0|
    |ap_loop_exit_ready_pp0_iter2_reg      |   1|   0|    1|          0|
    |ap_loop_exit_ready_pp0_iter3_reg      |   1|   0|    1|          0|
    |ap_loop_exit_ready_pp0_iter4_reg      |   1|   0|    1|          0|
    |ap_loop_exit_ready_pp0_iter5_reg      |   1|   0|    1|          0|
    |ap_loop_exit_ready_pp0_iter6_reg      |   1|   0|    1|          0|
    |ifmap_0_load_2_reg_978                |  32|   0|   32|          0|
    |ifmap_0_load_2_reg_978_pp0_iter3_reg  |  32|   0|   32|          0|
    |ifmap_0_load_reg_964                  |  32|   0|   32|          0|
    |ifmap_0_load_reg_964_pp0_iter3_reg    |  32|   0|   32|          0|
    |ifmap_1_load_2_reg_985                |  32|   0|   32|          0|
    |ifmap_1_load_2_reg_985_pp0_iter3_reg  |  32|   0|   32|          0|
    |ifmap_1_load_reg_971                  |  32|   0|   32|          0|
    |ifmap_1_load_reg_971_pp0_iter3_reg    |  32|   0|   32|          0|
    |indvar_flatten24_fu_98                |   7|   0|    7|          0|
    |indvar_flatten_fu_90                  |   6|   0|    6|          0|
    |lshr_ln_reg_933                       |   3|   0|    3|          0|
    |max_0_reg_992                         |  32|   0|   32|          0|
    |max_0_reg_992_pp0_iter5_reg           |  32|   0|   32|          0|
    |max_1_reg_999                         |  32|   0|   32|          0|
    |max_1_reg_999_pp0_iter5_reg           |  32|   0|   32|          0|
    |och_fu_94                             |   3|   0|    3|          0|
    |oh_fu_86                              |   4|   0|    4|          0|
    |ow_fu_82                              |   4|   0|    4|          0|
    |select_ln181_6_reg_902                |   3|   0|    3|          0|
    |select_ln182_7_reg_928                |   3|   0|    3|          0|
    |select_ln188_reg_1006                 |  32|   0|   32|          0|
    |trunc_ln185_reg_913                   |   6|   0|    6|          0|
    |trunc_ln186_reg_923                   |   5|   0|    6|          1|
    |add_ln188_4_reg_959                   |  64|  32|    7|          0|
    +--------------------------------------+----+----+-----+-----------+
    |Total                                 | 559|  32|  504|          2|
    +--------------------------------------+----+----+-----+-----------+



================================================================
== Interface
================================================================
* Summary: 
+------------------+-----+-----+------------+-------------------+--------------+
|     RTL Ports    | Dir | Bits|  Protocol  |   Source Object   |    C Type    |
+------------------+-----+-----+------------+-------------------+--------------+
|ap_clk            |   in|    1|  ap_ctrl_hs|  maxPool<4, 10, 5>|  return value|
|ap_rst            |   in|    1|  ap_ctrl_hs|  maxPool<4, 10, 5>|  return value|
|ap_start          |   in|    1|  ap_ctrl_hs|  maxPool<4, 10, 5>|  return value|
|ap_done           |  out|    1|  ap_ctrl_hs|  maxPool<4, 10, 5>|  return value|
|ap_continue       |   in|    1|  ap_ctrl_hs|  maxPool<4, 10, 5>|  return value|
|ap_idle           |  out|    1|  ap_ctrl_hs|  maxPool<4, 10, 5>|  return value|
|ap_ready          |  out|    1|  ap_ctrl_hs|  maxPool<4, 10, 5>|  return value|
|ifmap_0_address0  |  out|    8|   ap_memory|            ifmap_0|         array|
|ifmap_0_ce0       |  out|    1|   ap_memory|            ifmap_0|         array|
|ifmap_0_q0        |   in|   32|   ap_memory|            ifmap_0|         array|
|ifmap_0_address1  |  out|    8|   ap_memory|            ifmap_0|         array|
|ifmap_0_ce1       |  out|    1|   ap_memory|            ifmap_0|         array|
|ifmap_0_q1        |   in|   32|   ap_memory|            ifmap_0|         array|
|ifmap_1_address0  |  out|    8|   ap_memory|            ifmap_1|         array|
|ifmap_1_ce0       |  out|    1|   ap_memory|            ifmap_1|         array|
|ifmap_1_q0        |   in|   32|   ap_memory|            ifmap_1|         array|
|ifmap_1_address1  |  out|    8|   ap_memory|            ifmap_1|         array|
|ifmap_1_ce1       |  out|    1|   ap_memory|            ifmap_1|         array|
|ifmap_1_q1        |   in|   32|   ap_memory|            ifmap_1|         array|
|ofmap_address0    |  out|    7|   ap_memory|              ofmap|         array|
|ofmap_ce0         |  out|    1|   ap_memory|              ofmap|         array|
|ofmap_we0         |  out|    1|   ap_memory|              ofmap|         array|
|ofmap_d0          |  out|   32|   ap_memory|              ofmap|         array|
+------------------+-----+-----+------------+-------------------+--------------+

============================================================
+ Verbose Summary: Synthesis Manager
============================================================
InlineROM: 1
ExposeGlobal: 0
============================================================
+ Verbose Summary: CDFG Model
============================================================
IsTopModel: 0
ResetActiveHigh: 1
IsCombinational: 2
IsDatapathOnly: 0
HasWiredReturn: 1
HasMFsm: 2
HasVarLatency: 1
IsPipeline: 0
IsRtlPipelined: 0
IsInstanceOverlapped: 0
IsDontTouch: 0
HasImplIP: 0
IsGatedGlobalClock: 0

+ Individual pipeline summary: 
  * Pipeline-0: initiation interval (II) = 1, depth = 8


============================================================
+ Verbose Summary: Schedule
============================================================
* Number of FSM states : 8
* Pipeline : 1
  Pipeline-0 : II = 1, D = 8, States = { 1 2 3 4 5 6 7 8 }
* Dataflow Pipeline: 0

* FSM state transitions: 
1 --> 2 
2 --> 3 
3 --> 4 
4 --> 5 
5 --> 6 
6 --> 7 
7 --> 8 
8 --> 

* FSM state operations: 

State 1 <SV = 0> <Delay = 7.07>
ST_1 : Operation 11 [1/1] (0.00ns)   --->   "%ow = alloca i32 1"   --->   Operation 11 'alloca' 'ow' <Predicate = true> <Delay = 0.00>
ST_1 : Operation 12 [1/1] (0.00ns)   --->   "%oh = alloca i32 1"   --->   Operation 12 'alloca' 'oh' <Predicate = true> <Delay = 0.00>
ST_1 : Operation 13 [1/1] (0.00ns)   --->   "%indvar_flatten = alloca i32 1"   --->   Operation 13 'alloca' 'indvar_flatten' <Predicate = true> <Delay = 0.00>
ST_1 : Operation 14 [1/1] (0.00ns)   --->   "%och = alloca i32 1"   --->   Operation 14 'alloca' 'och' <Predicate = true> <Delay = 0.00>
ST_1 : Operation 15 [1/1] (0.00ns)   --->   "%indvar_flatten24 = alloca i32 1"   --->   Operation 15 'alloca' 'indvar_flatten24' <Predicate = true> <Delay = 0.00>
ST_1 : Operation 16 [1/1] (1.58ns)   --->   "%store_ln181 = store i7 0, i7 %indvar_flatten24" [codes_lab5/HLS_sources_final/templatedFuncs.h:181]   --->   Operation 16 'store' 'store_ln181' <Predicate = true> <Delay = 1.58>
ST_1 : Operation 17 [1/1] (1.58ns)   --->   "%store_ln181 = store i3 0, i3 %och" [codes_lab5/HLS_sources_final/templatedFuncs.h:181]   --->   Operation 17 'store' 'store_ln181' <Predicate = true> <Delay = 1.58>
ST_1 : Operation 18 [1/1] (1.58ns)   --->   "%store_ln181 = store i6 0, i6 %indvar_flatten" [codes_lab5/HLS_sources_final/templatedFuncs.h:181]   --->   Operation 18 'store' 'store_ln181' <Predicate = true> <Delay = 1.58>
ST_1 : Operation 19 [1/1] (1.58ns)   --->   "%store_ln181 = store i4 0, i4 %oh" [codes_lab5/HLS_sources_final/templatedFuncs.h:181]   --->   Operation 19 'store' 'store_ln181' <Predicate = true> <Delay = 1.58>
ST_1 : Operation 20 [1/1] (1.58ns)   --->   "%store_ln181 = store i4 0, i4 %ow" [codes_lab5/HLS_sources_final/templatedFuncs.h:181]   --->   Operation 20 'store' 'store_ln181' <Predicate = true> <Delay = 1.58>
ST_1 : Operation 21 [1/1] (0.00ns)   --->   "%br_ln181 = br void %for.body8" [codes_lab5/HLS_sources_final/templatedFuncs.h:181]   --->   Operation 21 'br' 'br_ln181' <Predicate = true> <Delay = 0.00>
ST_1 : Operation 22 [1/1] (0.00ns)   --->   "%oh_2 = load i4 %oh"   --->   Operation 22 'load' 'oh_2' <Predicate = true> <Delay = 0.00>
ST_1 : Operation 23 [1/1] (0.00ns)   --->   "%indvar_flatten24_load = load i7 %indvar_flatten24" [codes_lab5/HLS_sources_final/templatedFuncs.h:181]   --->   Operation 23 'load' 'indvar_flatten24_load' <Predicate = true> <Delay = 0.00>
ST_1 : Operation 24 [1/1] (0.00ns)   --->   "%empty = or i4 %oh_2, i4 1"   --->   Operation 24 'or' 'empty' <Predicate = true> <Delay = 0.00>
ST_1 : Operation 25 [1/1] (0.00ns)   --->   "%tmp_13 = partselect i3 @_ssdm_op_PartSelect.i3.i4.i32.i32, i4 %oh_2, i32 1, i32 3"   --->   Operation 25 'partselect' 'tmp_13' <Predicate = true> <Delay = 0.00>
ST_1 : Operation 26 [1/1] (1.48ns)   --->   "%icmp_ln181 = icmp_eq  i7 %indvar_flatten24_load, i7 100" [codes_lab5/HLS_sources_final/templatedFuncs.h:181]   --->   Operation 26 'icmp' 'icmp_ln181' <Predicate = true> <Delay = 1.48> <CoreInst = "Cmp">   --->   Core 9 'Cmp' <Latency = 0> <II = 1> <Delay = 1.48> <FuncUnit> <Opcode : 'icmp'> <InPorts = 2> <OutPorts = 1>
ST_1 : Operation 27 [1/1] (1.87ns)   --->   "%add_ln181_2 = add i7 %indvar_flatten24_load, i7 1" [codes_lab5/HLS_sources_final/templatedFuncs.h:181]   --->   Operation 27 'add' 'add_ln181_2' <Predicate = true> <Delay = 1.87> <CoreInst = "Adder">   --->   Core 1 'Adder' <Latency = 0> <II = 1> <Delay = 1.87> <FuncUnit> <Opcode : 'add' 'sub'> <InPorts = 2> <OutPorts = 1>
ST_1 : Operation 28 [1/1] (0.00ns)   --->   "%br_ln181 = br i1 %icmp_ln181, void %for.inc102, void %for.end103" [codes_lab5/HLS_sources_final/templatedFuncs.h:181]   --->   Operation 28 'br' 'br_ln181' <Predicate = true> <Delay = 0.00>
ST_1 : Operation 29 [1/1] (0.00ns)   --->   "%ow_load = load i4 %ow" [codes_lab5/HLS_sources_final/templatedFuncs.h:183]   --->   Operation 29 'load' 'ow_load' <Predicate = (!icmp_ln181)> <Delay = 0.00>
ST_1 : Operation 30 [1/1] (0.00ns)   --->   "%indvar_flatten_load = load i6 %indvar_flatten" [codes_lab5/HLS_sources_final/templatedFuncs.h:182]   --->   Operation 30 'load' 'indvar_flatten_load' <Predicate = (!icmp_ln181)> <Delay = 0.00>
ST_1 : Operation 31 [1/1] (0.00ns)   --->   "%och_load = load i3 %och" [codes_lab5/HLS_sources_final/templatedFuncs.h:181]   --->   Operation 31 'load' 'och_load' <Predicate = (!icmp_ln181)> <Delay = 0.00>
ST_1 : Operation 32 [1/1] (1.65ns)   --->   "%add_ln181 = add i3 %och_load, i3 1" [codes_lab5/HLS_sources_final/templatedFuncs.h:181]   --->   Operation 32 'add' 'add_ln181' <Predicate = (!icmp_ln181)> <Delay = 1.65> <CoreInst = "Adder">   --->   Core 1 'Adder' <Latency = 0> <II = 1> <Delay = 1.65> <FuncUnit> <Opcode : 'add' 'sub'> <InPorts = 2> <OutPorts = 1>
ST_1 : Operation 33 [1/1] (1.42ns)   --->   "%icmp_ln182 = icmp_eq  i6 %indvar_flatten_load, i6 25" [codes_lab5/HLS_sources_final/templatedFuncs.h:182]   --->   Operation 33 'icmp' 'icmp_ln182' <Predicate = (!icmp_ln181)> <Delay = 1.42> <CoreInst = "Cmp">   --->   Core 9 'Cmp' <Latency = 0> <II = 1> <Delay = 1.42> <FuncUnit> <Opcode : 'icmp'> <InPorts = 2> <OutPorts = 1>
ST_1 : Operation 34 [1/1] (1.02ns)   --->   "%select_ln181 = select i1 %icmp_ln182, i4 0, i4 %oh_2" [codes_lab5/HLS_sources_final/templatedFuncs.h:181]   --->   Operation 34 'select' 'select_ln181' <Predicate = (!icmp_ln181)> <Delay = 1.02> <CoreInst = "Sel">   --->   Core 73 'Sel' <Latency = 0> <II = 1> <Delay = 1.02> <FuncUnit> <Opcode : 'select'> <InPorts = 3> <OutPorts = 1>
ST_1 : Operation 35 [1/1] (0.00ns) (grouped into LUT with out node select_ln182)   --->   "%select_ln181_5 = select i1 %icmp_ln182, i4 0, i4 %ow_load" [codes_lab5/HLS_sources_final/templatedFuncs.h:181]   --->   Operation 35 'select' 'select_ln181_5' <Predicate = (!icmp_ln181)> <Delay = 0.00> <CoreInst = "Sel">   --->   Core 73 'Sel' <Latency = 0> <II = 1> <Delay = 1.02> <FuncUnit> <Opcode : 'select'> <InPorts = 3> <OutPorts = 1>
ST_1 : Operation 36 [1/1] (0.98ns)   --->   "%select_ln181_6 = select i1 %icmp_ln182, i3 %add_ln181, i3 %och_load" [codes_lab5/HLS_sources_final/templatedFuncs.h:181]   --->   Operation 36 'select' 'select_ln181_6' <Predicate = (!icmp_ln181)> <Delay = 0.98> <CoreInst = "Sel">   --->   Core 73 'Sel' <Latency = 0> <II = 1> <Delay = 0.98> <FuncUnit> <Opcode : 'select'> <InPorts = 3> <OutPorts = 1>
ST_1 : Operation 37 [1/1] (0.00ns)   --->   "%tmp_14 = bitconcatenate i6 @_ssdm_op_BitConcatenate.i6.i3.i3, i3 %select_ln181_6, i3 0" [codes_lab5/HLS_sources_final/templatedFuncs.h:185]   --->   Operation 37 'bitconcatenate' 'tmp_14' <Predicate = (!icmp_ln181)> <Delay = 0.00>
ST_1 : Operation 38 [1/1] (0.00ns)   --->   "%zext_ln185_6 = zext i6 %tmp_14" [codes_lab5/HLS_sources_final/templatedFuncs.h:185]   --->   Operation 38 'zext' 'zext_ln185_6' <Predicate = (!icmp_ln181)> <Delay = 0.00>
ST_1 : Operation 39 [1/1] (0.00ns)   --->   "%tmp_15 = bitconcatenate i4 @_ssdm_op_BitConcatenate.i4.i3.i1, i3 %select_ln181_6, i1 0" [codes_lab5/HLS_sources_final/templatedFuncs.h:185]   --->   Operation 39 'bitconcatenate' 'tmp_15' <Predicate = (!icmp_ln181)> <Delay = 0.00>
ST_1 : Operation 40 [1/1] (0.00ns)   --->   "%zext_ln185_7 = zext i4 %tmp_15" [codes_lab5/HLS_sources_final/templatedFuncs.h:185]   --->   Operation 40 'zext' 'zext_ln185_7' <Predicate = (!icmp_ln181)> <Delay = 0.00>
ST_1 : Operation 41 [1/1] (1.82ns)   --->   "%add_ln185 = add i7 %zext_ln185_6, i7 %zext_ln185_7" [codes_lab5/HLS_sources_final/templatedFuncs.h:185]   --->   Operation 41 'add' 'add_ln185' <Predicate = (!icmp_ln181)> <Delay = 1.82> <CoreInst = "Adder">   --->   Core 1 'Adder' <Latency = 0> <II = 1> <Delay = 1.87> <FuncUnit> <Opcode : 'add' 'sub'> <InPorts = 2> <OutPorts = 1>
ST_1 : Operation 42 [1/1] (0.00ns) (grouped into LUT with out node add_ln186)   --->   "%select_ln181_7 = select i1 %icmp_ln182, i4 1, i4 %empty" [codes_lab5/HLS_sources_final/templatedFuncs.h:181]   --->   Operation 42 'select' 'select_ln181_7' <Predicate = (!icmp_ln181)> <Delay = 0.00> <CoreInst = "Sel">   --->   Core 73 'Sel' <Latency = 0> <II = 1> <Delay = 1.02> <FuncUnit> <Opcode : 'select'> <InPorts = 3> <OutPorts = 1>
ST_1 : Operation 43 [1/1] (0.00ns) (grouped into LUT with out node select_ln182_7)   --->   "%select_ln181_8 = select i1 %icmp_ln182, i3 0, i3 %tmp_13" [codes_lab5/HLS_sources_final/templatedFuncs.h:181]   --->   Operation 43 'select' 'select_ln181_8' <Predicate = (!icmp_ln181)> <Delay = 0.00> <CoreInst = "Sel">   --->   Core 73 'Sel' <Latency = 0> <II = 1> <Delay = 0.98> <FuncUnit> <Opcode : 'select'> <InPorts = 3> <OutPorts = 1>
ST_1 : Operation 44 [1/1] (1.30ns)   --->   "%icmp_ln183 = icmp_ult  i4 %ow_load, i4 10" [codes_lab5/HLS_sources_final/templatedFuncs.h:183]   --->   Operation 44 'icmp' 'icmp_ln183' <Predicate = (!icmp_ln181)> <Delay = 1.30> <CoreInst = "Cmp">   --->   Core 9 'Cmp' <Latency = 0> <II = 1> <Delay = 1.30> <FuncUnit> <Opcode : 'icmp'> <InPorts = 2> <OutPorts = 1>
ST_1 : Operation 45 [1/1] (0.97ns)   --->   "%or_ln181 = or i1 %icmp_ln182, i1 %icmp_ln183" [codes_lab5/HLS_sources_final/templatedFuncs.h:181]   --->   Operation 45 'or' 'or_ln181' <Predicate = (!icmp_ln181)> <Delay = 0.97> <CoreInst = "LogicGate">   --->   Core 74 'LogicGate' <Latency = 0> <II = 1> <Delay = 0.97> <FuncUnit> <Opcode : 'and' 'or' 'xor'> <InPorts = 2> <OutPorts = 1>
ST_1 : Operation 46 [1/1] (1.73ns)   --->   "%add_ln182 = add i4 %select_ln181, i4 2" [codes_lab5/HLS_sources_final/templatedFuncs.h:182]   --->   Operation 46 'add' 'add_ln182' <Predicate = (!icmp_ln181)> <Delay = 1.73> <CoreInst = "Adder">   --->   Core 1 'Adder' <Latency = 0> <II = 1> <Delay = 1.73> <FuncUnit> <Opcode : 'add' 'sub'> <InPorts = 2> <OutPorts = 1>
ST_1 : Operation 47 [1/1] (1.02ns) (out node of the LUT)   --->   "%select_ln182 = select i1 %or_ln181, i4 %select_ln181_5, i4 0" [codes_lab5/HLS_sources_final/templatedFuncs.h:182]   --->   Operation 47 'select' 'select_ln182' <Predicate = (!icmp_ln181)> <Delay = 1.02> <CoreInst = "Sel">   --->   Core 73 'Sel' <Latency = 0> <II = 1> <Delay = 1.02> <FuncUnit> <Opcode : 'select'> <InPorts = 3> <OutPorts = 1>
ST_1 : Operation 48 [1/1] (1.02ns)   --->   "%select_ln182_5 = select i1 %or_ln181, i4 %select_ln181, i4 %add_ln182" [codes_lab5/HLS_sources_final/templatedFuncs.h:182]   --->   Operation 48 'select' 'select_ln182_5' <Predicate = (!icmp_ln181)> <Delay = 1.02> <CoreInst = "Sel">   --->   Core 73 'Sel' <Latency = 0> <II = 1> <Delay = 1.02> <FuncUnit> <Opcode : 'select'> <InPorts = 3> <OutPorts = 1>
ST_1 : Operation 49 [1/1] (0.00ns)   --->   "%zext_ln185_8 = zext i4 %select_ln182_5" [codes_lab5/HLS_sources_final/templatedFuncs.h:185]   --->   Operation 49 'zext' 'zext_ln185_8' <Predicate = (!icmp_ln181)> <Delay = 0.00>
ST_1 : Operation 50 [1/1] (1.87ns)   --->   "%add_ln185_2 = add i7 %add_ln185, i7 %zext_ln185_8" [codes_lab5/HLS_sources_final/templatedFuncs.h:185]   --->   Operation 50 'add' 'add_ln185_2' <Predicate = (!icmp_ln181)> <Delay = 1.87> <CoreInst = "Adder">   --->   Core 1 'Adder' <Latency = 0> <II = 1> <Delay = 1.87> <FuncUnit> <Opcode : 'add' 'sub'> <InPorts = 2> <OutPorts = 1>
ST_1 : Operation 51 [1/1] (0.00ns)   --->   "%trunc_ln185 = trunc i7 %add_ln185_2" [codes_lab5/HLS_sources_final/templatedFuncs.h:185]   --->   Operation 51 'trunc' 'trunc_ln185' <Predicate = (!icmp_ln181)> <Delay = 0.00>
ST_1 : Operation 52 [1/1] (0.00ns) (grouped into LUT with out node add_ln186)   --->   "%p_mid1 = or i4 %add_ln182, i4 1" [codes_lab5/HLS_sources_final/templatedFuncs.h:182]   --->   Operation 52 'or' 'p_mid1' <Predicate = (!icmp_ln181)> <Delay = 0.00>
ST_1 : Operation 53 [1/1] (0.00ns) (grouped into LUT with out node add_ln186)   --->   "%select_ln182_6 = select i1 %or_ln181, i4 %select_ln181_7, i4 %p_mid1" [codes_lab5/HLS_sources_final/templatedFuncs.h:182]   --->   Operation 53 'select' 'select_ln182_6' <Predicate = (!icmp_ln181)> <Delay = 0.00> <CoreInst = "Sel">   --->   Core 73 'Sel' <Latency = 0> <II = 1> <Delay = 1.02> <FuncUnit> <Opcode : 'select'> <InPorts = 3> <OutPorts = 1>
ST_1 : Operation 54 [1/1] (0.00ns) (grouped into LUT with out node add_ln186)   --->   "%zext_ln186 = zext i4 %select_ln182_6" [codes_lab5/HLS_sources_final/templatedFuncs.h:186]   --->   Operation 54 'zext' 'zext_ln186' <Predicate = (!icmp_ln181)> <Delay = 0.00>
ST_1 : Operation 55 [1/1] (1.87ns) (out node of the LUT)   --->   "%add_ln186 = add i7 %add_ln185, i7 %zext_ln186" [codes_lab5/HLS_sources_final/templatedFuncs.h:186]   --->   Operation 55 'add' 'add_ln186' <Predicate = (!icmp_ln181)> <Delay = 1.87> <CoreInst = "Adder">   --->   Core 1 'Adder' <Latency = 0> <II = 1> <Delay = 1.87> <FuncUnit> <Opcode : 'add' 'sub'> <InPorts = 2> <OutPorts = 1>
ST_1 : Operation 56 [1/1] (0.00ns)   --->   "%trunc_ln186 = trunc i7 %add_ln186" [codes_lab5/HLS_sources_final/templatedFuncs.h:186]   --->   Operation 56 'trunc' 'trunc_ln186' <Predicate = (!icmp_ln181)> <Delay = 0.00>
ST_1 : Operation 57 [1/1] (0.00ns) (grouped into LUT with out node select_ln182_7)   --->   "%p_mid = partselect i3 @_ssdm_op_PartSelect.i3.i4.i32.i32, i4 %add_ln182, i32 1, i32 3" [codes_lab5/HLS_sources_final/templatedFuncs.h:182]   --->   Operation 57 'partselect' 'p_mid' <Predicate = (!icmp_ln181)> <Delay = 0.00>
ST_1 : Operation 58 [1/1] (0.98ns) (out node of the LUT)   --->   "%select_ln182_7 = select i1 %or_ln181, i3 %select_ln181_8, i3 %p_mid" [codes_lab5/HLS_sources_final/templatedFuncs.h:182]   --->   Operation 58 'select' 'select_ln182_7' <Predicate = (!icmp_ln181)> <Delay = 0.98> <CoreInst = "Sel">   --->   Core 73 'Sel' <Latency = 0> <II = 1> <Delay = 0.98> <FuncUnit> <Opcode : 'select'> <InPorts = 3> <OutPorts = 1>
ST_1 : Operation 59 [1/1] (0.00ns)   --->   "%lshr_ln = partselect i3 @_ssdm_op_PartSelect.i3.i4.i32.i32, i4 %select_ln182, i32 1, i32 3" [codes_lab5/HLS_sources_final/templatedFuncs.h:185]   --->   Operation 59 'partselect' 'lshr_ln' <Predicate = (!icmp_ln181)> <Delay = 0.00>
ST_1 : Operation 60 [1/1] (1.73ns)   --->   "%add_ln183 = add i4 %select_ln182, i4 2" [codes_lab5/HLS_sources_final/templatedFuncs.h:183]   --->   Operation 60 'add' 'add_ln183' <Predicate = (!icmp_ln181)> <Delay = 1.73> <CoreInst = "Adder">   --->   Core 1 'Adder' <Latency = 0> <II = 1> <Delay = 1.73> <FuncUnit> <Opcode : 'add' 'sub'> <InPorts = 2> <OutPorts = 1>
ST_1 : Operation 61 [1/1] (1.82ns)   --->   "%add_ln182_2 = add i6 %indvar_flatten_load, i6 1" [codes_lab5/HLS_sources_final/templatedFuncs.h:182]   --->   Operation 61 'add' 'add_ln182_2' <Predicate = (!icmp_ln181)> <Delay = 1.82> <CoreInst = "Adder">   --->   Core 1 'Adder' <Latency = 0> <II = 1> <Delay = 1.82> <FuncUnit> <Opcode : 'add' 'sub'> <InPorts = 2> <OutPorts = 1>
ST_1 : Operation 62 [1/1] (1.18ns)   --->   "%select_ln182_8 = select i1 %icmp_ln182, i6 1, i6 %add_ln182_2" [codes_lab5/HLS_sources_final/templatedFuncs.h:182]   --->   Operation 62 'select' 'select_ln182_8' <Predicate = (!icmp_ln181)> <Delay = 1.18> <CoreInst = "Sel">   --->   Core 73 'Sel' <Latency = 0> <II = 1> <Delay = 1.18> <FuncUnit> <Opcode : 'select'> <InPorts = 3> <OutPorts = 1>
ST_1 : Operation 63 [1/1] (1.58ns)   --->   "%store_ln183 = store i7 %add_ln181_2, i7 %indvar_flatten24" [codes_lab5/HLS_sources_final/templatedFuncs.h:183]   --->   Operation 63 'store' 'store_ln183' <Predicate = (!icmp_ln181)> <Delay = 1.58>
ST_1 : Operation 64 [1/1] (1.58ns)   --->   "%store_ln183 = store i3 %select_ln181_6, i3 %och" [codes_lab5/HLS_sources_final/templatedFuncs.h:183]   --->   Operation 64 'store' 'store_ln183' <Predicate = (!icmp_ln181)> <Delay = 1.58>
ST_1 : Operation 65 [1/1] (1.58ns)   --->   "%store_ln183 = store i6 %select_ln182_8, i6 %indvar_flatten" [codes_lab5/HLS_sources_final/templatedFuncs.h:183]   --->   Operation 65 'store' 'store_ln183' <Predicate = (!icmp_ln181)> <Delay = 1.58>
ST_1 : Operation 66 [1/1] (1.58ns)   --->   "%store_ln183 = store i4 %select_ln182_5, i4 %oh" [codes_lab5/HLS_sources_final/templatedFuncs.h:183]   --->   Operation 66 'store' 'store_ln183' <Predicate = (!icmp_ln181)> <Delay = 1.58>
ST_1 : Operation 67 [1/1] (1.58ns)   --->   "%store_ln183 = store i4 %add_ln183, i4 %ow" [codes_lab5/HLS_sources_final/templatedFuncs.h:183]   --->   Operation 67 'store' 'store_ln183' <Predicate = (!icmp_ln181)> <Delay = 1.58>

State 2 <SV = 1> <Delay = 7.07>
ST_2 : Operation 68 [1/1] (0.00ns)   --->   "%zext_ln185 = zext i3 %select_ln181_6" [codes_lab5/HLS_sources_final/templatedFuncs.h:185]   --->   Operation 68 'zext' 'zext_ln185' <Predicate = true> <Delay = 0.00>
ST_2 : Operation 69 [1/1] (0.00ns)   --->   "%tmp_16 = bitconcatenate i5 @_ssdm_op_BitConcatenate.i5.i3.i2, i3 %select_ln181_6, i2 0" [codes_lab5/HLS_sources_final/templatedFuncs.h:188]   --->   Operation 69 'bitconcatenate' 'tmp_16' <Predicate = true> <Delay = 0.00>
ST_2 : Operation 70 [1/1] (0.00ns)   --->   "%zext_ln188 = zext i5 %tmp_16" [codes_lab5/HLS_sources_final/templatedFuncs.h:188]   --->   Operation 70 'zext' 'zext_ln188' <Predicate = true> <Delay = 0.00>
ST_2 : Operation 71 [1/1] (0.00ns) (grouped into TernaryAdder)   --->   "%add_ln188 = add i6 %zext_ln188, i6 %zext_ln185" [codes_lab5/HLS_sources_final/templatedFuncs.h:188]   --->   Operation 71 'add' 'add_ln188' <Predicate = true> <Delay = 0.00> <CoreInst = "TAddSub">   --->   Core 10 'TAddSub' <Latency = 0> <II = 1> <Delay = 1.74> <IPBlock> <Opcode : 'add' 'sub'> <InPorts = 3> <OutPorts = 1> <Sync> <CReg>
ST_2 : Operation 72 [1/1] (0.00ns)   --->   "%zext_ln185_9 = zext i7 %add_ln185_2" [codes_lab5/HLS_sources_final/templatedFuncs.h:185]   --->   Operation 72 'zext' 'zext_ln185_9' <Predicate = true> <Delay = 0.00>
ST_2 : Operation 73 [1/1] (0.00ns)   --->   "%p_shl2 = bitconcatenate i8 @_ssdm_op_BitConcatenate.i8.i6.i2, i6 %trunc_ln185, i2 0" [codes_lab5/HLS_sources_final/templatedFuncs.h:185]   --->   Operation 73 'bitconcatenate' 'p_shl2' <Predicate = true> <Delay = 0.00>
ST_2 : Operation 74 [1/1] (0.00ns) (grouped into TernaryAdder)   --->   "%add_ln185_3 = add i8 %p_shl2, i8 %zext_ln185_9" [codes_lab5/HLS_sources_final/templatedFuncs.h:185]   --->   Operation 74 'add' 'add_ln185_3' <Predicate = true> <Delay = 0.00> <CoreInst = "TAddSub">   --->   Core 10 'TAddSub' <Latency = 0> <II = 1> <Delay = 1.74> <IPBlock> <Opcode : 'add' 'sub'> <InPorts = 3> <OutPorts = 1> <Sync> <CReg>
ST_2 : Operation 75 [1/1] (0.00ns)   --->   "%zext_ln186_2 = zext i7 %add_ln186" [codes_lab5/HLS_sources_final/templatedFuncs.h:186]   --->   Operation 75 'zext' 'zext_ln186_2' <Predicate = true> <Delay = 0.00>
ST_2 : Operation 76 [1/1] (0.00ns)   --->   "%p_shl1 = bitconcatenate i8 @_ssdm_op_BitConcatenate.i8.i6.i2, i6 %trunc_ln186, i2 0" [codes_lab5/HLS_sources_final/templatedFuncs.h:186]   --->   Operation 76 'bitconcatenate' 'p_shl1' <Predicate = true> <Delay = 0.00>
ST_2 : Operation 77 [1/1] (0.00ns) (grouped into TernaryAdder)   --->   "%add_ln186_2 = add i8 %p_shl1, i8 %zext_ln186_2" [codes_lab5/HLS_sources_final/templatedFuncs.h:186]   --->   Operation 77 'add' 'add_ln186_2' <Predicate = true> <Delay = 0.00> <CoreInst = "TAddSub">   --->   Core 10 'TAddSub' <Latency = 0> <II = 1> <Delay = 1.74> <IPBlock> <Opcode : 'add' 'sub'> <InPorts = 3> <OutPorts = 1> <Sync> <CReg>
ST_2 : Operation 78 [1/1] (0.00ns)   --->   "%zext_ln188_4 = zext i3 %select_ln182_7" [codes_lab5/HLS_sources_final/templatedFuncs.h:188]   --->   Operation 78 'zext' 'zext_ln188_4' <Predicate = true> <Delay = 0.00>
ST_2 : Operation 79 [1/1] (3.49ns) (root node of TernaryAdder)   --->   "%add_ln188_2 = add i6 %add_ln188, i6 %zext_ln188_4" [codes_lab5/HLS_sources_final/templatedFuncs.h:188]   --->   Operation 79 'add' 'add_ln188_2' <Predicate = true> <Delay = 3.49> <CoreInst = "TAddSub">   --->   Core 10 'TAddSub' <Latency = 0> <II = 1> <Delay = 1.74> <IPBlock> <Opcode : 'add' 'sub'> <InPorts = 3> <OutPorts = 1> <Sync> <CReg>
ST_2 : Operation 80 [1/1] (0.00ns)   --->   "%zext_ln188_5 = zext i6 %add_ln188_2" [codes_lab5/HLS_sources_final/templatedFuncs.h:188]   --->   Operation 80 'zext' 'zext_ln188_5' <Predicate = true> <Delay = 0.00>
ST_2 : Operation 81 [1/1] (0.00ns)   --->   "%trunc_ln188 = trunc i6 %add_ln188_2" [codes_lab5/HLS_sources_final/templatedFuncs.h:188]   --->   Operation 81 'trunc' 'trunc_ln188' <Predicate = true> <Delay = 0.00>
ST_2 : Operation 82 [1/1] (0.00ns)   --->   "%p_shl = bitconcatenate i7 @_ssdm_op_BitConcatenate.i7.i5.i2, i5 %trunc_ln188, i2 0" [codes_lab5/HLS_sources_final/templatedFuncs.h:188]   --->   Operation 82 'bitconcatenate' 'p_shl' <Predicate = true> <Delay = 0.00>
ST_2 : Operation 83 [1/1] (0.00ns) (grouped into TernaryAdder)   --->   "%add_ln188_3 = add i7 %p_shl, i7 %zext_ln188_5" [codes_lab5/HLS_sources_final/templatedFuncs.h:188]   --->   Operation 83 'add' 'add_ln188_3' <Predicate = true> <Delay = 0.00> <CoreInst = "TAddSub">   --->   Core 10 'TAddSub' <Latency = 0> <II = 1> <Delay = 1.74> <IPBlock> <Opcode : 'add' 'sub'> <InPorts = 3> <OutPorts = 1> <Sync> <CReg>
ST_2 : Operation 84 [1/1] (0.00ns)   --->   "%zext_ln185_10 = zext i3 %lshr_ln" [codes_lab5/HLS_sources_final/templatedFuncs.h:185]   --->   Operation 84 'zext' 'zext_ln185_10' <Predicate = true> <Delay = 0.00>
ST_2 : Operation 85 [1/1] (0.00ns)   --->   "%zext_ln185_11 = zext i3 %lshr_ln" [codes_lab5/HLS_sources_final/templatedFuncs.h:185]   --->   Operation 85 'zext' 'zext_ln185_11' <Predicate = true> <Delay = 0.00>
ST_2 : Operation 86 [1/1] (3.66ns) (root node of TernaryAdder)   --->   "%add_ln185_4 = add i8 %add_ln185_3, i8 %zext_ln185_11" [codes_lab5/HLS_sources_final/templatedFuncs.h:185]   --->   Operation 86 'add' 'add_ln185_4' <Predicate = true> <Delay = 3.66> <CoreInst = "TAddSub">   --->   Core 10 'TAddSub' <Latency = 0> <II = 1> <Delay = 1.74> <IPBlock> <Opcode : 'add' 'sub'> <InPorts = 3> <OutPorts = 1> <Sync> <CReg>
ST_2 : Operation 87 [1/1] (0.00ns)   --->   "%zext_ln185_12 = zext i8 %add_ln185_4" [codes_lab5/HLS_sources_final/templatedFuncs.h:185]   --->   Operation 87 'zext' 'zext_ln185_12' <Predicate = true> <Delay = 0.00>
ST_2 : Operation 88 [1/1] (0.00ns)   --->   "%ifmap_0_addr = getelementptr i32 %ifmap_0, i64 0, i64 %zext_ln185_12" [codes_lab5/HLS_sources_final/templatedFuncs.h:185]   --->   Operation 88 'getelementptr' 'ifmap_0_addr' <Predicate = true> <Delay = 0.00>
ST_2 : Operation 89 [1/1] (3.66ns) (root node of TernaryAdder)   --->   "%add_ln186_3 = add i8 %add_ln186_2, i8 %zext_ln185_11" [codes_lab5/HLS_sources_final/templatedFuncs.h:186]   --->   Operation 89 'add' 'add_ln186_3' <Predicate = true> <Delay = 3.66> <CoreInst = "TAddSub">   --->   Core 10 'TAddSub' <Latency = 0> <II = 1> <Delay = 1.74> <IPBlock> <Opcode : 'add' 'sub'> <InPorts = 3> <OutPorts = 1> <Sync> <CReg>
ST_2 : Operation 90 [1/1] (0.00ns)   --->   "%zext_ln186_3 = zext i8 %add_ln186_3" [codes_lab5/HLS_sources_final/templatedFuncs.h:186]   --->   Operation 90 'zext' 'zext_ln186_3' <Predicate = true> <Delay = 0.00>
ST_2 : Operation 91 [1/1] (0.00ns)   --->   "%ifmap_0_addr_2 = getelementptr i32 %ifmap_0, i64 0, i64 %zext_ln186_3" [codes_lab5/HLS_sources_final/templatedFuncs.h:186]   --->   Operation 91 'getelementptr' 'ifmap_0_addr_2' <Predicate = true> <Delay = 0.00>
ST_2 : Operation 92 [1/1] (0.00ns)   --->   "%ifmap_1_addr = getelementptr i32 %ifmap_1, i64 0, i64 %zext_ln185_12" [codes_lab5/HLS_sources_final/templatedFuncs.h:185]   --->   Operation 92 'getelementptr' 'ifmap_1_addr' <Predicate = true> <Delay = 0.00>
ST_2 : Operation 93 [1/1] (0.00ns)   --->   "%ifmap_1_addr_2 = getelementptr i32 %ifmap_1, i64 0, i64 %zext_ln186_3" [codes_lab5/HLS_sources_final/templatedFuncs.h:186]   --->   Operation 93 'getelementptr' 'ifmap_1_addr_2' <Predicate = true> <Delay = 0.00>
ST_2 : Operation 94 [1/1] (3.58ns) (root node of TernaryAdder)   --->   "%add_ln188_4 = add i7 %add_ln188_3, i7 %zext_ln185_10" [codes_lab5/HLS_sources_final/templatedFuncs.h:188]   --->   Operation 94 'add' 'add_ln188_4' <Predicate = true> <Delay = 3.58> <CoreInst = "TAddSub">   --->   Core 10 'TAddSub' <Latency = 0> <II = 1> <Delay = 1.74> <IPBlock> <Opcode : 'add' 'sub'> <InPorts = 3> <OutPorts = 1> <Sync> <CReg>
ST_2 : Operation 95 [2/2] (3.25ns)   --->   "%ifmap_0_load = load i8 %ifmap_0_addr" [codes_lab5/HLS_sources_final/templatedFuncs.h:185]   --->   Operation 95 'load' 'ifmap_0_load' <Predicate = true> <Delay = 3.25> <CoreInst = "RAM">   --->   Core 82 'RAM' <Latency = 1> <II = 1> <Delay = 3.25> <Storage> <Opcode : 'load' 'store'> <Ports = 2> <Width = 32> <Depth = 200> <RAM>
ST_2 : Operation 96 [2/2] (3.25ns)   --->   "%ifmap_1_load = load i8 %ifmap_1_addr" [codes_lab5/HLS_sources_final/templatedFuncs.h:185]   --->   Operation 96 'load' 'ifmap_1_load' <Predicate = true> <Delay = 3.25> <CoreInst = "RAM">   --->   Core 82 'RAM' <Latency = 1> <II = 1> <Delay = 3.25> <Storage> <Opcode : 'load' 'store'> <Ports = 2> <Width = 32> <Depth = 200> <RAM>
ST_2 : Operation 97 [2/2] (3.25ns)   --->   "%ifmap_0_load_2 = load i8 %ifmap_0_addr_2" [codes_lab5/HLS_sources_final/templatedFuncs.h:186]   --->   Operation 97 'load' 'ifmap_0_load_2' <Predicate = true> <Delay = 3.25> <CoreInst = "RAM">   --->   Core 82 'RAM' <Latency = 1> <II = 1> <Delay = 3.25> <Storage> <Opcode : 'load' 'store'> <Ports = 2> <Width = 32> <Depth = 200> <RAM>
ST_2 : Operation 98 [2/2] (3.25ns)   --->   "%ifmap_1_load_2 = load i8 %ifmap_1_addr_2" [codes_lab5/HLS_sources_final/templatedFuncs.h:186]   --->   Operation 98 'load' 'ifmap_1_load_2' <Predicate = true> <Delay = 3.25> <CoreInst = "RAM">   --->   Core 82 'RAM' <Latency = 1> <II = 1> <Delay = 3.25> <Storage> <Opcode : 'load' 'store'> <Ports = 2> <Width = 32> <Depth = 200> <RAM>

State 3 <SV = 2> <Delay = 3.25>
ST_3 : Operation 99 [1/2] (3.25ns)   --->   "%ifmap_0_load = load i8 %ifmap_0_addr" [codes_lab5/HLS_sources_final/templatedFuncs.h:185]   --->   Operation 99 'load' 'ifmap_0_load' <Predicate = true> <Delay = 3.25> <CoreInst = "RAM">   --->   Core 82 'RAM' <Latency = 1> <II = 1> <Delay = 3.25> <Storage> <Opcode : 'load' 'store'> <Ports = 2> <Width = 32> <Depth = 200> <RAM>
ST_3 : Operation 100 [1/2] (3.25ns)   --->   "%ifmap_1_load = load i8 %ifmap_1_addr" [codes_lab5/HLS_sources_final/templatedFuncs.h:185]   --->   Operation 100 'load' 'ifmap_1_load' <Predicate = true> <Delay = 3.25> <CoreInst = "RAM">   --->   Core 82 'RAM' <Latency = 1> <II = 1> <Delay = 3.25> <Storage> <Opcode : 'load' 'store'> <Ports = 2> <Width = 32> <Depth = 200> <RAM>
ST_3 : Operation 101 [1/2] (3.25ns)   --->   "%ifmap_0_load_2 = load i8 %ifmap_0_addr_2" [codes_lab5/HLS_sources_final/templatedFuncs.h:186]   --->   Operation 101 'load' 'ifmap_0_load_2' <Predicate = true> <Delay = 3.25> <CoreInst = "RAM">   --->   Core 82 'RAM' <Latency = 1> <II = 1> <Delay = 3.25> <Storage> <Opcode : 'load' 'store'> <Ports = 2> <Width = 32> <Depth = 200> <RAM>
ST_3 : Operation 102 [1/2] (3.25ns)   --->   "%ifmap_1_load_2 = load i8 %ifmap_1_addr_2" [codes_lab5/HLS_sources_final/templatedFuncs.h:186]   --->   Operation 102 'load' 'ifmap_1_load_2' <Predicate = true> <Delay = 3.25> <CoreInst = "RAM">   --->   Core 82 'RAM' <Latency = 1> <II = 1> <Delay = 3.25> <Storage> <Opcode : 'load' 'store'> <Ports = 2> <Width = 32> <Depth = 200> <RAM>

State 4 <SV = 3> <Delay = 5.43>
ST_4 : Operation 103 [2/2] (5.43ns)   --->   "%tmp_s = fcmp_ogt  i32 %ifmap_0_load, i32 %ifmap_1_load" [codes_lab5/HLS_sources_final/templatedFuncs.h:185]   --->   Operation 103 'fcmp' 'tmp_s' <Predicate = true> <Delay = 5.43> <CoreInst = "FCompare">   --->   Core 19 'FCompare' <Latency = 1> <II = 1> <Delay = 5.43> <FuncUnit> <Opcode : 'fcmp'> <InPorts = 2> <OutPorts = 1>
ST_4 : Operation 104 [2/2] (5.43ns)   --->   "%tmp_3 = fcmp_ogt  i32 %ifmap_0_load_2, i32 %ifmap_1_load_2" [codes_lab5/HLS_sources_final/templatedFuncs.h:186]   --->   Operation 104 'fcmp' 'tmp_3' <Predicate = true> <Delay = 5.43> <CoreInst = "FCompare">   --->   Core 19 'FCompare' <Latency = 1> <II = 1> <Delay = 5.43> <FuncUnit> <Opcode : 'fcmp'> <InPorts = 2> <OutPorts = 1>

State 5 <SV = 4> <Delay = 7.10>
ST_5 : Operation 105 [1/1] (0.00ns)   --->   "%bitcast_ln185 = bitcast i32 %ifmap_0_load" [codes_lab5/HLS_sources_final/templatedFuncs.h:185]   --->   Operation 105 'bitcast' 'bitcast_ln185' <Predicate = true> <Delay = 0.00>
ST_5 : Operation 106 [1/1] (0.00ns)   --->   "%tmp = partselect i8 @_ssdm_op_PartSelect.i8.i32.i32.i32, i32 %bitcast_ln185, i32 23, i32 30" [codes_lab5/HLS_sources_final/templatedFuncs.h:185]   --->   Operation 106 'partselect' 'tmp' <Predicate = true> <Delay = 0.00>
ST_5 : Operation 107 [1/1] (0.00ns)   --->   "%trunc_ln185_4 = trunc i32 %bitcast_ln185" [codes_lab5/HLS_sources_final/templatedFuncs.h:185]   --->   Operation 107 'trunc' 'trunc_ln185_4' <Predicate = true> <Delay = 0.00>
ST_5 : Operation 108 [1/1] (0.00ns)   --->   "%bitcast_ln185_2 = bitcast i32 %ifmap_1_load" [codes_lab5/HLS_sources_final/templatedFuncs.h:185]   --->   Operation 108 'bitcast' 'bitcast_ln185_2' <Predicate = true> <Delay = 0.00>
ST_5 : Operation 109 [1/1] (0.00ns)   --->   "%tmp_9 = partselect i8 @_ssdm_op_PartSelect.i8.i32.i32.i32, i32 %bitcast_ln185_2, i32 23, i32 30" [codes_lab5/HLS_sources_final/templatedFuncs.h:185]   --->   Operation 109 'partselect' 'tmp_9' <Predicate = true> <Delay = 0.00>
ST_5 : Operation 110 [1/1] (0.00ns)   --->   "%trunc_ln185_5 = trunc i32 %bitcast_ln185_2" [codes_lab5/HLS_sources_final/templatedFuncs.h:185]   --->   Operation 110 'trunc' 'trunc_ln185_5' <Predicate = true> <Delay = 0.00>
ST_5 : Operation 111 [1/1] (1.55ns)   --->   "%icmp_ln185 = icmp_ne  i8 %tmp, i8 255" [codes_lab5/HLS_sources_final/templatedFuncs.h:185]   --->   Operation 111 'icmp' 'icmp_ln185' <Predicate = true> <Delay = 1.55> <CoreInst = "Cmp">   --->   Core 9 'Cmp' <Latency = 0> <II = 1> <Delay = 1.55> <FuncUnit> <Opcode : 'icmp'> <InPorts = 2> <OutPorts = 1>
ST_5 : Operation 112 [1/1] (2.44ns)   --->   "%icmp_ln185_4 = icmp_eq  i23 %trunc_ln185_4, i23 0" [codes_lab5/HLS_sources_final/templatedFuncs.h:185]   --->   Operation 112 'icmp' 'icmp_ln185_4' <Predicate = true> <Delay = 2.44> <CoreInst = "Cmp">   --->   Core 9 'Cmp' <Latency = 0> <II = 1> <Delay = 2.44> <FuncUnit> <Opcode : 'icmp'> <InPorts = 2> <OutPorts = 1>
ST_5 : Operation 113 [1/1] (0.00ns) (grouped into LUT with out node and_ln185_2)   --->   "%or_ln185 = or i1 %icmp_ln185_4, i1 %icmp_ln185" [codes_lab5/HLS_sources_final/templatedFuncs.h:185]   --->   Operation 113 'or' 'or_ln185' <Predicate = true> <Delay = 0.00> <CoreInst = "LogicGate">   --->   Core 74 'LogicGate' <Latency = 0> <II = 1> <Delay = 0.97> <FuncUnit> <Opcode : 'and' 'or' 'xor'> <InPorts = 2> <OutPorts = 1>
ST_5 : Operation 114 [1/1] (1.55ns)   --->   "%icmp_ln185_5 = icmp_ne  i8 %tmp_9, i8 255" [codes_lab5/HLS_sources_final/templatedFuncs.h:185]   --->   Operation 114 'icmp' 'icmp_ln185_5' <Predicate = true> <Delay = 1.55> <CoreInst = "Cmp">   --->   Core 9 'Cmp' <Latency = 0> <II = 1> <Delay = 1.55> <FuncUnit> <Opcode : 'icmp'> <InPorts = 2> <OutPorts = 1>
ST_5 : Operation 115 [1/1] (2.44ns)   --->   "%icmp_ln185_6 = icmp_eq  i23 %trunc_ln185_5, i23 0" [codes_lab5/HLS_sources_final/templatedFuncs.h:185]   --->   Operation 115 'icmp' 'icmp_ln185_6' <Predicate = true> <Delay = 2.44> <CoreInst = "Cmp">   --->   Core 9 'Cmp' <Latency = 0> <II = 1> <Delay = 2.44> <FuncUnit> <Opcode : 'icmp'> <InPorts = 2> <OutPorts = 1>
ST_5 : Operation 116 [1/1] (0.00ns) (grouped into LUT with out node and_ln185_2)   --->   "%or_ln185_2 = or i1 %icmp_ln185_6, i1 %icmp_ln185_5" [codes_lab5/HLS_sources_final/templatedFuncs.h:185]   --->   Operation 116 'or' 'or_ln185_2' <Predicate = true> <Delay = 0.00> <CoreInst = "LogicGate">   --->   Core 74 'LogicGate' <Latency = 0> <II = 1> <Delay = 0.97> <FuncUnit> <Opcode : 'and' 'or' 'xor'> <InPorts = 2> <OutPorts = 1>
ST_5 : Operation 117 [1/1] (0.00ns) (grouped into LUT with out node and_ln185_2)   --->   "%and_ln185 = and i1 %or_ln185, i1 %or_ln185_2" [codes_lab5/HLS_sources_final/templatedFuncs.h:185]   --->   Operation 117 'and' 'and_ln185' <Predicate = true> <Delay = 0.00> <CoreInst = "LogicGate">   --->   Core 74 'LogicGate' <Latency = 0> <II = 1> <Delay = 0.97> <FuncUnit> <Opcode : 'and' 'or' 'xor'> <InPorts = 2> <OutPorts = 1>
ST_5 : Operation 118 [1/2] (5.43ns)   --->   "%tmp_s = fcmp_ogt  i32 %ifmap_0_load, i32 %ifmap_1_load" [codes_lab5/HLS_sources_final/templatedFuncs.h:185]   --->   Operation 118 'fcmp' 'tmp_s' <Predicate = true> <Delay = 5.43> <CoreInst = "FCompare">   --->   Core 19 'FCompare' <Latency = 1> <II = 1> <Delay = 5.43> <FuncUnit> <Opcode : 'fcmp'> <InPorts = 2> <OutPorts = 1>
ST_5 : Operation 119 [1/1] (0.97ns) (out node of the LUT)   --->   "%and_ln185_2 = and i1 %and_ln185, i1 %tmp_s" [codes_lab5/HLS_sources_final/templatedFuncs.h:185]   --->   Operation 119 'and' 'and_ln185_2' <Predicate = true> <Delay = 0.97> <CoreInst = "LogicGate">   --->   Core 74 'LogicGate' <Latency = 0> <II = 1> <Delay = 0.97> <FuncUnit> <Opcode : 'and' 'or' 'xor'> <InPorts = 2> <OutPorts = 1>
ST_5 : Operation 120 [1/1] (0.69ns) (out node of the LUT)   --->   "%max_0 = select i1 %and_ln185_2, i32 %ifmap_0_load, i32 %ifmap_1_load" [codes_lab5/HLS_sources_final/templatedFuncs.h:185]   --->   Operation 120 'select' 'max_0' <Predicate = true> <Delay = 0.69> <CoreInst = "Sel">   --->   Core 73 'Sel' <Latency = 0> <II = 1> <Delay = 0.69> <FuncUnit> <Opcode : 'select'> <InPorts = 3> <OutPorts = 1>
ST_5 : Operation 121 [1/1] (0.00ns)   --->   "%bitcast_ln186 = bitcast i32 %ifmap_0_load_2" [codes_lab5/HLS_sources_final/templatedFuncs.h:186]   --->   Operation 121 'bitcast' 'bitcast_ln186' <Predicate = true> <Delay = 0.00>
ST_5 : Operation 122 [1/1] (0.00ns)   --->   "%tmp_1 = partselect i8 @_ssdm_op_PartSelect.i8.i32.i32.i32, i32 %bitcast_ln186, i32 23, i32 30" [codes_lab5/HLS_sources_final/templatedFuncs.h:186]   --->   Operation 122 'partselect' 'tmp_1' <Predicate = true> <Delay = 0.00>
ST_5 : Operation 123 [1/1] (0.00ns)   --->   "%trunc_ln186_4 = trunc i32 %bitcast_ln186" [codes_lab5/HLS_sources_final/templatedFuncs.h:186]   --->   Operation 123 'trunc' 'trunc_ln186_4' <Predicate = true> <Delay = 0.00>
ST_5 : Operation 124 [1/1] (0.00ns)   --->   "%bitcast_ln186_2 = bitcast i32 %ifmap_1_load_2" [codes_lab5/HLS_sources_final/templatedFuncs.h:186]   --->   Operation 124 'bitcast' 'bitcast_ln186_2' <Predicate = true> <Delay = 0.00>
ST_5 : Operation 125 [1/1] (0.00ns)   --->   "%tmp_2 = partselect i8 @_ssdm_op_PartSelect.i8.i32.i32.i32, i32 %bitcast_ln186_2, i32 23, i32 30" [codes_lab5/HLS_sources_final/templatedFuncs.h:186]   --->   Operation 125 'partselect' 'tmp_2' <Predicate = true> <Delay = 0.00>
ST_5 : Operation 126 [1/1] (0.00ns)   --->   "%trunc_ln186_5 = trunc i32 %bitcast_ln186_2" [codes_lab5/HLS_sources_final/templatedFuncs.h:186]   --->   Operation 126 'trunc' 'trunc_ln186_5' <Predicate = true> <Delay = 0.00>
ST_5 : Operation 127 [1/1] (1.55ns)   --->   "%icmp_ln186 = icmp_ne  i8 %tmp_1, i8 255" [codes_lab5/HLS_sources_final/templatedFuncs.h:186]   --->   Operation 127 'icmp' 'icmp_ln186' <Predicate = true> <Delay = 1.55> <CoreInst = "Cmp">   --->   Core 9 'Cmp' <Latency = 0> <II = 1> <Delay = 1.55> <FuncUnit> <Opcode : 'icmp'> <InPorts = 2> <OutPorts = 1>
ST_5 : Operation 128 [1/1] (2.44ns)   --->   "%icmp_ln186_4 = icmp_eq  i23 %trunc_ln186_4, i23 0" [codes_lab5/HLS_sources_final/templatedFuncs.h:186]   --->   Operation 128 'icmp' 'icmp_ln186_4' <Predicate = true> <Delay = 2.44> <CoreInst = "Cmp">   --->   Core 9 'Cmp' <Latency = 0> <II = 1> <Delay = 2.44> <FuncUnit> <Opcode : 'icmp'> <InPorts = 2> <OutPorts = 1>
ST_5 : Operation 129 [1/1] (0.00ns) (grouped into LUT with out node and_ln186_2)   --->   "%or_ln186 = or i1 %icmp_ln186_4, i1 %icmp_ln186" [codes_lab5/HLS_sources_final/templatedFuncs.h:186]   --->   Operation 129 'or' 'or_ln186' <Predicate = true> <Delay = 0.00> <CoreInst = "LogicGate">   --->   Core 74 'LogicGate' <Latency = 0> <II = 1> <Delay = 0.97> <FuncUnit> <Opcode : 'and' 'or' 'xor'> <InPorts = 2> <OutPorts = 1>
ST_5 : Operation 130 [1/1] (1.55ns)   --->   "%icmp_ln186_5 = icmp_ne  i8 %tmp_2, i8 255" [codes_lab5/HLS_sources_final/templatedFuncs.h:186]   --->   Operation 130 'icmp' 'icmp_ln186_5' <Predicate = true> <Delay = 1.55> <CoreInst = "Cmp">   --->   Core 9 'Cmp' <Latency = 0> <II = 1> <Delay = 1.55> <FuncUnit> <Opcode : 'icmp'> <InPorts = 2> <OutPorts = 1>
ST_5 : Operation 131 [1/1] (2.44ns)   --->   "%icmp_ln186_6 = icmp_eq  i23 %trunc_ln186_5, i23 0" [codes_lab5/HLS_sources_final/templatedFuncs.h:186]   --->   Operation 131 'icmp' 'icmp_ln186_6' <Predicate = true> <Delay = 2.44> <CoreInst = "Cmp">   --->   Core 9 'Cmp' <Latency = 0> <II = 1> <Delay = 2.44> <FuncUnit> <Opcode : 'icmp'> <InPorts = 2> <OutPorts = 1>
ST_5 : Operation 132 [1/1] (0.00ns) (grouped into LUT with out node and_ln186_2)   --->   "%or_ln186_2 = or i1 %icmp_ln186_6, i1 %icmp_ln186_5" [codes_lab5/HLS_sources_final/templatedFuncs.h:186]   --->   Operation 132 'or' 'or_ln186_2' <Predicate = true> <Delay = 0.00> <CoreInst = "LogicGate">   --->   Core 74 'LogicGate' <Latency = 0> <II = 1> <Delay = 0.97> <FuncUnit> <Opcode : 'and' 'or' 'xor'> <InPorts = 2> <OutPorts = 1>
ST_5 : Operation 133 [1/1] (0.00ns) (grouped into LUT with out node and_ln186_2)   --->   "%and_ln186 = and i1 %or_ln186, i1 %or_ln186_2" [codes_lab5/HLS_sources_final/templatedFuncs.h:186]   --->   Operation 133 'and' 'and_ln186' <Predicate = true> <Delay = 0.00> <CoreInst = "LogicGate">   --->   Core 74 'LogicGate' <Latency = 0> <II = 1> <Delay = 0.97> <FuncUnit> <Opcode : 'and' 'or' 'xor'> <InPorts = 2> <OutPorts = 1>
ST_5 : Operation 134 [1/2] (5.43ns)   --->   "%tmp_3 = fcmp_ogt  i32 %ifmap_0_load_2, i32 %ifmap_1_load_2" [codes_lab5/HLS_sources_final/templatedFuncs.h:186]   --->   Operation 134 'fcmp' 'tmp_3' <Predicate = true> <Delay = 5.43> <CoreInst = "FCompare">   --->   Core 19 'FCompare' <Latency = 1> <II = 1> <Delay = 5.43> <FuncUnit> <Opcode : 'fcmp'> <InPorts = 2> <OutPorts = 1>
ST_5 : Operation 135 [1/1] (0.97ns) (out node of the LUT)   --->   "%and_ln186_2 = and i1 %and_ln186, i1 %tmp_3" [codes_lab5/HLS_sources_final/templatedFuncs.h:186]   --->   Operation 135 'and' 'and_ln186_2' <Predicate = true> <Delay = 0.97> <CoreInst = "LogicGate">   --->   Core 74 'LogicGate' <Latency = 0> <II = 1> <Delay = 0.97> <FuncUnit> <Opcode : 'and' 'or' 'xor'> <InPorts = 2> <OutPorts = 1>
ST_5 : Operation 136 [1/1] (0.69ns) (out node of the LUT)   --->   "%max_1 = select i1 %and_ln186_2, i32 %ifmap_0_load_2, i32 %ifmap_1_load_2" [codes_lab5/HLS_sources_final/templatedFuncs.h:186]   --->   Operation 136 'select' 'max_1' <Predicate = true> <Delay = 0.69> <CoreInst = "Sel">   --->   Core 73 'Sel' <Latency = 0> <II = 1> <Delay = 0.69> <FuncUnit> <Opcode : 'select'> <InPorts = 3> <OutPorts = 1>

State 6 <SV = 5> <Delay = 5.43>
ST_6 : Operation 137 [2/2] (5.43ns)   --->   "%tmp_6 = fcmp_ogt  i32 %max_0, i32 %max_1" [codes_lab5/HLS_sources_final/templatedFuncs.h:188]   --->   Operation 137 'fcmp' 'tmp_6' <Predicate = true> <Delay = 5.43> <CoreInst = "FCompare">   --->   Core 19 'FCompare' <Latency = 1> <II = 1> <Delay = 5.43> <FuncUnit> <Opcode : 'fcmp'> <InPorts = 2> <OutPorts = 1>

State 7 <SV = 6> <Delay = 7.10>
ST_7 : Operation 138 [1/1] (0.00ns)   --->   "%bitcast_ln188 = bitcast i32 %max_0" [codes_lab5/HLS_sources_final/templatedFuncs.h:188]   --->   Operation 138 'bitcast' 'bitcast_ln188' <Predicate = true> <Delay = 0.00>
ST_7 : Operation 139 [1/1] (0.00ns)   --->   "%tmp_4 = partselect i8 @_ssdm_op_PartSelect.i8.i32.i32.i32, i32 %bitcast_ln188, i32 23, i32 30" [codes_lab5/HLS_sources_final/templatedFuncs.h:188]   --->   Operation 139 'partselect' 'tmp_4' <Predicate = true> <Delay = 0.00>
ST_7 : Operation 140 [1/1] (0.00ns)   --->   "%trunc_ln188_4 = trunc i32 %bitcast_ln188" [codes_lab5/HLS_sources_final/templatedFuncs.h:188]   --->   Operation 140 'trunc' 'trunc_ln188_4' <Predicate = true> <Delay = 0.00>
ST_7 : Operation 141 [1/1] (0.00ns)   --->   "%bitcast_ln188_2 = bitcast i32 %max_1" [codes_lab5/HLS_sources_final/templatedFuncs.h:188]   --->   Operation 141 'bitcast' 'bitcast_ln188_2' <Predicate = true> <Delay = 0.00>
ST_7 : Operation 142 [1/1] (0.00ns)   --->   "%tmp_5 = partselect i8 @_ssdm_op_PartSelect.i8.i32.i32.i32, i32 %bitcast_ln188_2, i32 23, i32 30" [codes_lab5/HLS_sources_final/templatedFuncs.h:188]   --->   Operation 142 'partselect' 'tmp_5' <Predicate = true> <Delay = 0.00>
ST_7 : Operation 143 [1/1] (0.00ns)   --->   "%trunc_ln188_5 = trunc i32 %bitcast_ln188_2" [codes_lab5/HLS_sources_final/templatedFuncs.h:188]   --->   Operation 143 'trunc' 'trunc_ln188_5' <Predicate = true> <Delay = 0.00>
ST_7 : Operation 144 [1/1] (1.55ns)   --->   "%icmp_ln188 = icmp_ne  i8 %tmp_4, i8 255" [codes_lab5/HLS_sources_final/templatedFuncs.h:188]   --->   Operation 144 'icmp' 'icmp_ln188' <Predicate = true> <Delay = 1.55> <CoreInst = "Cmp">   --->   Core 9 'Cmp' <Latency = 0> <II = 1> <Delay = 1.55> <FuncUnit> <Opcode : 'icmp'> <InPorts = 2> <OutPorts = 1>
ST_7 : Operation 145 [1/1] (2.44ns)   --->   "%icmp_ln188_4 = icmp_eq  i23 %trunc_ln188_4, i23 0" [codes_lab5/HLS_sources_final/templatedFuncs.h:188]   --->   Operation 145 'icmp' 'icmp_ln188_4' <Predicate = true> <Delay = 2.44> <CoreInst = "Cmp">   --->   Core 9 'Cmp' <Latency = 0> <II = 1> <Delay = 2.44> <FuncUnit> <Opcode : 'icmp'> <InPorts = 2> <OutPorts = 1>
ST_7 : Operation 146 [1/1] (0.00ns) (grouped into LUT with out node and_ln188_2)   --->   "%or_ln188 = or i1 %icmp_ln188_4, i1 %icmp_ln188" [codes_lab5/HLS_sources_final/templatedFuncs.h:188]   --->   Operation 146 'or' 'or_ln188' <Predicate = true> <Delay = 0.00> <CoreInst = "LogicGate">   --->   Core 74 'LogicGate' <Latency = 0> <II = 1> <Delay = 0.97> <FuncUnit> <Opcode : 'and' 'or' 'xor'> <InPorts = 2> <OutPorts = 1>
ST_7 : Operation 147 [1/1] (1.55ns)   --->   "%icmp_ln188_5 = icmp_ne  i8 %tmp_5, i8 255" [codes_lab5/HLS_sources_final/templatedFuncs.h:188]   --->   Operation 147 'icmp' 'icmp_ln188_5' <Predicate = true> <Delay = 1.55> <CoreInst = "Cmp">   --->   Core 9 'Cmp' <Latency = 0> <II = 1> <Delay = 1.55> <FuncUnit> <Opcode : 'icmp'> <InPorts = 2> <OutPorts = 1>
ST_7 : Operation 148 [1/1] (2.44ns)   --->   "%icmp_ln188_6 = icmp_eq  i23 %trunc_ln188_5, i23 0" [codes_lab5/HLS_sources_final/templatedFuncs.h:188]   --->   Operation 148 'icmp' 'icmp_ln188_6' <Predicate = true> <Delay = 2.44> <CoreInst = "Cmp">   --->   Core 9 'Cmp' <Latency = 0> <II = 1> <Delay = 2.44> <FuncUnit> <Opcode : 'icmp'> <InPorts = 2> <OutPorts = 1>
ST_7 : Operation 149 [1/1] (0.00ns) (grouped into LUT with out node and_ln188_2)   --->   "%or_ln188_2 = or i1 %icmp_ln188_6, i1 %icmp_ln188_5" [codes_lab5/HLS_sources_final/templatedFuncs.h:188]   --->   Operation 149 'or' 'or_ln188_2' <Predicate = true> <Delay = 0.00> <CoreInst = "LogicGate">   --->   Core 74 'LogicGate' <Latency = 0> <II = 1> <Delay = 0.97> <FuncUnit> <Opcode : 'and' 'or' 'xor'> <InPorts = 2> <OutPorts = 1>
ST_7 : Operation 150 [1/1] (0.00ns) (grouped into LUT with out node and_ln188_2)   --->   "%and_ln188 = and i1 %or_ln188, i1 %or_ln188_2" [codes_lab5/HLS_sources_final/templatedFuncs.h:188]   --->   Operation 150 'and' 'and_ln188' <Predicate = true> <Delay = 0.00> <CoreInst = "LogicGate">   --->   Core 74 'LogicGate' <Latency = 0> <II = 1> <Delay = 0.97> <FuncUnit> <Opcode : 'and' 'or' 'xor'> <InPorts = 2> <OutPorts = 1>
ST_7 : Operation 151 [1/2] (5.43ns)   --->   "%tmp_6 = fcmp_ogt  i32 %max_0, i32 %max_1" [codes_lab5/HLS_sources_final/templatedFuncs.h:188]   --->   Operation 151 'fcmp' 'tmp_6' <Predicate = true> <Delay = 5.43> <CoreInst = "FCompare">   --->   Core 19 'FCompare' <Latency = 1> <II = 1> <Delay = 5.43> <FuncUnit> <Opcode : 'fcmp'> <InPorts = 2> <OutPorts = 1>
ST_7 : Operation 152 [1/1] (0.97ns) (out node of the LUT)   --->   "%and_ln188_2 = and i1 %and_ln188, i1 %tmp_6" [codes_lab5/HLS_sources_final/templatedFuncs.h:188]   --->   Operation 152 'and' 'and_ln188_2' <Predicate = true> <Delay = 0.97> <CoreInst = "LogicGate">   --->   Core 74 'LogicGate' <Latency = 0> <II = 1> <Delay = 0.97> <FuncUnit> <Opcode : 'and' 'or' 'xor'> <InPorts = 2> <OutPorts = 1>
ST_7 : Operation 153 [1/1] (0.69ns) (out node of the LUT)   --->   "%select_ln188 = select i1 %and_ln188_2, i32 %max_0, i32 %max_1" [codes_lab5/HLS_sources_final/templatedFuncs.h:188]   --->   Operation 153 'select' 'select_ln188' <Predicate = true> <Delay = 0.69> <CoreInst = "Sel">   --->   Core 73 'Sel' <Latency = 0> <II = 1> <Delay = 0.69> <FuncUnit> <Opcode : 'select'> <InPorts = 3> <OutPorts = 1>
ST_7 : Operation 163 [1/1] (0.00ns)   --->   "%ret_ln193 = ret" [codes_lab5/HLS_sources_final/templatedFuncs.h:193]   --->   Operation 163 'ret' 'ret_ln193' <Predicate = (icmp_ln181)> <Delay = 0.00>

State 8 <SV = 7> <Delay = 3.25>
ST_8 : Operation 154 [1/1] (0.00ns)   --->   "%specloopname_ln0 = specloopname void @_ssdm_op_SpecLoopName, void @MP_ch_MP_r_MP_c_str"   --->   Operation 154 'specloopname' 'specloopname_ln0' <Predicate = true> <Delay = 0.00>
ST_8 : Operation 155 [1/1] (0.00ns)   --->   "%empty_24 = speclooptripcount i32 @_ssdm_op_SpecLoopTripCount, i64 100, i64 100, i64 100"   --->   Operation 155 'speclooptripcount' 'empty_24' <Predicate = true> <Delay = 0.00>
ST_8 : Operation 156 [1/1] (0.00ns)   --->   "%specloopname_ln0 = specloopname void @_ssdm_op_SpecLoopName, void @MP_r_MP_c_str"   --->   Operation 156 'specloopname' 'specloopname_ln0' <Predicate = true> <Delay = 0.00>
ST_8 : Operation 157 [1/1] (0.00ns)   --->   "%specpipeline_ln184 = specpipeline void @_ssdm_op_SpecPipeline, i32 4294967295, i32 0, i32 0, i32 0, void @empty" [codes_lab5/HLS_sources_final/templatedFuncs.h:184]   --->   Operation 157 'specpipeline' 'specpipeline_ln184' <Predicate = true> <Delay = 0.00>
ST_8 : Operation 158 [1/1] (0.00ns)   --->   "%specloopname_ln183 = specloopname void @_ssdm_op_SpecLoopName, void @empty_2" [codes_lab5/HLS_sources_final/templatedFuncs.h:183]   --->   Operation 158 'specloopname' 'specloopname_ln183' <Predicate = true> <Delay = 0.00>
ST_8 : Operation 159 [1/1] (0.00ns)   --->   "%zext_ln188_6 = zext i7 %add_ln188_4" [codes_lab5/HLS_sources_final/templatedFuncs.h:188]   --->   Operation 159 'zext' 'zext_ln188_6' <Predicate = true> <Delay = 0.00>
ST_8 : Operation 160 [1/1] (0.00ns)   --->   "%ofmap_addr = getelementptr i32 %ofmap, i64 0, i64 %zext_ln188_6" [codes_lab5/HLS_sources_final/templatedFuncs.h:188]   --->   Operation 160 'getelementptr' 'ofmap_addr' <Predicate = true> <Delay = 0.00>
ST_8 : Operation 161 [1/1] (3.25ns)   --->   "%store_ln188 = store i32 %select_ln188, i7 %ofmap_addr" [codes_lab5/HLS_sources_final/templatedFuncs.h:188]   --->   Operation 161 'store' 'store_ln188' <Predicate = true> <Delay = 3.25> <CoreInst = "RAM">   --->   Core 82 'RAM' <Latency = 1> <II = 1> <Delay = 3.25> <Storage> <Opcode : 'load' 'store'> <Ports = 2> <Width = 32> <Depth = 100> <RAM>
ST_8 : Operation 162 [1/1] (0.00ns)   --->   "%br_ln183 = br void %for.body8" [codes_lab5/HLS_sources_final/templatedFuncs.h:183]   --->   Operation 162 'br' 'br_ln183' <Predicate = true> <Delay = 0.00>


============================================================
+ Verbose Summary: Binding
============================================================
STG Binding: 
---------------- STG Properties BEGIN ----------------
- Is combinational: 0
- Is one-state seq: 0
- Is datapath-only: 0
- Is pipelined: 0
- Is top level: 0
Port [ Return ] is wired: 1; IO mode=ap_ctrl_hs:ce=0
Port [ ifmap_0]:  wired=1; compound=1; hidden=0; nouse=0; global=0; static=0; extern=0; dir=0; type=1; pingpong=1; private_global=0; MemPort=[11]; IO mode=ap_memory:ce=0
Port [ ifmap_1]:  wired=1; compound=1; hidden=0; nouse=0; global=0; static=0; extern=0; dir=0; type=1; pingpong=1; private_global=0; MemPort=[11]; IO mode=ap_memory:ce=0
Port [ ofmap]:  wired=1; compound=1; hidden=0; nouse=0; global=0; static=0; extern=0; dir=1; type=1; pingpong=1; private_global=0; MemPort=[03]; IO mode=ap_memory:ce=0
---------------- STG Properties END ------------------

---------------- Datapath Model BEGIN ----------------

<LifeTime>
<method=bitvector/>
ow                    (alloca           ) [ 010000000]
oh                    (alloca           ) [ 010000000]
indvar_flatten        (alloca           ) [ 010000000]
och                   (alloca           ) [ 010000000]
indvar_flatten24      (alloca           ) [ 010000000]
store_ln181           (store            ) [ 000000000]
store_ln181           (store            ) [ 000000000]
store_ln181           (store            ) [ 000000000]
store_ln181           (store            ) [ 000000000]
store_ln181           (store            ) [ 000000000]
br_ln181              (br               ) [ 000000000]
oh_2                  (load             ) [ 000000000]
indvar_flatten24_load (load             ) [ 000000000]
empty                 (or               ) [ 000000000]
tmp_13                (partselect       ) [ 000000000]
icmp_ln181            (icmp             ) [ 011111110]
add_ln181_2           (add              ) [ 000000000]
br_ln181              (br               ) [ 000000000]
ow_load               (load             ) [ 000000000]
indvar_flatten_load   (load             ) [ 000000000]
och_load              (load             ) [ 000000000]
add_ln181             (add              ) [ 000000000]
icmp_ln182            (icmp             ) [ 000000000]
select_ln181          (select           ) [ 000000000]
select_ln181_5        (select           ) [ 000000000]
select_ln181_6        (select           ) [ 011000000]
tmp_14                (bitconcatenate   ) [ 000000000]
zext_ln185_6          (zext             ) [ 000000000]
tmp_15                (bitconcatenate   ) [ 000000000]
zext_ln185_7          (zext             ) [ 000000000]
add_ln185             (add              ) [ 000000000]
select_ln181_7        (select           ) [ 000000000]
select_ln181_8        (select           ) [ 000000000]
icmp_ln183            (icmp             ) [ 000000000]
or_ln181              (or               ) [ 000000000]
add_ln182             (add              ) [ 000000000]
select_ln182          (select           ) [ 000000000]
select_ln182_5        (select           ) [ 000000000]
zext_ln185_8          (zext             ) [ 000000000]
add_ln185_2           (add              ) [ 011000000]
trunc_ln185           (trunc            ) [ 011000000]
p_mid1                (or               ) [ 000000000]
select_ln182_6        (select           ) [ 000000000]
zext_ln186            (zext             ) [ 000000000]
add_ln186             (add              ) [ 011000000]
trunc_ln186           (trunc            ) [ 011000000]
p_mid                 (partselect       ) [ 000000000]
select_ln182_7        (select           ) [ 011000000]
lshr_ln               (partselect       ) [ 011000000]
add_ln183             (add              ) [ 000000000]
add_ln182_2           (add              ) [ 000000000]
select_ln182_8        (select           ) [ 000000000]
store_ln183           (store            ) [ 000000000]
store_ln183           (store            ) [ 000000000]
store_ln183           (store            ) [ 000000000]
store_ln183           (store            ) [ 000000000]
store_ln183           (store            ) [ 000000000]
zext_ln185            (zext             ) [ 000000000]
tmp_16                (bitconcatenate   ) [ 000000000]
zext_ln188            (zext             ) [ 000000000]
add_ln188             (add              ) [ 000000000]
zext_ln185_9          (zext             ) [ 000000000]
p_shl2                (bitconcatenate   ) [ 000000000]
add_ln185_3           (add              ) [ 000000000]
zext_ln186_2          (zext             ) [ 000000000]
p_shl1                (bitconcatenate   ) [ 000000000]
add_ln186_2           (add              ) [ 000000000]
zext_ln188_4          (zext             ) [ 000000000]
add_ln188_2           (add              ) [ 000000000]
zext_ln188_5          (zext             ) [ 000000000]
trunc_ln188           (trunc            ) [ 000000000]
p_shl                 (bitconcatenate   ) [ 000000000]
add_ln188_3           (add              ) [ 000000000]
zext_ln185_10         (zext             ) [ 000000000]
zext_ln185_11         (zext             ) [ 000000000]
add_ln185_4           (add              ) [ 000000000]
zext_ln185_12         (zext             ) [ 000000000]
ifmap_0_addr          (getelementptr    ) [ 010100000]
add_ln186_3           (add              ) [ 000000000]
zext_ln186_3          (zext             ) [ 000000000]
ifmap_0_addr_2        (getelementptr    ) [ 010100000]
ifmap_1_addr          (getelementptr    ) [ 010100000]
ifmap_1_addr_2        (getelementptr    ) [ 010100000]
add_ln188_4           (add              ) [ 010111111]
ifmap_0_load          (load             ) [ 010011000]
ifmap_1_load          (load             ) [ 010011000]
ifmap_0_load_2        (load             ) [ 010011000]
ifmap_1_load_2        (load             ) [ 010011000]
bitcast_ln185         (bitcast          ) [ 000000000]
tmp                   (partselect       ) [ 000000000]
trunc_ln185_4         (trunc            ) [ 000000000]
bitcast_ln185_2       (bitcast          ) [ 000000000]
tmp_9                 (partselect       ) [ 000000000]
trunc_ln185_5         (trunc            ) [ 000000000]
icmp_ln185            (icmp             ) [ 000000000]
icmp_ln185_4          (icmp             ) [ 000000000]
or_ln185              (or               ) [ 000000000]
icmp_ln185_5          (icmp             ) [ 000000000]
icmp_ln185_6          (icmp             ) [ 000000000]
or_ln185_2            (or               ) [ 000000000]
and_ln185             (and              ) [ 000000000]
tmp_s                 (fcmp             ) [ 000000000]
and_ln185_2           (and              ) [ 000000000]
max_0                 (select           ) [ 010000110]
bitcast_ln186         (bitcast          ) [ 000000000]
tmp_1                 (partselect       ) [ 000000000]
trunc_ln186_4         (trunc            ) [ 000000000]
bitcast_ln186_2       (bitcast          ) [ 000000000]
tmp_2                 (partselect       ) [ 000000000]
trunc_ln186_5         (trunc            ) [ 000000000]
icmp_ln186            (icmp             ) [ 000000000]
icmp_ln186_4          (icmp             ) [ 000000000]
or_ln186              (or               ) [ 000000000]
icmp_ln186_5          (icmp             ) [ 000000000]
icmp_ln186_6          (icmp             ) [ 000000000]
or_ln186_2            (or               ) [ 000000000]
and_ln186             (and              ) [ 000000000]
tmp_3                 (fcmp             ) [ 000000000]
and_ln186_2           (and              ) [ 000000000]
max_1                 (select           ) [ 010000110]
bitcast_ln188         (bitcast          ) [ 000000000]
tmp_4                 (partselect       ) [ 000000000]
trunc_ln188_4         (trunc            ) [ 000000000]
bitcast_ln188_2       (bitcast          ) [ 000000000]
tmp_5                 (partselect       ) [ 000000000]
trunc_ln188_5         (trunc            ) [ 000000000]
icmp_ln188            (icmp             ) [ 000000000]
icmp_ln188_4          (icmp             ) [ 000000000]
or_ln188              (or               ) [ 000000000]
icmp_ln188_5          (icmp             ) [ 000000000]
icmp_ln188_6          (icmp             ) [ 000000000]
or_ln188_2            (or               ) [ 000000000]
and_ln188             (and              ) [ 000000000]
tmp_6                 (fcmp             ) [ 000000000]
and_ln188_2           (and              ) [ 000000000]
select_ln188          (select           ) [ 010000001]
specloopname_ln0      (specloopname     ) [ 000000000]
empty_24              (speclooptripcount) [ 000000000]
specloopname_ln0      (specloopname     ) [ 000000000]
specpipeline_ln184    (specpipeline     ) [ 000000000]
specloopname_ln183    (specloopname     ) [ 000000000]
zext_ln188_6          (zext             ) [ 000000000]
ofmap_addr            (getelementptr    ) [ 000000000]
store_ln188           (store            ) [ 000000000]
br_ln183              (br               ) [ 000000000]
ret_ln193             (ret              ) [ 000000000]
</LifeTime>

<model>

<comp_list>
<comp id="0" class="1000" name="ifmap_0">
<pin_list>
<pin id="1" dir="1" index="0" bw="1" slack="0"/>
</pin_list>
<bind>
<StgValue><ssdm name="ifmap_0"/><MemPortTyVec>1 1 </MemPortTyVec>
</StgValue>
</bind>
</comp>

<comp id="2" class="1000" name="ifmap_1">
<pin_list>
<pin id="3" dir="1" index="0" bw="1" slack="0"/>
</pin_list>
<bind>
<StgValue><ssdm name="ifmap_1"/><MemPortTyVec>1 1 </MemPortTyVec>
</StgValue>
</bind>
</comp>

<comp id="4" class="1000" name="ofmap">
<pin_list>
<pin id="5" dir="1" index="0" bw="1" slack="0"/>
</pin_list>
<bind>
<StgValue><ssdm name="ofmap"/><MemPortTyVec>0 3 </MemPortTyVec>
</StgValue>
</bind>
</comp>

<comp id="6" class="1001" name="const_6">
<pin_list>
<pin id="7" dir="1" index="0" bw="1" slack="0"/>
</pin_list>
<bind>
<StgValue><ssdm name=""/></StgValue>
</bind>
</comp>

<comp id="8" class="1001" name="const_8">
<pin_list>
<pin id="9" dir="1" index="0" bw="1" slack="0"/>
</pin_list>
<bind>
<StgValue><ssdm name=""/></StgValue>
</bind>
</comp>

<comp id="10" class="1001" name="const_10">
<pin_list>
<pin id="11" dir="1" index="0" bw="1" slack="0"/>
</pin_list>
<bind>
<StgValue><ssdm name=""/></StgValue>
</bind>
</comp>

<comp id="12" class="1001" name="const_12">
<pin_list>
<pin id="13" dir="1" index="0" bw="1" slack="0"/>
</pin_list>
<bind>
<StgValue><ssdm name=""/></StgValue>
</bind>
</comp>

<comp id="14" class="1001" name="const_14">
<pin_list>
<pin id="15" dir="1" index="0" bw="1" slack="0"/>
</pin_list>
<bind>
<StgValue><ssdm name=""/></StgValue>
</bind>
</comp>

<comp id="16" class="1001" name="const_16">
<pin_list>
<pin id="17" dir="1" index="0" bw="1" slack="0"/>
</pin_list>
<bind>
<StgValue><ssdm name=""/></StgValue>
</bind>
</comp>

<comp id="18" class="1001" name="const_18">
<pin_list>
<pin id="19" dir="1" index="0" bw="1" slack="0"/>
</pin_list>
<bind>
<StgValue><ssdm name="_ssdm_op_PartSelect.i3.i4.i32.i32"/></StgValue>
</bind>
</comp>

<comp id="20" class="1001" name="const_20">
<pin_list>
<pin id="21" dir="1" index="0" bw="1" slack="0"/>
</pin_list>
<bind>
<StgValue><ssdm name=""/></StgValue>
</bind>
</comp>

<comp id="22" class="1001" name="const_22">
<pin_list>
<pin id="23" dir="1" index="0" bw="1" slack="0"/>
</pin_list>
<bind>
<StgValue><ssdm name=""/></StgValue>
</bind>
</comp>

<comp id="24" class="1001" name="const_24">
<pin_list>
<pin id="25" dir="1" index="0" bw="1" slack="0"/>
</pin_list>
<bind>
<StgValue><ssdm name=""/></StgValue>
</bind>
</comp>

<comp id="26" class="1001" name="const_26">
<pin_list>
<pin id="27" dir="1" index="0" bw="1" slack="0"/>
</pin_list>
<bind>
<StgValue><ssdm name=""/></StgValue>
</bind>
</comp>

<comp id="28" class="1001" name="const_28">
<pin_list>
<pin id="29" dir="1" index="0" bw="1" slack="0"/>
</pin_list>
<bind>
<StgValue><ssdm name=""/></StgValue>
</bind>
</comp>

<comp id="30" class="1001" name="const_30">
<pin_list>
<pin id="31" dir="1" index="0" bw="1" slack="0"/>
</pin_list>
<bind>
<StgValue><ssdm name="_ssdm_op_BitConcatenate.i6.i3.i3"/></StgValue>
</bind>
</comp>

<comp id="32" class="1001" name="const_32">
<pin_list>
<pin id="33" dir="1" index="0" bw="1" slack="0"/>
</pin_list>
<bind>
<StgValue><ssdm name="_ssdm_op_BitConcatenate.i4.i3.i1"/></StgValue>
</bind>
</comp>

<comp id="34" class="1001" name="const_34">
<pin_list>
<pin id="35" dir="1" index="0" bw="1" slack="0"/>
</pin_list>
<bind>
<StgValue><ssdm name=""/></StgValue>
</bind>
</comp>

<comp id="36" class="1001" name="const_36">
<pin_list>
<pin id="37" dir="1" index="0" bw="1" slack="0"/>
</pin_list>
<bind>
<StgValue><ssdm name=""/></StgValue>
</bind>
</comp>

<comp id="38" class="1001" name="const_38">
<pin_list>
<pin id="39" dir="1" index="0" bw="1" slack="0"/>
</pin_list>
<bind>
<StgValue><ssdm name=""/></StgValue>
</bind>
</comp>

<comp id="40" class="1001" name="const_40">
<pin_list>
<pin id="41" dir="1" index="0" bw="1" slack="0"/>
</pin_list>
<bind>
<StgValue><ssdm name=""/></StgValue>
</bind>
</comp>

<comp id="42" class="1001" name="const_42">
<pin_list>
<pin id="43" dir="1" index="0" bw="1" slack="0"/>
</pin_list>
<bind>
<StgValue><ssdm name="_ssdm_op_BitConcatenate.i5.i3.i2"/></StgValue>
</bind>
</comp>

<comp id="44" class="1001" name="const_44">
<pin_list>
<pin id="45" dir="1" index="0" bw="1" slack="0"/>
</pin_list>
<bind>
<StgValue><ssdm name=""/></StgValue>
</bind>
</comp>

<comp id="46" class="1001" name="const_46">
<pin_list>
<pin id="47" dir="1" index="0" bw="1" slack="0"/>
</pin_list>
<bind>
<StgValue><ssdm name="_ssdm_op_BitConcatenate.i8.i6.i2"/></StgValue>
</bind>
</comp>

<comp id="48" class="1001" name="const_48">
<pin_list>
<pin id="49" dir="1" index="0" bw="1" slack="0"/>
</pin_list>
<bind>
<StgValue><ssdm name="_ssdm_op_BitConcatenate.i7.i5.i2"/></StgValue>
</bind>
</comp>

<comp id="50" class="1001" name="const_50">
<pin_list>
<pin id="51" dir="1" index="0" bw="1" slack="0"/>
</pin_list>
<bind>
<StgValue><ssdm name=""/></StgValue>
</bind>
</comp>

<comp id="52" class="1001" name="const_52">
<pin_list>
<pin id="53" dir="1" index="0" bw="1" slack="0"/>
</pin_list>
<bind>
<StgValue><ssdm name="_ssdm_op_PartSelect.i8.i32.i32.i32"/></StgValue>
</bind>
</comp>

<comp id="54" class="1001" name="const_54">
<pin_list>
<pin id="55" dir="1" index="0" bw="1" slack="0"/>
</pin_list>
<bind>
<StgValue><ssdm name=""/></StgValue>
</bind>
</comp>

<comp id="56" class="1001" name="const_56">
<pin_list>
<pin id="57" dir="1" index="0" bw="1" slack="0"/>
</pin_list>
<bind>
<StgValue><ssdm name=""/></StgValue>
</bind>
</comp>

<comp id="58" class="1001" name="const_58">
<pin_list>
<pin id="59" dir="1" index="0" bw="1" slack="0"/>
</pin_list>
<bind>
<StgValue><ssdm name=""/></StgValue>
</bind>
</comp>

<comp id="60" class="1001" name="const_60">
<pin_list>
<pin id="61" dir="1" index="0" bw="1" slack="0"/>
</pin_list>
<bind>
<StgValue><ssdm name=""/></StgValue>
</bind>
</comp>

<comp id="62" class="1001" name="const_62">
<pin_list>
<pin id="63" dir="1" index="0" bw="1" slack="2147483647"/>
</pin_list>
<bind>
<StgValue><ssdm name="_ssdm_op_SpecLoopName"/></StgValue>
</bind>
</comp>

<comp id="64" class="1001" name="const_64">
<pin_list>
<pin id="65" dir="1" index="0" bw="1" slack="2147483647"/>
</pin_list>
<bind>
<StgValue><ssdm name="MP_ch_MP_r_MP_c_str"/></StgValue>
</bind>
</comp>

<comp id="66" class="1001" name="const_66">
<pin_list>
<pin id="67" dir="1" index="0" bw="1" slack="2147483647"/>
</pin_list>
<bind>
<StgValue><ssdm name="_ssdm_op_SpecLoopTripCount"/></StgValue>
</bind>
</comp>

<comp id="68" class="1001" name="const_68">
<pin_list>
<pin id="69" dir="1" index="0" bw="1" slack="2147483647"/>
</pin_list>
<bind>
<StgValue><ssdm name=""/></StgValue>
</bind>
</comp>

<comp id="70" class="1001" name="const_70">
<pin_list>
<pin id="71" dir="1" index="0" bw="1" slack="2147483647"/>
</pin_list>
<bind>
<StgValue><ssdm name="MP_r_MP_c_str"/></StgValue>
</bind>
</comp>

<comp id="72" class="1001" name="const_72">
<pin_list>
<pin id="73" dir="1" index="0" bw="1" slack="2147483647"/>
</pin_list>
<bind>
<StgValue><ssdm name="_ssdm_op_SpecPipeline"/></StgValue>
</bind>
</comp>

<comp id="74" class="1001" name="const_74">
<pin_list>
<pin id="75" dir="1" index="0" bw="1" slack="2147483647"/>
</pin_list>
<bind>
<StgValue><ssdm name=""/></StgValue>
</bind>
</comp>

<comp id="76" class="1001" name="const_76">
<pin_list>
<pin id="77" dir="1" index="0" bw="1" slack="2147483647"/>
</pin_list>
<bind>
<StgValue><ssdm name=""/></StgValue>
</bind>
</comp>

<comp id="78" class="1001" name="const_78">
<pin_list>
<pin id="79" dir="1" index="0" bw="1" slack="2147483647"/>
</pin_list>
<bind>
<StgValue><ssdm name="empty"/></StgValue>
</bind>
</comp>

<comp id="80" class="1001" name="const_80">
<pin_list>
<pin id="81" dir="1" index="0" bw="1" slack="2147483647"/>
</pin_list>
<bind>
<StgValue><ssdm name="empty_2"/></StgValue>
</bind>
</comp>

<comp id="82" class="1004" name="ow_fu_82">
<pin_list>
<pin id="83" dir="0" index="0" bw="1" slack="0"/>
<pin id="84" dir="1" index="1" bw="4" slack="0"/>
</pin_list>
<bind>
<opcode="alloca(26) " fcode="alloca"/>
<opset="ow/1 "/>
</bind>
</comp>

<comp id="86" class="1004" name="oh_fu_86">
<pin_list>
<pin id="87" dir="0" index="0" bw="1" slack="0"/>
<pin id="88" dir="1" index="1" bw="4" slack="0"/>
</pin_list>
<bind>
<opcode="alloca(26) " fcode="alloca"/>
<opset="oh/1 "/>
</bind>
</comp>

<comp id="90" class="1004" name="indvar_flatten_fu_90">
<pin_list>
<pin id="91" dir="0" index="0" bw="1" slack="0"/>
<pin id="92" dir="1" index="1" bw="6" slack="0"/>
</pin_list>
<bind>
<opcode="alloca(26) " fcode="alloca"/>
<opset="indvar_flatten/1 "/>
</bind>
</comp>

<comp id="94" class="1004" name="och_fu_94">
<pin_list>
<pin id="95" dir="0" index="0" bw="1" slack="0"/>
<pin id="96" dir="1" index="1" bw="3" slack="0"/>
</pin_list>
<bind>
<opcode="alloca(26) " fcode="alloca"/>
<opset="och/1 "/>
</bind>
</comp>

<comp id="98" class="1004" name="indvar_flatten24_fu_98">
<pin_list>
<pin id="99" dir="0" index="0" bw="1" slack="0"/>
<pin id="100" dir="1" index="1" bw="7" slack="0"/>
</pin_list>
<bind>
<opcode="alloca(26) " fcode="alloca"/>
<opset="indvar_flatten24/1 "/>
</bind>
</comp>

<comp id="102" class="1004" name="ifmap_0_addr_gep_fu_102">
<pin_list>
<pin id="103" dir="0" index="0" bw="32" slack="0"/>
<pin id="104" dir="0" index="1" bw="1" slack="0"/>
<pin id="105" dir="0" index="2" bw="8" slack="0"/>
<pin id="106" dir="1" index="3" bw="8" slack="0"/>
</pin_list>
<bind>
<opcode="getelementptr(29) " fcode="getelementptr"/>
<opset="ifmap_0_addr/2 "/>
</bind>
</comp>

<comp id="109" class="1004" name="ifmap_0_addr_2_gep_fu_109">
<pin_list>
<pin id="110" dir="0" index="0" bw="32" slack="0"/>
<pin id="111" dir="0" index="1" bw="1" slack="0"/>
<pin id="112" dir="0" index="2" bw="8" slack="0"/>
<pin id="113" dir="1" index="3" bw="8" slack="0"/>
</pin_list>
<bind>
<opcode="getelementptr(29) " fcode="getelementptr"/>
<opset="ifmap_0_addr_2/2 "/>
</bind>
</comp>

<comp id="116" class="1004" name="ifmap_1_addr_gep_fu_116">
<pin_list>
<pin id="117" dir="0" index="0" bw="32" slack="0"/>
<pin id="118" dir="0" index="1" bw="1" slack="0"/>
<pin id="119" dir="0" index="2" bw="8" slack="0"/>
<pin id="120" dir="1" index="3" bw="8" slack="0"/>
</pin_list>
<bind>
<opcode="getelementptr(29) " fcode="getelementptr"/>
<opset="ifmap_1_addr/2 "/>
</bind>
</comp>

<comp id="123" class="1004" name="ifmap_1_addr_2_gep_fu_123">
<pin_list>
<pin id="124" dir="0" index="0" bw="32" slack="0"/>
<pin id="125" dir="0" index="1" bw="1" slack="0"/>
<pin id="126" dir="0" index="2" bw="8" slack="0"/>
<pin id="127" dir="1" index="3" bw="8" slack="0"/>
</pin_list>
<bind>
<opcode="getelementptr(29) " fcode="getelementptr"/>
<opset="ifmap_1_addr_2/2 "/>
</bind>
</comp>

<comp id="130" class="1004" name="grp_access_fu_130">
<pin_list>
<pin id="131" dir="0" index="0" bw="8" slack="0"/>
<pin id="132" dir="0" index="1" bw="32" slack="2147483647"/>
<pin id="133" dir="0" index="2" bw="0" slack="0"/>
<pin id="135" dir="0" index="4" bw="8" slack="2147483647"/>
<pin id="136" dir="0" index="5" bw="32" slack="2147483647"/>
<pin id="137" dir="0" index="6" bw="0" slack="2147483647"/>
<pin id="134" dir="1" index="3" bw="32" slack="1"/>
<pin id="138" dir="1" index="7" bw="32" slack="1"/>
</pin_list>
<bind>
<opcode="load(27) " fcode="load"/>
<opset="ifmap_0_load/2 ifmap_0_load_2/2 "/>
</bind>
</comp>

<comp id="140" class="1004" name="grp_access_fu_140">
<pin_list>
<pin id="141" dir="0" index="0" bw="8" slack="0"/>
<pin id="142" dir="0" index="1" bw="32" slack="2147483647"/>
<pin id="143" dir="0" index="2" bw="0" slack="0"/>
<pin id="145" dir="0" index="4" bw="8" slack="2147483647"/>
<pin id="146" dir="0" index="5" bw="32" slack="2147483647"/>
<pin id="147" dir="0" index="6" bw="0" slack="2147483647"/>
<pin id="144" dir="1" index="3" bw="32" slack="1"/>
<pin id="148" dir="1" index="7" bw="32" slack="1"/>
</pin_list>
<bind>
<opcode="load(27) " fcode="load"/>
<opset="ifmap_1_load/2 ifmap_1_load_2/2 "/>
</bind>
</comp>

<comp id="152" class="1004" name="ofmap_addr_gep_fu_152">
<pin_list>
<pin id="153" dir="0" index="0" bw="32" slack="0"/>
<pin id="154" dir="0" index="1" bw="1" slack="0"/>
<pin id="155" dir="0" index="2" bw="7" slack="0"/>
<pin id="156" dir="1" index="3" bw="7" slack="0"/>
</pin_list>
<bind>
<opcode="getelementptr(29) " fcode="getelementptr"/>
<opset="ofmap_addr/8 "/>
</bind>
</comp>

<comp id="159" class="1004" name="store_ln188_access_fu_159">
<pin_list>
<pin id="160" dir="0" index="0" bw="7" slack="0"/>
<pin id="161" dir="0" index="1" bw="32" slack="1"/>
<pin id="162" dir="0" index="2" bw="0" slack="2147483647"/>
<pin id="163" dir="1" index="3" bw="32" slack="2147483647"/>
</pin_list>
<bind>
<opcode="store(28) " fcode="store"/>
<opset="store_ln188/8 "/>
</bind>
</comp>

<comp id="165" class="1004" name="grp_fu_165">
<pin_list>
<pin id="166" dir="0" index="0" bw="32" slack="1"/>
<pin id="167" dir="0" index="1" bw="32" slack="1"/>
<pin id="168" dir="1" index="2" bw="1" slack="0"/>
</pin_list>
<bind>
<opcode="fcmp(46) " fcode="fcmp"/>
<opset="tmp_s/4 "/>
</bind>
</comp>

<comp id="169" class="1004" name="grp_fu_169">
<pin_list>
<pin id="170" dir="0" index="0" bw="32" slack="1"/>
<pin id="171" dir="0" index="1" bw="32" slack="1"/>
<pin id="172" dir="1" index="2" bw="1" slack="0"/>
</pin_list>
<bind>
<opcode="fcmp(46) " fcode="fcmp"/>
<opset="tmp_3/4 "/>
</bind>
</comp>

<comp id="173" class="1004" name="grp_fu_173">
<pin_list>
<pin id="174" dir="0" index="0" bw="32" slack="1"/>
<pin id="175" dir="0" index="1" bw="32" slack="1"/>
<pin id="176" dir="1" index="2" bw="1" slack="0"/>
</pin_list>
<bind>
<opcode="fcmp(46) " fcode="fcmp"/>
<opset="tmp_6/6 "/>
</bind>
</comp>

<comp id="177" class="1004" name="store_ln181_store_fu_177">
<pin_list>
<pin id="178" dir="0" index="0" bw="1" slack="0"/>
<pin id="179" dir="0" index="1" bw="7" slack="0"/>
<pin id="180" dir="1" index="2" bw="0" slack="2147483647"/>
</pin_list>
<bind>
<opcode="store(28) " fcode="store"/>
<opset="store_ln181/1 "/>
</bind>
</comp>

<comp id="182" class="1004" name="store_ln181_store_fu_182">
<pin_list>
<pin id="183" dir="0" index="0" bw="1" slack="0"/>
<pin id="184" dir="0" index="1" bw="3" slack="0"/>
<pin id="185" dir="1" index="2" bw="0" slack="2147483647"/>
</pin_list>
<bind>
<opcode="store(28) " fcode="store"/>
<opset="store_ln181/1 "/>
</bind>
</comp>

<comp id="187" class="1004" name="store_ln181_store_fu_187">
<pin_list>
<pin id="188" dir="0" index="0" bw="1" slack="0"/>
<pin id="189" dir="0" index="1" bw="6" slack="0"/>
<pin id="190" dir="1" index="2" bw="0" slack="2147483647"/>
</pin_list>
<bind>
<opcode="store(28) " fcode="store"/>
<opset="store_ln181/1 "/>
</bind>
</comp>

<comp id="192" class="1004" name="store_ln181_store_fu_192">
<pin_list>
<pin id="193" dir="0" index="0" bw="1" slack="0"/>
<pin id="194" dir="0" index="1" bw="4" slack="0"/>
<pin id="195" dir="1" index="2" bw="0" slack="2147483647"/>
</pin_list>
<bind>
<opcode="store(28) " fcode="store"/>
<opset="store_ln181/1 "/>
</bind>
</comp>

<comp id="197" class="1004" name="store_ln181_store_fu_197">
<pin_list>
<pin id="198" dir="0" index="0" bw="1" slack="0"/>
<pin id="199" dir="0" index="1" bw="4" slack="0"/>
<pin id="200" dir="1" index="2" bw="0" slack="2147483647"/>
</pin_list>
<bind>
<opcode="store(28) " fcode="store"/>
<opset="store_ln181/1 "/>
</bind>
</comp>

<comp id="202" class="1004" name="oh_2_load_fu_202">
<pin_list>
<pin id="203" dir="0" index="0" bw="4" slack="0"/>
<pin id="204" dir="1" index="1" bw="4" slack="0"/>
</pin_list>
<bind>
<opcode="load(27) " fcode="load"/>
<opset="oh_2/1 "/>
</bind>
</comp>

<comp id="205" class="1004" name="indvar_flatten24_load_load_fu_205">
<pin_list>
<pin id="206" dir="0" index="0" bw="7" slack="0"/>
<pin id="207" dir="1" index="1" bw="7" slack="0"/>
</pin_list>
<bind>
<opcode="load(27) " fcode="load"/>
<opset="indvar_flatten24_load/1 "/>
</bind>
</comp>

<comp id="208" class="1004" name="empty_fu_208">
<pin_list>
<pin id="209" dir="0" index="0" bw="4" slack="0"/>
<pin id="210" dir="0" index="1" bw="4" slack="0"/>
<pin id="211" dir="1" index="2" bw="4" slack="0"/>
</pin_list>
<bind>
<opcode="or(24) " fcode="or"/>
<opset="empty/1 "/>
</bind>
</comp>

<comp id="214" class="1004" name="tmp_13_fu_214">
<pin_list>
<pin id="215" dir="0" index="0" bw="3" slack="0"/>
<pin id="216" dir="0" index="1" bw="4" slack="0"/>
<pin id="217" dir="0" index="2" bw="1" slack="0"/>
<pin id="218" dir="0" index="3" bw="3" slack="0"/>
<pin id="219" dir="1" index="4" bw="3" slack="0"/>
</pin_list>
<bind>
<opcode="partselect(1002) " fcode="partselect"/>
<opset="tmp_13/1 "/>
</bind>
</comp>

<comp id="224" class="1004" name="icmp_ln181_fu_224">
<pin_list>
<pin id="225" dir="0" index="0" bw="7" slack="0"/>
<pin id="226" dir="0" index="1" bw="7" slack="0"/>
<pin id="227" dir="1" index="2" bw="1" slack="6"/>
</pin_list>
<bind>
<opcode="icmp(45) " fcode="icmp"/>
<opset="icmp_ln181/1 "/>
</bind>
</comp>

<comp id="230" class="1004" name="add_ln181_2_fu_230">
<pin_list>
<pin id="231" dir="0" index="0" bw="7" slack="0"/>
<pin id="232" dir="0" index="1" bw="1" slack="0"/>
<pin id="233" dir="1" index="2" bw="7" slack="0"/>
</pin_list>
<bind>
<opcode="add(8) " fcode="add"/>
<opset="add_ln181_2/1 "/>
</bind>
</comp>

<comp id="236" class="1004" name="ow_load_load_fu_236">
<pin_list>
<pin id="237" dir="0" index="0" bw="4" slack="0"/>
<pin id="238" dir="1" index="1" bw="4" slack="0"/>
</pin_list>
<bind>
<opcode="load(27) " fcode="load"/>
<opset="ow_load/1 "/>
</bind>
</comp>

<comp id="239" class="1004" name="indvar_flatten_load_load_fu_239">
<pin_list>
<pin id="240" dir="0" index="0" bw="6" slack="0"/>
<pin id="241" dir="1" index="1" bw="6" slack="0"/>
</pin_list>
<bind>
<opcode="load(27) " fcode="load"/>
<opset="indvar_flatten_load/1 "/>
</bind>
</comp>

<comp id="242" class="1004" name="och_load_load_fu_242">
<pin_list>
<pin id="243" dir="0" index="0" bw="3" slack="0"/>
<pin id="244" dir="1" index="1" bw="3" slack="0"/>
</pin_list>
<bind>
<opcode="load(27) " fcode="load"/>
<opset="och_load/1 "/>
</bind>
</comp>

<comp id="245" class="1004" name="add_ln181_fu_245">
<pin_list>
<pin id="246" dir="0" index="0" bw="3" slack="0"/>
<pin id="247" dir="0" index="1" bw="1" slack="0"/>
<pin id="248" dir="1" index="2" bw="3" slack="0"/>
</pin_list>
<bind>
<opcode="add(8) " fcode="add"/>
<opset="add_ln181/1 "/>
</bind>
</comp>

<comp id="251" class="1004" name="icmp_ln182_fu_251">
<pin_list>
<pin id="252" dir="0" index="0" bw="6" slack="0"/>
<pin id="253" dir="0" index="1" bw="6" slack="0"/>
<pin id="254" dir="1" index="2" bw="1" slack="0"/>
</pin_list>
<bind>
<opcode="icmp(45) " fcode="icmp"/>
<opset="icmp_ln182/1 "/>
</bind>
</comp>

<comp id="257" class="1004" name="select_ln181_fu_257">
<pin_list>
<pin id="258" dir="0" index="0" bw="1" slack="0"/>
<pin id="259" dir="0" index="1" bw="4" slack="0"/>
<pin id="260" dir="0" index="2" bw="4" slack="0"/>
<pin id="261" dir="1" index="3" bw="4" slack="0"/>
</pin_list>
<bind>
<opcode="select(49) " fcode="select"/>
<opset="select_ln181/1 "/>
</bind>
</comp>

<comp id="265" class="1004" name="select_ln181_5_fu_265">
<pin_list>
<pin id="266" dir="0" index="0" bw="1" slack="0"/>
<pin id="267" dir="0" index="1" bw="4" slack="0"/>
<pin id="268" dir="0" index="2" bw="4" slack="0"/>
<pin id="269" dir="1" index="3" bw="4" slack="0"/>
</pin_list>
<bind>
<opcode="select(49) " fcode="select"/>
<opset="select_ln181_5/1 "/>
</bind>
</comp>

<comp id="273" class="1004" name="select_ln181_6_fu_273">
<pin_list>
<pin id="274" dir="0" index="0" bw="1" slack="0"/>
<pin id="275" dir="0" index="1" bw="3" slack="0"/>
<pin id="276" dir="0" index="2" bw="3" slack="0"/>
<pin id="277" dir="1" index="3" bw="3" slack="0"/>
</pin_list>
<bind>
<opcode="select(49) " fcode="select"/>
<opset="select_ln181_6/1 "/>
</bind>
</comp>

<comp id="281" class="1004" name="tmp_14_fu_281">
<pin_list>
<pin id="282" dir="0" index="0" bw="6" slack="0"/>
<pin id="283" dir="0" index="1" bw="3" slack="0"/>
<pin id="284" dir="0" index="2" bw="1" slack="0"/>
<pin id="285" dir="1" index="3" bw="6" slack="0"/>
</pin_list>
<bind>
<opcode="bitconcatenate(1004) " fcode="bitconcatenate"/>
<opset="tmp_14/1 "/>
</bind>
</comp>

<comp id="289" class="1004" name="zext_ln185_6_fu_289">
<pin_list>
<pin id="290" dir="0" index="0" bw="6" slack="0"/>
<pin id="291" dir="1" index="1" bw="7" slack="0"/>
</pin_list>
<bind>
<opcode="zext(34) " fcode="zext"/>
<opset="zext_ln185_6/1 "/>
</bind>
</comp>

<comp id="293" class="1004" name="tmp_15_fu_293">
<pin_list>
<pin id="294" dir="0" index="0" bw="4" slack="0"/>
<pin id="295" dir="0" index="1" bw="3" slack="0"/>
<pin id="296" dir="0" index="2" bw="1" slack="0"/>
<pin id="297" dir="1" index="3" bw="4" slack="0"/>
</pin_list>
<bind>
<opcode="bitconcatenate(1004) " fcode="bitconcatenate"/>
<opset="tmp_15/1 "/>
</bind>
</comp>

<comp id="301" class="1004" name="zext_ln185_7_fu_301">
<pin_list>
<pin id="302" dir="0" index="0" bw="4" slack="0"/>
<pin id="303" dir="1" index="1" bw="7" slack="0"/>
</pin_list>
<bind>
<opcode="zext(34) " fcode="zext"/>
<opset="zext_ln185_7/1 "/>
</bind>
</comp>

<comp id="305" class="1004" name="add_ln185_fu_305">
<pin_list>
<pin id="306" dir="0" index="0" bw="6" slack="0"/>
<pin id="307" dir="0" index="1" bw="4" slack="0"/>
<pin id="308" dir="1" index="2" bw="7" slack="0"/>
</pin_list>
<bind>
<opcode="add(8) " fcode="add"/>
<opset="add_ln185/1 "/>
</bind>
</comp>

<comp id="311" class="1004" name="select_ln181_7_fu_311">
<pin_list>
<pin id="312" dir="0" index="0" bw="1" slack="0"/>
<pin id="313" dir="0" index="1" bw="4" slack="0"/>
<pin id="314" dir="0" index="2" bw="4" slack="0"/>
<pin id="315" dir="1" index="3" bw="4" slack="0"/>
</pin_list>
<bind>
<opcode="select(49) " fcode="select"/>
<opset="select_ln181_7/1 "/>
</bind>
</comp>

<comp id="319" class="1004" name="select_ln181_8_fu_319">
<pin_list>
<pin id="320" dir="0" index="0" bw="1" slack="0"/>
<pin id="321" dir="0" index="1" bw="3" slack="0"/>
<pin id="322" dir="0" index="2" bw="3" slack="0"/>
<pin id="323" dir="1" index="3" bw="3" slack="0"/>
</pin_list>
<bind>
<opcode="select(49) " fcode="select"/>
<opset="select_ln181_8/1 "/>
</bind>
</comp>

<comp id="327" class="1004" name="icmp_ln183_fu_327">
<pin_list>
<pin id="328" dir="0" index="0" bw="4" slack="0"/>
<pin id="329" dir="0" index="1" bw="4" slack="0"/>
<pin id="330" dir="1" index="2" bw="1" slack="0"/>
</pin_list>
<bind>
<opcode="icmp(45) " fcode="icmp"/>
<opset="icmp_ln183/1 "/>
</bind>
</comp>

<comp id="333" class="1004" name="or_ln181_fu_333">
<pin_list>
<pin id="334" dir="0" index="0" bw="1" slack="0"/>
<pin id="335" dir="0" index="1" bw="1" slack="0"/>
<pin id="336" dir="1" index="2" bw="1" slack="0"/>
</pin_list>
<bind>
<opcode="or(24) " fcode="or"/>
<opset="or_ln181/1 "/>
</bind>
</comp>

<comp id="339" class="1004" name="add_ln182_fu_339">
<pin_list>
<pin id="340" dir="0" index="0" bw="4" slack="0"/>
<pin id="341" dir="0" index="1" bw="3" slack="0"/>
<pin id="342" dir="1" index="2" bw="4" slack="0"/>
</pin_list>
<bind>
<opcode="add(8) " fcode="add"/>
<opset="add_ln182/1 "/>
</bind>
</comp>

<comp id="345" class="1004" name="select_ln182_fu_345">
<pin_list>
<pin id="346" dir="0" index="0" bw="1" slack="0"/>
<pin id="347" dir="0" index="1" bw="4" slack="0"/>
<pin id="348" dir="0" index="2" bw="4" slack="0"/>
<pin id="349" dir="1" index="3" bw="4" slack="0"/>
</pin_list>
<bind>
<opcode="select(49) " fcode="select"/>
<opset="select_ln182/1 "/>
</bind>
</comp>

<comp id="353" class="1004" name="select_ln182_5_fu_353">
<pin_list>
<pin id="354" dir="0" index="0" bw="1" slack="0"/>
<pin id="355" dir="0" index="1" bw="4" slack="0"/>
<pin id="356" dir="0" index="2" bw="4" slack="0"/>
<pin id="357" dir="1" index="3" bw="4" slack="0"/>
</pin_list>
<bind>
<opcode="select(49) " fcode="select"/>
<opset="select_ln182_5/1 "/>
</bind>
</comp>

<comp id="361" class="1004" name="zext_ln185_8_fu_361">
<pin_list>
<pin id="362" dir="0" index="0" bw="4" slack="0"/>
<pin id="363" dir="1" index="1" bw="7" slack="0"/>
</pin_list>
<bind>
<opcode="zext(34) " fcode="zext"/>
<opset="zext_ln185_8/1 "/>
</bind>
</comp>

<comp id="365" class="1004" name="add_ln185_2_fu_365">
<pin_list>
<pin id="366" dir="0" index="0" bw="7" slack="0"/>
<pin id="367" dir="0" index="1" bw="4" slack="0"/>
<pin id="368" dir="1" index="2" bw="7" slack="0"/>
</pin_list>
<bind>
<opcode="add(8) " fcode="add"/>
<opset="add_ln185_2/1 "/>
</bind>
</comp>

<comp id="371" class="1004" name="trunc_ln185_fu_371">
<pin_list>
<pin id="372" dir="0" index="0" bw="7" slack="0"/>
<pin id="373" dir="1" index="1" bw="6" slack="1"/>
</pin_list>
<bind>
<opcode="trunc(33) " fcode="trunc"/>
<opset="trunc_ln185/1 "/>
</bind>
</comp>

<comp id="375" class="1004" name="p_mid1_fu_375">
<pin_list>
<pin id="376" dir="0" index="0" bw="4" slack="0"/>
<pin id="377" dir="0" index="1" bw="4" slack="0"/>
<pin id="378" dir="1" index="2" bw="4" slack="0"/>
</pin_list>
<bind>
<opcode="or(24) " fcode="or"/>
<opset="p_mid1/1 "/>
</bind>
</comp>

<comp id="381" class="1004" name="select_ln182_6_fu_381">
<pin_list>
<pin id="382" dir="0" index="0" bw="1" slack="0"/>
<pin id="383" dir="0" index="1" bw="4" slack="0"/>
<pin id="384" dir="0" index="2" bw="4" slack="0"/>
<pin id="385" dir="1" index="3" bw="4" slack="0"/>
</pin_list>
<bind>
<opcode="select(49) " fcode="select"/>
<opset="select_ln182_6/1 "/>
</bind>
</comp>

<comp id="389" class="1004" name="zext_ln186_fu_389">
<pin_list>
<pin id="390" dir="0" index="0" bw="4" slack="0"/>
<pin id="391" dir="1" index="1" bw="7" slack="0"/>
</pin_list>
<bind>
<opcode="zext(34) " fcode="zext"/>
<opset="zext_ln186/1 "/>
</bind>
</comp>

<comp id="393" class="1004" name="add_ln186_fu_393">
<pin_list>
<pin id="394" dir="0" index="0" bw="7" slack="0"/>
<pin id="395" dir="0" index="1" bw="4" slack="0"/>
<pin id="396" dir="1" index="2" bw="7" slack="0"/>
</pin_list>
<bind>
<opcode="add(8) " fcode="add"/>
<opset="add_ln186/1 "/>
</bind>
</comp>

<comp id="399" class="1004" name="trunc_ln186_fu_399">
<pin_list>
<pin id="400" dir="0" index="0" bw="7" slack="0"/>
<pin id="401" dir="1" index="1" bw="6" slack="1"/>
</pin_list>
<bind>
<opcode="trunc(33) " fcode="trunc"/>
<opset="trunc_ln186/1 "/>
</bind>
</comp>

<comp id="403" class="1004" name="p_mid_fu_403">
<pin_list>
<pin id="404" dir="0" index="0" bw="3" slack="0"/>
<pin id="405" dir="0" index="1" bw="4" slack="0"/>
<pin id="406" dir="0" index="2" bw="1" slack="0"/>
<pin id="407" dir="0" index="3" bw="3" slack="0"/>
<pin id="408" dir="1" index="4" bw="3" slack="0"/>
</pin_list>
<bind>
<opcode="partselect(1002) " fcode="partselect"/>
<opset="p_mid/1 "/>
</bind>
</comp>

<comp id="413" class="1004" name="select_ln182_7_fu_413">
<pin_list>
<pin id="414" dir="0" index="0" bw="1" slack="0"/>
<pin id="415" dir="0" index="1" bw="3" slack="0"/>
<pin id="416" dir="0" index="2" bw="3" slack="0"/>
<pin id="417" dir="1" index="3" bw="3" slack="1"/>
</pin_list>
<bind>
<opcode="select(49) " fcode="select"/>
<opset="select_ln182_7/1 "/>
</bind>
</comp>

<comp id="421" class="1004" name="lshr_ln_fu_421">
<pin_list>
<pin id="422" dir="0" index="0" bw="3" slack="0"/>
<pin id="423" dir="0" index="1" bw="4" slack="0"/>
<pin id="424" dir="0" index="2" bw="1" slack="0"/>
<pin id="425" dir="0" index="3" bw="3" slack="0"/>
<pin id="426" dir="1" index="4" bw="3" slack="1"/>
</pin_list>
<bind>
<opcode="partselect(1002) " fcode="partselect"/>
<opset="lshr_ln/1 "/>
</bind>
</comp>

<comp id="431" class="1004" name="add_ln183_fu_431">
<pin_list>
<pin id="432" dir="0" index="0" bw="4" slack="0"/>
<pin id="433" dir="0" index="1" bw="3" slack="0"/>
<pin id="434" dir="1" index="2" bw="4" slack="0"/>
</pin_list>
<bind>
<opcode="add(8) " fcode="add"/>
<opset="add_ln183/1 "/>
</bind>
</comp>

<comp id="437" class="1004" name="add_ln182_2_fu_437">
<pin_list>
<pin id="438" dir="0" index="0" bw="6" slack="0"/>
<pin id="439" dir="0" index="1" bw="1" slack="0"/>
<pin id="440" dir="1" index="2" bw="6" slack="0"/>
</pin_list>
<bind>
<opcode="add(8) " fcode="add"/>
<opset="add_ln182_2/1 "/>
</bind>
</comp>

<comp id="443" class="1004" name="select_ln182_8_fu_443">
<pin_list>
<pin id="444" dir="0" index="0" bw="1" slack="0"/>
<pin id="445" dir="0" index="1" bw="6" slack="0"/>
<pin id="446" dir="0" index="2" bw="6" slack="0"/>
<pin id="447" dir="1" index="3" bw="6" slack="0"/>
</pin_list>
<bind>
<opcode="select(49) " fcode="select"/>
<opset="select_ln182_8/1 "/>
</bind>
</comp>

<comp id="451" class="1004" name="store_ln183_store_fu_451">
<pin_list>
<pin id="452" dir="0" index="0" bw="7" slack="0"/>
<pin id="453" dir="0" index="1" bw="7" slack="0"/>
<pin id="454" dir="1" index="2" bw="0" slack="2147483647"/>
</pin_list>
<bind>
<opcode="store(28) " fcode="store"/>
<opset="store_ln183/1 "/>
</bind>
</comp>

<comp id="456" class="1004" name="store_ln183_store_fu_456">
<pin_list>
<pin id="457" dir="0" index="0" bw="3" slack="0"/>
<pin id="458" dir="0" index="1" bw="3" slack="0"/>
<pin id="459" dir="1" index="2" bw="0" slack="2147483647"/>
</pin_list>
<bind>
<opcode="store(28) " fcode="store"/>
<opset="store_ln183/1 "/>
</bind>
</comp>

<comp id="461" class="1004" name="store_ln183_store_fu_461">
<pin_list>
<pin id="462" dir="0" index="0" bw="6" slack="0"/>
<pin id="463" dir="0" index="1" bw="6" slack="0"/>
<pin id="464" dir="1" index="2" bw="0" slack="2147483647"/>
</pin_list>
<bind>
<opcode="store(28) " fcode="store"/>
<opset="store_ln183/1 "/>
</bind>
</comp>

<comp id="466" class="1004" name="store_ln183_store_fu_466">
<pin_list>
<pin id="467" dir="0" index="0" bw="4" slack="0"/>
<pin id="468" dir="0" index="1" bw="4" slack="0"/>
<pin id="469" dir="1" index="2" bw="0" slack="2147483647"/>
</pin_list>
<bind>
<opcode="store(28) " fcode="store"/>
<opset="store_ln183/1 "/>
</bind>
</comp>

<comp id="471" class="1004" name="store_ln183_store_fu_471">
<pin_list>
<pin id="472" dir="0" index="0" bw="4" slack="0"/>
<pin id="473" dir="0" index="1" bw="4" slack="0"/>
<pin id="474" dir="1" index="2" bw="0" slack="2147483647"/>
</pin_list>
<bind>
<opcode="store(28) " fcode="store"/>
<opset="store_ln183/1 "/>
</bind>
</comp>

<comp id="476" class="1004" name="zext_ln185_fu_476">
<pin_list>
<pin id="477" dir="0" index="0" bw="3" slack="1"/>
<pin id="478" dir="1" index="1" bw="6" slack="0"/>
</pin_list>
<bind>
<opcode="zext(34) " fcode="zext"/>
<opset="zext_ln185/2 "/>
</bind>
</comp>

<comp id="479" class="1004" name="tmp_16_fu_479">
<pin_list>
<pin id="480" dir="0" index="0" bw="5" slack="0"/>
<pin id="481" dir="0" index="1" bw="3" slack="1"/>
<pin id="482" dir="0" index="2" bw="1" slack="0"/>
<pin id="483" dir="1" index="3" bw="5" slack="0"/>
</pin_list>
<bind>
<opcode="bitconcatenate(1004) " fcode="bitconcatenate"/>
<opset="tmp_16/2 "/>
</bind>
</comp>

<comp id="486" class="1004" name="zext_ln188_fu_486">
<pin_list>
<pin id="487" dir="0" index="0" bw="5" slack="0"/>
<pin id="488" dir="1" index="1" bw="6" slack="0"/>
</pin_list>
<bind>
<opcode="zext(34) " fcode="zext"/>
<opset="zext_ln188/2 "/>
</bind>
</comp>

<comp id="490" class="1004" name="add_ln188_fu_490">
<pin_list>
<pin id="491" dir="0" index="0" bw="5" slack="0"/>
<pin id="492" dir="0" index="1" bw="3" slack="0"/>
<pin id="493" dir="1" index="2" bw="6" slack="0"/>
</pin_list>
<bind>
<opcode="add(8) " fcode="add"/>
<opset="add_ln188/2 "/>
</bind>
</comp>

<comp id="496" class="1004" name="zext_ln185_9_fu_496">
<pin_list>
<pin id="497" dir="0" index="0" bw="7" slack="1"/>
<pin id="498" dir="1" index="1" bw="8" slack="0"/>
</pin_list>
<bind>
<opcode="zext(34) " fcode="zext"/>
<opset="zext_ln185_9/2 "/>
</bind>
</comp>

<comp id="499" class="1004" name="p_shl2_fu_499">
<pin_list>
<pin id="500" dir="0" index="0" bw="8" slack="0"/>
<pin id="501" dir="0" index="1" bw="6" slack="1"/>
<pin id="502" dir="0" index="2" bw="1" slack="0"/>
<pin id="503" dir="1" index="3" bw="8" slack="0"/>
</pin_list>
<bind>
<opcode="bitconcatenate(1004) " fcode="bitconcatenate"/>
<opset="p_shl2/2 "/>
</bind>
</comp>

<comp id="506" class="1004" name="add_ln185_3_fu_506">
<pin_list>
<pin id="507" dir="0" index="0" bw="8" slack="0"/>
<pin id="508" dir="0" index="1" bw="7" slack="0"/>
<pin id="509" dir="1" index="2" bw="8" slack="0"/>
</pin_list>
<bind>
<opcode="add(8) " fcode="add"/>
<opset="add_ln185_3/2 "/>
</bind>
</comp>

<comp id="512" class="1004" name="zext_ln186_2_fu_512">
<pin_list>
<pin id="513" dir="0" index="0" bw="7" slack="1"/>
<pin id="514" dir="1" index="1" bw="8" slack="0"/>
</pin_list>
<bind>
<opcode="zext(34) " fcode="zext"/>
<opset="zext_ln186_2/2 "/>
</bind>
</comp>

<comp id="515" class="1004" name="p_shl1_fu_515">
<pin_list>
<pin id="516" dir="0" index="0" bw="8" slack="0"/>
<pin id="517" dir="0" index="1" bw="6" slack="1"/>
<pin id="518" dir="0" index="2" bw="1" slack="0"/>
<pin id="519" dir="1" index="3" bw="8" slack="0"/>
</pin_list>
<bind>
<opcode="bitconcatenate(1004) " fcode="bitconcatenate"/>
<opset="p_shl1/2 "/>
</bind>
</comp>

<comp id="522" class="1004" name="add_ln186_2_fu_522">
<pin_list>
<pin id="523" dir="0" index="0" bw="8" slack="0"/>
<pin id="524" dir="0" index="1" bw="7" slack="0"/>
<pin id="525" dir="1" index="2" bw="8" slack="0"/>
</pin_list>
<bind>
<opcode="add(8) " fcode="add"/>
<opset="add_ln186_2/2 "/>
</bind>
</comp>

<comp id="528" class="1004" name="zext_ln188_4_fu_528">
<pin_list>
<pin id="529" dir="0" index="0" bw="3" slack="1"/>
<pin id="530" dir="1" index="1" bw="6" slack="0"/>
</pin_list>
<bind>
<opcode="zext(34) " fcode="zext"/>
<opset="zext_ln188_4/2 "/>
</bind>
</comp>

<comp id="531" class="1004" name="add_ln188_2_fu_531">
<pin_list>
<pin id="532" dir="0" index="0" bw="6" slack="0"/>
<pin id="533" dir="0" index="1" bw="3" slack="0"/>
<pin id="534" dir="1" index="2" bw="6" slack="0"/>
</pin_list>
<bind>
<opcode="add(8) " fcode="add"/>
<opset="add_ln188_2/2 "/>
</bind>
</comp>

<comp id="537" class="1004" name="zext_ln188_5_fu_537">
<pin_list>
<pin id="538" dir="0" index="0" bw="6" slack="0"/>
<pin id="539" dir="1" index="1" bw="7" slack="0"/>
</pin_list>
<bind>
<opcode="zext(34) " fcode="zext"/>
<opset="zext_ln188_5/2 "/>
</bind>
</comp>

<comp id="541" class="1004" name="trunc_ln188_fu_541">
<pin_list>
<pin id="542" dir="0" index="0" bw="6" slack="0"/>
<pin id="543" dir="1" index="1" bw="5" slack="0"/>
</pin_list>
<bind>
<opcode="trunc(33) " fcode="trunc"/>
<opset="trunc_ln188/2 "/>
</bind>
</comp>

<comp id="545" class="1004" name="p_shl_fu_545">
<pin_list>
<pin id="546" dir="0" index="0" bw="7" slack="0"/>
<pin id="547" dir="0" index="1" bw="5" slack="0"/>
<pin id="548" dir="0" index="2" bw="1" slack="0"/>
<pin id="549" dir="1" index="3" bw="7" slack="0"/>
</pin_list>
<bind>
<opcode="bitconcatenate(1004) " fcode="bitconcatenate"/>
<opset="p_shl/2 "/>
</bind>
</comp>

<comp id="553" class="1004" name="add_ln188_3_fu_553">
<pin_list>
<pin id="554" dir="0" index="0" bw="7" slack="0"/>
<pin id="555" dir="0" index="1" bw="6" slack="0"/>
<pin id="556" dir="1" index="2" bw="7" slack="0"/>
</pin_list>
<bind>
<opcode="add(8) " fcode="add"/>
<opset="add_ln188_3/2 "/>
</bind>
</comp>

<comp id="559" class="1004" name="zext_ln185_10_fu_559">
<pin_list>
<pin id="560" dir="0" index="0" bw="3" slack="1"/>
<pin id="561" dir="1" index="1" bw="7" slack="0"/>
</pin_list>
<bind>
<opcode="zext(34) " fcode="zext"/>
<opset="zext_ln185_10/2 "/>
</bind>
</comp>

<comp id="562" class="1004" name="zext_ln185_11_fu_562">
<pin_list>
<pin id="563" dir="0" index="0" bw="3" slack="1"/>
<pin id="564" dir="1" index="1" bw="8" slack="0"/>
</pin_list>
<bind>
<opcode="zext(34) " fcode="zext"/>
<opset="zext_ln185_11/2 "/>
</bind>
</comp>

<comp id="565" class="1004" name="add_ln185_4_fu_565">
<pin_list>
<pin id="566" dir="0" index="0" bw="8" slack="0"/>
<pin id="567" dir="0" index="1" bw="3" slack="0"/>
<pin id="568" dir="1" index="2" bw="8" slack="0"/>
</pin_list>
<bind>
<opcode="add(8) " fcode="add"/>
<opset="add_ln185_4/2 "/>
</bind>
</comp>

<comp id="571" class="1004" name="zext_ln185_12_fu_571">
<pin_list>
<pin id="572" dir="0" index="0" bw="8" slack="0"/>
<pin id="573" dir="1" index="1" bw="64" slack="0"/>
</pin_list>
<bind>
<opcode="zext(34) " fcode="zext"/>
<opset="zext_ln185_12/2 "/>
</bind>
</comp>

<comp id="577" class="1004" name="add_ln186_3_fu_577">
<pin_list>
<pin id="578" dir="0" index="0" bw="8" slack="0"/>
<pin id="579" dir="0" index="1" bw="3" slack="0"/>
<pin id="580" dir="1" index="2" bw="8" slack="0"/>
</pin_list>
<bind>
<opcode="add(8) " fcode="add"/>
<opset="add_ln186_3/2 "/>
</bind>
</comp>

<comp id="583" class="1004" name="zext_ln186_3_fu_583">
<pin_list>
<pin id="584" dir="0" index="0" bw="8" slack="0"/>
<pin id="585" dir="1" index="1" bw="64" slack="0"/>
</pin_list>
<bind>
<opcode="zext(34) " fcode="zext"/>
<opset="zext_ln186_3/2 "/>
</bind>
</comp>

<comp id="589" class="1004" name="add_ln188_4_fu_589">
<pin_list>
<pin id="590" dir="0" index="0" bw="7" slack="0"/>
<pin id="591" dir="0" index="1" bw="3" slack="0"/>
<pin id="592" dir="1" index="2" bw="7" slack="6"/>
</pin_list>
<bind>
<opcode="add(8) " fcode="add"/>
<opset="add_ln188_4/2 "/>
</bind>
</comp>

<comp id="595" class="1004" name="bitcast_ln185_fu_595">
<pin_list>
<pin id="596" dir="0" index="0" bw="32" slack="2"/>
<pin id="597" dir="1" index="1" bw="32" slack="0"/>
</pin_list>
<bind>
<opcode="bitcast(44) " fcode="bitcast"/>
<opset="bitcast_ln185/5 "/>
</bind>
</comp>

<comp id="598" class="1004" name="tmp_fu_598">
<pin_list>
<pin id="599" dir="0" index="0" bw="8" slack="0"/>
<pin id="600" dir="0" index="1" bw="32" slack="0"/>
<pin id="601" dir="0" index="2" bw="6" slack="0"/>
<pin id="602" dir="0" index="3" bw="6" slack="0"/>
<pin id="603" dir="1" index="4" bw="8" slack="0"/>
</pin_list>
<bind>
<opcode="partselect(1002) " fcode="partselect"/>
<opset="tmp/5 "/>
</bind>
</comp>

<comp id="608" class="1004" name="trunc_ln185_4_fu_608">
<pin_list>
<pin id="609" dir="0" index="0" bw="32" slack="0"/>
<pin id="610" dir="1" index="1" bw="23" slack="0"/>
</pin_list>
<bind>
<opcode="trunc(33) " fcode="trunc"/>
<opset="trunc_ln185_4/5 "/>
</bind>
</comp>

<comp id="612" class="1004" name="bitcast_ln185_2_fu_612">
<pin_list>
<pin id="613" dir="0" index="0" bw="32" slack="2"/>
<pin id="614" dir="1" index="1" bw="32" slack="0"/>
</pin_list>
<bind>
<opcode="bitcast(44) " fcode="bitcast"/>
<opset="bitcast_ln185_2/5 "/>
</bind>
</comp>

<comp id="615" class="1004" name="tmp_9_fu_615">
<pin_list>
<pin id="616" dir="0" index="0" bw="8" slack="0"/>
<pin id="617" dir="0" index="1" bw="32" slack="0"/>
<pin id="618" dir="0" index="2" bw="6" slack="0"/>
<pin id="619" dir="0" index="3" bw="6" slack="0"/>
<pin id="620" dir="1" index="4" bw="8" slack="0"/>
</pin_list>
<bind>
<opcode="partselect(1002) " fcode="partselect"/>
<opset="tmp_9/5 "/>
</bind>
</comp>

<comp id="625" class="1004" name="trunc_ln185_5_fu_625">
<pin_list>
<pin id="626" dir="0" index="0" bw="32" slack="0"/>
<pin id="627" dir="1" index="1" bw="23" slack="0"/>
</pin_list>
<bind>
<opcode="trunc(33) " fcode="trunc"/>
<opset="trunc_ln185_5/5 "/>
</bind>
</comp>

<comp id="629" class="1004" name="icmp_ln185_fu_629">
<pin_list>
<pin id="630" dir="0" index="0" bw="8" slack="0"/>
<pin id="631" dir="0" index="1" bw="8" slack="0"/>
<pin id="632" dir="1" index="2" bw="1" slack="0"/>
</pin_list>
<bind>
<opcode="icmp(45) " fcode="icmp"/>
<opset="icmp_ln185/5 "/>
</bind>
</comp>

<comp id="635" class="1004" name="icmp_ln185_4_fu_635">
<pin_list>
<pin id="636" dir="0" index="0" bw="23" slack="0"/>
<pin id="637" dir="0" index="1" bw="23" slack="0"/>
<pin id="638" dir="1" index="2" bw="1" slack="0"/>
</pin_list>
<bind>
<opcode="icmp(45) " fcode="icmp"/>
<opset="icmp_ln185_4/5 "/>
</bind>
</comp>

<comp id="641" class="1004" name="or_ln185_fu_641">
<pin_list>
<pin id="642" dir="0" index="0" bw="1" slack="0"/>
<pin id="643" dir="0" index="1" bw="1" slack="0"/>
<pin id="644" dir="1" index="2" bw="1" slack="0"/>
</pin_list>
<bind>
<opcode="or(24) " fcode="or"/>
<opset="or_ln185/5 "/>
</bind>
</comp>

<comp id="647" class="1004" name="icmp_ln185_5_fu_647">
<pin_list>
<pin id="648" dir="0" index="0" bw="8" slack="0"/>
<pin id="649" dir="0" index="1" bw="8" slack="0"/>
<pin id="650" dir="1" index="2" bw="1" slack="0"/>
</pin_list>
<bind>
<opcode="icmp(45) " fcode="icmp"/>
<opset="icmp_ln185_5/5 "/>
</bind>
</comp>

<comp id="653" class="1004" name="icmp_ln185_6_fu_653">
<pin_list>
<pin id="654" dir="0" index="0" bw="23" slack="0"/>
<pin id="655" dir="0" index="1" bw="23" slack="0"/>
<pin id="656" dir="1" index="2" bw="1" slack="0"/>
</pin_list>
<bind>
<opcode="icmp(45) " fcode="icmp"/>
<opset="icmp_ln185_6/5 "/>
</bind>
</comp>

<comp id="659" class="1004" name="or_ln185_2_fu_659">
<pin_list>
<pin id="660" dir="0" index="0" bw="1" slack="0"/>
<pin id="661" dir="0" index="1" bw="1" slack="0"/>
<pin id="662" dir="1" index="2" bw="1" slack="0"/>
</pin_list>
<bind>
<opcode="or(24) " fcode="or"/>
<opset="or_ln185_2/5 "/>
</bind>
</comp>

<comp id="665" class="1004" name="and_ln185_fu_665">
<pin_list>
<pin id="666" dir="0" index="0" bw="1" slack="0"/>
<pin id="667" dir="0" index="1" bw="1" slack="0"/>
<pin id="668" dir="1" index="2" bw="1" slack="0"/>
</pin_list>
<bind>
<opcode="and(23) " fcode="and"/>
<opset="and_ln185/5 "/>
</bind>
</comp>

<comp id="671" class="1004" name="and_ln185_2_fu_671">
<pin_list>
<pin id="672" dir="0" index="0" bw="1" slack="0"/>
<pin id="673" dir="0" index="1" bw="1" slack="0"/>
<pin id="674" dir="1" index="2" bw="1" slack="0"/>
</pin_list>
<bind>
<opcode="and(23) " fcode="and"/>
<opset="and_ln185_2/5 "/>
</bind>
</comp>

<comp id="677" class="1004" name="max_0_fu_677">
<pin_list>
<pin id="678" dir="0" index="0" bw="1" slack="0"/>
<pin id="679" dir="0" index="1" bw="32" slack="2"/>
<pin id="680" dir="0" index="2" bw="32" slack="2"/>
<pin id="681" dir="1" index="3" bw="32" slack="1"/>
</pin_list>
<bind>
<opcode="select(49) " fcode="select"/>
<opset="max_0/5 "/>
</bind>
</comp>

<comp id="683" class="1004" name="bitcast_ln186_fu_683">
<pin_list>
<pin id="684" dir="0" index="0" bw="32" slack="2"/>
<pin id="685" dir="1" index="1" bw="32" slack="0"/>
</pin_list>
<bind>
<opcode="bitcast(44) " fcode="bitcast"/>
<opset="bitcast_ln186/5 "/>
</bind>
</comp>

<comp id="686" class="1004" name="tmp_1_fu_686">
<pin_list>
<pin id="687" dir="0" index="0" bw="8" slack="0"/>
<pin id="688" dir="0" index="1" bw="32" slack="0"/>
<pin id="689" dir="0" index="2" bw="6" slack="0"/>
<pin id="690" dir="0" index="3" bw="6" slack="0"/>
<pin id="691" dir="1" index="4" bw="8" slack="0"/>
</pin_list>
<bind>
<opcode="partselect(1002) " fcode="partselect"/>
<opset="tmp_1/5 "/>
</bind>
</comp>

<comp id="696" class="1004" name="trunc_ln186_4_fu_696">
<pin_list>
<pin id="697" dir="0" index="0" bw="32" slack="0"/>
<pin id="698" dir="1" index="1" bw="23" slack="0"/>
</pin_list>
<bind>
<opcode="trunc(33) " fcode="trunc"/>
<opset="trunc_ln186_4/5 "/>
</bind>
</comp>

<comp id="700" class="1004" name="bitcast_ln186_2_fu_700">
<pin_list>
<pin id="701" dir="0" index="0" bw="32" slack="2"/>
<pin id="702" dir="1" index="1" bw="32" slack="0"/>
</pin_list>
<bind>
<opcode="bitcast(44) " fcode="bitcast"/>
<opset="bitcast_ln186_2/5 "/>
</bind>
</comp>

<comp id="703" class="1004" name="tmp_2_fu_703">
<pin_list>
<pin id="704" dir="0" index="0" bw="8" slack="0"/>
<pin id="705" dir="0" index="1" bw="32" slack="0"/>
<pin id="706" dir="0" index="2" bw="6" slack="0"/>
<pin id="707" dir="0" index="3" bw="6" slack="0"/>
<pin id="708" dir="1" index="4" bw="8" slack="0"/>
</pin_list>
<bind>
<opcode="partselect(1002) " fcode="partselect"/>
<opset="tmp_2/5 "/>
</bind>
</comp>

<comp id="713" class="1004" name="trunc_ln186_5_fu_713">
<pin_list>
<pin id="714" dir="0" index="0" bw="32" slack="0"/>
<pin id="715" dir="1" index="1" bw="23" slack="0"/>
</pin_list>
<bind>
<opcode="trunc(33) " fcode="trunc"/>
<opset="trunc_ln186_5/5 "/>
</bind>
</comp>

<comp id="717" class="1004" name="icmp_ln186_fu_717">
<pin_list>
<pin id="718" dir="0" index="0" bw="8" slack="0"/>
<pin id="719" dir="0" index="1" bw="8" slack="0"/>
<pin id="720" dir="1" index="2" bw="1" slack="0"/>
</pin_list>
<bind>
<opcode="icmp(45) " fcode="icmp"/>
<opset="icmp_ln186/5 "/>
</bind>
</comp>

<comp id="723" class="1004" name="icmp_ln186_4_fu_723">
<pin_list>
<pin id="724" dir="0" index="0" bw="23" slack="0"/>
<pin id="725" dir="0" index="1" bw="23" slack="0"/>
<pin id="726" dir="1" index="2" bw="1" slack="0"/>
</pin_list>
<bind>
<opcode="icmp(45) " fcode="icmp"/>
<opset="icmp_ln186_4/5 "/>
</bind>
</comp>

<comp id="729" class="1004" name="or_ln186_fu_729">
<pin_list>
<pin id="730" dir="0" index="0" bw="1" slack="0"/>
<pin id="731" dir="0" index="1" bw="1" slack="0"/>
<pin id="732" dir="1" index="2" bw="1" slack="0"/>
</pin_list>
<bind>
<opcode="or(24) " fcode="or"/>
<opset="or_ln186/5 "/>
</bind>
</comp>

<comp id="735" class="1004" name="icmp_ln186_5_fu_735">
<pin_list>
<pin id="736" dir="0" index="0" bw="8" slack="0"/>
<pin id="737" dir="0" index="1" bw="8" slack="0"/>
<pin id="738" dir="1" index="2" bw="1" slack="0"/>
</pin_list>
<bind>
<opcode="icmp(45) " fcode="icmp"/>
<opset="icmp_ln186_5/5 "/>
</bind>
</comp>

<comp id="741" class="1004" name="icmp_ln186_6_fu_741">
<pin_list>
<pin id="742" dir="0" index="0" bw="23" slack="0"/>
<pin id="743" dir="0" index="1" bw="23" slack="0"/>
<pin id="744" dir="1" index="2" bw="1" slack="0"/>
</pin_list>
<bind>
<opcode="icmp(45) " fcode="icmp"/>
<opset="icmp_ln186_6/5 "/>
</bind>
</comp>

<comp id="747" class="1004" name="or_ln186_2_fu_747">
<pin_list>
<pin id="748" dir="0" index="0" bw="1" slack="0"/>
<pin id="749" dir="0" index="1" bw="1" slack="0"/>
<pin id="750" dir="1" index="2" bw="1" slack="0"/>
</pin_list>
<bind>
<opcode="or(24) " fcode="or"/>
<opset="or_ln186_2/5 "/>
</bind>
</comp>

<comp id="753" class="1004" name="and_ln186_fu_753">
<pin_list>
<pin id="754" dir="0" index="0" bw="1" slack="0"/>
<pin id="755" dir="0" index="1" bw="1" slack="0"/>
<pin id="756" dir="1" index="2" bw="1" slack="0"/>
</pin_list>
<bind>
<opcode="and(23) " fcode="and"/>
<opset="and_ln186/5 "/>
</bind>
</comp>

<comp id="759" class="1004" name="and_ln186_2_fu_759">
<pin_list>
<pin id="760" dir="0" index="0" bw="1" slack="0"/>
<pin id="761" dir="0" index="1" bw="1" slack="0"/>
<pin id="762" dir="1" index="2" bw="1" slack="0"/>
</pin_list>
<bind>
<opcode="and(23) " fcode="and"/>
<opset="and_ln186_2/5 "/>
</bind>
</comp>

<comp id="765" class="1004" name="max_1_fu_765">
<pin_list>
<pin id="766" dir="0" index="0" bw="1" slack="0"/>
<pin id="767" dir="0" index="1" bw="32" slack="2"/>
<pin id="768" dir="0" index="2" bw="32" slack="2"/>
<pin id="769" dir="1" index="3" bw="32" slack="1"/>
</pin_list>
<bind>
<opcode="select(49) " fcode="select"/>
<opset="max_1/5 "/>
</bind>
</comp>

<comp id="771" class="1004" name="bitcast_ln188_fu_771">
<pin_list>
<pin id="772" dir="0" index="0" bw="32" slack="2"/>
<pin id="773" dir="1" index="1" bw="32" slack="0"/>
</pin_list>
<bind>
<opcode="bitcast(44) " fcode="bitcast"/>
<opset="bitcast_ln188/7 "/>
</bind>
</comp>

<comp id="774" class="1004" name="tmp_4_fu_774">
<pin_list>
<pin id="775" dir="0" index="0" bw="8" slack="0"/>
<pin id="776" dir="0" index="1" bw="32" slack="0"/>
<pin id="777" dir="0" index="2" bw="6" slack="0"/>
<pin id="778" dir="0" index="3" bw="6" slack="0"/>
<pin id="779" dir="1" index="4" bw="8" slack="0"/>
</pin_list>
<bind>
<opcode="partselect(1002) " fcode="partselect"/>
<opset="tmp_4/7 "/>
</bind>
</comp>

<comp id="784" class="1004" name="trunc_ln188_4_fu_784">
<pin_list>
<pin id="785" dir="0" index="0" bw="32" slack="0"/>
<pin id="786" dir="1" index="1" bw="23" slack="0"/>
</pin_list>
<bind>
<opcode="trunc(33) " fcode="trunc"/>
<opset="trunc_ln188_4/7 "/>
</bind>
</comp>

<comp id="788" class="1004" name="bitcast_ln188_2_fu_788">
<pin_list>
<pin id="789" dir="0" index="0" bw="32" slack="2"/>
<pin id="790" dir="1" index="1" bw="32" slack="0"/>
</pin_list>
<bind>
<opcode="bitcast(44) " fcode="bitcast"/>
<opset="bitcast_ln188_2/7 "/>
</bind>
</comp>

<comp id="791" class="1004" name="tmp_5_fu_791">
<pin_list>
<pin id="792" dir="0" index="0" bw="8" slack="0"/>
<pin id="793" dir="0" index="1" bw="32" slack="0"/>
<pin id="794" dir="0" index="2" bw="6" slack="0"/>
<pin id="795" dir="0" index="3" bw="6" slack="0"/>
<pin id="796" dir="1" index="4" bw="8" slack="0"/>
</pin_list>
<bind>
<opcode="partselect(1002) " fcode="partselect"/>
<opset="tmp_5/7 "/>
</bind>
</comp>

<comp id="801" class="1004" name="trunc_ln188_5_fu_801">
<pin_list>
<pin id="802" dir="0" index="0" bw="32" slack="0"/>
<pin id="803" dir="1" index="1" bw="23" slack="0"/>
</pin_list>
<bind>
<opcode="trunc(33) " fcode="trunc"/>
<opset="trunc_ln188_5/7 "/>
</bind>
</comp>

<comp id="805" class="1004" name="icmp_ln188_fu_805">
<pin_list>
<pin id="806" dir="0" index="0" bw="8" slack="0"/>
<pin id="807" dir="0" index="1" bw="8" slack="0"/>
<pin id="808" dir="1" index="2" bw="1" slack="0"/>
</pin_list>
<bind>
<opcode="icmp(45) " fcode="icmp"/>
<opset="icmp_ln188/7 "/>
</bind>
</comp>

<comp id="811" class="1004" name="icmp_ln188_4_fu_811">
<pin_list>
<pin id="812" dir="0" index="0" bw="23" slack="0"/>
<pin id="813" dir="0" index="1" bw="23" slack="0"/>
<pin id="814" dir="1" index="2" bw="1" slack="0"/>
</pin_list>
<bind>
<opcode="icmp(45) " fcode="icmp"/>
<opset="icmp_ln188_4/7 "/>
</bind>
</comp>

<comp id="817" class="1004" name="or_ln188_fu_817">
<pin_list>
<pin id="818" dir="0" index="0" bw="1" slack="0"/>
<pin id="819" dir="0" index="1" bw="1" slack="0"/>
<pin id="820" dir="1" index="2" bw="1" slack="0"/>
</pin_list>
<bind>
<opcode="or(24) " fcode="or"/>
<opset="or_ln188/7 "/>
</bind>
</comp>

<comp id="823" class="1004" name="icmp_ln188_5_fu_823">
<pin_list>
<pin id="824" dir="0" index="0" bw="8" slack="0"/>
<pin id="825" dir="0" index="1" bw="8" slack="0"/>
<pin id="826" dir="1" index="2" bw="1" slack="0"/>
</pin_list>
<bind>
<opcode="icmp(45) " fcode="icmp"/>
<opset="icmp_ln188_5/7 "/>
</bind>
</comp>

<comp id="829" class="1004" name="icmp_ln188_6_fu_829">
<pin_list>
<pin id="830" dir="0" index="0" bw="23" slack="0"/>
<pin id="831" dir="0" index="1" bw="23" slack="0"/>
<pin id="832" dir="1" index="2" bw="1" slack="0"/>
</pin_list>
<bind>
<opcode="icmp(45) " fcode="icmp"/>
<opset="icmp_ln188_6/7 "/>
</bind>
</comp>

<comp id="835" class="1004" name="or_ln188_2_fu_835">
<pin_list>
<pin id="836" dir="0" index="0" bw="1" slack="0"/>
<pin id="837" dir="0" index="1" bw="1" slack="0"/>
<pin id="838" dir="1" index="2" bw="1" slack="0"/>
</pin_list>
<bind>
<opcode="or(24) " fcode="or"/>
<opset="or_ln188_2/7 "/>
</bind>
</comp>

<comp id="841" class="1004" name="and_ln188_fu_841">
<pin_list>
<pin id="842" dir="0" index="0" bw="1" slack="0"/>
<pin id="843" dir="0" index="1" bw="1" slack="0"/>
<pin id="844" dir="1" index="2" bw="1" slack="0"/>
</pin_list>
<bind>
<opcode="and(23) " fcode="and"/>
<opset="and_ln188/7 "/>
</bind>
</comp>

<comp id="847" class="1004" name="and_ln188_2_fu_847">
<pin_list>
<pin id="848" dir="0" index="0" bw="1" slack="0"/>
<pin id="849" dir="0" index="1" bw="1" slack="0"/>
<pin id="850" dir="1" index="2" bw="1" slack="0"/>
</pin_list>
<bind>
<opcode="and(23) " fcode="and"/>
<opset="and_ln188_2/7 "/>
</bind>
</comp>

<comp id="853" class="1004" name="select_ln188_fu_853">
<pin_list>
<pin id="854" dir="0" index="0" bw="1" slack="0"/>
<pin id="855" dir="0" index="1" bw="32" slack="2"/>
<pin id="856" dir="0" index="2" bw="32" slack="2"/>
<pin id="857" dir="1" index="3" bw="32" slack="1"/>
</pin_list>
<bind>
<opcode="select(49) " fcode="select"/>
<opset="select_ln188/7 "/>
</bind>
</comp>

<comp id="859" class="1004" name="zext_ln188_6_fu_859">
<pin_list>
<pin id="860" dir="0" index="0" bw="7" slack="6"/>
<pin id="861" dir="1" index="1" bw="64" slack="0"/>
</pin_list>
<bind>
<opcode="zext(34) " fcode="zext"/>
<opset="zext_ln188_6/8 "/>
</bind>
</comp>

<comp id="863" class="1005" name="ow_reg_863">
<pin_list>
<pin id="864" dir="0" index="0" bw="4" slack="0"/>
<pin id="865" dir="1" index="1" bw="4" slack="0"/>
</pin_list>
<bind>
<opset="ow "/>
</bind>
</comp>

<comp id="870" class="1005" name="oh_reg_870">
<pin_list>
<pin id="871" dir="0" index="0" bw="4" slack="0"/>
<pin id="872" dir="1" index="1" bw="4" slack="0"/>
</pin_list>
<bind>
<opset="oh "/>
</bind>
</comp>

<comp id="877" class="1005" name="indvar_flatten_reg_877">
<pin_list>
<pin id="878" dir="0" index="0" bw="6" slack="0"/>
<pin id="879" dir="1" index="1" bw="6" slack="0"/>
</pin_list>
<bind>
<opset="indvar_flatten "/>
</bind>
</comp>

<comp id="884" class="1005" name="och_reg_884">
<pin_list>
<pin id="885" dir="0" index="0" bw="3" slack="0"/>
<pin id="886" dir="1" index="1" bw="3" slack="0"/>
</pin_list>
<bind>
<opset="och "/>
</bind>
</comp>

<comp id="891" class="1005" name="indvar_flatten24_reg_891">
<pin_list>
<pin id="892" dir="0" index="0" bw="7" slack="0"/>
<pin id="893" dir="1" index="1" bw="7" slack="0"/>
</pin_list>
<bind>
<opset="indvar_flatten24 "/>
</bind>
</comp>

<comp id="898" class="1005" name="icmp_ln181_reg_898">
<pin_list>
<pin id="899" dir="0" index="0" bw="1" slack="6"/>
<pin id="900" dir="1" index="1" bw="1" slack="2147483647"/>
</pin_list>
<bind>
<opset="icmp_ln181 "/>
</bind>
</comp>

<comp id="902" class="1005" name="select_ln181_6_reg_902">
<pin_list>
<pin id="903" dir="0" index="0" bw="3" slack="1"/>
<pin id="904" dir="1" index="1" bw="3" slack="1"/>
</pin_list>
<bind>
<opset="select_ln181_6 "/>
</bind>
</comp>

<comp id="908" class="1005" name="add_ln185_2_reg_908">
<pin_list>
<pin id="909" dir="0" index="0" bw="7" slack="1"/>
<pin id="910" dir="1" index="1" bw="7" slack="1"/>
</pin_list>
<bind>
<opset="add_ln185_2 "/>
</bind>
</comp>

<comp id="913" class="1005" name="trunc_ln185_reg_913">
<pin_list>
<pin id="914" dir="0" index="0" bw="6" slack="1"/>
<pin id="915" dir="1" index="1" bw="6" slack="1"/>
</pin_list>
<bind>
<opset="trunc_ln185 "/>
</bind>
</comp>

<comp id="918" class="1005" name="add_ln186_reg_918">
<pin_list>
<pin id="919" dir="0" index="0" bw="7" slack="1"/>
<pin id="920" dir="1" index="1" bw="7" slack="1"/>
</pin_list>
<bind>
<opset="add_ln186 "/>
</bind>
</comp>

<comp id="923" class="1005" name="trunc_ln186_reg_923">
<pin_list>
<pin id="924" dir="0" index="0" bw="6" slack="1"/>
<pin id="925" dir="1" index="1" bw="6" slack="1"/>
</pin_list>
<bind>
<opset="trunc_ln186 "/>
</bind>
</comp>

<comp id="928" class="1005" name="select_ln182_7_reg_928">
<pin_list>
<pin id="929" dir="0" index="0" bw="3" slack="1"/>
<pin id="930" dir="1" index="1" bw="3" slack="1"/>
</pin_list>
<bind>
<opset="select_ln182_7 "/>
</bind>
</comp>

<comp id="933" class="1005" name="lshr_ln_reg_933">
<pin_list>
<pin id="934" dir="0" index="0" bw="3" slack="1"/>
<pin id="935" dir="1" index="1" bw="3" slack="1"/>
</pin_list>
<bind>
<opset="lshr_ln "/>
</bind>
</comp>

<comp id="939" class="1005" name="ifmap_0_addr_reg_939">
<pin_list>
<pin id="940" dir="0" index="0" bw="8" slack="1"/>
<pin id="941" dir="1" index="1" bw="8" slack="1"/>
</pin_list>
<bind>
<opset="ifmap_0_addr "/>
</bind>
</comp>

<comp id="944" class="1005" name="ifmap_0_addr_2_reg_944">
<pin_list>
<pin id="945" dir="0" index="0" bw="8" slack="1"/>
<pin id="946" dir="1" index="1" bw="8" slack="1"/>
</pin_list>
<bind>
<opset="ifmap_0_addr_2 "/>
</bind>
</comp>

<comp id="949" class="1005" name="ifmap_1_addr_reg_949">
<pin_list>
<pin id="950" dir="0" index="0" bw="8" slack="1"/>
<pin id="951" dir="1" index="1" bw="8" slack="1"/>
</pin_list>
<bind>
<opset="ifmap_1_addr "/>
</bind>
</comp>

<comp id="954" class="1005" name="ifmap_1_addr_2_reg_954">
<pin_list>
<pin id="955" dir="0" index="0" bw="8" slack="1"/>
<pin id="956" dir="1" index="1" bw="8" slack="1"/>
</pin_list>
<bind>
<opset="ifmap_1_addr_2 "/>
</bind>
</comp>

<comp id="959" class="1005" name="add_ln188_4_reg_959">
<pin_list>
<pin id="960" dir="0" index="0" bw="7" slack="6"/>
<pin id="961" dir="1" index="1" bw="7" slack="6"/>
</pin_list>
<bind>
<opset="add_ln188_4 "/>
</bind>
</comp>

<comp id="964" class="1005" name="ifmap_0_load_reg_964">
<pin_list>
<pin id="965" dir="0" index="0" bw="32" slack="1"/>
<pin id="966" dir="1" index="1" bw="32" slack="1"/>
</pin_list>
<bind>
<opset="ifmap_0_load "/>
</bind>
</comp>

<comp id="971" class="1005" name="ifmap_1_load_reg_971">
<pin_list>
<pin id="972" dir="0" index="0" bw="32" slack="1"/>
<pin id="973" dir="1" index="1" bw="32" slack="1"/>
</pin_list>
<bind>
<opset="ifmap_1_load "/>
</bind>
</comp>

<comp id="978" class="1005" name="ifmap_0_load_2_reg_978">
<pin_list>
<pin id="979" dir="0" index="0" bw="32" slack="1"/>
<pin id="980" dir="1" index="1" bw="32" slack="1"/>
</pin_list>
<bind>
<opset="ifmap_0_load_2 "/>
</bind>
</comp>

<comp id="985" class="1005" name="ifmap_1_load_2_reg_985">
<pin_list>
<pin id="986" dir="0" index="0" bw="32" slack="1"/>
<pin id="987" dir="1" index="1" bw="32" slack="1"/>
</pin_list>
<bind>
<opset="ifmap_1_load_2 "/>
</bind>
</comp>

<comp id="992" class="1005" name="max_0_reg_992">
<pin_list>
<pin id="993" dir="0" index="0" bw="32" slack="1"/>
<pin id="994" dir="1" index="1" bw="32" slack="1"/>
</pin_list>
<bind>
<opset="max_0 "/>
</bind>
</comp>

<comp id="999" class="1005" name="max_1_reg_999">
<pin_list>
<pin id="1000" dir="0" index="0" bw="32" slack="1"/>
<pin id="1001" dir="1" index="1" bw="32" slack="1"/>
</pin_list>
<bind>
<opset="max_1 "/>
</bind>
</comp>

<comp id="1006" class="1005" name="select_ln188_reg_1006">
<pin_list>
<pin id="1007" dir="0" index="0" bw="32" slack="1"/>
<pin id="1008" dir="1" index="1" bw="32" slack="1"/>
</pin_list>
<bind>
<opset="select_ln188 "/>
</bind>
</comp>

</comp_list>

<net_list>
<net id="85"><net_src comp="6" pin="0"/><net_sink comp="82" pin=0"/></net>

<net id="89"><net_src comp="6" pin="0"/><net_sink comp="86" pin=0"/></net>

<net id="93"><net_src comp="6" pin="0"/><net_sink comp="90" pin=0"/></net>

<net id="97"><net_src comp="6" pin="0"/><net_sink comp="94" pin=0"/></net>

<net id="101"><net_src comp="6" pin="0"/><net_sink comp="98" pin=0"/></net>

<net id="107"><net_src comp="0" pin="0"/><net_sink comp="102" pin=0"/></net>

<net id="108"><net_src comp="50" pin="0"/><net_sink comp="102" pin=1"/></net>

<net id="114"><net_src comp="0" pin="0"/><net_sink comp="109" pin=0"/></net>

<net id="115"><net_src comp="50" pin="0"/><net_sink comp="109" pin=1"/></net>

<net id="121"><net_src comp="2" pin="0"/><net_sink comp="116" pin=0"/></net>

<net id="122"><net_src comp="50" pin="0"/><net_sink comp="116" pin=1"/></net>

<net id="128"><net_src comp="2" pin="0"/><net_sink comp="123" pin=0"/></net>

<net id="129"><net_src comp="50" pin="0"/><net_sink comp="123" pin=1"/></net>

<net id="139"><net_src comp="102" pin="3"/><net_sink comp="130" pin=2"/></net>

<net id="149"><net_src comp="116" pin="3"/><net_sink comp="140" pin=2"/></net>

<net id="150"><net_src comp="109" pin="3"/><net_sink comp="130" pin=0"/></net>

<net id="151"><net_src comp="123" pin="3"/><net_sink comp="140" pin=0"/></net>

<net id="157"><net_src comp="4" pin="0"/><net_sink comp="152" pin=0"/></net>

<net id="158"><net_src comp="50" pin="0"/><net_sink comp="152" pin=1"/></net>

<net id="164"><net_src comp="152" pin="3"/><net_sink comp="159" pin=0"/></net>

<net id="181"><net_src comp="8" pin="0"/><net_sink comp="177" pin=0"/></net>

<net id="186"><net_src comp="10" pin="0"/><net_sink comp="182" pin=0"/></net>

<net id="191"><net_src comp="12" pin="0"/><net_sink comp="187" pin=0"/></net>

<net id="196"><net_src comp="14" pin="0"/><net_sink comp="192" pin=0"/></net>

<net id="201"><net_src comp="14" pin="0"/><net_sink comp="197" pin=0"/></net>

<net id="212"><net_src comp="202" pin="1"/><net_sink comp="208" pin=0"/></net>

<net id="213"><net_src comp="16" pin="0"/><net_sink comp="208" pin=1"/></net>

<net id="220"><net_src comp="18" pin="0"/><net_sink comp="214" pin=0"/></net>

<net id="221"><net_src comp="202" pin="1"/><net_sink comp="214" pin=1"/></net>

<net id="222"><net_src comp="6" pin="0"/><net_sink comp="214" pin=2"/></net>

<net id="223"><net_src comp="20" pin="0"/><net_sink comp="214" pin=3"/></net>

<net id="228"><net_src comp="205" pin="1"/><net_sink comp="224" pin=0"/></net>

<net id="229"><net_src comp="22" pin="0"/><net_sink comp="224" pin=1"/></net>

<net id="234"><net_src comp="205" pin="1"/><net_sink comp="230" pin=0"/></net>

<net id="235"><net_src comp="24" pin="0"/><net_sink comp="230" pin=1"/></net>

<net id="249"><net_src comp="242" pin="1"/><net_sink comp="245" pin=0"/></net>

<net id="250"><net_src comp="26" pin="0"/><net_sink comp="245" pin=1"/></net>

<net id="255"><net_src comp="239" pin="1"/><net_sink comp="251" pin=0"/></net>

<net id="256"><net_src comp="28" pin="0"/><net_sink comp="251" pin=1"/></net>

<net id="262"><net_src comp="251" pin="2"/><net_sink comp="257" pin=0"/></net>

<net id="263"><net_src comp="14" pin="0"/><net_sink comp="257" pin=1"/></net>

<net id="264"><net_src comp="202" pin="1"/><net_sink comp="257" pin=2"/></net>

<net id="270"><net_src comp="251" pin="2"/><net_sink comp="265" pin=0"/></net>

<net id="271"><net_src comp="14" pin="0"/><net_sink comp="265" pin=1"/></net>

<net id="272"><net_src comp="236" pin="1"/><net_sink comp="265" pin=2"/></net>

<net id="278"><net_src comp="251" pin="2"/><net_sink comp="273" pin=0"/></net>

<net id="279"><net_src comp="245" pin="2"/><net_sink comp="273" pin=1"/></net>

<net id="280"><net_src comp="242" pin="1"/><net_sink comp="273" pin=2"/></net>

<net id="286"><net_src comp="30" pin="0"/><net_sink comp="281" pin=0"/></net>

<net id="287"><net_src comp="273" pin="3"/><net_sink comp="281" pin=1"/></net>

<net id="288"><net_src comp="10" pin="0"/><net_sink comp="281" pin=2"/></net>

<net id="292"><net_src comp="281" pin="3"/><net_sink comp="289" pin=0"/></net>

<net id="298"><net_src comp="32" pin="0"/><net_sink comp="293" pin=0"/></net>

<net id="299"><net_src comp="273" pin="3"/><net_sink comp="293" pin=1"/></net>

<net id="300"><net_src comp="34" pin="0"/><net_sink comp="293" pin=2"/></net>

<net id="304"><net_src comp="293" pin="3"/><net_sink comp="301" pin=0"/></net>

<net id="309"><net_src comp="289" pin="1"/><net_sink comp="305" pin=0"/></net>

<net id="310"><net_src comp="301" pin="1"/><net_sink comp="305" pin=1"/></net>

<net id="316"><net_src comp="251" pin="2"/><net_sink comp="311" pin=0"/></net>

<net id="317"><net_src comp="16" pin="0"/><net_sink comp="311" pin=1"/></net>

<net id="318"><net_src comp="208" pin="2"/><net_sink comp="311" pin=2"/></net>

<net id="324"><net_src comp="251" pin="2"/><net_sink comp="319" pin=0"/></net>

<net id="325"><net_src comp="10" pin="0"/><net_sink comp="319" pin=1"/></net>

<net id="326"><net_src comp="214" pin="4"/><net_sink comp="319" pin=2"/></net>

<net id="331"><net_src comp="236" pin="1"/><net_sink comp="327" pin=0"/></net>

<net id="332"><net_src comp="36" pin="0"/><net_sink comp="327" pin=1"/></net>

<net id="337"><net_src comp="251" pin="2"/><net_sink comp="333" pin=0"/></net>

<net id="338"><net_src comp="327" pin="2"/><net_sink comp="333" pin=1"/></net>

<net id="343"><net_src comp="257" pin="3"/><net_sink comp="339" pin=0"/></net>

<net id="344"><net_src comp="38" pin="0"/><net_sink comp="339" pin=1"/></net>

<net id="350"><net_src comp="333" pin="2"/><net_sink comp="345" pin=0"/></net>

<net id="351"><net_src comp="265" pin="3"/><net_sink comp="345" pin=1"/></net>

<net id="352"><net_src comp="14" pin="0"/><net_sink comp="345" pin=2"/></net>

<net id="358"><net_src comp="333" pin="2"/><net_sink comp="353" pin=0"/></net>

<net id="359"><net_src comp="257" pin="3"/><net_sink comp="353" pin=1"/></net>

<net id="360"><net_src comp="339" pin="2"/><net_sink comp="353" pin=2"/></net>

<net id="364"><net_src comp="353" pin="3"/><net_sink comp="361" pin=0"/></net>

<net id="369"><net_src comp="305" pin="2"/><net_sink comp="365" pin=0"/></net>

<net id="370"><net_src comp="361" pin="1"/><net_sink comp="365" pin=1"/></net>

<net id="374"><net_src comp="365" pin="2"/><net_sink comp="371" pin=0"/></net>

<net id="379"><net_src comp="339" pin="2"/><net_sink comp="375" pin=0"/></net>

<net id="380"><net_src comp="16" pin="0"/><net_sink comp="375" pin=1"/></net>

<net id="386"><net_src comp="333" pin="2"/><net_sink comp="381" pin=0"/></net>

<net id="387"><net_src comp="311" pin="3"/><net_sink comp="381" pin=1"/></net>

<net id="388"><net_src comp="375" pin="2"/><net_sink comp="381" pin=2"/></net>

<net id="392"><net_src comp="381" pin="3"/><net_sink comp="389" pin=0"/></net>

<net id="397"><net_src comp="305" pin="2"/><net_sink comp="393" pin=0"/></net>

<net id="398"><net_src comp="389" pin="1"/><net_sink comp="393" pin=1"/></net>

<net id="402"><net_src comp="393" pin="2"/><net_sink comp="399" pin=0"/></net>

<net id="409"><net_src comp="18" pin="0"/><net_sink comp="403" pin=0"/></net>

<net id="410"><net_src comp="339" pin="2"/><net_sink comp="403" pin=1"/></net>

<net id="411"><net_src comp="6" pin="0"/><net_sink comp="403" pin=2"/></net>

<net id="412"><net_src comp="20" pin="0"/><net_sink comp="403" pin=3"/></net>

<net id="418"><net_src comp="333" pin="2"/><net_sink comp="413" pin=0"/></net>

<net id="419"><net_src comp="319" pin="3"/><net_sink comp="413" pin=1"/></net>

<net id="420"><net_src comp="403" pin="4"/><net_sink comp="413" pin=2"/></net>

<net id="427"><net_src comp="18" pin="0"/><net_sink comp="421" pin=0"/></net>

<net id="428"><net_src comp="345" pin="3"/><net_sink comp="421" pin=1"/></net>

<net id="429"><net_src comp="6" pin="0"/><net_sink comp="421" pin=2"/></net>

<net id="430"><net_src comp="20" pin="0"/><net_sink comp="421" pin=3"/></net>

<net id="435"><net_src comp="345" pin="3"/><net_sink comp="431" pin=0"/></net>

<net id="436"><net_src comp="38" pin="0"/><net_sink comp="431" pin=1"/></net>

<net id="441"><net_src comp="239" pin="1"/><net_sink comp="437" pin=0"/></net>

<net id="442"><net_src comp="40" pin="0"/><net_sink comp="437" pin=1"/></net>

<net id="448"><net_src comp="251" pin="2"/><net_sink comp="443" pin=0"/></net>

<net id="449"><net_src comp="40" pin="0"/><net_sink comp="443" pin=1"/></net>

<net id="450"><net_src comp="437" pin="2"/><net_sink comp="443" pin=2"/></net>

<net id="455"><net_src comp="230" pin="2"/><net_sink comp="451" pin=0"/></net>

<net id="460"><net_src comp="273" pin="3"/><net_sink comp="456" pin=0"/></net>

<net id="465"><net_src comp="443" pin="3"/><net_sink comp="461" pin=0"/></net>

<net id="470"><net_src comp="353" pin="3"/><net_sink comp="466" pin=0"/></net>

<net id="475"><net_src comp="431" pin="2"/><net_sink comp="471" pin=0"/></net>

<net id="484"><net_src comp="42" pin="0"/><net_sink comp="479" pin=0"/></net>

<net id="485"><net_src comp="44" pin="0"/><net_sink comp="479" pin=2"/></net>

<net id="489"><net_src comp="479" pin="3"/><net_sink comp="486" pin=0"/></net>

<net id="494"><net_src comp="486" pin="1"/><net_sink comp="490" pin=0"/></net>

<net id="495"><net_src comp="476" pin="1"/><net_sink comp="490" pin=1"/></net>

<net id="504"><net_src comp="46" pin="0"/><net_sink comp="499" pin=0"/></net>

<net id="505"><net_src comp="44" pin="0"/><net_sink comp="499" pin=2"/></net>

<net id="510"><net_src comp="499" pin="3"/><net_sink comp="506" pin=0"/></net>

<net id="511"><net_src comp="496" pin="1"/><net_sink comp="506" pin=1"/></net>

<net id="520"><net_src comp="46" pin="0"/><net_sink comp="515" pin=0"/></net>

<net id="521"><net_src comp="44" pin="0"/><net_sink comp="515" pin=2"/></net>

<net id="526"><net_src comp="515" pin="3"/><net_sink comp="522" pin=0"/></net>

<net id="527"><net_src comp="512" pin="1"/><net_sink comp="522" pin=1"/></net>

<net id="535"><net_src comp="490" pin="2"/><net_sink comp="531" pin=0"/></net>

<net id="536"><net_src comp="528" pin="1"/><net_sink comp="531" pin=1"/></net>

<net id="540"><net_src comp="531" pin="2"/><net_sink comp="537" pin=0"/></net>

<net id="544"><net_src comp="531" pin="2"/><net_sink comp="541" pin=0"/></net>

<net id="550"><net_src comp="48" pin="0"/><net_sink comp="545" pin=0"/></net>

<net id="551"><net_src comp="541" pin="1"/><net_sink comp="545" pin=1"/></net>

<net id="552"><net_src comp="44" pin="0"/><net_sink comp="545" pin=2"/></net>

<net id="557"><net_src comp="545" pin="3"/><net_sink comp="553" pin=0"/></net>

<net id="558"><net_src comp="537" pin="1"/><net_sink comp="553" pin=1"/></net>

<net id="569"><net_src comp="506" pin="2"/><net_sink comp="565" pin=0"/></net>

<net id="570"><net_src comp="562" pin="1"/><net_sink comp="565" pin=1"/></net>

<net id="574"><net_src comp="565" pin="2"/><net_sink comp="571" pin=0"/></net>

<net id="575"><net_src comp="571" pin="1"/><net_sink comp="102" pin=2"/></net>

<net id="576"><net_src comp="571" pin="1"/><net_sink comp="116" pin=2"/></net>

<net id="581"><net_src comp="522" pin="2"/><net_sink comp="577" pin=0"/></net>

<net id="582"><net_src comp="562" pin="1"/><net_sink comp="577" pin=1"/></net>

<net id="586"><net_src comp="577" pin="2"/><net_sink comp="583" pin=0"/></net>

<net id="587"><net_src comp="583" pin="1"/><net_sink comp="109" pin=2"/></net>

<net id="588"><net_src comp="583" pin="1"/><net_sink comp="123" pin=2"/></net>

<net id="593"><net_src comp="553" pin="2"/><net_sink comp="589" pin=0"/></net>

<net id="594"><net_src comp="559" pin="1"/><net_sink comp="589" pin=1"/></net>

<net id="604"><net_src comp="52" pin="0"/><net_sink comp="598" pin=0"/></net>

<net id="605"><net_src comp="595" pin="1"/><net_sink comp="598" pin=1"/></net>

<net id="606"><net_src comp="54" pin="0"/><net_sink comp="598" pin=2"/></net>

<net id="607"><net_src comp="56" pin="0"/><net_sink comp="598" pin=3"/></net>

<net id="611"><net_src comp="595" pin="1"/><net_sink comp="608" pin=0"/></net>

<net id="621"><net_src comp="52" pin="0"/><net_sink comp="615" pin=0"/></net>

<net id="622"><net_src comp="612" pin="1"/><net_sink comp="615" pin=1"/></net>

<net id="623"><net_src comp="54" pin="0"/><net_sink comp="615" pin=2"/></net>

<net id="624"><net_src comp="56" pin="0"/><net_sink comp="615" pin=3"/></net>

<net id="628"><net_src comp="612" pin="1"/><net_sink comp="625" pin=0"/></net>

<net id="633"><net_src comp="598" pin="4"/><net_sink comp="629" pin=0"/></net>

<net id="634"><net_src comp="58" pin="0"/><net_sink comp="629" pin=1"/></net>

<net id="639"><net_src comp="608" pin="1"/><net_sink comp="635" pin=0"/></net>

<net id="640"><net_src comp="60" pin="0"/><net_sink comp="635" pin=1"/></net>

<net id="645"><net_src comp="635" pin="2"/><net_sink comp="641" pin=0"/></net>

<net id="646"><net_src comp="629" pin="2"/><net_sink comp="641" pin=1"/></net>

<net id="651"><net_src comp="615" pin="4"/><net_sink comp="647" pin=0"/></net>

<net id="652"><net_src comp="58" pin="0"/><net_sink comp="647" pin=1"/></net>

<net id="657"><net_src comp="625" pin="1"/><net_sink comp="653" pin=0"/></net>

<net id="658"><net_src comp="60" pin="0"/><net_sink comp="653" pin=1"/></net>

<net id="663"><net_src comp="653" pin="2"/><net_sink comp="659" pin=0"/></net>

<net id="664"><net_src comp="647" pin="2"/><net_sink comp="659" pin=1"/></net>

<net id="669"><net_src comp="641" pin="2"/><net_sink comp="665" pin=0"/></net>

<net id="670"><net_src comp="659" pin="2"/><net_sink comp="665" pin=1"/></net>

<net id="675"><net_src comp="665" pin="2"/><net_sink comp="671" pin=0"/></net>

<net id="676"><net_src comp="165" pin="2"/><net_sink comp="671" pin=1"/></net>

<net id="682"><net_src comp="671" pin="2"/><net_sink comp="677" pin=0"/></net>

<net id="692"><net_src comp="52" pin="0"/><net_sink comp="686" pin=0"/></net>

<net id="693"><net_src comp="683" pin="1"/><net_sink comp="686" pin=1"/></net>

<net id="694"><net_src comp="54" pin="0"/><net_sink comp="686" pin=2"/></net>

<net id="695"><net_src comp="56" pin="0"/><net_sink comp="686" pin=3"/></net>

<net id="699"><net_src comp="683" pin="1"/><net_sink comp="696" pin=0"/></net>

<net id="709"><net_src comp="52" pin="0"/><net_sink comp="703" pin=0"/></net>

<net id="710"><net_src comp="700" pin="1"/><net_sink comp="703" pin=1"/></net>

<net id="711"><net_src comp="54" pin="0"/><net_sink comp="703" pin=2"/></net>

<net id="712"><net_src comp="56" pin="0"/><net_sink comp="703" pin=3"/></net>

<net id="716"><net_src comp="700" pin="1"/><net_sink comp="713" pin=0"/></net>

<net id="721"><net_src comp="686" pin="4"/><net_sink comp="717" pin=0"/></net>

<net id="722"><net_src comp="58" pin="0"/><net_sink comp="717" pin=1"/></net>

<net id="727"><net_src comp="696" pin="1"/><net_sink comp="723" pin=0"/></net>

<net id="728"><net_src comp="60" pin="0"/><net_sink comp="723" pin=1"/></net>

<net id="733"><net_src comp="723" pin="2"/><net_sink comp="729" pin=0"/></net>

<net id="734"><net_src comp="717" pin="2"/><net_sink comp="729" pin=1"/></net>

<net id="739"><net_src comp="703" pin="4"/><net_sink comp="735" pin=0"/></net>

<net id="740"><net_src comp="58" pin="0"/><net_sink comp="735" pin=1"/></net>

<net id="745"><net_src comp="713" pin="1"/><net_sink comp="741" pin=0"/></net>

<net id="746"><net_src comp="60" pin="0"/><net_sink comp="741" pin=1"/></net>

<net id="751"><net_src comp="741" pin="2"/><net_sink comp="747" pin=0"/></net>

<net id="752"><net_src comp="735" pin="2"/><net_sink comp="747" pin=1"/></net>

<net id="757"><net_src comp="729" pin="2"/><net_sink comp="753" pin=0"/></net>

<net id="758"><net_src comp="747" pin="2"/><net_sink comp="753" pin=1"/></net>

<net id="763"><net_src comp="753" pin="2"/><net_sink comp="759" pin=0"/></net>

<net id="764"><net_src comp="169" pin="2"/><net_sink comp="759" pin=1"/></net>

<net id="770"><net_src comp="759" pin="2"/><net_sink comp="765" pin=0"/></net>

<net id="780"><net_src comp="52" pin="0"/><net_sink comp="774" pin=0"/></net>

<net id="781"><net_src comp="771" pin="1"/><net_sink comp="774" pin=1"/></net>

<net id="782"><net_src comp="54" pin="0"/><net_sink comp="774" pin=2"/></net>

<net id="783"><net_src comp="56" pin="0"/><net_sink comp="774" pin=3"/></net>

<net id="787"><net_src comp="771" pin="1"/><net_sink comp="784" pin=0"/></net>

<net id="797"><net_src comp="52" pin="0"/><net_sink comp="791" pin=0"/></net>

<net id="798"><net_src comp="788" pin="1"/><net_sink comp="791" pin=1"/></net>

<net id="799"><net_src comp="54" pin="0"/><net_sink comp="791" pin=2"/></net>

<net id="800"><net_src comp="56" pin="0"/><net_sink comp="791" pin=3"/></net>

<net id="804"><net_src comp="788" pin="1"/><net_sink comp="801" pin=0"/></net>

<net id="809"><net_src comp="774" pin="4"/><net_sink comp="805" pin=0"/></net>

<net id="810"><net_src comp="58" pin="0"/><net_sink comp="805" pin=1"/></net>

<net id="815"><net_src comp="784" pin="1"/><net_sink comp="811" pin=0"/></net>

<net id="816"><net_src comp="60" pin="0"/><net_sink comp="811" pin=1"/></net>

<net id="821"><net_src comp="811" pin="2"/><net_sink comp="817" pin=0"/></net>

<net id="822"><net_src comp="805" pin="2"/><net_sink comp="817" pin=1"/></net>

<net id="827"><net_src comp="791" pin="4"/><net_sink comp="823" pin=0"/></net>

<net id="828"><net_src comp="58" pin="0"/><net_sink comp="823" pin=1"/></net>

<net id="833"><net_src comp="801" pin="1"/><net_sink comp="829" pin=0"/></net>

<net id="834"><net_src comp="60" pin="0"/><net_sink comp="829" pin=1"/></net>

<net id="839"><net_src comp="829" pin="2"/><net_sink comp="835" pin=0"/></net>

<net id="840"><net_src comp="823" pin="2"/><net_sink comp="835" pin=1"/></net>

<net id="845"><net_src comp="817" pin="2"/><net_sink comp="841" pin=0"/></net>

<net id="846"><net_src comp="835" pin="2"/><net_sink comp="841" pin=1"/></net>

<net id="851"><net_src comp="841" pin="2"/><net_sink comp="847" pin=0"/></net>

<net id="852"><net_src comp="173" pin="2"/><net_sink comp="847" pin=1"/></net>

<net id="858"><net_src comp="847" pin="2"/><net_sink comp="853" pin=0"/></net>

<net id="862"><net_src comp="859" pin="1"/><net_sink comp="152" pin=2"/></net>

<net id="866"><net_src comp="82" pin="1"/><net_sink comp="863" pin=0"/></net>

<net id="867"><net_src comp="863" pin="1"/><net_sink comp="197" pin=1"/></net>

<net id="868"><net_src comp="863" pin="1"/><net_sink comp="236" pin=0"/></net>

<net id="869"><net_src comp="863" pin="1"/><net_sink comp="471" pin=1"/></net>

<net id="873"><net_src comp="86" pin="1"/><net_sink comp="870" pin=0"/></net>

<net id="874"><net_src comp="870" pin="1"/><net_sink comp="192" pin=1"/></net>

<net id="875"><net_src comp="870" pin="1"/><net_sink comp="202" pin=0"/></net>

<net id="876"><net_src comp="870" pin="1"/><net_sink comp="466" pin=1"/></net>

<net id="880"><net_src comp="90" pin="1"/><net_sink comp="877" pin=0"/></net>

<net id="881"><net_src comp="877" pin="1"/><net_sink comp="187" pin=1"/></net>

<net id="882"><net_src comp="877" pin="1"/><net_sink comp="239" pin=0"/></net>

<net id="883"><net_src comp="877" pin="1"/><net_sink comp="461" pin=1"/></net>

<net id="887"><net_src comp="94" pin="1"/><net_sink comp="884" pin=0"/></net>

<net id="888"><net_src comp="884" pin="1"/><net_sink comp="182" pin=1"/></net>

<net id="889"><net_src comp="884" pin="1"/><net_sink comp="242" pin=0"/></net>

<net id="890"><net_src comp="884" pin="1"/><net_sink comp="456" pin=1"/></net>

<net id="894"><net_src comp="98" pin="1"/><net_sink comp="891" pin=0"/></net>

<net id="895"><net_src comp="891" pin="1"/><net_sink comp="177" pin=1"/></net>

<net id="896"><net_src comp="891" pin="1"/><net_sink comp="205" pin=0"/></net>

<net id="897"><net_src comp="891" pin="1"/><net_sink comp="451" pin=1"/></net>

<net id="901"><net_src comp="224" pin="2"/><net_sink comp="898" pin=0"/></net>

<net id="905"><net_src comp="273" pin="3"/><net_sink comp="902" pin=0"/></net>

<net id="906"><net_src comp="902" pin="1"/><net_sink comp="476" pin=0"/></net>

<net id="907"><net_src comp="902" pin="1"/><net_sink comp="479" pin=1"/></net>

<net id="911"><net_src comp="365" pin="2"/><net_sink comp="908" pin=0"/></net>

<net id="912"><net_src comp="908" pin="1"/><net_sink comp="496" pin=0"/></net>

<net id="916"><net_src comp="371" pin="1"/><net_sink comp="913" pin=0"/></net>

<net id="917"><net_src comp="913" pin="1"/><net_sink comp="499" pin=1"/></net>

<net id="921"><net_src comp="393" pin="2"/><net_sink comp="918" pin=0"/></net>

<net id="922"><net_src comp="918" pin="1"/><net_sink comp="512" pin=0"/></net>

<net id="926"><net_src comp="399" pin="1"/><net_sink comp="923" pin=0"/></net>

<net id="927"><net_src comp="923" pin="1"/><net_sink comp="515" pin=1"/></net>

<net id="931"><net_src comp="413" pin="3"/><net_sink comp="928" pin=0"/></net>

<net id="932"><net_src comp="928" pin="1"/><net_sink comp="528" pin=0"/></net>

<net id="936"><net_src comp="421" pin="4"/><net_sink comp="933" pin=0"/></net>

<net id="937"><net_src comp="933" pin="1"/><net_sink comp="559" pin=0"/></net>

<net id="938"><net_src comp="933" pin="1"/><net_sink comp="562" pin=0"/></net>

<net id="942"><net_src comp="102" pin="3"/><net_sink comp="939" pin=0"/></net>

<net id="943"><net_src comp="939" pin="1"/><net_sink comp="130" pin=2"/></net>

<net id="947"><net_src comp="109" pin="3"/><net_sink comp="944" pin=0"/></net>

<net id="948"><net_src comp="944" pin="1"/><net_sink comp="130" pin=0"/></net>

<net id="952"><net_src comp="116" pin="3"/><net_sink comp="949" pin=0"/></net>

<net id="953"><net_src comp="949" pin="1"/><net_sink comp="140" pin=2"/></net>

<net id="957"><net_src comp="123" pin="3"/><net_sink comp="954" pin=0"/></net>

<net id="958"><net_src comp="954" pin="1"/><net_sink comp="140" pin=0"/></net>

<net id="962"><net_src comp="589" pin="2"/><net_sink comp="959" pin=0"/></net>

<net id="963"><net_src comp="959" pin="1"/><net_sink comp="859" pin=0"/></net>

<net id="967"><net_src comp="130" pin="7"/><net_sink comp="964" pin=0"/></net>

<net id="968"><net_src comp="964" pin="1"/><net_sink comp="165" pin=0"/></net>

<net id="969"><net_src comp="964" pin="1"/><net_sink comp="595" pin=0"/></net>

<net id="970"><net_src comp="964" pin="1"/><net_sink comp="677" pin=1"/></net>

<net id="974"><net_src comp="140" pin="7"/><net_sink comp="971" pin=0"/></net>

<net id="975"><net_src comp="971" pin="1"/><net_sink comp="165" pin=1"/></net>

<net id="976"><net_src comp="971" pin="1"/><net_sink comp="612" pin=0"/></net>

<net id="977"><net_src comp="971" pin="1"/><net_sink comp="677" pin=2"/></net>

<net id="981"><net_src comp="130" pin="3"/><net_sink comp="978" pin=0"/></net>

<net id="982"><net_src comp="978" pin="1"/><net_sink comp="169" pin=0"/></net>

<net id="983"><net_src comp="978" pin="1"/><net_sink comp="683" pin=0"/></net>

<net id="984"><net_src comp="978" pin="1"/><net_sink comp="765" pin=1"/></net>

<net id="988"><net_src comp="140" pin="3"/><net_sink comp="985" pin=0"/></net>

<net id="989"><net_src comp="985" pin="1"/><net_sink comp="169" pin=1"/></net>

<net id="990"><net_src comp="985" pin="1"/><net_sink comp="700" pin=0"/></net>

<net id="991"><net_src comp="985" pin="1"/><net_sink comp="765" pin=2"/></net>

<net id="995"><net_src comp="677" pin="3"/><net_sink comp="992" pin=0"/></net>

<net id="996"><net_src comp="992" pin="1"/><net_sink comp="173" pin=0"/></net>

<net id="997"><net_src comp="992" pin="1"/><net_sink comp="771" pin=0"/></net>

<net id="998"><net_src comp="992" pin="1"/><net_sink comp="853" pin=1"/></net>

<net id="1002"><net_src comp="765" pin="3"/><net_sink comp="999" pin=0"/></net>

<net id="1003"><net_src comp="999" pin="1"/><net_sink comp="173" pin=1"/></net>

<net id="1004"><net_src comp="999" pin="1"/><net_sink comp="788" pin=0"/></net>

<net id="1005"><net_src comp="999" pin="1"/><net_sink comp="853" pin=2"/></net>

<net id="1009"><net_src comp="853" pin="3"/><net_sink comp="1006" pin=0"/></net>

<net id="1010"><net_src comp="1006" pin="1"/><net_sink comp="159" pin=1"/></net>

</net_list>

</model> 
---------------- Datapath Model END ------------------

* FSMD analyzer results:
  - Output states:
	Port: ofmap | {8 }
 - Input state : 
	Port: maxPool<4, 10, 5> : ifmap_0 | {2 3 }
	Port: maxPool<4, 10, 5> : ifmap_1 | {2 3 }
  - Chain level:
	State 1
		store_ln181 : 1
		store_ln181 : 1
		store_ln181 : 1
		store_ln181 : 1
		store_ln181 : 1
		oh_2 : 1
		indvar_flatten24_load : 1
		empty : 2
		tmp_13 : 2
		icmp_ln181 : 2
		add_ln181_2 : 2
		br_ln181 : 3
		ow_load : 1
		indvar_flatten_load : 1
		och_load : 1
		add_ln181 : 2
		icmp_ln182 : 2
		select_ln181 : 3
		select_ln181_5 : 3
		select_ln181_6 : 3
		tmp_14 : 4
		zext_ln185_6 : 5
		tmp_15 : 4
		zext_ln185_7 : 5
		add_ln185 : 6
		select_ln181_7 : 3
		select_ln181_8 : 3
		icmp_ln183 : 2
		or_ln181 : 3
		add_ln182 : 4
		select_ln182 : 3
		select_ln182_5 : 5
		zext_ln185_8 : 6
		add_ln185_2 : 7
		trunc_ln185 : 8
		p_mid1 : 5
		select_ln182_6 : 5
		zext_ln186 : 6
		add_ln186 : 7
		trunc_ln186 : 8
		p_mid : 5
		select_ln182_7 : 6
		lshr_ln : 4
		add_ln183 : 4
		add_ln182_2 : 2
		select_ln182_8 : 3
		store_ln183 : 3
		store_ln183 : 4
		store_ln183 : 4
		store_ln183 : 6
		store_ln183 : 5
	State 2
		zext_ln188 : 1
		add_ln188 : 2
		add_ln185_3 : 1
		add_ln186_2 : 1
		add_ln188_2 : 3
		zext_ln188_5 : 4
		trunc_ln188 : 4
		p_shl : 5
		add_ln188_3 : 6
		add_ln185_4 : 2
		zext_ln185_12 : 3
		ifmap_0_addr : 4
		add_ln186_3 : 2
		zext_ln186_3 : 3
		ifmap_0_addr_2 : 4
		ifmap_1_addr : 4
		ifmap_1_addr_2 : 4
		add_ln188_4 : 7
		ifmap_0_load : 5
		ifmap_1_load : 5
		ifmap_0_load_2 : 5
		ifmap_1_load_2 : 5
	State 3
	State 4
	State 5
		tmp : 1
		trunc_ln185_4 : 1
		tmp_9 : 1
		trunc_ln185_5 : 1
		icmp_ln185 : 2
		icmp_ln185_4 : 2
		or_ln185 : 3
		icmp_ln185_5 : 2
		icmp_ln185_6 : 2
		or_ln185_2 : 3
		and_ln185 : 3
		and_ln185_2 : 3
		max_0 : 3
		tmp_1 : 1
		trunc_ln186_4 : 1
		tmp_2 : 1
		trunc_ln186_5 : 1
		icmp_ln186 : 2
		icmp_ln186_4 : 2
		or_ln186 : 3
		icmp_ln186_5 : 2
		icmp_ln186_6 : 2
		or_ln186_2 : 3
		and_ln186 : 3
		and_ln186_2 : 3
		max_1 : 3
	State 6
	State 7
		tmp_4 : 1
		trunc_ln188_4 : 1
		tmp_5 : 1
		trunc_ln188_5 : 1
		icmp_ln188 : 2
		icmp_ln188_4 : 2
		or_ln188 : 3
		icmp_ln188_5 : 2
		icmp_ln188_6 : 2
		or_ln188_2 : 3
		and_ln188 : 3
		and_ln188_2 : 3
		select_ln188 : 3
	State 8
		ofmap_addr : 1
		store_ln188 : 2


============================================================
+ Verbose Summary: Datapath Resource usage 
============================================================

* Functional unit list:
|----------|-----------------------|---------|---------|
| Operation|    Functional Unit    |    FF   |   LUT   |
|----------|-----------------------|---------|---------|
|          |   icmp_ln181_fu_224   |    0    |    10   |
|          |   icmp_ln182_fu_251   |    0    |    10   |
|          |   icmp_ln183_fu_327   |    0    |    9    |
|          |   icmp_ln185_fu_629   |    0    |    11   |
|          |  icmp_ln185_4_fu_635  |    0    |    15   |
|          |  icmp_ln185_5_fu_647  |    0    |    11   |
|          |  icmp_ln185_6_fu_653  |    0    |    15   |
|   icmp   |   icmp_ln186_fu_717   |    0    |    11   |
|          |  icmp_ln186_4_fu_723  |    0    |    15   |
|          |  icmp_ln186_5_fu_735  |    0    |    11   |
|          |  icmp_ln186_6_fu_741  |    0    |    15   |
|          |   icmp_ln188_fu_805   |    0    |    11   |
|          |  icmp_ln188_4_fu_811  |    0    |    15   |
|          |  icmp_ln188_5_fu_823  |    0    |    11   |
|          |  icmp_ln188_6_fu_829  |    0    |    15   |
|----------|-----------------------|---------|---------|
|          |   add_ln181_2_fu_230  |    0    |    14   |
|          |    add_ln181_fu_245   |    0    |    11   |
|          |    add_ln185_fu_305   |    0    |    14   |
|          |    add_ln182_fu_339   |    0    |    13   |
|          |   add_ln185_2_fu_365  |    0    |    14   |
|          |    add_ln186_fu_393   |    0    |    14   |
|          |    add_ln183_fu_431   |    0    |    13   |
|    add   |   add_ln182_2_fu_437  |    0    |    14   |
|          |    add_ln188_fu_490   |    0    |    7    |
|          |   add_ln185_3_fu_506  |    0    |    8    |
|          |   add_ln186_2_fu_522  |    0    |    8    |
|          |   add_ln188_2_fu_531  |    0    |    7    |
|          |   add_ln188_3_fu_553  |    0    |    7    |
|          |   add_ln185_4_fu_565  |    0    |    8    |
|          |   add_ln186_3_fu_577  |    0    |    8    |
|          |   add_ln188_4_fu_589  |    0    |    7    |
|----------|-----------------------|---------|---------|
|          |  select_ln181_fu_257  |    0    |    4    |
|          | select_ln181_5_fu_265 |    0    |    4    |
|          | select_ln181_6_fu_273 |    0    |    3    |
|          | select_ln181_7_fu_311 |    0    |    4    |
|          | select_ln181_8_fu_319 |    0    |    3    |
|          |  select_ln182_fu_345  |    0    |    4    |
|  select  | select_ln182_5_fu_353 |    0    |    4    |
|          | select_ln182_6_fu_381 |    0    |    4    |
|          | select_ln182_7_fu_413 |    0    |    3    |
|          | select_ln182_8_fu_443 |    0    |    6    |
|          |      max_0_fu_677     |    0    |    32   |
|          |      max_1_fu_765     |    0    |    32   |
|          |  select_ln188_fu_853  |    0    |    32   |
|----------|-----------------------|---------|---------|
|          |      empty_fu_208     |    0    |    0    |
|          |    or_ln181_fu_333    |    0    |    2    |
|          |     p_mid1_fu_375     |    0    |    0    |
|          |    or_ln185_fu_641    |    0    |    2    |
|    or    |   or_ln185_2_fu_659   |    0    |    2    |
|          |    or_ln186_fu_729    |    0    |    2    |
|          |   or_ln186_2_fu_747   |    0    |    2    |
|          |    or_ln188_fu_817    |    0    |    2    |
|          |   or_ln188_2_fu_835   |    0    |    2    |
|----------|-----------------------|---------|---------|
|          |    and_ln185_fu_665   |    0    |    2    |
|          |   and_ln185_2_fu_671  |    0    |    2    |
|    and   |    and_ln186_fu_753   |    0    |    2    |
|          |   and_ln186_2_fu_759  |    0    |    2    |
|          |    and_ln188_fu_841   |    0    |    2    |
|          |   and_ln188_2_fu_847  |    0    |    2    |
|----------|-----------------------|---------|---------|
|          |       grp_fu_165      |    0    |    0    |
|   fcmp   |       grp_fu_169      |    0    |    0    |
|          |       grp_fu_173      |    0    |    0    |
|----------|-----------------------|---------|---------|
|          |     tmp_13_fu_214     |    0    |    0    |
|          |      p_mid_fu_403     |    0    |    0    |
|          |     lshr_ln_fu_421    |    0    |    0    |
|          |       tmp_fu_598      |    0    |    0    |
|partselect|      tmp_9_fu_615     |    0    |    0    |
|          |      tmp_1_fu_686     |    0    |    0    |
|          |      tmp_2_fu_703     |    0    |    0    |
|          |      tmp_4_fu_774     |    0    |    0    |
|          |      tmp_5_fu_791     |    0    |    0    |
|----------|-----------------------|---------|---------|
|          |     tmp_14_fu_281     |    0    |    0    |
|          |     tmp_15_fu_293     |    0    |    0    |
|bitconcatenate|     tmp_16_fu_479     |    0    |    0    |
|          |     p_shl2_fu_499     |    0    |    0    |
|          |     p_shl1_fu_515     |    0    |    0    |
|          |      p_shl_fu_545     |    0    |    0    |
|----------|-----------------------|---------|---------|
|          |  zext_ln185_6_fu_289  |    0    |    0    |
|          |  zext_ln185_7_fu_301  |    0    |    0    |
|          |  zext_ln185_8_fu_361  |    0    |    0    |
|          |   zext_ln186_fu_389   |    0    |    0    |
|          |   zext_ln185_fu_476   |    0    |    0    |
|          |   zext_ln188_fu_486   |    0    |    0    |
|          |  zext_ln185_9_fu_496  |    0    |    0    |
|   zext   |  zext_ln186_2_fu_512  |    0    |    0    |
|          |  zext_ln188_4_fu_528  |    0    |    0    |
|          |  zext_ln188_5_fu_537  |    0    |    0    |
|          |  zext_ln185_10_fu_559 |    0    |    0    |
|          |  zext_ln185_11_fu_562 |    0    |    0    |
|          |  zext_ln185_12_fu_571 |    0    |    0    |
|          |  zext_ln186_3_fu_583  |    0    |    0    |
|          |  zext_ln188_6_fu_859  |    0    |    0    |
|----------|-----------------------|---------|---------|
|          |   trunc_ln185_fu_371  |    0    |    0    |
|          |   trunc_ln186_fu_399  |    0    |    0    |
|          |   trunc_ln188_fu_541  |    0    |    0    |
|          |  trunc_ln185_4_fu_608 |    0    |    0    |
|   trunc  |  trunc_ln185_5_fu_625 |    0    |    0    |
|          |  trunc_ln186_4_fu_696 |    0    |    0    |
|          |  trunc_ln186_5_fu_713 |    0    |    0    |
|          |  trunc_ln188_4_fu_784 |    0    |    0    |
|          |  trunc_ln188_5_fu_801 |    0    |    0    |
|----------|-----------------------|---------|---------|
|   Total  |                       |    0    |   513   |
|----------|-----------------------|---------|---------|

Memories:
N/A

* Register list:
+------------------------+--------+
|                        |   FF   |
+------------------------+--------+
|   add_ln185_2_reg_908  |    7   |
|    add_ln186_reg_918   |    7   |
|   add_ln188_4_reg_959  |    7   |
|   icmp_ln181_reg_898   |    1   |
| ifmap_0_addr_2_reg_944 |    8   |
|  ifmap_0_addr_reg_939  |    8   |
| ifmap_0_load_2_reg_978 |   32   |
|  ifmap_0_load_reg_964  |   32   |
| ifmap_1_addr_2_reg_954 |    8   |
|  ifmap_1_addr_reg_949  |    8   |
| ifmap_1_load_2_reg_985 |   32   |
|  ifmap_1_load_reg_971  |   32   |
|indvar_flatten24_reg_891|    7   |
| indvar_flatten_reg_877 |    6   |
|     lshr_ln_reg_933    |    3   |
|      max_0_reg_992     |   32   |
|      max_1_reg_999     |   32   |
|       och_reg_884      |    3   |
|       oh_reg_870       |    4   |
|       ow_reg_863       |    4   |
| select_ln181_6_reg_902 |    3   |
| select_ln182_7_reg_928 |    3   |
|  select_ln188_reg_1006 |   32   |
|   trunc_ln185_reg_913  |    6   |
|   trunc_ln186_reg_923  |    6   |
+------------------------+--------+
|          Total         |   323  |
+------------------------+--------+

* Multiplexer (MUX) list: 
|-------------------|------|------|------|--------||---------||---------|
|        Comp       |  Pin | Size |  BW  | S x BW ||  Delay  ||   LUT   |
|-------------------|------|------|------|--------||---------||---------|
| grp_access_fu_130 |  p0  |   2  |   8  |   16   ||    9    |
| grp_access_fu_130 |  p2  |   2  |   0  |    0   ||    9    |
| grp_access_fu_140 |  p0  |   2  |   8  |   16   ||    9    |
| grp_access_fu_140 |  p2  |   2  |   0  |    0   ||    9    |
|-------------------|------|------|------|--------||---------||---------|
|       Total       |      |      |      |   32   ||  6.352  ||    36   |
|-------------------|------|------|------|--------||---------||---------|



* Summary:
+-----------+--------+--------+--------+
|           |  Delay |   FF   |   LUT  |
+-----------+--------+--------+--------+
|  Function |    -   |    0   |   513  |
|   Memory  |    -   |    -   |    -   |
|Multiplexer|    6   |    -   |   36   |
|  Register |    -   |   323  |    -   |
+-----------+--------+--------+--------+
|   Total   |    6   |   323  |   549  |
+-----------+--------+--------+--------+
